distance_km,nominal_speed_kmph,slope_deg,rainfall_mm,risk_score,elevation_m,vehicle_type,nominal_time_mins,actual_time_mins,delay_mins,delay_probability,primary_delay_cause
164.64,33.8,6.0,90.3,0.614,320,Heavy Supply Truck (16T),292.7,641.3,348.6,0.565,Torrential Rainfall & Reduced Visibility
56.37,20.0,31.4,1.8,0.803,4170,4x4 Hill Freight Carrier,169.1,567.0,397.9,0.565,Active Landslide Clearance / Road Blockage
659.22,33.8,21.0,36.94,0.724,1650,Heavy Supply Truck (16T),1171.9,2437.6,1265.6,0.562,Steep Mountain Grade & Hairpin Bends
296.73,33.8,8.5,6.08,0.331,350,Heavy Supply Truck (16T),527.5,659.2,131.7,0.241,Standard Mountain Traffic Flow
349.47,51.7,18.0,22.32,0.523,1500,Light Disaster Utility (4WD),405.2,694.8,289.6,0.4,Active Landslide Clearance / Road Blockage
48.47,45.0,12.8,10.37,0.363,240,4x4 Hill Freight Carrier,64.6,116.2,51.6,0.27,Active Landslide Clearance / Road Blockage
386.14,33.8,18.0,46.14,0.708,1500,Heavy Supply Truck (16T),686.5,1595.2,908.7,0.565,Active Landslide Clearance / Road Blockage
449.56,51.7,21.0,28.06,0.641,1650,Light Disaster Utility (4WD),521.2,991.6,470.3,0.491,Steep Mountain Grade & Hairpin Bends
291.71,45.0,18.0,89.21,0.847,1500,Refrigerated Medical Van,388.9,1023.8,634.8,0.727,Torrential Rainfall & Reduced Visibility
227.66,45.0,4.2,17.4,0.175,95,4x4 Hill Freight Carrier,303.5,351.0,47.5,0.149,Standard Mountain Traffic Flow
478.13,51.7,21.0,20.51,0.723,1650,Light Disaster Utility (4WD),554.4,1211.9,657.5,0.537,Active Landslide Clearance / Road Blockage
111.75,30.0,26.5,23.74,0.614,2450,4x4 Hill Freight Carrier,223.5,398.6,175.1,0.465,Steep Mountain Grade & Hairpin Bends
72.49,22.5,24.2,104.78,1.0,3200,Heavy Supply Truck (16T),193.3,828.7,635.4,0.857,Active Landslide Clearance / Road Blockage
46.55,45.0,12.8,6.54,0.42,240,Refrigerated Medical Van,62.1,84.9,22.9,0.304,Standard Mountain Traffic Flow
286.92,45.0,18.0,11.81,0.493,1500,Refrigerated Medical Van,382.6,576.7,194.1,0.363,Standard Mountain Traffic Flow
745.26,51.7,21.0,13.24,0.617,1650,Light Disaster Utility (4WD),864.1,1500.9,636.8,0.452,Steep Mountain Grade & Hairpin Bends
97.67,15.0,14.5,23.47,0.29,1550,Heavy Supply Truck (16T),390.7,503.9,113.2,0.238,Standard Mountain Traffic Flow
272.7,45.0,8.5,130.02,0.781,350,Refrigerated Medical Van,363.6,972.7,609.1,0.742,Torrential Rainfall & Reduced Visibility
462.5,45.0,18.0,6.65,0.598,1500,Refrigerated Medical Van,616.7,1028.4,411.7,0.429,Standard Mountain Traffic Flow
723.54,33.8,21.0,2.31,0.656,1650,Heavy Supply Truck (16T),1286.3,2379.1,1092.8,0.463,Active Landslide Clearance / Road Blockage
37.01,30.0,16.0,59.66,0.543,2100,Refrigerated Medical Van,74.0,135.6,61.6,0.47,Standard Mountain Traffic Flow
35.47,22.5,16.0,11.17,0.48,2100,Heavy Supply Truck (16T),94.6,140.2,45.6,0.353,Standard Mountain Traffic Flow
220.94,45.0,22.0,39.24,0.849,1400,Refrigerated Medical Van,294.6,840.3,545.7,0.653,Active Landslide Clearance / Road Blockage
68.93,30.0,24.2,37.47,0.785,3200,4x4 Hill Freight Carrier,137.9,306.3,168.4,0.606,Steep Mountain Grade & Hairpin Bends
719.58,33.8,21.0,24.72,0.697,1650,Heavy Supply Truck (16T),1279.2,2506.3,1227.1,0.525,Steep Mountain Grade & Hairpin Bends
111.93,30.0,26.5,16.73,0.725,2450,4x4 Hill Freight Carrier,223.9,493.4,269.5,0.533,Active Landslide Clearance / Road Blockage
85.8,20.0,14.5,0.96,0.113,1550,Refrigerated Medical Van,257.4,266.8,9.4,0.08,Standard Mountain Traffic Flow
179.18,45.0,6.0,71.44,0.558,320,4x4 Hill Freight Carrier,238.9,457.9,219.0,0.498,Torrential Rainfall & Reduced Visibility
173.46,45.0,4.2,15.85,0.144,95,4x4 Hill Freight Carrier,231.3,260.9,29.6,0.125,Standard Mountain Traffic Flow
151.99,45.0,4.2,10.26,0.198,95,Refrigerated Medical Van,202.7,230.7,28.0,0.154,Standard Mountain Traffic Flow
89.46,20.0,14.5,79.65,0.524,1550,Refrigerated Medical Van,268.4,563.5,295.1,0.486,Active Landslide Clearance / Road Blockage
470.09,45.0,18.0,6.19,0.603,1500,Refrigerated Medical Van,626.8,1104.5,477.7,0.431,Active Landslide Clearance / Road Blockage
253.17,51.7,22.0,49.42,0.832,1400,Light Disaster Utility (4WD),293.5,703.5,410.0,0.657,Steep Mountain Grade & Hairpin Bends
135.94,51.7,6.0,7.76,0.285,320,Light Disaster Utility (4WD),157.6,190.0,32.4,0.211,Standard Mountain Traffic Flow
105.5,30.0,26.5,51.11,0.652,2450,Refrigerated Medical Van,211.0,509.4,298.4,0.533,Active Landslide Clearance / Road Blockage
477.31,45.0,21.0,12.36,0.667,1650,Refrigerated Medical Van,636.4,1166.6,530.2,0.485,Steep Mountain Grade & Hairpin Bends
143.08,23.0,14.5,11.71,0.321,1550,Light Disaster Utility (4WD),373.3,472.4,99.2,0.242,Standard Mountain Traffic Flow
82.25,30.0,24.2,107.03,1.0,3200,4x4 Hill Freight Carrier,164.5,515.8,351.3,0.861,Torrential Rainfall & Reduced Visibility
141.48,34.5,26.5,8.7,0.519,2450,Light Disaster Utility (4WD),246.0,405.4,159.4,0.376,Steep Mountain Grade & Hairpin Bends
147.0,33.8,4.2,28.21,0.232,95,Heavy Supply Truck (16T),261.3,328.2,66.9,0.204,Standard Mountain Traffic Flow
110.58,30.0,26.5,1.59,0.61,2450,4x4 Hill Freight Carrier,221.2,368.4,147.2,0.43,Steep Mountain Grade & Hairpin Bends
94.83,15.0,14.5,4.7,0.186,1550,Heavy Supply Truck (16T),379.3,417.6,38.3,0.137,Standard Mountain Traffic Flow
111.98,23.0,14.5,127.32,0.728,1550,Light Disaster Utility (4WD),292.1,935.3,643.2,0.7,Active Landslide Clearance / Road Blockage
207.76,45.0,22.0,39.08,0.749,1400,Refrigerated Medical Van,277.0,594.5,317.5,0.583,Steep Mountain Grade & Hairpin Bends
188.23,33.8,4.2,30.02,0.269,95,Heavy Supply Truck (16T),334.6,435.4,100.7,0.234,Standard Mountain Traffic Flow
133.8,45.0,6.0,54.11,0.546,320,Refrigerated Medical Van,178.4,322.7,144.3,0.463,Standard Mountain Traffic Flow
79.91,22.5,24.2,6.19,0.65,3200,Heavy Supply Truck (16T),213.1,376.6,163.5,0.464,Steep Mountain Grade & Hairpin Bends
122.33,34.5,26.5,0.5,0.557,2450,Light Disaster Utility (4WD),212.8,370.0,157.2,0.391,Active Landslide Clearance / Road Blockage
517.62,45.0,21.0,31.08,0.751,1650,Refrigerated Medical Van,690.2,1457.2,767.0,0.572,Steep Mountain Grade & Hairpin Bends
102.79,22.5,26.5,82.81,0.866,2450,Heavy Supply Truck (16T),274.1,725.8,451.7,0.73,Torrential Rainfall & Reduced Visibility
55.57,20.0,31.4,12.51,0.752,4170,4x4 Hill Freight Carrier,166.7,510.6,343.9,0.545,Active Landslide Clearance / Road Blockage
131.72,22.5,26.5,24.3,0.705,2450,Heavy Supply Truck (16T),351.2,841.8,490.5,0.53,Active Landslide Clearance / Road Blockage
208.4,33.8,22.0,2.93,0.59,1400,Heavy Supply Truck (16T),370.5,635.8,265.3,0.417,Active Landslide Clearance / Road Blockage
102.04,30.0,24.2,68.22,0.952,3200,Refrigerated Medical Van,204.1,790.8,586.7,0.769,Active Landslide Clearance / Road Blockage
56.53,22.5,16.0,30.82,0.515,2100,Heavy Supply Truck (16T),150.7,262.3,111.6,0.406,Standard Mountain Traffic Flow
187.27,33.8,22.0,32.67,0.823,1400,Heavy Supply Truck (16T),332.9,762.5,429.6,0.625,Steep Mountain Grade & Hairpin Bends
257.13,45.0,8.5,5.26,0.394,350,4x4 Hill Freight Carrier,342.8,498.9,156.1,0.284,Active Landslide Clearance / Road Blockage
205.75,45.0,22.0,37.36,0.823,1400,4x4 Hill Freight Carrier,274.3,726.1,451.7,0.632,Active Landslide Clearance / Road Blockage
354.58,51.7,18.0,41.17,0.733,1500,Light Disaster Utility (4WD),411.1,871.7,460.6,0.575,Standard Mountain Traffic Flow
403.31,45.0,8.5,25.2,0.401,350,4x4 Hill Freight Carrier,537.7,771.9,234.2,0.319,Standard Mountain Traffic Flow
84.83,20.0,14.5,13.75,0.191,1550,Refrigerated Medical Van,254.5,292.6,38.1,0.154,Standard Mountain Traffic Flow
318.44,51.7,22.0,14.98,0.669,1400,Light Disaster Utility (4WD),369.2,902.4,533.2,0.491,Active Landslide Clearance / Road Blockage
52.16,22.5,16.0,47.51,0.707,2100,Heavy Supply Truck (16T),139.1,432.3,293.2,0.566,Active Landslide Clearance / Road Blockage
323.15,45.0,18.0,38.45,0.678,1500,4x4 Hill Freight Carrier,430.9,956.4,525.6,0.533,Active Landslide Clearance / Road Blockage
145.43,33.8,4.2,31.11,0.238,95,Heavy Supply Truck (16T),258.5,330.0,71.5,0.213,Standard Mountain Traffic Flow
797.4,33.8,21.0,99.41,1.0,1650,Heavy Supply Truck (16T),1417.6,4601.7,3184.1,0.849,Active Landslide Clearance / Road Blockage
179.09,45.0,4.2,14.59,0.156,95,Refrigerated Medical Van,238.8,269.7,30.9,0.131,Standard Mountain Traffic Flow
49.61,45.0,12.8,24.41,0.49,240,4x4 Hill Freight Carrier,66.1,103.6,37.4,0.38,Standard Mountain Traffic Flow
312.89,45.0,22.0,35.72,0.749,1400,4x4 Hill Freight Carrier,417.2,1053.1,635.9,0.578,Active Landslide Clearance / Road Blockage
806.24,51.7,21.0,4.53,0.626,1650,Light Disaster Utility (4WD),934.8,1637.5,702.8,0.445,Active Landslide Clearance / Road Blockage
304.04,51.7,22.0,40.5,0.866,1400,Light Disaster Utility (4WD),352.5,974.5,622.0,0.667,Active Landslide Clearance / Road Blockage
54.3,51.7,12.8,49.72,0.602,240,Light Disaster Utility (4WD),63.0,119.0,56.0,0.496,Standard Mountain Traffic Flow
133.97,23.0,14.5,60.54,0.423,1550,Light Disaster Utility (4WD),349.5,574.3,224.8,0.387,Torrential Rainfall & Reduced Visibility
204.89,33.8,4.2,48.03,0.356,95,Heavy Supply Truck (16T),364.2,586.6,222.4,0.321,Active Landslide Clearance / Road Blockage
697.34,45.0,21.0,47.66,0.775,1650,Refrigerated Medical Van,929.8,2091.3,1161.5,0.614,Steep Mountain Grade & Hairpin Bends
57.4,45.0,12.8,2.96,0.4,240,4x4 Hill Freight Carrier,76.5,142.2,65.7,0.284,Active Landslide Clearance / Road Blockage
264.05,51.7,8.5,18.8,0.266,350,Light Disaster Utility (4WD),306.1,380.0,73.9,0.214,Standard Mountain Traffic Flow
116.5,34.5,26.5,0.93,0.602,2450,Light Disaster Utility (4WD),202.6,350.1,147.5,0.423,Steep Mountain Grade & Hairpin Bends
295.8,45.0,22.0,13.4,0.707,1400,4x4 Hill Freight Carrier,394.4,758.7,364.3,0.515,Steep Mountain Grade & Hairpin Bends
72.31,51.7,12.8,7.29,0.325,240,Light Disaster Utility (4WD),83.8,104.7,20.8,0.239,Standard Mountain Traffic Flow
395.53,33.8,8.5,2.68,0.293,350,Heavy Supply Truck (16T),703.2,836.0,132.9,0.209,Standard Mountain Traffic Flow
209.76,33.8,4.2,30.44,0.209,95,Heavy Supply Truck (16T),372.9,465.4,92.4,0.192,Standard Mountain Traffic Flow
70.65,45.0,12.8,111.71,0.696,240,4x4 Hill Freight Carrier,94.2,425.3,331.1,0.654,Active Landslide Clearance / Road Blockage
212.76,51.7,22.0,17.34,0.729,1400,Light Disaster Utility (4WD),246.7,551.6,304.9,0.536,Active Landslide Clearance / Road Blockage
80.14,15.0,14.5,98.62,0.6,1550,Heavy Supply Truck (16T),320.6,716.4,395.8,0.568,Active Landslide Clearance / Road Blockage
163.99,51.7,4.2,5.1,0.184,95,Light Disaster Utility (4WD),190.1,209.4,19.3,0.136,Standard Mountain Traffic Flow
60.46,23.0,31.4,23.9,0.863,4170,Light Disaster Utility (4WD),157.7,469.7,312.0,0.64,Active Landslide Clearance / Road Blockage
792.94,51.7,21.0,40.17,0.824,1650,Light Disaster Utility (4WD),919.3,2295.3,1375.9,0.637,Active Landslide Clearance / Road Blockage
76.15,20.0,31.4,16.32,0.749,4170,4x4 Hill Freight Carrier,228.4,464.2,235.8,0.549,Steep Mountain Grade & Hairpin Bends
459.02,33.8,18.0,0.43,0.458,1500,Heavy Supply Truck (16T),816.0,1137.7,321.6,0.321,Standard Mountain Traffic Flow
156.86,33.8,4.2,1.41,0.114,95,Heavy Supply Truck (16T),278.9,289.8,10.9,0.082,Standard Mountain Traffic Flow
299.63,51.7,18.0,20.3,0.695,1500,Light Disaster Utility (4WD),347.4,808.6,461.2,0.517,Active Landslide Clearance / Road Blockage
294.8,45.0,8.5,17.07,0.43,350,4x4 Hill Freight Carrier,393.1,607.8,214.7,0.327,Active Landslide Clearance / Road Blockage
266.15,33.8,8.5,14.08,0.265,350,Heavy Supply Truck (16T),473.2,575.7,102.6,0.206,Standard Mountain Traffic Flow
118.86,22.5,26.5,20.98,0.684,2450,Heavy Supply Truck (16T),317.0,683.1,366.1,0.51,Active Landslide Clearance / Road Blockage
131.66,45.0,6.0,30.85,0.389,320,4x4 Hill Freight Carrier,175.5,253.9,78.4,0.319,Standard Mountain Traffic Flow
282.4,45.0,18.0,26.44,0.631,1500,4x4 Hill Freight Carrier,376.5,689.7,313.1,0.482,Standard Mountain Traffic Flow
190.77,33.8,4.2,30.92,0.277,95,Heavy Supply Truck (16T),339.1,445.3,106.2,0.24,Standard Mountain Traffic Flow
109.84,20.0,14.5,23.66,0.267,1550,Refrigerated Medical Van,329.5,417.5,88.0,0.222,Standard Mountain Traffic Flow
91.32,20.0,31.4,70.73,1.0,4170,4x4 Hill Freight Carrier,273.9,809.1,535.2,0.806,Torrential Rainfall & Reduced Visibility
73.09,30.0,24.2,2.16,0.643,3200,4x4 Hill Freight Carrier,146.2,253.3,107.1,0.453,Steep Mountain Grade & Hairpin Bends
81.58,30.0,26.5,11.52,0.595,2450,Refrigerated Medical Van,163.2,275.1,111.9,0.434,Steep Mountain Grade & Hairpin Bends
75.14,33.8,12.8,0.71,0.323,240,Heavy Supply Truck (16T),133.6,162.1,28.5,0.227,Standard Mountain Traffic Flow
189.78,33.8,22.0,35.79,0.836,1400,Heavy Supply Truck (16T),337.4,956.2,618.8,0.639,Active Landslide Clearance / Road Blockage
59.4,30.0,16.0,39.85,0.508,2100,Refrigerated Medical Van,118.8,221.6,102.8,0.415,Standard Mountain Traffic Flow
103.38,22.5,24.2,49.33,0.861,3200,Heavy Supply Truck (16T),275.7,680.7,405.0,0.677,Steep Mountain Grade & Hairpin Bends
116.48,30.0,24.2,15.96,0.748,3200,Refrigerated Medical Van,233.0,583.9,350.9,0.547,Active Landslide Clearance / Road Blockage
464.49,45.0,8.5,58.65,0.485,350,Refrigerated Medical Van,619.3,1070.3,451.0,0.427,Standard Mountain Traffic Flow
170.55,33.8,6.0,41.69,0.366,320,Heavy Supply Truck (16T),303.2,446.0,142.8,0.319,Standard Mountain Traffic Flow
458.17,45.0,8.5,21.11,0.378,350,Refrigerated Medical Van,610.9,844.7,233.8,0.296,Standard Mountain Traffic Flow
74.44,45.0,12.8,11.57,0.384,240,4x4 Hill Freight Carrier,99.3,133.4,34.1,0.286,Standard Mountain Traffic Flow
43.61,45.0,12.8,70.74,0.676,240,4x4 Hill Freight Carrier,58.1,187.4,129.3,0.579,Active Landslide Clearance / Road Blockage
353.11,45.0,18.0,89.91,0.884,1500,4x4 Hill Freight Carrier,470.8,1286.4,815.6,0.754,Torrential Rainfall & Reduced Visibility
52.18,30.0,16.0,17.85,0.481,2100,Refrigerated Medical Van,104.4,158.4,54.1,0.364,Standard Mountain Traffic Flow
62.33,15.0,31.4,11.95,0.826,4170,Heavy Supply Truck (16T),249.3,746.1,496.8,0.596,Active Landslide Clearance / Road Blockage
132.57,20.0,14.5,2.87,0.231,1550,Refrigerated Medical Van,397.7,448.9,51.2,0.166,Standard Mountain Traffic Flow
204.0,33.8,4.2,1.78,0.05,95,Heavy Supply Truck (16T),362.7,368.5,5.9,0.05,Standard Mountain Traffic Flow
110.87,30.0,24.2,12.97,0.76,3200,4x4 Hill Freight Carrier,221.7,452.8,231.1,0.552,Steep Mountain Grade & Hairpin Bends
54.68,20.0,31.4,4.63,0.769,4170,4x4 Hill Freight Carrier,164.0,331.5,167.5,0.545,Steep Mountain Grade & Hairpin Bends
278.65,51.7,8.5,2.64,0.358,350,Light Disaster Utility (4WD),323.1,408.9,85.8,0.255,Standard Mountain Traffic Flow
69.7,33.8,12.8,2.27,0.387,240,Heavy Supply Truck (16T),123.9,161.2,37.3,0.274,Standard Mountain Traffic Flow
462.75,45.0,21.0,2.66,0.654,1650,4x4 Hill Freight Carrier,617.0,1322.6,705.6,0.462,Active Landslide Clearance / Road Blockage
82.84,30.0,24.2,13.89,0.64,3200,4x4 Hill Freight Carrier,165.7,295.8,130.1,0.469,Steep Mountain Grade & Hairpin Bends
239.23,45.0,4.2,24.52,0.207,95,Refrigerated Medical Van,319.0,388.2,69.2,0.182,Standard Mountain Traffic Flow
85.56,22.5,24.2,71.05,0.903,3200,Heavy Supply Truck (16T),228.2,613.2,385.0,0.739,Torrential Rainfall & Reduced Visibility
33.93,30.0,16.0,18.97,0.406,2100,4x4 Hill Freight Carrier,67.9,95.7,27.8,0.312,Standard Mountain Traffic Flow
65.47,34.5,24.2,3.79,0.651,3200,Light Disaster Utility (4WD),113.9,200.2,86.4,0.462,Steep Mountain Grade & Hairpin Bends
714.0,45.0,21.0,26.27,0.664,1650,4x4 Hill Freight Carrier,952.0,1805.3,853.3,0.504,Steep Mountain Grade & Hairpin Bends
61.89,30.0,16.0,14.09,0.471,2100,4x4 Hill Freight Carrier,123.8,183.5,59.8,0.351,Standard Mountain Traffic Flow
91.83,34.5,26.5,99.09,0.956,2450,Light Disaster Utility (4WD),159.7,521.9,362.2,0.818,Active Landslide Clearance / Road Blockage
798.61,45.0,21.0,1.32,0.609,1650,Refrigerated Medical Van,1064.8,1769.2,704.3,0.428,Steep Mountain Grade & Hairpin Bends
146.52,20.0,14.5,2.3,0.238,1550,4x4 Hill Freight Carrier,439.6,497.8,58.3,0.17,Standard Mountain Traffic Flow
73.64,20.0,31.4,104.51,1.0,4170,4x4 Hill Freight Carrier,220.9,689.8,468.9,0.857,Torrential Rainfall & Reduced Visibility
69.5,51.7,12.8,18.18,0.443,240,Light Disaster Utility (4WD),80.6,117.7,37.1,0.337,Standard Mountain Traffic Flow
266.45,45.0,22.0,26.33,0.75,1400,4x4 Hill Freight Carrier,355.3,906.5,551.2,0.564,Active Landslide Clearance / Road Blockage
213.75,45.0,22.0,6.25,0.724,1400,Refrigerated Medical Van,285.0,684.2,399.2,0.516,Active Landslide Clearance / Road Blockage
43.99,30.0,16.0,26.29,0.39,2100,4x4 Hill Freight Carrier,88.0,177.0,89.0,0.312,Active Landslide Clearance / Road Blockage
53.73,34.5,16.0,5.32,0.419,2100,Light Disaster Utility (4WD),93.4,127.2,33.8,0.302,Standard Mountain Traffic Flow
77.63,45.0,12.8,51.87,0.491,240,Refrigerated Medical Van,103.5,176.5,73.0,0.422,Standard Mountain Traffic Flow
464.93,51.7,8.5,60.31,0.613,350,Light Disaster Utility (4WD),539.1,1058.8,519.8,0.519,Torrential Rainfall & Reduced Visibility
266.13,45.0,8.5,0.8,0.342,350,Refrigerated Medical Van,354.8,438.6,83.8,0.241,Standard Mountain Traffic Flow
265.41,33.8,4.2,4.89,0.116,95,Heavy Supply Truck (16T),471.8,499.0,27.2,0.089,Standard Mountain Traffic Flow
75.39,20.0,31.4,14.38,0.772,4170,4x4 Hill Freight Carrier,226.2,595.3,369.2,0.562,Active Landslide Clearance / Road Blockage
61.47,15.0,31.4,1.74,0.789,4170,Heavy Supply Truck (16T),245.9,718.3,472.5,0.555,Active Landslide Clearance / Road Blockage
134.17,20.0,14.5,245.17,1.0,1550,Refrigerated Medical Van,402.5,1539.9,1137.4,0.98,Torrential Rainfall & Reduced Visibility
104.39,34.5,24.2,86.89,0.97,3200,Light Disaster Utility (4WD),181.5,535.3,353.8,0.809,Torrential Rainfall & Reduced Visibility
446.32,33.8,8.5,8.52,0.261,350,Heavy Supply Truck (16T),793.5,940.2,146.7,0.195,Standard Mountain Traffic Flow
143.85,20.0,14.5,27.96,0.285,1550,4x4 Hill Freight Carrier,431.5,563.8,132.3,0.241,Standard Mountain Traffic Flow
59.52,15.0,31.4,33.41,0.777,4170,Heavy Supply Truck (16T),238.1,519.7,281.6,0.594,Steep Mountain Grade & Hairpin Bends
156.55,45.0,4.2,33.4,0.317,95,4x4 Hill Freight Carrier,208.7,285.9,77.2,0.272,Standard Mountain Traffic Flow
90.81,34.5,24.2,44.39,0.857,3200,Light Disaster Utility (4WD),157.9,536.8,378.9,0.666,Active Landslide Clearance / Road Blockage
184.86,45.0,6.0,62.78,0.475,320,Refrigerated Medical Van,246.5,426.9,180.4,0.426,Torrential Rainfall & Reduced Visibility
167.78,33.8,6.0,4.32,0.312,320,Heavy Supply Truck (16T),298.3,363.3,65.0,0.225,Standard Mountain Traffic Flow
512.5,45.0,21.0,4.4,0.661,1650,Refrigerated Medical Van,683.3,1265.8,582.5,0.47,Active Landslide Clearance / Road Blockage
162.04,51.7,6.0,26.74,0.268,320,Light Disaster Utility (4WD),187.9,241.0,53.2,0.228,Standard Mountain Traffic Flow
111.77,34.5,24.2,12.84,0.569,3200,Light Disaster Utility (4WD),194.4,319.7,125.3,0.418,Steep Mountain Grade & Hairpin Bends
371.13,45.0,8.5,45.93,0.545,350,4x4 Hill Freight Carrier,494.8,927.9,433.1,0.45,Active Landslide Clearance / Road Blockage
227.02,51.7,6.0,4.77,0.17,320,Light Disaster Utility (4WD),263.2,286.9,23.6,0.126,Standard Mountain Traffic Flow
224.53,45.0,6.0,20.33,0.287,320,4x4 Hill Freight Carrier,299.4,380.5,81.1,0.232,Standard Mountain Traffic Flow
512.68,45.0,18.0,20.35,0.518,1500,Refrigerated Medical Van,683.6,1088.1,404.5,0.393,Standard Mountain Traffic Flow
183.36,45.0,4.2,30.1,0.234,95,Refrigerated Medical Van,244.5,310.0,65.5,0.209,Standard Mountain Traffic Flow
55.19,20.0,31.4,4.11,0.733,4170,4x4 Hill Freight Carrier,165.6,395.0,229.4,0.519,Active Landslide Clearance / Road Blockage
309.53,45.0,18.0,30.72,0.617,1500,Refrigerated Medical Van,412.7,753.1,340.4,0.478,Standard Mountain Traffic Flow
306.97,45.0,22.0,19.27,0.674,1400,4x4 Hill Freight Carrier,409.3,945.9,536.6,0.501,Active Landslide Clearance / Road Blockage
497.14,45.0,21.0,6.41,0.585,1650,4x4 Hill Freight Carrier,662.8,1087.9,425.1,0.419,Steep Mountain Grade & Hairpin Bends
53.45,20.0,31.4,3.86,0.707,4170,Refrigerated Medical Van,160.3,435.9,275.6,0.501,Active Landslide Clearance / Road Blockage
39.67,30.0,16.0,13.59,0.533,2100,Refrigerated Medical Van,79.3,142.3,63.0,0.393,Standard Mountain Traffic Flow
57.1,30.0,16.0,29.66,0.5,2100,4x4 Hill Freight Carrier,114.2,202.4,88.2,0.395,Standard Mountain Traffic Flow
59.28,34.5,16.0,76.1,0.679,2100,Light Disaster Utility (4WD),103.1,224.5,121.4,0.589,Torrential Rainfall & Reduced Visibility
73.67,51.7,12.8,41.38,0.504,240,Light Disaster Utility (4WD),85.4,143.0,57.6,0.415,Standard Mountain Traffic Flow
144.02,45.0,6.0,7.05,0.234,320,4x4 Hill Freight Carrier,192.0,221.4,29.3,0.175,Standard Mountain Traffic Flow
665.7,51.7,21.0,13.81,0.54,1650,Light Disaster Utility (4WD),771.8,1232.6,460.8,0.399,Steep Mountain Grade & Hairpin Bends
47.2,30.0,16.0,41.29,0.574,2100,4x4 Hill Freight Carrier,94.4,169.5,75.1,0.464,Standard Mountain Traffic Flow
206.16,33.8,4.2,22.79,0.227,95,Heavy Supply Truck (16T),366.5,448.8,82.3,0.193,Standard Mountain Traffic Flow
85.75,20.0,14.5,17.79,0.171,1550,4x4 Hill Freight Carrier,257.3,297.3,40.0,0.146,Standard Mountain Traffic Flow
94.89,34.5,26.5,14.21,0.647,2450,Light Disaster Utility (4WD),165.0,313.3,148.2,0.474,Steep Mountain Grade & Hairpin Bends
43.07,22.5,16.0,7.13,0.37,2100,Heavy Supply Truck (16T),114.9,149.6,34.8,0.27,Standard Mountain Traffic Flow
306.02,45.0,22.0,27.01,0.741,1400,Refrigerated Medical Van,408.0,843.3,435.3,0.559,Steep Mountain Grade & Hairpin Bends
274.2,51.7,22.0,46.7,0.793,1400,Light Disaster Utility (4WD),317.9,727.3,409.4,0.625,Steep Mountain Grade & Hairpin Bends
376.31,51.7,8.5,26.52,0.386,350,Light Disaster Utility (4WD),436.3,619.9,183.6,0.31,Standard Mountain Traffic Flow
713.78,51.7,21.0,16.95,0.648,1650,Light Disaster Utility (4WD),827.6,1504.8,677.2,0.479,Steep Mountain Grade & Hairpin Bends
44.27,30.0,16.0,31.15,0.471,2100,Refrigerated Medical Van,88.5,138.9,50.4,0.377,Standard Mountain Traffic Flow
383.85,51.7,8.5,13.21,0.334,350,Light Disaster Utility (4WD),445.0,573.5,128.4,0.254,Standard Mountain Traffic Flow
149.74,45.0,6.0,3.22,0.239,320,4x4 Hill Freight Carrier,199.7,227.2,27.6,0.172,Standard Mountain Traffic Flow
56.23,23.0,31.4,8.47,0.735,4170,Light Disaster Utility (4WD),146.7,388.3,241.6,0.527,Active Landslide Clearance / Road Blockage
57.12,20.0,31.4,68.12,0.972,4170,4x4 Hill Freight Carrier,171.4,550.8,379.5,0.782,Active Landslide Clearance / Road Blockage
91.04,22.5,24.2,15.85,0.703,3200,Heavy Supply Truck (16T),242.8,681.7,438.9,0.516,Active Landslide Clearance / Road Blockage
57.62,34.5,16.0,8.95,0.412,2100,Light Disaster Utility (4WD),100.2,137.1,36.9,0.302,Standard Mountain Traffic Flow
496.6,45.0,21.0,33.14,0.738,1650,4x4 Hill Freight Carrier,662.1,1540.7,878.6,0.566,Active Landslide Clearance / Road Blockage
97.61,20.0,14.5,44.02,0.394,1550,Refrigerated Medical Van,292.8,444.8,151.9,0.342,Standard Mountain Traffic Flow
91.23,15.0,14.5,11.73,0.241,1550,Heavy Supply Truck (16T),364.9,431.4,66.5,0.186,Standard Mountain Traffic Flow
40.73,34.5,16.0,3.66,0.258,2100,Light Disaster Utility (4WD),70.8,82.0,11.2,0.186,Standard Mountain Traffic Flow
120.29,15.0,14.5,10.22,0.164,1550,Heavy Supply Truck (16T),481.2,535.4,54.3,0.13,Standard Mountain Traffic Flow
392.2,51.7,18.0,22.82,0.625,1500,Light Disaster Utility (4WD),454.7,818.5,363.8,0.471,Standard Mountain Traffic Flow
65.23,30.0,24.2,12.31,0.639,3200,Refrigerated Medical Van,130.5,231.7,101.3,0.466,Steep Mountain Grade & Hairpin Bends
125.15,20.0,14.5,42.84,0.389,1550,4x4 Hill Freight Carrier,375.5,565.9,190.4,0.337,Standard Mountain Traffic Flow
75.45,23.0,31.4,19.14,0.708,4170,Light Disaster Utility (4WD),196.8,611.1,414.3,0.524,Active Landslide Clearance / Road Blockage
135.38,20.0,14.5,100.6,0.531,1550,Refrigerated Medical Van,406.1,818.2,412.1,0.522,Torrential Rainfall & Reduced Visibility
86.93,20.0,14.5,39.38,0.342,1550,4x4 Hill Freight Carrier,260.8,372.6,111.8,0.298,Standard Mountain Traffic Flow
258.46,45.0,22.0,55.32,0.864,1400,4x4 Hill Freight Carrier,344.6,863.3,518.7,0.687,Steep Mountain Grade & Hairpin Bends
287.31,33.8,8.5,47.58,0.446,350,Heavy Supply Truck (16T),510.8,823.3,312.5,0.384,Standard Mountain Traffic Flow
315.67,33.8,18.0,50.55,0.701,1500,Heavy Supply Truck (16T),561.2,1351.0,789.8,0.566,Active Landslide Clearance / Road Blockage
114.28,20.0,14.5,13.33,0.22,1550,4x4 Hill Freight Carrier,342.8,401.6,58.7,0.174,Standard Mountain Traffic Flow
294.9,45.0,22.0,17.35,0.767,1400,4x4 Hill Freight Carrier,393.2,935.9,542.7,0.563,Active Landslide Clearance / Road Blockage
110.14,20.0,14.5,10.76,0.224,1550,Refrigerated Medical Van,330.4,384.0,53.5,0.173,Standard Mountain Traffic Flow
40.43,34.5,16.0,68.95,0.74,2100,Light Disaster Utility (4WD),70.3,279.8,209.5,0.621,Active Landslide Clearance / Road Blockage
115.69,20.0,14.5,71.08,0.42,1550,Refrigerated Medical Van,347.1,587.0,239.9,0.401,Torrential Rainfall & Reduced Visibility
142.87,20.0,14.5,29.64,0.313,1550,Refrigerated Medical Van,428.6,576.9,148.2,0.264,Standard Mountain Traffic Flow
55.86,51.7,12.8,4.5,0.393,240,Light Disaster Utility (4WD),64.8,124.6,59.8,0.282,Active Landslide Clearance / Road Blockage
456.23,33.8,8.5,46.62,0.529,350,Heavy Supply Truck (16T),811.1,1412.4,601.3,0.44,Standard Mountain Traffic Flow
70.68,30.0,24.2,11.21,0.706,3200,4x4 Hill Freight Carrier,141.4,270.3,128.9,0.511,Steep Mountain Grade & Hairpin Bends
127.64,33.8,6.0,25.31,0.278,320,Heavy Supply Truck (16T),226.9,292.0,65.1,0.233,Standard Mountain Traffic Flow
237.4,45.0,4.2,62.81,0.423,95,4x4 Hill Freight Carrier,316.5,543.6,227.1,0.39,Torrential Rainfall & Reduced Visibility
247.87,45.0,4.2,4.09,0.111,95,4x4 Hill Freight Carrier,330.5,347.3,16.9,0.084,Standard Mountain Traffic Flow
45.28,30.0,16.0,47.88,0.55,2100,4x4 Hill Freight Carrier,90.6,161.7,71.1,0.457,Standard Mountain Traffic Flow
70.5,45.0,12.8,38.19,0.475,240,4x4 Hill Freight Carrier,94.0,151.4,57.4,0.39,Standard Mountain Traffic Flow
77.43,20.0,31.4,35.52,0.78,4170,Refrigerated Medical Van,232.3,623.8,391.5,0.6,Active Landslide Clearance / Road Blockage
319.86,33.8,18.0,71.73,0.821,1500,Heavy Supply Truck (16T),568.6,1410.4,841.8,0.682,Torrential Rainfall & Reduced Visibility
116.0,30.0,26.5,15.37,0.674,2450,Refrigerated Medical Van,232.0,507.3,275.3,0.495,Active Landslide Clearance / Road Blockage
215.44,45.0,4.2,21.15,0.202,95,Refrigerated Medical Van,287.3,343.4,56.2,0.173,Standard Mountain Traffic Flow
423.67,51.7,18.0,0.55,0.611,1500,Light Disaster Utility (4WD),491.2,816.6,325.4,0.429,Standard Mountain Traffic Flow
780.7,45.0,21.0,36.85,0.777,1650,4x4 Hill Freight Carrier,1040.9,2364.9,1323.9,0.599,Active Landslide Clearance / Road Blockage
649.84,45.0,21.0,28.0,0.792,1650,4x4 Hill Freight Carrier,866.4,2125.3,1258.9,0.596,Active Landslide Clearance / Road Blockage
89.77,15.0,31.4,17.98,0.766,4170,Heavy Supply Truck (16T),359.1,747.2,388.2,0.563,Steep Mountain Grade & Hairpin Bends
303.35,33.8,18.0,125.68,1.0,1500,Heavy Supply Truck (16T),539.3,1863.8,1324.5,0.889,Active Landslide Clearance / Road Blockage
82.16,20.0,14.5,12.25,0.255,1550,Refrigerated Medical Van,246.5,295.3,48.8,0.197,Standard Mountain Traffic Flow
73.55,45.0,12.8,0.14,0.3,240,Refrigerated Medical Van,98.1,116.1,18.0,0.21,Standard Mountain Traffic Flow
209.36,51.7,4.2,75.72,0.34,95,Light Disaster Utility (4WD),242.7,390.4,147.6,0.352,Torrential Rainfall & Reduced Visibility
224.13,33.8,22.0,12.78,0.684,1400,Heavy Supply Truck (16T),398.4,834.8,436.4,0.498,Active Landslide Clearance / Road Blockage
87.1,34.5,24.2,4.55,0.722,3200,Light Disaster Utility (4WD),151.5,289.7,138.2,0.512,Steep Mountain Grade & Hairpin Bends
90.5,20.0,14.5,20.7,0.303,1550,4x4 Hill Freight Carrier,271.5,350.2,78.7,0.243,Standard Mountain Traffic Flow
568.98,45.0,21.0,26.07,0.696,1650,Refrigerated Medical Van,758.6,1490.4,731.7,0.527,Steep Mountain Grade & Hairpin Bends
397.63,51.7,8.5,0.4,0.231,350,Light Disaster Utility (4WD),461.0,514.6,53.6,0.162,Standard Mountain Traffic Flow
316.64,51.7,22.0,4.83,0.695,1400,Light Disaster Utility (4WD),367.1,681.2,314.1,0.494,Steep Mountain Grade & Hairpin Bends
376.13,45.0,18.0,2.68,0.531,1500,Refrigerated Medical Van,501.5,764.8,263.3,0.376,Standard Mountain Traffic Flow
51.1,22.5,16.0,2.08,0.396,2100,Heavy Supply Truck (16T),136.3,178.9,42.6,0.28,Standard Mountain Traffic Flow
284.87,45.0,22.0,7.07,0.673,1400,4x4 Hill Freight Carrier,379.8,690.8,311.0,0.481,Steep Mountain Grade & Hairpin Bends
322.05,51.7,18.0,1.12,0.532,1500,Light Disaster Utility (4WD),373.4,567.5,194.1,0.374,Standard Mountain Traffic Flow
243.05,45.0,22.0,24.96,0.819,1400,Refrigerated Medical Van,324.1,857.6,533.6,0.611,Active Landslide Clearance / Road Blockage
45.38,30.0,16.0,24.6,0.345,2100,Refrigerated Medical Van,90.8,123.4,32.6,0.279,Standard Mountain Traffic Flow
56.34,20.0,31.4,6.02,0.674,4170,Refrigerated Medical Van,169.0,477.5,308.5,0.481,Active Landslide Clearance / Road Blockage
374.71,45.0,18.0,0.77,0.484,1500,Refrigerated Medical Van,499.6,718.2,218.6,0.34,Standard Mountain Traffic Flow
290.98,45.0,8.5,37.76,0.427,350,4x4 Hill Freight Carrier,388.0,620.2,232.2,0.355,Standard Mountain Traffic Flow
519.35,51.7,21.0,33.43,0.735,1650,Light Disaster Utility (4WD),602.1,1305.5,703.3,0.565,Active Landslide Clearance / Road Blockage
36.66,34.5,16.0,48.27,0.598,2100,Light Disaster Utility (4WD),63.8,119.6,55.8,0.491,Standard Mountain Traffic Flow
207.85,51.7,22.0,3.14,0.61,1400,Light Disaster Utility (4WD),241.0,403.1,162.1,0.432,Steep Mountain Grade & Hairpin Bends
52.39,45.0,12.8,38.43,0.515,240,Refrigerated Medical Van,69.9,150.1,80.2,0.418,Active Landslide Clearance / Road Blockage
684.54,45.0,21.0,6.88,0.64,1650,4x4 Hill Freight Carrier,912.7,1598.4,685.7,0.458,Steep Mountain Grade & Hairpin Bends
346.8,45.0,18.0,68.0,0.808,1500,Refrigerated Medical Van,462.4,1251.2,788.8,0.668,Active Landslide Clearance / Road Blockage
455.96,45.0,8.5,51.02,0.422,350,Refrigerated Medical Van,607.9,968.5,360.5,0.372,Standard Mountain Traffic Flow
561.21,45.0,21.0,9.01,0.702,1650,Refrigerated Medical Van,748.3,1512.2,764.0,0.505,Active Landslide Clearance / Road Blockage
265.93,45.0,22.0,15.8,0.626,1400,Refrigerated Medical Van,354.6,626.4,271.8,0.462,Steep Mountain Grade & Hairpin Bends
49.83,22.5,16.0,17.19,0.459,2100,Heavy Supply Truck (16T),132.9,196.7,63.8,0.347,Standard Mountain Traffic Flow
104.09,22.5,24.2,4.53,0.633,3200,Heavy Supply Truck (16T),277.6,479.0,201.4,0.45,Steep Mountain Grade & Hairpin Bends
760.28,45.0,21.0,20.05,0.686,1650,4x4 Hill Freight Carrier,1013.7,2066.1,1052.4,0.51,Active Landslide Clearance / Road Blockage
440.49,51.7,21.0,9.39,0.645,1650,Light Disaster Utility (4WD),510.7,905.9,395.2,0.466,Steep Mountain Grade & Hairpin Bends
406.8,45.0,18.0,30.11,0.609,1500,Refrigerated Medical Van,542.4,979.8,437.4,0.472,Standard Mountain Traffic Flow
58.15,30.0,16.0,124.82,0.858,2100,Refrigerated Medical Van,116.3,477.7,361.4,0.788,Active Landslide Clearance / Road Blockage
88.34,30.0,26.5,9.54,0.628,2450,Refrigerated Medical Van,176.7,334.8,158.1,0.454,Steep Mountain Grade & Hairpin Bends
380.14,45.0,8.5,31.62,0.358,350,4x4 Hill Freight Carrier,506.8,714.3,207.5,0.298,Standard Mountain Traffic Flow
245.79,45.0,4.2,6.94,0.229,95,Refrigerated Medical Van,327.7,375.9,48.2,0.171,Standard Mountain Traffic Flow
683.38,45.0,21.0,5.78,0.702,1650,4x4 Hill Freight Carrier,911.2,1708.0,796.8,0.5,Steep Mountain Grade & Hairpin Bends
309.62,33.8,22.0,16.28,0.734,1400,Heavy Supply Truck (16T),550.4,1100.4,549.9,0.538,Steep Mountain Grade & Hairpin Bends
287.34,45.0,18.0,5.46,0.423,1500,Refrigerated Medical Van,383.1,524.0,140.9,0.305,Standard Mountain Traffic Flow
283.07,45.0,22.0,2.59,0.589,1400,Refrigerated Medical Van,377.4,647.5,270.1,0.416,Active Landslide Clearance / Road Blockage
178.37,45.0,4.2,13.19,0.202,95,Refrigerated Medical Van,237.8,274.9,37.0,0.161,Standard Mountain Traffic Flow
280.22,33.8,22.0,10.58,0.645,1400,Heavy Supply Truck (16T),498.2,886.3,388.2,0.467,Steep Mountain Grade & Hairpin Bends
123.93,23.0,14.5,82.86,0.643,1550,Light Disaster Utility (4WD),323.3,738.8,415.5,0.574,Active Landslide Clearance / Road Blockage
147.32,33.8,6.0,0.95,0.254,320,Heavy Supply Truck (16T),261.9,298.8,36.8,0.179,Standard Mountain Traffic Flow
80.26,30.0,26.5,20.58,0.586,2450,4x4 Hill Freight Carrier,160.5,275.3,114.8,0.441,Steep Mountain Grade & Hairpin Bends
75.5,15.0,31.4,12.2,0.751,4170,Heavy Supply Truck (16T),302.0,609.2,307.2,0.544,Steep Mountain Grade & Hairpin Bends
46.04,51.7,12.8,39.08,0.518,240,Light Disaster Utility (4WD),53.4,90.0,36.6,0.422,Standard Mountain Traffic Flow
395.66,45.0,18.0,34.98,0.582,1500,4x4 Hill Freight Carrier,527.5,938.4,410.9,0.46,Standard Mountain Traffic Flow
134.59,23.0,14.5,48.2,0.353,1550,Light Disaster Utility (4WD),351.1,521.8,170.7,0.319,Standard Mountain Traffic Flow
79.75,23.0,31.4,9.53,0.67,4170,Light Disaster Utility (4WD),208.0,442.7,234.6,0.483,Active Landslide Clearance / Road Blockage
497.53,33.8,18.0,4.41,0.595,1500,Heavy Supply Truck (16T),884.5,1459.6,575.1,0.423,Standard Mountain Traffic Flow
791.19,33.8,21.0,17.72,0.68,1650,Heavy Supply Truck (16T),1406.6,2654.5,1248.0,0.502,Steep Mountain Grade & Hairpin Bends
59.26,30.0,16.0,39.53,0.471,2100,4x4 Hill Freight Carrier,118.5,190.9,72.4,0.389,Standard Mountain Traffic Flow
73.69,45.0,12.8,32.26,0.521,240,4x4 Hill Freight Carrier,98.3,188.9,90.6,0.413,Standard Mountain Traffic Flow
365.63,33.8,8.5,7.5,0.333,350,Heavy Supply Truck (16T),650.0,818.1,168.0,0.244,Standard Mountain Traffic Flow
143.17,22.5,26.5,86.5,0.967,2450,Heavy Supply Truck (16T),381.8,1173.5,791.7,0.807,Active Landslide Clearance / Road Blockage
695.62,51.7,21.0,10.59,0.649,1650,Light Disaster Utility (4WD),806.5,1441.9,635.4,0.47,Steep Mountain Grade & Hairpin Bends
60.78,30.0,16.0,106.27,0.803,2100,Refrigerated Medical Van,121.6,317.2,195.7,0.722,Torrential Rainfall & Reduced Visibility
757.85,51.7,21.0,55.84,0.857,1650,Light Disaster Utility (4WD),878.7,2297.1,1418.5,0.684,Active Landslide Clearance / Road Blockage
57.97,30.0,16.0,1.13,0.314,2100,Refrigerated Medical Van,115.9,139.7,23.7,0.222,Standard Mountain Traffic Flow
137.08,45.0,6.0,2.4,0.255,320,4x4 Hill Freight Carrier,182.8,209.9,27.1,0.182,Standard Mountain Traffic Flow
126.17,15.0,14.5,12.46,0.217,1550,Heavy Supply Truck (16T),504.7,587.6,83.0,0.17,Standard Mountain Traffic Flow
326.63,45.0,8.5,23.26,0.38,350,4x4 Hill Freight Carrier,435.5,608.1,172.6,0.301,Standard Mountain Traffic Flow
83.92,20.0,31.4,11.51,0.809,4170,4x4 Hill Freight Carrier,251.8,706.7,454.9,0.584,Active Landslide Clearance / Road Blockage
92.45,30.0,26.5,0.74,0.597,2450,Refrigerated Medical Van,184.9,302.5,117.6,0.419,Steep Mountain Grade & Hairpin Bends
486.13,45.0,18.0,0.64,0.527,1500,Refrigerated Medical Van,648.2,977.3,329.1,0.37,Standard Mountain Traffic Flow
313.33,45.0,22.0,48.1,0.896,1400,Refrigerated Medical Van,417.8,1066.4,648.7,0.699,Steep Mountain Grade & Hairpin Bends
92.91,23.0,31.4,12.96,0.746,4170,Light Disaster Utility (4WD),242.4,625.5,383.1,0.542,Active Landslide Clearance / Road Blockage
427.54,33.8,18.0,62.07,0.839,1500,Heavy Supply Truck (16T),760.1,1882.1,1122.0,0.68,Torrential Rainfall & Reduced Visibility
803.98,45.0,21.0,43.87,0.691,1650,Refrigerated Medical Van,1072.0,2189.7,1117.8,0.55,Steep Mountain Grade & Hairpin Bends
234.3,33.8,4.2,8.18,0.065,95,Heavy Supply Truck (16T),416.5,438.4,21.9,0.058,Standard Mountain Traffic Flow
36.85,22.5,16.0,13.14,0.382,2100,Heavy Supply Truck (16T),98.3,132.6,34.3,0.287,Standard Mountain Traffic Flow
149.35,45.0,6.0,1.29,0.173,320,Refrigerated Medical Van,199.1,213.9,14.8,0.123,Standard Mountain Traffic Flow
280.32,33.8,18.0,132.0,0.951,1500,Heavy Supply Truck (16T),498.3,1556.1,1057.7,0.864,Torrential Rainfall & Reduced Visibility
122.47,34.5,26.5,7.39,0.549,2450,Light Disaster Utility (4WD),213.0,336.7,123.7,0.396,Steep Mountain Grade & Hairpin Bends
314.97,45.0,22.0,46.3,0.827,1400,Refrigerated Medical Van,420.0,1210.9,790.9,0.648,Active Landslide Clearance / Road Blockage
504.15,51.7,18.0,18.9,0.554,1500,Light Disaster Utility (4WD),584.5,963.1,378.6,0.416,Standard Mountain Traffic Flow
264.32,33.8,22.0,5.48,0.68,1400,Heavy Supply Truck (16T),469.9,1022.1,552.2,0.484,Active Landslide Clearance / Road Blockage
113.57,20.0,14.5,7.87,0.236,1550,Refrigerated Medical Van,340.7,394.7,54.0,0.177,Standard Mountain Traffic Flow
72.04,22.5,24.2,7.47,0.678,3200,Heavy Supply Truck (16T),192.1,351.9,159.7,0.486,Steep Mountain Grade & Hairpin Bends
81.52,34.5,24.2,1.79,0.596,3200,Light Disaster Utility (4WD),141.8,232.4,90.6,0.42,Steep Mountain Grade & Hairpin Bends
91.66,23.0,31.4,64.57,0.96,4170,Light Disaster Utility (4WD),239.1,671.5,432.4,0.769,Torrential Rainfall & Reduced Visibility
425.85,33.8,8.5,35.72,0.364,350,Heavy Supply Truck (16T),757.1,1088.9,331.9,0.309,Standard Mountain Traffic Flow
70.8,30.0,24.2,50.76,0.788,3200,Refrigerated Medical Van,141.6,474.7,333.1,0.628,Active Landslide Clearance / Road Blockage
119.08,15.0,14.5,26.03,0.249,1550,Heavy Supply Truck (16T),476.3,600.7,124.4,0.213,Standard Mountain Traffic Flow
133.93,51.7,6.0,62.98,0.441,320,Light Disaster Utility (4WD),155.3,261.2,105.9,0.403,Torrential Rainfall & Reduced Visibility
59.73,30.0,16.0,93.47,0.734,2100,Refrigerated Medical Van,119.5,285.0,165.5,0.654,Torrential Rainfall & Reduced Visibility
301.75,51.7,22.0,49.75,0.882,1400,Light Disaster Utility (4WD),349.9,883.3,533.5,0.692,Steep Mountain Grade & Hairpin Bends
36.16,30.0,16.0,15.75,0.544,2100,Refrigerated Medical Van,72.3,116.6,44.3,0.404,Standard Mountain Traffic Flow
65.77,23.0,31.4,9.02,0.754,4170,Light Disaster Utility (4WD),171.6,344.6,173.1,0.542,Steep Mountain Grade & Hairpin Bends
184.2,33.8,22.0,7.46,0.77,1400,Heavy Supply Truck (16T),327.5,844.9,517.4,0.55,Active Landslide Clearance / Road Blockage
132.26,45.0,6.0,57.16,0.275,320,4x4 Hill Freight Carrier,176.3,254.3,77.9,0.278,Standard Mountain Traffic Flow
655.93,45.0,21.0,52.23,0.765,1650,4x4 Hill Freight Carrier,874.6,2080.7,1206.1,0.614,Active Landslide Clearance / Road Blockage
226.88,51.7,4.2,25.02,0.249,95,Light Disaster Utility (4WD),263.1,330.5,67.4,0.212,Standard Mountain Traffic Flow
73.34,45.0,12.8,32.23,0.461,240,4x4 Hill Freight Carrier,97.8,152.4,54.6,0.371,Standard Mountain Traffic Flow
75.35,51.7,12.8,60.59,0.633,240,Light Disaster Utility (4WD),87.4,175.3,87.9,0.534,Torrential Rainfall & Reduced Visibility
199.68,45.0,6.0,34.2,0.382,320,4x4 Hill Freight Carrier,266.2,387.2,120.9,0.319,Standard Mountain Traffic Flow
665.84,45.0,21.0,41.92,0.759,1650,Refrigerated Medical Van,887.8,2049.5,1161.7,0.594,Active Landslide Clearance / Road Blockage
81.87,23.0,31.4,5.26,0.748,4170,Light Disaster Utility (4WD),213.6,422.0,208.4,0.532,Steep Mountain Grade & Hairpin Bends
295.1,45.0,22.0,53.54,0.853,1400,4x4 Hill Freight Carrier,393.5,1072.5,679.0,0.677,Active Landslide Clearance / Road Blockage
118.26,34.5,26.5,119.19,1.0,2450,Light Disaster Utility (4WD),205.7,825.5,619.8,0.879,Active Landslide Clearance / Road Blockage
338.74,45.0,18.0,30.15,0.715,1500,4x4 Hill Freight Carrier,451.7,915.2,463.5,0.546,Standard Mountain Traffic Flow
54.24,23.0,31.4,42.94,0.902,4170,Light Disaster Utility (4WD),141.5,510.6,369.1,0.696,Active Landslide Clearance / Road Blockage
471.71,45.0,8.5,12.55,0.361,350,Refrigerated Medical Van,628.9,828.9,199.9,0.271,Standard Mountain Traffic Flow
54.05,20.0,31.4,83.05,1.0,4170,Refrigerated Medical Van,162.1,488.9,326.8,0.825,Torrential Rainfall & Reduced Visibility
442.12,51.7,18.0,2.11,0.582,1500,Light Disaster Utility (4WD),512.6,827.7,315.1,0.411,Standard Mountain Traffic Flow
182.14,51.7,22.0,26.18,0.703,1400,Light Disaster Utility (4WD),211.2,530.6,319.4,0.532,Active Landslide Clearance / Road Blockage
395.09,51.7,8.5,1.4,0.304,350,Light Disaster Utility (4WD),458.1,547.2,89.1,0.215,Standard Mountain Traffic Flow
175.7,45.0,22.0,0.67,0.626,1400,Refrigerated Medical Van,234.3,396.5,162.3,0.439,Steep Mountain Grade & Hairpin Bends
554.32,45.0,21.0,20.12,0.717,1650,4x4 Hill Freight Carrier,739.1,1595.3,856.2,0.532,Active Landslide Clearance / Road Blockage
41.64,34.5,16.0,175.55,1.0,2100,Light Disaster Utility (4WD),72.4,380.0,307.6,0.963,Active Landslide Clearance / Road Blockage
602.62,51.7,21.0,5.36,0.654,1650,Light Disaster Utility (4WD),698.7,1237.8,539.1,0.466,Steep Mountain Grade & Hairpin Bends
93.54,23.0,14.5,2.58,0.24,1550,Light Disaster Utility (4WD),244.0,277.0,33.0,0.172,Standard Mountain Traffic Flow
197.83,45.0,6.0,31.88,0.336,320,4x4 Hill Freight Carrier,263.8,365.2,101.4,0.283,Standard Mountain Traffic Flow
314.01,33.8,22.0,16.33,0.658,1400,Heavy Supply Truck (16T),558.2,1193.8,635.5,0.485,Active Landslide Clearance / Road Blockage
372.02,45.0,18.0,9.62,0.556,1500,Refrigerated Medical Van,496.0,795.9,299.9,0.404,Standard Mountain Traffic Flow
306.56,33.8,22.0,7.84,0.694,1400,Heavy Supply Truck (16T),545.0,1104.2,559.2,0.497,Active Landslide Clearance / Road Blockage
176.69,33.8,22.0,31.64,0.824,1400,Heavy Supply Truck (16T),314.1,718.6,404.5,0.624,Steep Mountain Grade & Hairpin Bends
110.86,20.0,14.5,103.44,0.577,1550,4x4 Hill Freight Carrier,332.6,725.5,392.9,0.559,Torrential Rainfall & Reduced Visibility
87.3,20.0,31.4,44.96,0.928,4170,Refrigerated Medical Van,261.9,687.3,425.4,0.717,Steep Mountain Grade & Hairpin Bends
130.61,15.0,14.5,29.52,0.32,1550,Heavy Supply Truck (16T),522.4,707.3,184.9,0.269,Standard Mountain Traffic Flow
69.57,34.5,24.2,0.99,0.634,3200,Light Disaster Utility (4WD),121.0,206.8,85.8,0.445,Steep Mountain Grade & Hairpin Bends
210.42,51.7,6.0,19.71,0.334,320,Light Disaster Utility (4WD),244.0,322.3,78.3,0.264,Standard Mountain Traffic Flow
282.28,33.8,8.5,4.01,0.262,350,Heavy Supply Truck (16T),501.8,584.1,82.2,0.19,Standard Mountain Traffic Flow
324.43,33.8,18.0,20.29,0.691,1500,Heavy Supply Truck (16T),576.8,1167.5,590.8,0.514,Active Landslide Clearance / Road Blockage
187.14,45.0,6.0,9.4,0.226,320,Refrigerated Medical Van,249.5,288.7,39.2,0.172,Standard Mountain Traffic Flow
46.98,22.5,16.0,0.35,0.431,2100,Heavy Supply Truck (16T),125.3,169.6,44.3,0.302,Standard Mountain Traffic Flow
45.94,33.8,12.8,14.95,0.533,240,Heavy Supply Truck (16T),81.7,129.9,48.3,0.396,Standard Mountain Traffic Flow
542.25,45.0,21.0,35.62,0.718,1650,Refrigerated Medical Van,723.0,1488.5,765.5,0.556,Steep Mountain Grade & Hairpin Bends
249.57,45.0,4.2,45.4,0.3,95,Refrigerated Medical Van,332.8,469.4,136.7,0.278,Standard Mountain Traffic Flow
155.47,45.0,4.2,8.31,0.125,95,Refrigerated Medical Van,207.3,223.7,16.4,0.1,Standard Mountain Traffic Flow
116.27,30.0,24.2,4.61,0.759,3200,Refrigerated Medical Van,232.5,646.1,413.6,0.538,Active Landslide Clearance / Road Blockage
50.05,34.5,16.0,0.29,0.38,2100,Light Disaster Utility (4WD),87.0,111.6,24.5,0.266,Standard Mountain Traffic Flow
98.74,30.0,26.5,21.88,0.655,2450,4x4 Hill Freight Carrier,197.5,418.1,220.7,0.491,Active Landslide Clearance / Road Blockage
294.98,51.7,18.0,15.17,0.547,1500,Light Disaster Utility (4WD),342.0,552.4,210.4,0.405,Standard Mountain Traffic Flow
37.5,34.5,16.0,25.15,0.53,2100,Light Disaster Utility (4WD),65.2,106.7,41.5,0.409,Standard Mountain Traffic Flow
90.25,30.0,26.5,5.5,0.633,2450,4x4 Hill Freight Carrier,180.5,312.3,131.8,0.451,Steep Mountain Grade & Hairpin Bends
54.14,23.0,31.4,30.35,0.932,4170,Light Disaster Utility (4WD),141.2,576.6,435.3,0.698,Active Landslide Clearance / Road Blockage
231.38,51.7,4.2,48.54,0.332,95,Light Disaster Utility (4WD),268.3,392.4,124.1,0.305,Standard Mountain Traffic Flow
64.33,20.0,31.4,50.59,0.988,4170,4x4 Hill Freight Carrier,193.0,677.3,484.3,0.768,Active Landslide Clearance / Road Blockage
97.54,30.0,24.2,22.42,0.72,3200,Refrigerated Medical Van,195.1,389.6,194.5,0.537,Steep Mountain Grade & Hairpin Bends
128.59,20.0,14.5,2.55,0.139,1550,Refrigerated Medical Van,385.8,408.3,22.5,0.101,Standard Mountain Traffic Flow
290.85,45.0,22.0,32.25,0.753,1400,Refrigerated Medical Van,387.8,964.4,576.6,0.575,Active Landslide Clearance / Road Blockage
116.5,23.0,14.5,38.1,0.334,1550,Light Disaster Utility (4WD),303.9,429.5,125.6,0.291,Standard Mountain Traffic Flow
50.74,45.0,12.8,34.2,0.493,240,4x4 Hill Freight Carrier,67.7,109.5,41.9,0.396,Standard Mountain Traffic Flow
66.34,30.0,24.2,0.93,0.611,3200,Refrigerated Medical Van,132.7,220.7,88.0,0.429,Steep Mountain Grade & Hairpin Bends
87.28,15.0,31.4,38.97,0.792,4170,Heavy Supply Truck (16T),349.1,784.6,435.5,0.613,Steep Mountain Grade & Hairpin Bends
204.58,51.7,6.0,16.63,0.225,320,Light Disaster Utility (4WD),237.2,282.9,45.7,0.183,Standard Mountain Traffic Flow
92.46,15.0,31.4,1.23,0.652,4170,Heavy Supply Truck (16T),369.9,860.0,490.1,0.458,Active Landslide Clearance / Road Blockage
186.79,33.8,6.0,17.32,0.284,320,Heavy Supply Truck (16T),332.1,415.9,83.9,0.225,Standard Mountain Traffic Flow
486.93,51.7,18.0,69.29,0.886,1500,Light Disaster Utility (4WD),564.6,1486.9,922.3,0.724,Torrential Rainfall & Reduced Visibility
67.9,20.0,31.4,9.72,0.799,4170,4x4 Hill Freight Carrier,203.7,431.2,227.5,0.574,Steep Mountain Grade & Hairpin Bends
73.9,30.0,24.2,29.26,0.746,3200,4x4 Hill Freight Carrier,147.8,309.0,161.2,0.566,Steep Mountain Grade & Hairpin Bends
428.52,45.0,18.0,39.63,0.699,1500,Refrigerated Medical Van,571.4,1163.9,592.5,0.548,Standard Mountain Traffic Flow
775.61,45.0,21.0,5.94,0.589,1650,4x4 Hill Freight Carrier,1034.2,1704.0,669.8,0.422,Steep Mountain Grade & Hairpin Bends
149.77,33.8,6.0,106.63,0.663,320,Heavy Supply Truck (16T),266.3,752.3,486.1,0.624,Active Landslide Clearance / Road Blockage
209.21,33.8,22.0,61.38,0.881,1400,Heavy Supply Truck (16T),371.9,1091.6,719.7,0.709,Active Landslide Clearance / Road Blockage
626.6,45.0,21.0,13.35,0.596,1650,4x4 Hill Freight Carrier,835.5,1449.9,614.4,0.437,Active Landslide Clearance / Road Blockage
91.67,20.0,31.4,8.96,0.772,4170,Refrigerated Medical Van,275.0,563.4,288.4,0.554,Steep Mountain Grade & Hairpin Bends
120.93,30.0,26.5,11.8,0.604,2450,4x4 Hill Freight Carrier,241.9,470.8,229.0,0.44,Active Landslide Clearance / Road Blockage
357.65,45.0,8.5,8.08,0.33,350,Refrigerated Medical Van,476.9,599.6,122.8,0.243,Standard Mountain Traffic Flow
272.46,45.0,8.5,5.58,0.198,350,Refrigerated Medical Van,363.3,404.8,41.5,0.147,Standard Mountain Traffic Flow
132.5,30.0,26.5,16.91,0.66,2450,Refrigerated Medical Van,265.0,488.3,223.3,0.488,Steep Mountain Grade & Hairpin Bends
209.43,45.0,22.0,28.8,0.723,1400,Refrigerated Medical Van,279.2,568.8,289.6,0.55,Steep Mountain Grade & Hairpin Bends
71.55,22.5,24.2,1.12,0.651,3200,Heavy Supply Truck (16T),190.8,521.3,330.5,0.457,Active Landslide Clearance / Road Blockage
68.29,45.0,12.8,19.31,0.446,240,4x4 Hill Freight Carrier,91.1,134.0,42.9,0.341,Standard Mountain Traffic Flow
50.81,34.5,16.0,60.81,0.645,2100,Light Disaster Utility (4WD),88.4,179.4,91.0,0.543,Torrential Rainfall & Reduced Visibility
302.11,45.0,8.5,3.56,0.291,350,Refrigerated Medical Van,402.8,479.7,76.9,0.209,Standard Mountain Traffic Flow
63.28,51.7,12.8,82.75,0.679,240,Light Disaster Utility (4WD),73.4,214.9,141.5,0.6,Active Landslide Clearance / Road Blockage
283.35,33.8,8.5,18.06,0.343,350,Heavy Supply Truck (16T),503.7,666.5,162.8,0.267,Standard Mountain Traffic Flow
248.34,45.0,22.0,1.27,0.678,1400,Refrigerated Medical Van,331.1,596.1,265.0,0.476,Steep Mountain Grade & Hairpin Bends
140.1,45.0,6.0,129.44,0.745,320,Refrigerated Medical Van,186.8,697.8,511.0,0.715,Active Landslide Clearance / Road Blockage
173.34,45.0,6.0,21.75,0.33,320,Refrigerated Medical Van,231.1,306.4,75.3,0.263,Standard Mountain Traffic Flow
61.68,45.0,12.8,32.98,0.537,240,4x4 Hill Freight Carrier,82.2,138.8,56.6,0.426,Standard Mountain Traffic Flow
324.75,45.0,18.0,33.57,0.602,1500,Refrigerated Medical Van,433.0,783.8,350.8,0.472,Standard Mountain Traffic Flow
62.12,22.5,16.0,2.96,0.361,2100,Heavy Supply Truck (16T),165.6,210.4,44.7,0.257,Standard Mountain Traffic Flow
302.66,45.0,22.0,5.85,0.769,1400,Refrigerated Medical Van,403.5,817.9,414.3,0.547,Steep Mountain Grade & Hairpin Bends
69.38,45.0,12.8,54.63,0.576,240,4x4 Hill Freight Carrier,92.5,210.0,117.5,0.485,Active Landslide Clearance / Road Blockage
219.38,45.0,4.2,60.95,0.382,95,Refrigerated Medical Van,292.5,464.5,172.0,0.359,Torrential Rainfall & Reduced Visibility
64.77,33.8,12.8,0.93,0.364,240,Heavy Supply Truck (16T),115.1,190.9,75.8,0.256,Active Landslide Clearance / Road Blockage
304.31,45.0,8.5,32.27,0.432,350,4x4 Hill Freight Carrier,405.7,614.2,208.5,0.35,Standard Mountain Traffic Flow
83.9,34.5,24.2,31.6,0.762,3200,Light Disaster Utility (4WD),145.9,551.8,405.9,0.58,Active Landslide Clearance / Road Blockage
450.22,45.0,21.0,113.4,1.0,1650,4x4 Hill Freight Carrier,600.3,1901.1,1300.8,0.87,Torrential Rainfall & Reduced Visibility
168.15,33.8,6.0,61.38,0.483,320,Heavy Supply Truck (16T),298.9,519.5,220.6,0.43,Torrential Rainfall & Reduced Visibility
454.34,51.7,18.0,63.24,0.845,1500,Light Disaster Utility (4WD),526.8,1315.4,788.6,0.686,Torrential Rainfall & Reduced Visibility
67.14,15.0,31.4,11.88,0.82,4170,Heavy Supply Truck (16T),268.6,585.1,316.5,0.592,Steep Mountain Grade & Hairpin Bends
56.01,34.5,16.0,47.96,0.6,2100,Light Disaster Utility (4WD),97.4,183.0,85.6,0.492,Standard Mountain Traffic Flow
46.41,30.0,16.0,51.09,0.59,2100,Refrigerated Medical Van,92.8,189.3,96.5,0.49,Standard Mountain Traffic Flow
159.22,45.0,6.0,13.69,0.223,320,Refrigerated Medical Van,212.3,249.7,37.4,0.177,Standard Mountain Traffic Flow
344.74,45.0,8.5,35.67,0.373,350,Refrigerated Medical Van,459.7,692.0,232.4,0.315,Standard Mountain Traffic Flow
65.8,20.0,31.4,7.73,0.643,4170,4x4 Hill Freight Carrier,197.4,347.8,150.4,0.462,Steep Mountain Grade & Hairpin Bends
183.02,33.8,22.0,27.75,0.815,1400,Heavy Supply Truck (16T),325.4,731.1,405.7,0.612,Steep Mountain Grade & Hairpin Bends
174.29,33.8,6.0,14.33,0.354,320,Heavy Supply Truck (16T),309.8,462.4,152.5,0.269,Active Landslide Clearance / Road Blockage
90.74,30.0,24.2,19.57,0.629,3200,4x4 Hill Freight Carrier,181.5,325.2,143.7,0.47,Steep Mountain Grade & Hairpin Bends
416.11,45.0,18.0,22.88,0.529,1500,4x4 Hill Freight Carrier,554.8,943.0,388.2,0.405,Active Landslide Clearance / Road Blockage
427.33,45.0,8.5,50.3,0.469,350,4x4 Hill Freight Carrier,569.8,946.0,376.2,0.403,Standard Mountain Traffic Flow
60.85,30.0,16.0,1.86,0.407,2100,Refrigerated Medical Van,121.7,161.5,39.8,0.288,Standard Mountain Traffic Flow
501.67,33.8,18.0,13.0,0.57,1500,Heavy Supply Truck (16T),891.9,1469.1,577.3,0.419,Standard Mountain Traffic Flow
94.06,30.0,26.5,10.06,0.573,2450,4x4 Hill Freight Carrier,188.1,307.9,119.8,0.416,Steep Mountain Grade & Hairpin Bends
97.45,22.5,26.5,48.74,0.679,2450,Heavy Supply Truck (16T),259.9,530.5,270.7,0.549,Steep Mountain Grade & Hairpin Bends
218.45,45.0,4.2,37.78,0.291,95,4x4 Hill Freight Carrier,291.3,396.8,105.5,0.26,Standard Mountain Traffic Flow
176.37,45.0,4.2,16.01,0.177,95,Refrigerated Medical Van,235.2,270.7,35.5,0.148,Standard Mountain Traffic Flow
53.62,30.0,16.0,6.01,0.396,2100,Refrigerated Medical Van,107.2,181.5,74.2,0.286,Active Landslide Clearance / Road Blockage
80.37,15.0,31.4,3.39,0.654,4170,Heavy Supply Truck (16T),321.5,799.2,477.7,0.463,Active Landslide Clearance / Road Blockage
111.57,15.0,14.5,49.2,0.399,1550,Heavy Supply Truck (16T),446.3,692.6,246.3,0.353,Standard Mountain Traffic Flow
254.81,51.7,22.0,1.33,0.679,1400,Light Disaster Utility (4WD),295.4,532.8,237.4,0.477,Steep Mountain Grade & Hairpin Bends
390.76,33.8,8.5,51.31,0.492,350,Heavy Supply Truck (16T),694.7,1183.2,488.5,0.422,Standard Mountain Traffic Flow
59.6,22.5,16.0,7.77,0.436,2100,Heavy Supply Truck (16T),158.9,222.2,63.2,0.317,Standard Mountain Traffic Flow
168.6,45.0,6.0,54.95,0.375,320,Refrigerated Medical Van,224.8,348.1,123.3,0.345,Standard Mountain Traffic Flow
254.54,33.8,4.2,13.08,0.21,95,Heavy Supply Truck (16T),452.5,525.6,73.1,0.166,Standard Mountain Traffic Flow
213.36,51.7,22.0,51.88,0.822,1400,Light Disaster Utility (4WD),247.4,717.6,470.2,0.654,Active Landslide Clearance / Road Blockage
68.43,51.7,12.8,3.01,0.32,240,Light Disaster Utility (4WD),79.3,96.9,17.5,0.229,Standard Mountain Traffic Flow
653.74,51.7,21.0,5.52,0.729,1650,Light Disaster Utility (4WD),758.0,1654.7,896.7,0.519,Active Landslide Clearance / Road Blockage
75.81,45.0,12.8,7.33,0.441,240,Refrigerated Medical Van,101.1,141.8,40.7,0.319,Standard Mountain Traffic Flow
63.87,45.0,12.8,7.92,0.463,240,4x4 Hill Freight Carrier,85.2,122.6,37.4,0.336,Standard Mountain Traffic Flow
166.41,45.0,6.0,27.08,0.344,320,Refrigerated Medical Van,221.9,303.9,82.1,0.281,Standard Mountain Traffic Flow
87.76,20.0,14.5,35.64,0.322,1550,Refrigerated Medical Van,263.3,365.1,101.8,0.279,Standard Mountain Traffic Flow
232.85,51.7,22.0,16.77,0.766,1400,Light Disaster Utility (4WD),270.0,798.2,528.2,0.561,Active Landslide Clearance / Road Blockage
480.53,33.8,21.0,3.3,0.668,1650,Heavy Supply Truck (16T),854.3,1530.3,676.0,0.473,Steep Mountain Grade & Hairpin Bends
202.59,45.0,6.0,25.91,0.305,320,4x4 Hill Freight Carrier,270.1,356.0,85.9,0.252,Standard Mountain Traffic Flow
84.28,23.0,14.5,67.38,0.439,1550,Light Disaster Utility (4WD),219.9,374.0,154.1,0.409,Torrential Rainfall & Reduced Visibility
91.56,20.0,14.5,11.72,0.194,1550,Refrigerated Medical Van,274.7,313.8,39.1,0.154,Standard Mountain Traffic Flow
182.45,51.7,22.0,21.96,0.677,1400,Light Disaster Utility (4WD),211.5,460.5,249.0,0.507,Active Landslide Clearance / Road Blockage
73.45,45.0,12.8,7.99,0.433,240,Refrigerated Medical Van,97.9,136.7,38.7,0.315,Standard Mountain Traffic Flow
194.62,45.0,6.0,22.84,0.317,320,Refrigerated Medical Van,259.5,341.6,82.1,0.256,Standard Mountain Traffic Flow
80.11,30.0,24.2,12.15,0.703,3200,4x4 Hill Freight Carrier,160.2,306.0,145.8,0.511,Steep Mountain Grade & Hairpin Bends
281.96,33.8,22.0,18.78,0.822,1400,Heavy Supply Truck (16T),501.3,1169.2,667.9,0.604,Active Landslide Clearance / Road Blockage
64.45,33.8,12.8,94.84,0.756,240,Heavy Supply Truck (16T),114.6,364.0,249.4,0.672,Active Landslide Clearance / Road Blockage
634.54,45.0,21.0,3.05,0.566,1650,Refrigerated Medical Van,846.1,1345.2,499.1,0.401,Steep Mountain Grade & Hairpin Bends
356.88,33.8,8.5,42.34,0.515,350,Heavy Supply Truck (16T),634.5,1076.3,441.8,0.424,Standard Mountain Traffic Flow
434.18,45.0,8.5,78.59,0.534,350,Refrigerated Medical Van,578.9,1105.5,526.6,0.491,Torrential Rainfall & Reduced Visibility
94.5,20.0,14.5,15.29,0.245,1550,Refrigerated Medical Van,283.5,341.2,57.7,0.194,Standard Mountain Traffic Flow
215.36,51.7,6.0,22.08,0.347,320,Light Disaster Utility (4WD),249.7,336.8,87.1,0.276,Standard Mountain Traffic Flow
667.72,33.8,21.0,2.8,0.585,1650,Heavy Supply Truck (16T),1187.0,1926.8,739.8,0.414,Steep Mountain Grade & Hairpin Bends
475.5,45.0,18.0,45.7,0.721,1500,Refrigerated Medical Van,634.0,1524.9,890.9,0.573,Active Landslide Clearance / Road Blockage
284.73,45.0,18.0,10.83,0.524,1500,4x4 Hill Freight Carrier,379.6,609.0,229.3,0.383,Standard Mountain Traffic Flow
313.01,45.0,22.0,24.21,0.68,1400,4x4 Hill Freight Carrier,417.3,801.6,384.3,0.513,Steep Mountain Grade & Hairpin Bends
79.08,30.0,24.2,15.17,0.788,3200,Refrigerated Medical Van,158.2,480.7,322.5,0.575,Active Landslide Clearance / Road Blockage
89.5,20.0,31.4,20.61,0.746,4170,4x4 Hill Freight Carrier,268.5,549.6,281.1,0.553,Steep Mountain Grade & Hairpin Bends
478.24,33.8,8.5,57.2,0.513,350,Heavy Supply Truck (16T),850.2,1502.3,652.1,0.445,Standard Mountain Traffic Flow
165.3,45.0,6.0,63.11,0.467,320,Refrigerated Medical Van,220.4,433.7,213.3,0.422,Active Landslide Clearance / Road Blockage
84.58,20.0,31.4,46.82,0.882,4170,Refrigerated Medical Van,253.7,636.9,383.2,0.688,Steep Mountain Grade & Hairpin Bends
84.4,22.5,24.2,5.72,0.631,3200,Heavy Supply Truck (16T),225.1,435.0,209.9,0.45,Active Landslide Clearance / Road Blockage
100.06,34.5,26.5,111.41,1.0,2450,Light Disaster Utility (4WD),174.0,620.2,446.2,0.867,Active Landslide Clearance / Road Blockage
757.84,33.8,21.0,76.82,0.931,1650,Heavy Supply Truck (16T),1347.3,3900.2,2552.9,0.767,Active Landslide Clearance / Road Blockage
391.8,45.0,8.5,43.42,0.454,350,4x4 Hill Freight Carrier,522.4,837.7,315.3,0.383,Standard Mountain Traffic Flow
232.0,45.0,22.0,4.75,0.603,1400,Refrigerated Medical Van,309.3,547.6,238.2,0.43,Active Landslide Clearance / Road Blockage
52.56,20.0,31.4,0.78,0.749,4170,Refrigerated Medical Van,157.7,308.1,150.4,0.525,Steep Mountain Grade & Hairpin Bends
380.45,33.8,18.0,11.21,0.568,1500,Heavy Supply Truck (16T),676.4,1104.6,428.3,0.414,Standard Mountain Traffic Flow
110.81,30.0,26.5,17.37,0.664,2450,4x4 Hill Freight Carrier,221.6,410.4,188.8,0.491,Steep Mountain Grade & Hairpin Bends
169.32,33.8,4.2,29.0,0.196,95,Heavy Supply Truck (16T),301.0,370.4,69.3,0.181,Standard Mountain Traffic Flow
77.82,23.0,31.4,4.95,0.705,4170,Light Disaster Utility (4WD),203.0,381.3,178.3,0.501,Steep Mountain Grade & Hairpin Bends
321.73,51.7,22.0,1.79,0.654,1400,Light Disaster Utility (4WD),373.0,834.8,461.8,0.46,Active Landslide Clearance / Road Blockage
62.52,22.5,16.0,8.2,0.382,2100,Heavy Supply Truck (16T),166.7,220.8,54.1,0.28,Standard Mountain Traffic Flow
69.36,45.0,12.8,1.93,0.343,240,Refrigerated Medical Van,92.5,114.9,22.4,0.243,Standard Mountain Traffic Flow
179.27,51.7,6.0,171.39,0.927,320,Light Disaster Utility (4WD),207.9,781.1,573.2,0.906,Active Landslide Clearance / Road Blockage
76.68,15.0,31.4,22.46,0.869,4170,Heavy Supply Truck (16T),306.7,850.7,544.0,0.642,Active Landslide Clearance / Road Blockage
307.57,33.8,18.0,65.31,0.713,1500,Heavy Supply Truck (16T),546.8,1317.8,771.0,0.597,Active Landslide Clearance / Road Blockage
67.57,20.0,31.4,52.73,0.92,4170,4x4 Hill Freight Carrier,202.7,535.1,332.4,0.723,Steep Mountain Grade & Hairpin Bends
81.44,20.0,31.4,44.0,0.895,4170,Refrigerated Medical Van,244.3,756.8,512.4,0.692,Active Landslide Clearance / Road Blockage
144.79,51.7,4.2,9.03,0.147,95,Light Disaster Utility (4WD),167.9,184.0,16.1,0.117,Standard Mountain Traffic Flow
719.39,51.7,21.0,4.42,0.544,1650,Light Disaster Utility (4WD),834.1,1313.8,479.7,0.387,Steep Mountain Grade & Hairpin Bends
94.95,20.0,14.5,111.73,0.636,1550,4x4 Hill Freight Carrier,284.8,645.8,361.0,0.613,Torrential Rainfall & Reduced Visibility
210.97,45.0,6.0,96.25,0.555,320,Refrigerated Medical Van,281.3,612.4,331.1,0.533,Active Landslide Clearance / Road Blockage
603.75,33.8,21.0,55.81,0.822,1650,Heavy Supply Truck (16T),1073.3,2642.9,1569.5,0.659,Active Landslide Clearance / Road Blockage
245.48,33.8,22.0,4.88,0.728,1400,Heavy Supply Truck (16T),436.4,841.3,404.9,0.517,Steep Mountain Grade & Hairpin Bends
390.96,51.7,18.0,14.14,0.533,1500,Light Disaster Utility (4WD),453.3,719.3,266.1,0.395,Standard Mountain Traffic Flow
581.11,51.7,21.0,18.45,0.688,1650,Light Disaster Utility (4WD),673.8,1517.2,843.4,0.509,Active Landslide Clearance / Road Blockage
132.38,15.0,14.5,11.37,0.236,1550,Heavy Supply Truck (16T),529.5,622.5,93.0,0.182,Standard Mountain Traffic Flow
99.97,30.0,24.2,17.27,0.723,3200,4x4 Hill Freight Carrier,199.9,395.6,195.7,0.532,Steep Mountain Grade & Hairpin Bends
285.28,51.7,18.0,69.61,0.774,1500,Light Disaster Utility (4WD),330.8,779.6,448.9,0.646,Torrential Rainfall & Reduced Visibility
87.6,22.5,24.2,30.42,0.779,3200,Heavy Supply Truck (16T),233.6,676.6,443.0,0.591,Active Landslide Clearance / Road Blockage
66.41,45.0,12.8,2.07,0.373,240,4x4 Hill Freight Carrier,88.5,113.5,25.0,0.264,Standard Mountain Traffic Flow
113.96,15.0,14.5,4.88,0.204,1550,Heavy Supply Truck (16T),455.9,508.7,52.8,0.15,Standard Mountain Traffic Flow
125.06,20.0,14.5,1.28,0.271,1550,Refrigerated Medical Van,375.2,434.9,59.7,0.192,Standard Mountain Traffic Flow
464.05,45.0,21.0,37.8,0.711,1650,Refrigerated Medical Van,618.7,1374.4,755.6,0.554,Active Landslide Clearance / Road Blockage
100.3,22.5,26.5,44.7,0.824,2450,Heavy Supply Truck (16T),267.5,803.1,535.6,0.644,Active Landslide Clearance / Road Blockage
50.2,45.0,12.8,5.74,0.387,240,4x4 Hill Freight Carrier,66.9,88.3,21.3,0.28,Standard Mountain Traffic Flow
104.13,30.0,24.2,9.24,0.622,3200,Refrigerated Medical Van,208.3,359.5,151.2,0.449,Steep Mountain Grade & Hairpin Bends
126.27,45.0,6.0,2.57,0.261,320,4x4 Hill Freight Carrier,168.4,194.5,26.1,0.186,Standard Mountain Traffic Flow
44.83,22.5,16.0,6.91,0.473,2100,Heavy Supply Truck (16T),119.5,193.9,74.3,0.342,Standard Mountain Traffic Flow
51.68,30.0,16.0,44.7,0.582,2100,4x4 Hill Freight Carrier,103.4,188.8,85.4,0.474,Standard Mountain Traffic Flow
128.55,33.8,6.0,103.72,0.743,320,Heavy Supply Truck (16T),228.5,762.1,533.6,0.676,Active Landslide Clearance / Road Blockage
155.77,51.7,6.0,117.32,0.762,320,Light Disaster Utility (4WD),180.6,654.6,474.0,0.709,Active Landslide Clearance / Road Blockage
472.04,51.7,18.0,32.06,0.738,1500,Light Disaster Utility (4WD),547.3,1142.0,594.8,0.565,Standard Mountain Traffic Flow
306.94,45.0,18.0,12.39,0.517,1500,Refrigerated Medical Van,409.2,634.5,225.3,0.381,Standard Mountain Traffic Flow
171.68,45.0,6.0,28.48,0.236,320,Refrigerated Medical Van,228.9,288.6,59.7,0.208,Standard Mountain Traffic Flow
140.17,34.5,26.5,8.26,0.602,2450,Light Disaster Utility (4WD),243.8,465.2,221.4,0.434,Active Landslide Clearance / Road Blockage
269.19,45.0,22.0,10.1,0.677,1400,Refrigerated Medical Van,358.9,661.3,302.4,0.489,Steep Mountain Grade & Hairpin Bends
473.05,33.8,18.0,59.28,0.799,1500,Heavy Supply Truck (16T),841.0,2123.5,1282.5,0.648,Active Landslide Clearance / Road Blockage
75.03,45.0,12.8,39.11,0.466,240,Refrigerated Medical Van,100.0,160.1,60.0,0.385,Standard Mountain Traffic Flow
239.15,33.8,4.2,32.03,0.257,95,Heavy Supply Truck (16T),425.1,552.3,127.1,0.228,Standard Mountain Traffic Flow
116.16,30.0,24.2,83.12,0.888,3200,Refrigerated Medical Van,232.3,682.3,449.9,0.746,Active Landslide Clearance / Road Blockage
49.43,51.7,12.8,4.24,0.408,240,Light Disaster Utility (4WD),57.3,76.8,19.4,0.292,Standard Mountain Traffic Flow
303.83,33.8,8.5,21.15,0.393,350,Heavy Supply Truck (16T),540.1,758.5,218.4,0.307,Standard Mountain Traffic Flow
479.03,45.0,18.0,39.59,0.793,1500,4x4 Hill Freight Carrier,638.7,1583.0,944.3,0.615,Active Landslide Clearance / Road Blockage
216.78,45.0,22.0,24.97,0.804,1400,4x4 Hill Freight Carrier,289.0,637.2,348.1,0.6,Steep Mountain Grade & Hairpin Bends
275.68,33.8,22.0,61.98,0.962,1400,Heavy Supply Truck (16T),490.1,1373.9,883.8,0.767,Torrential Rainfall & Reduced Visibility
71.14,22.5,24.2,18.57,0.728,3200,Heavy Supply Truck (16T),189.7,425.5,235.8,0.537,Active Landslide Clearance / Road Blockage
93.38,22.5,26.5,38.89,0.8,2450,Heavy Supply Truck (16T),249.0,648.8,399.8,0.618,Active Landslide Clearance / Road Blockage
255.54,51.7,22.0,39.62,0.787,1400,Light Disaster Utility (4WD),296.3,828.4,532.1,0.611,Active Landslide Clearance / Road Blockage
321.41,45.0,18.0,13.17,0.587,1500,4x4 Hill Freight Carrier,428.5,719.3,290.7,0.43,Standard Mountain Traffic Flow
49.83,23.0,31.4,42.94,0.964,4170,Light Disaster Utility (4WD),130.0,404.6,274.7,0.74,Active Landslide Clearance / Road Blockage
103.12,22.5,24.2,6.79,0.641,3200,Heavy Supply Truck (16T),275.0,482.0,207.0,0.459,Steep Mountain Grade & Hairpin Bends
159.47,45.0,6.0,4.84,0.26,320,Refrigerated Medical Van,212.6,247.9,35.3,0.189,Standard Mountain Traffic Flow
54.75,45.0,12.8,62.78,0.687,240,Refrigerated Medical Van,73.0,373.2,300.2,0.575,Active Landslide Clearance / Road Blockage
188.35,51.7,6.0,14.9,0.26,320,Light Disaster Utility (4WD),218.4,265.5,47.1,0.204,Standard Mountain Traffic Flow
67.51,20.0,31.4,35.68,0.921,4170,Refrigerated Medical Van,202.5,518.1,315.6,0.698,Steep Mountain Grade & Hairpin Bends
134.09,45.0,6.0,26.62,0.298,320,4x4 Hill Freight Carrier,178.8,234.9,56.1,0.248,Standard Mountain Traffic Flow
88.66,22.5,24.2,30.84,0.75,3200,Heavy Supply Truck (16T),236.4,652.6,416.2,0.571,Active Landslide Clearance / Road Blockage
114.48,30.0,26.5,27.75,0.657,2450,Refrigerated Medical Van,229.0,609.4,380.5,0.501,Active Landslide Clearance / Road Blockage
211.34,51.7,6.0,9.43,0.257,320,Light Disaster Utility (4WD),245.0,290.7,45.6,0.194,Standard Mountain Traffic Flow
81.98,22.5,26.5,1.81,0.653,2450,Heavy Supply Truck (16T),218.6,493.1,274.5,0.46,Active Landslide Clearance / Road Blockage
132.24,20.0,14.5,36.9,0.332,1550,Refrigerated Medical Van,396.7,557.2,160.4,0.288,Standard Mountain Traffic Flow
106.38,22.5,26.5,4.79,0.673,2450,Heavy Supply Truck (16T),283.7,513.0,229.3,0.478,Steep Mountain Grade & Hairpin Bends
100.91,20.0,14.5,17.08,0.244,1550,Refrigerated Medical Van,302.7,366.9,64.1,0.197,Standard Mountain Traffic Flow
216.94,45.0,4.2,39.92,0.274,95,Refrigerated Medical Van,289.3,391.9,102.6,0.251,Standard Mountain Traffic Flow
92.93,20.0,31.4,81.14,0.993,4170,4x4 Hill Freight Carrier,278.8,832.6,553.8,0.817,Torrential Rainfall & Reduced Visibility
97.14,34.5,24.2,46.2,0.898,3200,Light Disaster Utility (4WD),168.9,498.5,329.6,0.698,Active Landslide Clearance / Road Blockage
104.35,30.0,26.5,54.94,0.86,2450,4x4 Hill Freight Carrier,208.7,680.0,471.3,0.684,Active Landslide Clearance / Road Blockage
50.17,33.8,12.8,13.49,0.307,240,Heavy Supply Truck (16T),89.2,112.3,23.1,0.235,Standard Mountain Traffic Flow
160.29,45.0,6.0,0.8,0.23,320,Refrigerated Medical Van,213.7,238.9,25.2,0.162,Standard Mountain Traffic Flow
348.14,45.0,18.0,84.74,0.771,1500,4x4 Hill Freight Carrier,464.2,1221.0,756.8,0.667,Active Landslide Clearance / Road Blockage
105.67,30.0,26.5,61.84,0.809,2450,4x4 Hill Freight Carrier,211.3,709.1,497.7,0.659,Active Landslide Clearance / Road Blockage
605.19,45.0,21.0,19.79,0.699,1650,4x4 Hill Freight Carrier,806.9,1564.9,757.9,0.519,Steep Mountain Grade & Hairpin Bends
159.03,51.7,4.2,2.52,0.129,95,Light Disaster Utility (4WD),184.4,194.1,9.7,0.094,Standard Mountain Traffic Flow
86.25,30.0,24.2,39.23,0.866,3200,4x4 Hill Freight Carrier,172.5,419.2,246.7,0.665,Steep Mountain Grade & Hairpin Bends
460.87,45.0,18.0,5.19,0.491,1500,Refrigerated Medical Van,614.5,903.6,289.1,0.351,Standard Mountain Traffic Flow
285.08,45.0,22.0,32.1,0.793,1400,4x4 Hill Freight Carrier,380.1,1073.7,693.6,0.604,Active Landslide Clearance / Road Blockage
52.59,23.0,31.4,1.76,0.678,4170,Light Disaster Utility (4WD),137.2,247.5,110.3,0.477,Steep Mountain Grade & Hairpin Bends
40.86,30.0,16.0,71.02,0.619,2100,Refrigerated Medical Van,81.7,166.0,84.2,0.54,Torrential Rainfall & Reduced Visibility
336.27,51.7,18.0,9.52,0.543,1500,Light Disaster Utility (4WD),389.9,616.2,226.3,0.394,Standard Mountain Traffic Flow
83.31,23.0,31.4,2.03,0.807,4170,Light Disaster Utility (4WD),217.3,595.7,378.4,0.568,Active Landslide Clearance / Road Blockage
80.71,20.0,14.5,1.94,0.067,1550,4x4 Hill Freight Carrier,242.1,247.4,5.3,0.05,Standard Mountain Traffic Flow
43.81,30.0,16.0,69.03,0.7,2100,4x4 Hill Freight Carrier,87.6,191.7,104.1,0.594,Torrential Rainfall & Reduced Visibility
145.12,51.7,4.2,32.7,0.254,95,Light Disaster Utility (4WD),168.3,218.6,50.4,0.227,Standard Mountain Traffic Flow
113.55,22.5,24.2,1.61,0.652,3200,Heavy Supply Truck (16T),302.8,529.7,226.9,0.459,Steep Mountain Grade & Hairpin Bends
349.81,33.8,8.5,9.04,0.356,350,Heavy Supply Truck (16T),621.9,804.9,183.0,0.263,Standard Mountain Traffic Flow
90.11,30.0,26.5,25.0,0.617,2450,Refrigerated Medical Van,180.2,323.7,143.5,0.47,Steep Mountain Grade & Hairpin Bends
359.92,45.0,8.5,107.27,0.628,350,4x4 Hill Freight Carrier,479.9,1070.0,590.1,0.601,Torrential Rainfall & Reduced Visibility
47.51,45.0,12.8,4.92,0.428,240,4x4 Hill Freight Carrier,63.4,86.9,23.6,0.307,Standard Mountain Traffic Flow
74.7,22.5,24.2,8.67,0.665,3200,Heavy Supply Truck (16T),199.2,507.7,308.5,0.478,Active Landslide Clearance / Road Blockage
86.27,20.0,14.5,59.01,0.473,1550,Refrigerated Medical Van,258.8,490.5,231.7,0.42,Active Landslide Clearance / Road Blockage
45.76,45.0,12.8,36.91,0.456,240,Refrigerated Medical Van,61.0,131.7,70.7,0.375,Active Landslide Clearance / Road Blockage
88.86,22.5,24.2,5.44,0.646,3200,Heavy Supply Truck (16T),237.0,416.1,179.1,0.46,Steep Mountain Grade & Hairpin Bends
226.61,45.0,6.0,56.91,0.425,320,Refrigerated Medical Van,302.1,491.8,189.7,0.383,Standard Mountain Traffic Flow
104.47,22.5,26.5,31.58,0.807,2450,Heavy Supply Truck (16T),278.6,776.8,498.2,0.612,Active Landslide Clearance / Road Blockage
181.37,45.0,22.0,21.55,0.727,1400,4x4 Hill Freight Carrier,241.8,485.9,244.1,0.541,Steep Mountain Grade & Hairpin Bends
179.82,51.7,22.0,46.29,0.904,1400,Light Disaster Utility (4WD),208.5,534.9,326.4,0.702,Steep Mountain Grade & Hairpin Bends
50.81,33.8,12.8,8.98,0.362,240,Heavy Supply Truck (16T),90.3,117.6,27.2,0.267,Standard Mountain Traffic Flow
127.65,34.5,26.5,21.98,0.62,2450,Light Disaster Utility (4WD),222.0,421.0,199.0,0.467,Steep Mountain Grade & Hairpin Bends
87.7,20.0,31.4,63.5,0.956,4170,4x4 Hill Freight Carrier,263.1,867.8,604.7,0.764,Active Landslide Clearance / Road Blockage
265.13,45.0,4.2,44.35,0.323,95,4x4 Hill Freight Carrier,353.5,505.9,152.4,0.293,Standard Mountain Traffic Flow
80.26,23.0,14.5,2.02,0.232,1550,Light Disaster Utility (4WD),209.4,235.7,26.3,0.166,Standard Mountain Traffic Flow
63.56,33.8,12.8,20.66,0.429,240,Heavy Supply Truck (16T),113.0,164.0,51.0,0.331,Standard Mountain Traffic Flow
187.87,33.8,22.0,32.08,0.757,1400,Heavy Supply Truck (16T),334.0,711.3,377.4,0.578,Steep Mountain Grade & Hairpin Bends
463.31,45.0,18.0,100.13,0.978,1500,4x4 Hill Freight Carrier,617.7,1876.5,1258.7,0.835,Torrential Rainfall & Reduced Visibility
58.44,23.0,31.4,22.23,0.855,4170,Light Disaster Utility (4WD),152.5,511.0,358.5,0.632,Active Landslide Clearance / Road Blockage
97.05,30.0,24.2,47.97,0.778,3200,4x4 Hill Freight Carrier,194.1,560.7,366.6,0.617,Active Landslide Clearance / Road Blockage
138.29,22.5,26.5,22.84,0.696,2450,Heavy Supply Truck (16T),368.8,917.6,548.8,0.521,Active Landslide Clearance / Road Blockage
79.7,22.5,24.2,58.38,0.811,3200,Heavy Supply Truck (16T),212.5,507.9,295.4,0.655,Steep Mountain Grade & Hairpin Bends
458.98,33.8,8.5,9.73,0.292,350,Heavy Supply Truck (16T),816.0,997.7,181.7,0.219,Standard Mountain Traffic Flow
139.73,23.0,14.5,31.86,0.282,1550,Light Disaster Utility (4WD),364.5,482.2,117.7,0.245,Standard Mountain Traffic Flow
161.35,51.7,4.2,17.41,0.153,95,Light Disaster Utility (4WD),187.1,213.5,26.5,0.133,Standard Mountain Traffic Flow
110.58,30.0,24.2,48.83,0.825,3200,Refrigerated Medical Van,221.2,525.7,304.6,0.651,Steep Mountain Grade & Hairpin Bends
89.98,22.5,24.2,102.45,1.0,3200,Heavy Supply Truck (16T),240.0,922.1,682.1,0.854,Active Landslide Clearance / Road Blockage
671.91,33.8,21.0,5.44,0.62,1650,Heavy Supply Truck (16T),1194.5,2034.3,839.8,0.442,Steep Mountain Grade & Hairpin Bends
765.37,45.0,21.0,16.73,0.726,1650,Refrigerated Medical Van,1020.5,2209.3,1188.8,0.534,Active Landslide Clearance / Road Blockage
111.01,30.0,24.2,2.48,0.759,3200,Refrigerated Medical Van,222.0,441.2,219.2,0.535,Steep Mountain Grade & Hairpin Bends
125.96,34.5,26.5,6.23,0.618,2450,Light Disaster Utility (4WD),219.1,373.5,154.4,0.442,Steep Mountain Grade & Hairpin Bends
253.39,45.0,22.0,37.16,0.814,1400,4x4 Hill Freight Carrier,337.9,773.7,435.9,0.625,Steep Mountain Grade & Hairpin Bends
55.08,51.7,12.8,19.11,0.418,240,Light Disaster Utility (4WD),63.9,122.3,58.5,0.321,Active Landslide Clearance / Road Blockage
48.13,22.5,16.0,52.85,0.657,2100,Heavy Supply Truck (16T),128.3,258.6,130.2,0.539,Standard Mountain Traffic Flow
184.17,45.0,4.2,5.73,0.185,95,Refrigerated Medical Van,245.6,271.4,25.9,0.138,Standard Mountain Traffic Flow
53.97,23.0,31.4,8.23,0.78,4170,Light Disaster Utility (4WD),140.8,290.7,149.9,0.559,Steep Mountain Grade & Hairpin Bends
287.8,51.7,8.5,12.83,0.412,350,Light Disaster Utility (4WD),333.7,463.3,129.7,0.308,Standard Mountain Traffic Flow
194.65,45.0,6.0,29.1,0.32,320,4x4 Hill Freight Carrier,259.5,350.8,91.3,0.268,Standard Mountain Traffic Flow
64.89,20.0,31.4,55.25,0.961,4170,Refrigerated Medical Van,194.7,538.5,343.8,0.756,Steep Mountain Grade & Hairpin Bends
221.41,45.0,4.2,4.05,0.135,95,Refrigerated Medical Van,295.2,314.0,18.8,0.101,Standard Mountain Traffic Flow
78.95,15.0,31.4,11.8,0.744,4170,Heavy Supply Truck (16T),315.8,631.1,315.3,0.538,Steep Mountain Grade & Hairpin Bends
90.4,23.0,14.5,58.08,0.422,1550,Light Disaster Utility (4WD),235.8,384.3,148.5,0.383,Standard Mountain Traffic Flow
93.98,20.0,14.5,54.43,0.441,1550,Refrigerated Medical Van,282.0,462.1,180.2,0.391,Standard Mountain Traffic Flow
276.47,51.7,22.0,21.56,0.669,1400,Light Disaster Utility (4WD),320.5,708.4,387.8,0.501,Active Landslide Clearance / Road Blockage
303.63,45.0,8.5,1.01,0.335,350,Refrigerated Medical Van,404.8,497.6,92.8,0.236,Standard Mountain Traffic Flow
78.67,51.7,12.8,61.49,0.53,240,Light Disaster Utility (4WD),91.2,215.3,124.1,0.463,Active Landslide Clearance / Road Blockage
466.41,45.0,18.0,32.81,0.672,1500,4x4 Hill Freight Carrier,621.9,1385.8,763.9,0.519,Active Landslide Clearance / Road Blockage
93.0,22.5,24.2,3.53,0.622,3200,Heavy Supply Truck (16T),248.0,456.3,208.3,0.441,Active Landslide Clearance / Road Blockage
173.95,45.0,6.0,59.98,0.351,320,Refrigerated Medical Van,231.9,357.9,126.0,0.336,Standard Mountain Traffic Flow
511.9,51.7,18.0,3.52,0.576,1500,Light Disaster Utility (4WD),593.5,990.3,396.8,0.409,Active Landslide Clearance / Road Blockage
178.32,45.0,22.0,40.4,0.801,1400,Refrigerated Medical Van,237.8,753.1,515.3,0.621,Active Landslide Clearance / Road Blockage
542.46,45.0,21.0,72.5,0.911,1650,Refrigerated Medical Van,723.3,1964.1,1240.8,0.746,Torrential Rainfall & Reduced Visibility
130.12,20.0,14.5,49.03,0.329,1550,Refrigerated Medical Van,390.4,570.7,180.3,0.304,Standard Mountain Traffic Flow
213.99,33.8,6.0,9.92,0.314,320,Heavy Supply Truck (16T),380.4,474.9,94.5,0.235,Standard Mountain Traffic Flow
76.19,51.7,12.8,3.58,0.383,240,Light Disaster Utility (4WD),88.3,115.0,26.7,0.273,Standard Mountain Traffic Flow
468.49,45.0,21.0,8.31,0.725,1650,4x4 Hill Freight Carrier,624.7,1211.0,586.4,0.52,Steep Mountain Grade & Hairpin Bends
77.63,34.5,26.5,18.98,0.696,2450,Light Disaster Utility (4WD),135.0,363.3,228.3,0.516,Active Landslide Clearance / Road Blockage
54.54,45.0,12.8,40.78,0.432,240,4x4 Hill Freight Carrier,72.7,113.3,40.5,0.364,Standard Mountain Traffic Flow
65.03,30.0,24.2,69.96,0.921,3200,Refrigerated Medical Van,130.1,515.8,385.7,0.75,Active Landslide Clearance / Road Blockage
491.49,33.8,18.0,6.15,0.59,1500,Heavy Supply Truck (16T),873.8,1440.7,566.9,0.422,Standard Mountain Traffic Flow
132.57,51.7,6.0,8.21,0.256,320,Light Disaster Utility (4WD),153.7,181.2,27.5,0.192,Standard Mountain Traffic Flow
65.87,30.0,24.2,53.4,0.892,3200,Refrigerated Medical Van,131.7,500.2,368.5,0.704,Active Landslide Clearance / Road Blockage
47.54,45.0,12.8,2.96,0.375,240,4x4 Hill Freight Carrier,63.4,81.7,18.3,0.267,Standard Mountain Traffic Flow
135.29,20.0,14.5,63.35,0.466,1550,Refrigerated Medical Van,405.9,698.4,292.5,0.421,Torrential Rainfall & Reduced Visibility
50.41,22.5,16.0,21.86,0.377,2100,Heavy Supply Truck (16T),134.4,220.8,86.4,0.297,Active Landslide Clearance / Road Blockage
128.8,34.5,26.5,27.63,0.656,2450,Light Disaster Utility (4WD),224.0,641.9,417.9,0.501,Active Landslide Clearance / Road Blockage
355.32,33.8,8.5,28.03,0.453,350,Heavy Supply Truck (16T),631.7,963.4,331.7,0.359,Standard Mountain Traffic Flow
80.09,23.0,31.4,8.13,0.84,4170,Light Disaster Utility (4WD),208.9,606.6,397.7,0.6,Active Landslide Clearance / Road Blockage
301.17,45.0,18.0,14.56,0.687,1500,Refrigerated Medical Van,401.6,757.5,355.9,0.503,Standard Mountain Traffic Flow
315.05,45.0,22.0,27.54,0.751,1400,4x4 Hill Freight Carrier,420.1,1069.7,649.6,0.567,Active Landslide Clearance / Road Blockage
62.34,51.7,12.8,30.16,0.465,240,Light Disaster Utility (4WD),72.3,143.6,71.4,0.371,Active Landslide Clearance / Road Blockage
610.6,51.7,21.0,1.4,0.596,1650,Light Disaster Utility (4WD),707.9,1159.7,451.7,0.42,Steep Mountain Grade & Hairpin Bends
139.19,45.0,6.0,9.72,0.189,320,Refrigerated Medical Van,185.6,209.4,23.8,0.147,Standard Mountain Traffic Flow
190.27,45.0,6.0,9.88,0.255,320,Refrigerated Medical Van,253.7,301.0,47.3,0.194,Standard Mountain Traffic Flow
510.24,33.8,21.0,21.81,0.672,1650,Heavy Supply Truck (16T),907.1,1916.7,1009.6,0.503,Active Landslide Clearance / Road Blockage
74.43,20.0,31.4,21.56,0.769,4170,Refrigerated Medical Van,223.3,469.8,246.5,0.57,Steep Mountain Grade & Hairpin Bends
542.94,45.0,21.0,80.54,0.883,1650,4x4 Hill Freight Carrier,723.9,1941.7,1217.7,0.739,Torrential Rainfall & Reduced Visibility
394.22,45.0,8.5,3.63,0.285,350,4x4 Hill Freight Carrier,525.6,622.8,97.2,0.205,Standard Mountain Traffic Flow
56.25,45.0,12.8,21.24,0.434,240,4x4 Hill Freight Carrier,75.0,109.7,34.7,0.336,Standard Mountain Traffic Flow
54.25,34.5,16.0,148.08,1.0,2100,Light Disaster Utility (4WD),94.3,385.8,291.4,0.922,Active Landslide Clearance / Road Blockage
317.54,45.0,8.5,15.05,0.25,350,Refrigerated Medical Van,423.4,511.1,87.8,0.198,Standard Mountain Traffic Flow
308.6,45.0,22.0,37.56,0.721,1400,4x4 Hill Freight Carrier,411.5,854.1,442.7,0.561,Steep Mountain Grade & Hairpin Bends
66.18,33.8,12.8,11.1,0.37,240,Heavy Supply Truck (16T),117.7,155.7,38.0,0.276,Standard Mountain Traffic Flow
529.38,51.7,21.0,1.84,0.615,1650,Light Disaster Utility (4WD),613.8,1028.4,414.7,0.433,Steep Mountain Grade & Hairpin Bends
119.82,15.0,14.5,34.81,0.306,1550,Heavy Supply Truck (16T),479.3,653.6,174.3,0.266,Standard Mountain Traffic Flow
107.46,30.0,26.5,13.82,0.591,2450,Refrigerated Medical Van,214.9,363.1,148.2,0.434,Steep Mountain Grade & Hairpin Bends
190.21,51.7,22.0,16.29,0.709,1400,Light Disaster Utility (4WD),220.5,428.3,207.8,0.52,Steep Mountain Grade & Hairpin Bends
66.78,30.0,24.2,13.14,0.676,3200,4x4 Hill Freight Carrier,133.6,248.1,114.5,0.493,Steep Mountain Grade & Hairpin Bends
466.95,45.0,8.5,33.13,0.358,350,4x4 Hill Freight Carrier,622.6,882.5,259.9,0.3,Standard Mountain Traffic Flow
116.69,34.5,26.5,0.31,0.652,2450,Light Disaster Utility (4WD),202.9,522.6,319.6,0.457,Active Landslide Clearance / Road Blockage
256.2,33.8,4.2,28.45,0.253,95,Heavy Supply Truck (16T),455.5,581.6,126.1,0.22,Standard Mountain Traffic Flow
283.01,45.0,8.5,69.82,0.591,350,4x4 Hill Freight Carrier,377.3,743.4,366.1,0.519,Torrential Rainfall & Reduced Visibility
81.27,30.0,26.5,22.9,0.587,2450,Refrigerated Medical Van,162.5,280.8,118.2,0.445,Steep Mountain Grade & Hairpin Bends
47.89,30.0,16.0,25.83,0.451,2100,Refrigerated Medical Van,95.8,144.7,48.9,0.354,Standard Mountain Traffic Flow
265.8,45.0,8.5,3.94,0.198,350,Refrigerated Medical Van,354.4,392.0,37.6,0.144,Standard Mountain Traffic Flow
70.76,45.0,12.8,31.69,0.513,240,Refrigerated Medical Van,94.4,207.8,113.5,0.407,Active Landslide Clearance / Road Blockage
411.12,45.0,8.5,16.86,0.288,350,Refrigerated Medical Van,548.2,687.5,139.4,0.227,Standard Mountain Traffic Flow
97.38,30.0,26.5,46.67,0.813,2450,Refrigerated Medical Van,194.8,454.7,260.0,0.639,Steep Mountain Grade & Hairpin Bends
60.07,45.0,12.8,48.04,0.557,240,4x4 Hill Freight Carrier,80.1,144.0,63.9,0.462,Standard Mountain Traffic Flow
497.37,45.0,18.0,16.92,0.601,1500,4x4 Hill Freight Carrier,663.2,1172.5,509.4,0.446,Standard Mountain Traffic Flow
416.6,45.0,18.0,13.92,0.655,1500,Refrigerated Medical Van,555.5,1009.0,453.6,0.479,Standard Mountain Traffic Flow
442.25,33.8,18.0,14.08,0.615,1500,Heavy Supply Truck (16T),786.2,1366.4,580.2,0.452,Standard Mountain Traffic Flow
163.19,33.8,4.2,16.89,0.139,95,Heavy Supply Truck (16T),290.1,328.0,37.9,0.123,Standard Mountain Traffic Flow
145.57,45.0,4.2,31.14,0.223,95,Refrigerated Medical Van,194.1,245.2,51.1,0.203,Standard Mountain Traffic Flow
193.1,45.0,6.0,12.49,0.262,320,4x4 Hill Freight Carrier,257.5,310.6,53.2,0.202,Standard Mountain Traffic Flow
351.16,51.7,18.0,33.91,0.62,1500,Light Disaster Utility (4WD),407.1,751.7,344.5,0.485,Standard Mountain Traffic Flow
217.88,51.7,4.2,13.6,0.269,95,Light Disaster Utility (4WD),252.6,307.8,55.2,0.209,Standard Mountain Traffic Flow
139.25,45.0,6.0,19.94,0.277,320,Refrigerated Medical Van,185.7,233.6,47.9,0.224,Standard Mountain Traffic Flow
126.99,45.0,6.0,21.12,0.299,320,Refrigerated Medical Van,169.3,218.1,48.8,0.241,Standard Mountain Traffic Flow
177.87,45.0,22.0,0.94,0.674,1400,4x4 Hill Freight Carrier,237.2,424.9,187.8,0.473,Steep Mountain Grade & Hairpin Bends
166.1,51.7,6.0,5.23,0.151,320,Light Disaster Utility (4WD),192.6,207.8,15.3,0.113,Standard Mountain Traffic Flow
88.66,23.0,31.4,3.7,0.717,4170,Light Disaster Utility (4WD),231.3,670.4,439.1,0.508,Active Landslide Clearance / Road Blockage
181.52,45.0,4.2,65.79,0.442,95,4x4 Hill Freight Carrier,242.0,410.6,168.6,0.408,Torrential Rainfall & Reduced Visibility
320.09,51.7,22.0,10.21,0.709,1400,Light Disaster Utility (4WD),371.1,942.5,571.4,0.512,Active Landslide Clearance / Road Blockage
370.06,45.0,18.0,14.61,0.605,1500,4x4 Hill Freight Carrier,493.4,848.9,355.4,0.445,Standard Mountain Traffic Flow
490.27,45.0,21.0,24.2,0.595,1650,Refrigerated Medical Van,653.7,1143.4,489.7,0.453,Steep Mountain Grade & Hairpin Bends
91.98,34.5,24.2,43.05,0.781,3200,Light Disaster Utility (4WD),160.0,462.5,302.5,0.611,Active Landslide Clearance / Road Blockage
76.56,22.5,24.2,6.49,0.707,3200,Heavy Supply Truck (16T),204.2,442.2,238.0,0.505,Active Landslide Clearance / Road Blockage
223.54,33.8,22.0,9.45,0.691,1400,Heavy Supply Truck (16T),397.4,855.7,458.3,0.498,Active Landslide Clearance / Road Blockage
50.67,30.0,16.0,4.5,0.423,2100,4x4 Hill Freight Carrier,101.3,173.0,71.7,0.303,Active Landslide Clearance / Road Blockage
76.78,23.0,31.4,20.14,0.815,4170,Light Disaster Utility (4WD),200.3,442.3,242.0,0.601,Steep Mountain Grade & Hairpin Bends
117.46,20.0,14.5,29.08,0.341,1550,4x4 Hill Freight Carrier,352.4,485.0,132.7,0.283,Standard Mountain Traffic Flow
90.33,30.0,26.5,15.08,0.639,2450,Refrigerated Medical Van,180.7,323.3,142.6,0.47,Steep Mountain Grade & Hairpin Bends
637.26,45.0,21.0,7.75,0.603,1650,Refrigerated Medical Van,849.7,1487.4,637.7,0.433,Active Landslide Clearance / Road Blockage
137.92,34.5,26.5,38.42,0.788,2450,Light Disaster Utility (4WD),239.9,535.8,296.0,0.609,Steep Mountain Grade & Hairpin Bends
191.66,51.7,22.0,46.89,0.842,1400,Light Disaster Utility (4WD),222.2,535.5,313.3,0.66,Steep Mountain Grade & Hairpin Bends
190.79,33.8,22.0,47.43,0.871,1400,Heavy Supply Truck (16T),339.2,1071.7,732.6,0.681,Active Landslide Clearance / Road Blockage
88.61,23.0,14.5,18.63,0.236,1550,Light Disaster Utility (4WD),231.1,280.2,49.0,0.193,Standard Mountain Traffic Flow
62.44,30.0,16.0,19.82,0.472,2100,4x4 Hill Freight Carrier,124.9,189.0,64.1,0.36,Standard Mountain Traffic Flow
189.17,33.8,4.2,10.1,0.213,95,Heavy Supply Truck (16T),336.3,386.4,50.1,0.164,Standard Mountain Traffic Flow
58.42,23.0,31.4,43.04,0.904,4170,Light Disaster Utility (4WD),152.4,529.6,377.2,0.697,Active Landslide Clearance / Road Blockage
186.63,51.7,6.0,60.2,0.34,320,Light Disaster Utility (4WD),216.4,331.1,114.8,0.328,Torrential Rainfall & Reduced Visibility
92.16,15.0,31.4,15.71,0.809,4170,Heavy Supply Truck (16T),368.7,800.3,431.6,0.59,Steep Mountain Grade & Hairpin Bends
117.74,20.0,14.5,93.74,0.587,1550,4x4 Hill Freight Carrier,353.2,735.6,382.3,0.552,Torrential Rainfall & Reduced Visibility
507.78,45.0,21.0,3.47,0.604,1650,Refrigerated Medical Van,677.0,1126.1,449.1,0.428,Steep Mountain Grade & Hairpin Bends
108.64,22.5,24.2,67.07,0.945,3200,Heavy Supply Truck (16T),289.7,862.7,573.0,0.762,Active Landslide Clearance / Road Blockage
489.36,45.0,18.0,17.84,0.708,1500,4x4 Hill Freight Carrier,652.5,1497.1,844.6,0.522,Active Landslide Clearance / Road Blockage
50.43,15.0,31.4,19.44,0.807,4170,Heavy Supply Truck (16T),201.7,620.0,418.3,0.594,Active Landslide Clearance / Road Blockage
280.77,45.0,22.0,35.38,0.771,1400,Refrigerated Medical Van,374.4,815.7,441.3,0.593,Steep Mountain Grade & Hairpin Bends
362.63,33.8,18.0,48.96,0.678,1500,Heavy Supply Truck (16T),644.7,1415.0,770.3,0.548,Active Landslide Clearance / Road Blockage
51.16,51.7,12.8,94.71,0.776,240,Light Disaster Utility (4WD),59.3,250.1,190.7,0.686,Active Landslide Clearance / Road Blockage
63.18,30.0,24.2,40.17,0.806,3200,Refrigerated Medical Van,126.4,289.0,162.6,0.625,Steep Mountain Grade & Hairpin Bends
58.12,34.5,16.0,40.47,0.563,2100,Light Disaster Utility (4WD),101.1,179.0,77.9,0.455,Standard Mountain Traffic Flow
238.21,33.8,4.2,32.24,0.219,95,Heavy Supply Truck (16T),423.5,535.9,112.4,0.202,Standard Mountain Traffic Flow
128.28,30.0,26.5,56.11,0.766,2450,Refrigerated Medical Van,256.6,582.7,326.1,0.62,Steep Mountain Grade & Hairpin Bends
365.23,51.7,8.5,2.42,0.3,350,Light Disaster Utility (4WD),423.5,506.3,82.8,0.214,Standard Mountain Traffic Flow
104.19,30.0,26.5,15.68,0.633,2450,4x4 Hill Freight Carrier,208.4,371.2,162.8,0.467,Steep Mountain Grade & Hairpin Bends
302.81,45.0,18.0,49.54,0.691,1500,Refrigerated Medical Van,403.7,1065.5,661.7,0.558,Active Landslide Clearance / Road Blockage
293.46,45.0,18.0,93.11,0.798,1500,Refrigerated Medical Van,391.3,1050.3,659.0,0.698,Active Landslide Clearance / Road Blockage
368.14,51.7,8.5,47.47,0.481,350,Light Disaster Utility (4WD),426.8,710.7,283.9,0.408,Standard Mountain Traffic Flow
80.29,23.0,31.4,1.55,0.718,4170,Light Disaster Utility (4WD),209.4,395.7,186.3,0.505,Steep Mountain Grade & Hairpin Bends
78.52,30.0,24.2,7.93,0.616,3200,Refrigerated Medical Van,157.0,268.4,111.4,0.443,Steep Mountain Grade & Hairpin Bends
97.68,20.0,14.5,48.81,0.367,1550,Refrigerated Medical Van,293.0,441.9,148.9,0.33,Standard Mountain Traffic Flow
774.51,33.8,21.0,11.64,0.682,1650,Heavy Supply Truck (16T),1376.9,2699.9,1323.0,0.495,Active Landslide Clearance / Road Blockage
59.41,20.0,31.4,30.69,0.846,4170,4x4 Hill Freight Carrier,178.2,416.5,238.3,0.638,Steep Mountain Grade & Hairpin Bends
362.41,51.7,18.0,31.31,0.659,1500,Light Disaster Utility (4WD),420.2,872.4,452.2,0.508,Active Landslide Clearance / Road Blockage
220.42,51.7,6.0,20.98,0.413,320,Light Disaster Utility (4WD),255.6,408.8,153.3,0.321,Active Landslide Clearance / Road Blockage
131.79,45.0,6.0,34.43,0.293,320,4x4 Hill Freight Carrier,175.7,236.9,61.1,0.257,Standard Mountain Traffic Flow
172.54,33.8,4.2,37.55,0.294,95,Heavy Supply Truck (16T),306.7,418.5,111.8,0.262,Standard Mountain Traffic Flow
49.84,22.5,16.0,22.03,0.493,2100,Heavy Supply Truck (16T),132.9,207.2,74.3,0.378,Standard Mountain Traffic Flow
88.2,20.0,14.5,44.8,0.358,1550,4x4 Hill Freight Carrier,264.6,390.5,125.9,0.318,Standard Mountain Traffic Flow
41.96,34.5,16.0,4.31,0.309,2100,Light Disaster Utility (4WD),73.0,88.6,15.7,0.223,Standard Mountain Traffic Flow
397.02,51.7,8.5,1.68,0.246,350,Light Disaster Utility (4WD),460.3,523.0,62.7,0.174,Standard Mountain Traffic Flow
432.05,33.8,21.0,21.47,0.742,1650,Heavy Supply Truck (16T),768.1,1568.6,800.6,0.552,Steep Mountain Grade & Hairpin Bends
266.49,45.0,8.5,9.7,0.302,350,4x4 Hill Freight Carrier,355.3,438.6,83.3,0.226,Standard Mountain Traffic Flow
444.01,45.0,8.5,0.11,0.288,350,Refrigerated Medical Van,592.0,693.3,101.3,0.202,Standard Mountain Traffic Flow
150.78,51.7,6.0,40.52,0.349,320,Light Disaster Utility (4WD),174.8,252.3,77.5,0.305,Standard Mountain Traffic Flow
336.69,51.7,8.5,9.46,0.303,350,Light Disaster Utility (4WD),390.4,481.5,91.1,0.226,Standard Mountain Traffic Flow
108.41,30.0,24.2,11.28,0.678,3200,4x4 Hill Freight Carrier,216.8,531.1,314.3,0.492,Active Landslide Clearance / Road Blockage
459.83,45.0,8.5,14.21,0.347,350,Refrigerated Medical Van,613.1,802.3,189.2,0.264,Standard Mountain Traffic Flow
471.95,45.0,8.5,2.81,0.288,350,Refrigerated Medical Van,629.3,745.2,115.9,0.206,Standard Mountain Traffic Flow
166.06,45.0,6.0,30.05,0.439,320,Refrigerated Medical Van,221.4,335.3,113.9,0.353,Standard Mountain Traffic Flow
54.29,30.0,16.0,0.13,0.407,2100,4x4 Hill Freight Carrier,108.6,143.1,34.5,0.285,Standard Mountain Traffic Flow
78.52,20.0,31.4,101.48,1.0,4170,4x4 Hill Freight Carrier,235.6,732.0,496.4,0.852,Torrential Rainfall & Reduced Visibility
82.63,20.0,31.4,90.34,1.0,4170,Refrigerated Medical Van,247.9,756.5,508.6,0.836,Torrential Rainfall & Reduced Visibility
471.83,51.7,21.0,45.67,0.836,1650,Light Disaster Utility (4WD),547.0,1476.1,929.1,0.653,Active Landslide Clearance / Road Blockage
65.03,30.0,24.2,13.39,0.674,3200,Refrigerated Medical Van,130.1,370.3,240.3,0.492,Active Landslide Clearance / Road Blockage
386.53,51.7,18.0,7.03,0.578,1500,Light Disaster Utility (4WD),448.2,731.4,283.2,0.415,Standard Mountain Traffic Flow
103.69,20.0,14.5,13.85,0.297,1550,Refrigerated Medical Van,311.1,388.7,77.6,0.229,Standard Mountain Traffic Flow
133.94,30.0,26.5,7.15,0.593,2450,Refrigerated Medical Van,267.9,489.2,221.3,0.426,Active Landslide Clearance / Road Blockage
610.52,33.8,21.0,63.65,0.888,1650,Heavy Supply Truck (16T),1085.4,2996.9,1911.5,0.717,Active Landslide Clearance / Road Blockage
216.44,45.0,22.0,4.41,0.614,1400,Refrigerated Medical Van,288.6,486.9,198.3,0.436,Steep Mountain Grade & Hairpin Bends
52.76,30.0,16.0,40.25,0.595,2100,4x4 Hill Freight Carrier,105.5,193.0,87.5,0.477,Standard Mountain Traffic Flow
66.75,20.0,31.4,37.47,0.801,4170,Refrigerated Medical Van,200.2,536.7,336.5,0.617,Active Landslide Clearance / Road Blockage
490.99,45.0,18.0,10.17,0.533,1500,4x4 Hill Freight Carrier,654.6,1045.9,391.3,0.389,Standard Mountain Traffic Flow
179.97,45.0,6.0,9.34,0.249,320,4x4 Hill Freight Carrier,240.0,282.7,42.7,0.188,Standard Mountain Traffic Flow
214.65,45.0,6.0,0.44,0.146,320,4x4 Hill Freight Carrier,286.2,301.1,14.9,0.103,Standard Mountain Traffic Flow
144.81,33.8,4.2,3.98,0.079,95,Heavy Supply Truck (16T),257.4,266.9,9.4,0.061,Standard Mountain Traffic Flow
106.78,20.0,14.5,20.37,0.3,1550,Refrigerated Medical Van,320.3,411.8,91.5,0.241,Standard Mountain Traffic Flow
656.96,51.7,21.0,0.3,0.481,1650,Light Disaster Utility (4WD),761.7,1124.8,363.1,0.337,Active Landslide Clearance / Road Blockage
141.55,22.5,26.5,21.96,0.609,2450,Heavy Supply Truck (16T),377.5,666.1,288.6,0.459,Steep Mountain Grade & Hairpin Bends
128.81,34.5,26.5,44.47,0.814,2450,Light Disaster Utility (4WD),224.0,521.1,297.1,0.636,Steep Mountain Grade & Hairpin Bends
250.46,51.7,22.0,111.91,1.0,1400,Light Disaster Utility (4WD),290.4,917.5,627.1,0.868,Torrential Rainfall & Reduced Visibility
54.82,20.0,31.4,9.26,0.787,4170,Refrigerated Medical Van,164.5,391.3,226.9,0.565,Active Landslide Clearance / Road Blockage
178.95,33.8,4.2,44.5,0.19,95,Heavy Supply Truck (16T),318.1,414.5,96.4,0.2,Standard Mountain Traffic Flow
164.33,45.0,6.0,0.04,0.233,320,4x4 Hill Freight Carrier,219.1,244.6,25.5,0.163,Standard Mountain Traffic Flow
323.16,33.8,8.5,31.19,0.438,350,Heavy Supply Truck (16T),574.5,872.3,297.8,0.354,Standard Mountain Traffic Flow
107.58,34.5,26.5,15.23,0.675,2450,Light Disaster Utility (4WD),187.1,348.8,161.7,0.495,Steep Mountain Grade & Hairpin Bends
97.16,22.5,26.5,2.04,0.551,2450,Heavy Supply Truck (16T),259.1,403.5,144.4,0.389,Steep Mountain Grade & Hairpin Bends
111.61,23.0,14.5,41.28,0.305,1550,Light Disaster Utility (4WD),291.2,406.3,115.1,0.276,Standard Mountain Traffic Flow
108.64,30.0,26.5,1.79,0.614,2450,Refrigerated Medical Van,217.3,363.7,146.4,0.432,Steep Mountain Grade & Hairpin Bends
151.82,45.0,4.2,13.66,0.177,95,Refrigerated Medical Van,202.4,230.6,28.2,0.145,Standard Mountain Traffic Flow
330.43,33.8,18.0,6.54,0.563,1500,Heavy Supply Truck (16T),587.4,940.9,353.5,0.404,Standard Mountain Traffic Flow
105.06,30.0,24.2,25.9,0.674,3200,Refrigerated Medical Van,210.1,476.2,266.1,0.511,Active Landslide Clearance / Road Blockage
212.01,51.7,6.0,30.31,0.42,320,Light Disaster Utility (4WD),245.8,365.7,119.9,0.34,Standard Mountain Traffic Flow
94.27,34.5,26.5,12.7,0.58,2450,Light Disaster Utility (4WD),163.9,272.8,108.8,0.425,Steep Mountain Grade & Hairpin Bends
77.88,45.0,12.8,10.3,0.441,240,Refrigerated Medical Van,103.8,194.0,90.2,0.324,Active Landslide Clearance / Road Blockage
181.36,45.0,22.0,4.78,0.665,1400,Refrigerated Medical Van,241.8,433.4,191.6,0.473,Steep Mountain Grade & Hairpin Bends
143.38,45.0,4.2,29.9,0.185,95,Refrigerated Medical Van,191.2,234.4,43.3,0.174,Standard Mountain Traffic Flow
91.17,20.0,31.4,22.63,0.803,4170,4x4 Hill Freight Carrier,273.5,691.3,417.8,0.596,Active Landslide Clearance / Road Blockage
178.32,51.7,6.0,34.15,0.347,320,Light Disaster Utility (4WD),206.7,291.3,84.5,0.294,Standard Mountain Traffic Flow
133.76,20.0,14.5,18.47,0.236,1550,Refrigerated Medical Van,401.3,486.1,84.8,0.193,Standard Mountain Traffic Flow
63.86,51.7,12.8,17.01,0.347,240,Light Disaster Utility (4WD),74.0,98.0,23.9,0.268,Standard Mountain Traffic Flow
129.42,33.8,6.0,55.67,0.429,320,Heavy Supply Truck (16T),230.1,433.6,203.6,0.384,Active Landslide Clearance / Road Blockage
130.1,34.5,26.5,57.68,0.813,2450,Light Disaster Utility (4WD),226.3,636.6,410.3,0.656,Active Landslide Clearance / Road Blockage
46.45,22.5,16.0,27.01,0.505,2100,Heavy Supply Truck (16T),123.9,198.5,74.6,0.394,Standard Mountain Traffic Flow
35.75,34.5,16.0,29.21,0.518,2100,Light Disaster Utility (4WD),62.2,101.7,39.5,0.407,Standard Mountain Traffic Flow
103.75,30.0,24.2,5.29,0.642,3200,Refrigerated Medical Van,207.5,362.6,155.1,0.457,Steep Mountain Grade & Hairpin Bends
391.17,33.8,18.0,38.01,0.708,1500,Heavy Supply Truck (16T),695.4,1600.2,904.8,0.553,Active Landslide Clearance / Road Blockage
71.28,30.0,24.2,24.98,0.655,3200,4x4 Hill Freight Carrier,142.6,462.4,319.9,0.496,Active Landslide Clearance / Road Blockage
62.06,51.7,12.8,0.37,0.289,240,Light Disaster Utility (4WD),72.0,84.4,12.5,0.203,Standard Mountain Traffic Flow
63.56,20.0,31.4,56.52,0.976,4170,4x4 Hill Freight Carrier,190.7,723.9,533.2,0.768,Active Landslide Clearance / Road Blockage
277.37,45.0,8.5,16.8,0.346,350,Refrigerated Medical Van,369.8,488.6,118.7,0.268,Standard Mountain Traffic Flow
682.4,33.8,21.0,3.78,0.591,1650,Heavy Supply Truck (16T),1213.2,1988.8,775.7,0.419,Steep Mountain Grade & Hairpin Bends
62.14,20.0,31.4,15.22,0.714,4170,Refrigerated Medical Van,186.4,363.1,176.7,0.522,Steep Mountain Grade & Hairpin Bends
55.78,30.0,16.0,75.19,0.601,2100,4x4 Hill Freight Carrier,111.6,224.8,113.2,0.533,Torrential Rainfall & Reduced Visibility
315.11,45.0,22.0,25.82,0.813,1400,Refrigerated Medical Van,420.2,1031.3,611.2,0.608,Active Landslide Clearance / Road Blockage
382.35,51.7,8.5,13.32,0.304,350,Light Disaster Utility (4WD),443.3,555.9,112.5,0.233,Standard Mountain Traffic Flow
403.09,45.0,8.5,8.25,0.314,350,4x4 Hill Freight Carrier,537.4,666.3,128.9,0.232,Standard Mountain Traffic Flow
40.09,22.5,16.0,1.19,0.337,2100,Heavy Supply Truck (16T),106.9,131.7,24.8,0.238,Standard Mountain Traffic Flow
264.07,51.7,8.5,5.78,0.283,350,Light Disaster Utility (4WD),306.2,365.4,59.3,0.207,Standard Mountain Traffic Flow
468.9,45.0,8.5,26.14,0.419,350,Refrigerated Medical Van,625.2,950.5,325.2,0.332,Active Landslide Clearance / Road Blockage
416.09,33.8,18.0,21.81,0.567,1500,Heavy Supply Truck (16T),739.7,1277.5,537.8,0.43,Active Landslide Clearance / Road Blockage
456.28,45.0,8.5,87.82,0.679,350,4x4 Hill Freight Carrier,608.4,1579.7,971.3,0.607,Active Landslide Clearance / Road Blockage
104.99,30.0,26.5,45.47,0.744,2450,4x4 Hill Freight Carrier,210.0,539.9,329.9,0.589,Active Landslide Clearance / Road Blockage
388.41,51.7,8.5,6.18,0.131,350,Light Disaster Utility (4WD),450.3,482.9,32.5,0.101,Standard Mountain Traffic Flow
55.73,45.0,12.8,57.94,0.452,240,4x4 Hill Freight Carrier,74.3,124.3,49.9,0.403,Standard Mountain Traffic Flow
294.04,33.8,22.0,54.2,0.877,1400,Heavy Supply Truck (16T),522.7,1324.5,801.7,0.695,Steep Mountain Grade & Hairpin Bends
221.99,33.8,22.0,35.49,0.826,1400,Heavy Supply Truck (16T),394.7,986.8,592.2,0.631,Active Landslide Clearance / Road Blockage
452.2,51.7,8.5,23.24,0.433,350,Light Disaster Utility (4WD),524.3,770.8,246.5,0.338,Standard Mountain Traffic Flow
177.6,51.7,4.2,16.61,0.221,95,Light Disaster Utility (4WD),205.9,244.8,38.9,0.18,Standard Mountain Traffic Flow
129.93,45.0,6.0,108.44,0.526,320,Refrigerated Medical Van,173.2,354.3,181.1,0.531,Torrential Rainfall & Reduced Visibility
93.91,20.0,14.5,10.88,0.172,1550,Refrigerated Medical Van,281.7,316.0,34.3,0.137,Standard Mountain Traffic Flow
142.58,45.0,4.2,39.21,0.239,95,4x4 Hill Freight Carrier,190.1,250.6,60.5,0.226,Standard Mountain Traffic Flow
509.49,33.8,18.0,7.62,0.611,1500,Heavy Supply Truck (16T),905.8,1591.1,685.3,0.439,Active Landslide Clearance / Road Blockage
85.48,22.5,24.2,10.83,0.704,3200,Heavy Supply Truck (16T),227.9,542.8,314.8,0.509,Active Landslide Clearance / Road Blockage
231.19,33.8,4.2,50.91,0.301,95,Heavy Supply Truck (16T),411.0,591.2,180.2,0.287,Standard Mountain Traffic Flow
307.74,33.8,22.0,49.3,0.79,1400,Heavy Supply Truck (16T),547.1,1492.3,945.2,0.627,Active Landslide Clearance / Road Blockage
127.49,30.0,26.5,14.99,0.727,2450,4x4 Hill Freight Carrier,255.0,503.8,248.9,0.531,Steep Mountain Grade & Hairpin Bends
461.66,51.7,21.0,23.59,0.743,1650,Light Disaster Utility (4WD),535.3,1283.8,748.5,0.556,Active Landslide Clearance / Road Blockage
89.88,23.0,14.5,45.51,0.39,1550,Light Disaster Utility (4WD),234.5,356.8,122.4,0.342,Standard Mountain Traffic Flow
81.31,23.0,14.5,9.25,0.222,1550,Light Disaster Utility (4WD),212.1,244.6,32.5,0.169,Standard Mountain Traffic Flow
65.94,45.0,12.8,10.55,0.441,240,4x4 Hill Freight Carrier,87.9,124.7,36.8,0.324,Standard Mountain Traffic Flow
68.0,22.5,24.2,21.64,0.747,3200,Heavy Supply Truck (16T),181.3,516.7,335.4,0.555,Active Landslide Clearance / Road Blockage
338.72,51.7,8.5,81.06,0.631,350,Light Disaster Utility (4WD),392.7,826.2,433.4,0.563,Torrential Rainfall & Reduced Visibility
702.02,45.0,21.0,18.58,0.719,1650,4x4 Hill Freight Carrier,936.0,1849.4,913.4,0.531,Steep Mountain Grade & Hairpin Bends
257.16,45.0,4.2,35.58,0.296,95,Refrigerated Medical Van,342.9,465.1,122.2,0.26,Standard Mountain Traffic Flow
213.25,51.7,22.0,49.36,0.869,1400,Light Disaster Utility (4WD),247.2,698.3,451.0,0.682,Active Landslide Clearance / Road Blockage
43.75,30.0,16.0,12.27,0.482,2100,4x4 Hill Freight Carrier,87.5,130.5,43.0,0.356,Standard Mountain Traffic Flow
114.57,30.0,26.5,88.18,0.98,2450,Refrigerated Medical Van,229.1,825.2,596.1,0.818,Active Landslide Clearance / Road Blockage
575.84,33.8,21.0,5.34,0.656,1650,Heavy Supply Truck (16T),1023.7,1938.1,914.4,0.467,Active Landslide Clearance / Road Blockage
126.73,51.7,6.0,54.79,0.482,320,Light Disaster Utility (4WD),146.9,250.3,103.4,0.419,Standard Mountain Traffic Flow
143.82,45.0,4.2,36.49,0.263,95,4x4 Hill Freight Carrier,191.8,254.5,62.7,0.239,Standard Mountain Traffic Flow
40.51,22.5,16.0,36.61,0.549,2100,Heavy Supply Truck (16T),108.0,238.3,130.3,0.439,Active Landslide Clearance / Road Blockage
210.49,51.7,4.2,102.37,0.53,95,Light Disaster Utility (4WD),244.0,493.4,249.4,0.524,Torrential Rainfall & Reduced Visibility
703.58,33.8,21.0,59.55,0.805,1650,Heavy Supply Truck (16T),1250.8,3058.2,1807.4,0.653,Active Landslide Clearance / Road Blockage
242.08,51.7,4.2,24.14,0.167,95,Light Disaster Utility (4WD),280.7,332.4,51.7,0.153,Standard Mountain Traffic Flow
302.23,45.0,22.0,5.13,0.657,1400,4x4 Hill Freight Carrier,403.0,821.0,418.1,0.467,Active Landslide Clearance / Road Blockage
178.54,45.0,4.2,61.53,0.419,95,4x4 Hill Freight Carrier,238.1,390.9,152.9,0.386,Torrential Rainfall & Reduced Visibility
60.47,20.0,31.4,29.41,0.869,4170,4x4 Hill Freight Carrier,181.4,433.3,251.9,0.652,Steep Mountain Grade & Hairpin Bends
648.12,45.0,21.0,53.66,0.796,1650,Refrigerated Medical Van,864.2,2165.4,1301.3,0.638,Active Landslide Clearance / Road Blockage
155.21,45.0,6.0,10.99,0.271,320,Refrigerated Medical Van,206.9,249.9,43.0,0.206,Standard Mountain Traffic Flow
43.98,30.0,16.0,29.13,0.557,2100,Refrigerated Medical Van,88.0,149.9,62.0,0.434,Standard Mountain Traffic Flow
167.89,45.0,6.0,2.12,0.185,320,4x4 Hill Freight Carrier,223.9,243.4,19.6,0.133,Standard Mountain Traffic Flow
132.17,20.0,14.5,10.1,0.311,1550,Refrigerated Medical Van,396.5,494.0,97.5,0.233,Standard Mountain Traffic Flow
64.03,15.0,31.4,1.75,0.694,4170,Heavy Supply Truck (16T),256.1,588.7,332.5,0.489,Active Landslide Clearance / Road Blockage
504.08,45.0,18.0,30.79,0.699,1500,4x4 Hill Freight Carrier,672.1,1340.1,668.0,0.536,Standard Mountain Traffic Flow
92.05,23.0,14.5,16.26,0.317,1550,Light Disaster Utility (4WD),240.1,308.4,68.2,0.247,Standard Mountain Traffic Flow
235.97,45.0,4.2,3.21,0.085,95,Refrigerated Medical Van,314.6,325.6,11.0,0.064,Standard Mountain Traffic Flow
170.87,51.7,6.0,117.92,0.644,320,Light Disaster Utility (4WD),198.1,458.4,260.3,0.628,Torrential Rainfall & Reduced Visibility
66.09,34.5,24.2,21.94,0.696,3200,Light Disaster Utility (4WD),114.9,412.3,297.3,0.52,Active Landslide Clearance / Road Blockage
80.18,23.0,31.4,16.48,0.74,4170,Light Disaster Utility (4WD),209.2,533.5,324.3,0.543,Active Landslide Clearance / Road Blockage
345.07,51.7,8.5,9.21,0.313,350,Light Disaster Utility (4WD),400.1,497.4,97.4,0.233,Standard Mountain Traffic Flow
41.49,30.0,16.0,10.17,0.348,2100,4x4 Hill Freight Carrier,83.0,107.1,24.1,0.259,Standard Mountain Traffic Flow
78.1,20.0,31.4,103.77,1.0,4170,4x4 Hill Freight Carrier,234.3,730.8,496.5,0.856,Torrential Rainfall & Reduced Visibility
151.82,51.7,4.2,90.74,0.492,95,Light Disaster Utility (4WD),176.0,334.4,158.4,0.48,Torrential Rainfall & Reduced Visibility
322.59,45.0,8.5,2.9,0.375,350,4x4 Hill Freight Carrier,430.1,554.3,124.1,0.267,Standard Mountain Traffic Flow
77.75,20.0,31.4,9.33,0.824,4170,4x4 Hill Freight Carrier,233.2,555.7,322.4,0.591,Active Landslide Clearance / Road Blockage
79.68,51.7,12.8,8.67,0.444,240,Light Disaster Utility (4WD),92.4,130.7,38.3,0.324,Standard Mountain Traffic Flow
66.26,45.0,12.8,11.26,0.446,240,4x4 Hill Freight Carrier,88.3,153.5,65.2,0.329,Standard Mountain Traffic Flow
119.4,15.0,14.5,60.32,0.449,1550,Heavy Supply Truck (16T),477.6,802.3,324.7,0.405,Torrential Rainfall & Reduced Visibility
39.56,30.0,16.0,26.57,0.503,2100,4x4 Hill Freight Carrier,79.1,126.4,47.3,0.392,Standard Mountain Traffic Flow
100.68,30.0,24.2,34.19,0.745,3200,Refrigerated Medical Van,201.4,425.6,224.2,0.573,Steep Mountain Grade & Hairpin Bends
215.03,45.0,4.2,8.75,0.153,95,4x4 Hill Freight Carrier,286.7,314.9,28.2,0.12,Standard Mountain Traffic Flow
46.84,22.5,16.0,94.8,0.815,2100,Heavy Supply Truck (16T),124.9,322.5,197.6,0.713,Torrential Rainfall & Reduced Visibility
200.38,45.0,22.0,33.48,0.767,1400,4x4 Hill Freight Carrier,267.2,577.2,310.1,0.587,Steep Mountain Grade & Hairpin Bends
801.31,45.0,21.0,3.22,0.612,1650,4x4 Hill Freight Carrier,1068.4,1791.4,723.0,0.433,Steep Mountain Grade & Hairpin Bends
36.32,30.0,16.0,41.4,0.537,2100,Refrigerated Medical Van,72.6,125.6,53.0,0.438,Standard Mountain Traffic Flow
141.14,23.0,14.5,17.08,0.226,1550,Light Disaster Utility (4WD),368.2,440.3,72.1,0.184,Standard Mountain Traffic Flow
418.05,45.0,8.5,0.27,0.201,350,Refrigerated Medical Van,557.4,607.7,50.3,0.141,Standard Mountain Traffic Flow
75.18,20.0,31.4,28.5,0.769,4170,Refrigerated Medical Van,225.5,667.1,441.5,0.581,Active Landslide Clearance / Road Blockage
185.75,51.7,22.0,6.67,0.711,1400,Light Disaster Utility (4WD),215.4,625.2,409.9,0.508,Active Landslide Clearance / Road Blockage
711.24,51.7,21.0,0.42,0.562,1650,Light Disaster Utility (4WD),824.6,1294.7,470.0,0.394,Steep Mountain Grade & Hairpin Bends
77.19,30.0,24.2,8.53,0.62,3200,4x4 Hill Freight Carrier,154.4,265.3,110.9,0.447,Steep Mountain Grade & Hairpin Bends
82.69,15.0,14.5,18.43,0.288,1550,Heavy Supply Truck (16T),330.8,417.5,86.7,0.229,Standard Mountain Traffic Flow
438.5,45.0,18.0,2.54,0.605,1500,4x4 Hill Freight Carrier,584.7,970.1,385.5,0.427,Standard Mountain Traffic Flow
260.96,45.0,4.2,54.7,0.364,95,Refrigerated Medical Van,347.9,533.3,185.3,0.337,Standard Mountain Traffic Flow
501.25,51.7,18.0,23.57,0.638,1500,Light Disaster Utility (4WD),581.2,1063.6,482.5,0.482,Standard Mountain Traffic Flow
39.49,30.0,16.0,28.77,0.539,2100,Refrigerated Medical Van,79.0,170.3,91.3,0.42,Active Landslide Clearance / Road Blockage
292.53,45.0,18.0,13.91,0.62,1500,4x4 Hill Freight Carrier,390.0,681.2,291.1,0.455,Standard Mountain Traffic Flow
223.9,45.0,6.0,26.34,0.239,320,Refrigerated Medical Van,298.5,374.3,75.8,0.207,Standard Mountain Traffic Flow
65.59,23.0,31.4,67.71,1.0,4170,Light Disaster Utility (4WD),171.1,502.8,331.7,0.802,Torrential Rainfall & Reduced Visibility
196.31,51.7,6.0,46.45,0.513,320,Light Disaster Utility (4WD),227.6,389.9,162.3,0.429,Standard Mountain Traffic Flow
525.89,45.0,21.0,36.67,0.709,1650,Refrigerated Medical Van,701.2,1562.5,861.3,0.551,Active Landslide Clearance / Road Blockage
599.28,51.7,21.0,31.44,0.698,1650,Light Disaster Utility (4WD),694.8,1518.0,823.2,0.536,Active Landslide Clearance / Road Blockage
260.91,33.8,8.5,10.75,0.366,350,Heavy Supply Truck (16T),463.8,610.3,146.4,0.272,Standard Mountain Traffic Flow
62.2,33.8,12.8,1.73,0.397,240,Heavy Supply Truck (16T),110.6,145.0,34.4,0.28,Standard Mountain Traffic Flow
85.63,20.0,14.5,43.37,0.353,1550,4x4 Hill Freight Carrier,256.9,375.6,118.7,0.312,Standard Mountain Traffic Flow
45.64,22.5,16.0,31.94,0.473,2100,Heavy Supply Truck (16T),121.7,191.7,70.0,0.379,Standard Mountain Traffic Flow
162.39,45.0,4.2,2.19,0.104,95,4x4 Hill Freight Carrier,216.5,224.8,8.3,0.076,Standard Mountain Traffic Flow
297.58,51.7,8.5,32.74,0.418,350,Light Disaster Utility (4WD),345.0,516.2,171.2,0.342,Standard Mountain Traffic Flow
441.46,51.7,18.0,3.51,0.542,1500,Light Disaster Utility (4WD),511.8,793.0,281.2,0.385,Standard Mountain Traffic Flow
178.43,33.8,4.2,11.12,0.169,95,Heavy Supply Truck (16T),317.2,355.6,38.4,0.135,Standard Mountain Traffic Flow
375.96,51.7,8.5,13.24,0.25,350,Light Disaster Utility (4WD),435.9,522.3,86.4,0.195,Standard Mountain Traffic Flow
186.48,33.8,4.2,52.9,0.298,95,Heavy Supply Truck (16T),331.5,479.3,147.8,0.288,Standard Mountain Traffic Flow
460.69,45.0,8.5,91.61,0.697,350,Refrigerated Medical Van,614.3,1517.2,902.9,0.625,Active Landslide Clearance / Road Blockage
64.98,15.0,31.4,21.13,0.793,4170,Heavy Supply Truck (16T),259.9,714.3,454.4,0.587,Active Landslide Clearance / Road Blockage
622.18,51.7,21.0,6.47,0.583,1650,Light Disaster Utility (4WD),721.4,1182.1,460.7,0.418,Steep Mountain Grade & Hairpin Bends
134.51,22.5,26.5,33.9,0.724,2450,Heavy Supply Truck (16T),358.7,740.7,382.0,0.558,Steep Mountain Grade & Hairpin Bends
423.63,45.0,8.5,17.35,0.358,350,4x4 Hill Freight Carrier,564.8,798.3,233.5,0.276,Active Landslide Clearance / Road Blockage
314.73,45.0,18.0,33.59,0.682,1500,Refrigerated Medical Van,419.6,827.4,407.8,0.528,Standard Mountain Traffic Flow
59.56,23.0,31.4,3.75,0.689,4170,Light Disaster Utility (4WD),155.4,362.7,207.3,0.488,Active Landslide Clearance / Road Blockage
78.54,23.0,14.5,38.05,0.338,1550,Light Disaster Utility (4WD),204.9,290.3,85.5,0.294,Standard Mountain Traffic Flow
314.97,45.0,18.0,2.62,0.618,1500,4x4 Hill Freight Carrier,420.0,707.8,287.8,0.436,Standard Mountain Traffic Flow
34.16,30.0,16.0,5.44,0.388,2100,Refrigerated Medical Van,68.3,90.0,21.7,0.28,Standard Mountain Traffic Flow
56.59,33.8,12.8,3.34,0.385,240,Heavy Supply Truck (16T),100.6,156.1,55.5,0.274,Standard Mountain Traffic Flow
114.02,23.0,14.5,28.08,0.223,1550,Light Disaster Utility (4WD),297.4,371.3,73.8,0.199,Standard Mountain Traffic Flow
305.18,51.7,8.5,96.46,0.638,350,Light Disaster Utility (4WD),353.8,819.1,465.2,0.591,Active Landslide Clearance / Road Blockage
211.79,45.0,4.2,16.12,0.252,95,4x4 Hill Freight Carrier,282.4,342.8,60.5,0.2,Standard Mountain Traffic Flow
69.53,51.7,12.8,36.33,0.379,240,Light Disaster Utility (4WD),80.6,117.7,37.1,0.32,Standard Mountain Traffic Flow
142.63,45.0,6.0,20.8,0.354,320,Refrigerated Medical Van,190.2,256.9,66.7,0.279,Standard Mountain Traffic Flow
67.07,33.8,12.8,22.81,0.429,240,Heavy Supply Truck (16T),119.2,194.6,75.4,0.335,Standard Mountain Traffic Flow
660.93,51.7,21.0,3.74,0.57,1650,Light Disaster Utility (4WD),766.3,1226.6,460.3,0.405,Steep Mountain Grade & Hairpin Bends
69.36,45.0,12.8,6.93,0.357,240,Refrigerated Medical Van,92.5,118.9,26.4,0.261,Standard Mountain Traffic Flow
370.63,33.8,18.0,67.81,0.793,1500,Heavy Supply Truck (16T),658.9,1703.7,1044.8,0.657,Active Landslide Clearance / Road Blockage
63.39,22.5,24.2,47.22,0.736,3200,Heavy Supply Truck (16T),169.0,364.9,195.8,0.586,Steep Mountain Grade & Hairpin Bends
292.67,45.0,18.0,19.29,0.699,1500,4x4 Hill Freight Carrier,390.2,755.2,365.0,0.518,Standard Mountain Traffic Flow
692.3,51.7,21.0,8.76,0.683,1650,Light Disaster Utility (4WD),802.7,1484.4,681.7,0.491,Steep Mountain Grade & Hairpin Bends
50.03,20.0,31.4,38.56,0.936,4170,4x4 Hill Freight Carrier,150.1,597.6,447.5,0.713,Active Landslide Clearance / Road Blockage
479.66,51.7,18.0,19.91,0.606,1500,Light Disaster Utility (4WD),556.1,973.0,416.8,0.454,Standard Mountain Traffic Flow
330.73,45.0,8.5,47.04,0.402,350,Refrigerated Medical Van,441.0,681.6,240.7,0.352,Standard Mountain Traffic Flow
755.18,45.0,21.0,64.25,0.847,1650,4x4 Hill Freight Carrier,1006.9,2524.9,1518.0,0.689,Torrential Rainfall & Reduced Visibility
608.27,33.8,21.0,2.36,0.671,1650,Heavy Supply Truck (16T),1081.4,2159.4,1078.0,0.473,Active Landslide Clearance / Road Blockage
73.51,22.5,24.2,2.08,0.605,3200,Heavy Supply Truck (16T),196.0,379.7,183.6,0.427,Active Landslide Clearance / Road Blockage
45.05,22.5,16.0,23.41,0.443,2100,Heavy Supply Truck (16T),120.1,178.6,58.5,0.345,Standard Mountain Traffic Flow
366.68,51.7,18.0,48.86,0.726,1500,Light Disaster Utility (4WD),425.1,911.2,486.1,0.581,Standard Mountain Traffic Flow
86.07,22.5,24.2,176.16,1.0,3200,Heavy Supply Truck (16T),229.5,798.9,569.4,0.964,Torrential Rainfall & Reduced Visibility
205.13,51.7,22.0,12.95,0.733,1400,Light Disaster Utility (4WD),237.8,588.3,350.5,0.532,Active Landslide Clearance / Road Blockage
271.39,51.7,8.5,13.84,0.423,350,Light Disaster Utility (4WD),314.7,443.6,129.0,0.317,Standard Mountain Traffic Flow
195.26,51.7,6.0,37.01,0.354,320,Light Disaster Utility (4WD),226.4,339.5,113.1,0.303,Standard Mountain Traffic Flow
328.57,45.0,18.0,32.51,0.64,1500,Refrigerated Medical Van,438.1,823.2,385.1,0.497,Standard Mountain Traffic Flow
736.1,33.8,21.0,44.46,0.778,1650,Heavy Supply Truck (16T),1308.6,3082.5,1773.9,0.611,Active Landslide Clearance / Road Blockage
81.27,34.5,26.5,43.64,0.824,2450,Light Disaster Utility (4WD),141.3,331.9,190.6,0.643,Steep Mountain Grade & Hairpin Bends
205.56,45.0,6.0,48.74,0.436,320,4x4 Hill Freight Carrier,274.1,439.2,165.1,0.378,Standard Mountain Traffic Flow
90.68,30.0,24.2,4.54,0.692,3200,Refrigerated Medical Van,181.4,524.7,343.4,0.491,Active Landslide Clearance / Road Blockage
163.57,45.0,4.2,6.51,0.222,95,Refrigerated Medical Van,218.1,248.5,30.4,0.165,Standard Mountain Traffic Flow
306.01,45.0,22.0,41.59,0.826,1400,Refrigerated Medical Van,408.0,955.8,547.8,0.641,Steep Mountain Grade & Hairpin Bends
65.77,45.0,12.8,31.85,0.493,240,4x4 Hill Freight Carrier,87.7,196.0,108.3,0.393,Active Landslide Clearance / Road Blockage
118.11,23.0,14.5,30.02,0.295,1550,Light Disaster Utility (4WD),308.1,409.3,101.2,0.252,Standard Mountain Traffic Flow
416.47,51.7,8.5,9.48,0.257,350,Light Disaster Utility (4WD),482.9,572.7,89.9,0.194,Standard Mountain Traffic Flow
50.85,33.8,12.8,11.3,0.357,240,Heavy Supply Truck (16T),90.4,152.3,61.9,0.267,Active Landslide Clearance / Road Blockage
459.36,33.8,8.5,21.22,0.331,350,Heavy Supply Truck (16T),816.6,1081.4,264.8,0.263,Standard Mountain Traffic Flow
321.38,45.0,18.0,2.4,0.484,1500,Refrigerated Medical Van,428.5,619.5,191.0,0.343,Standard Mountain Traffic Flow
244.8,45.0,4.2,32.32,0.325,95,Refrigerated Medical Van,326.4,448.3,121.9,0.276,Standard Mountain Traffic Flow
133.02,23.0,14.5,9.52,0.163,1550,Light Disaster Utility (4WD),347.0,384.9,37.8,0.129,Standard Mountain Traffic Flow
78.7,45.0,12.8,30.35,0.516,240,4x4 Hill Freight Carrier,104.9,171.9,66.9,0.407,Standard Mountain Traffic Flow
98.61,34.5,26.5,9.42,0.648,2450,Light Disaster Utility (4WD),171.5,329.9,158.4,0.467,Steep Mountain Grade & Hairpin Bends
75.44,20.0,31.4,9.22,0.709,4170,Refrigerated Medical Van,226.3,606.0,379.7,0.51,Active Landslide Clearance / Road Blockage
131.56,22.5,26.5,45.16,0.726,2450,Heavy Supply Truck (16T),350.8,807.6,456.7,0.576,Active Landslide Clearance / Road Blockage
79.93,23.0,31.4,13.78,0.804,4170,Light Disaster Utility (4WD),208.5,577.6,369.1,0.584,Active Landslide Clearance / Road Blockage
44.38,45.0,12.8,9.02,0.404,240,Refrigerated Medical Van,59.2,80.3,21.2,0.296,Standard Mountain Traffic Flow
34.75,34.5,16.0,32.97,0.434,2100,Light Disaster Utility (4WD),60.4,91.9,31.5,0.353,Standard Mountain Traffic Flow
43.1,34.5,16.0,68.46,0.637,2100,Light Disaster Utility (4WD),75.0,209.5,134.5,0.549,Active Landslide Clearance / Road Blockage
92.83,15.0,31.4,52.36,0.966,4170,Heavy Supply Truck (16T),371.3,1026.9,655.5,0.755,Steep Mountain Grade & Hairpin Bends
108.53,34.5,24.2,8.59,0.619,3200,Light Disaster Utility (4WD),188.7,324.2,135.5,0.446,Steep Mountain Grade & Hairpin Bends
67.58,34.5,24.2,204.17,1.0,3200,Light Disaster Utility (4WD),117.5,534.3,416.7,0.98,Active Landslide Clearance / Road Blockage
205.18,45.0,6.0,49.3,0.366,320,4x4 Hill Freight Carrier,273.6,412.8,139.3,0.33,Standard Mountain Traffic Flow
281.42,45.0,18.0,13.41,0.561,1500,4x4 Hill Freight Carrier,375.2,612.8,237.5,0.413,Standard Mountain Traffic Flow
129.47,34.5,26.5,25.05,0.734,2450,Light Disaster Utility (4WD),225.2,460.0,234.8,0.552,Steep Mountain Grade & Hairpin Bends
59.67,23.0,31.4,0.43,0.656,4170,Light Disaster Utility (4WD),155.7,272.6,117.0,0.46,Steep Mountain Grade & Hairpin Bends
56.07,30.0,16.0,29.32,0.517,2100,Refrigerated Medical Van,112.1,183.2,71.1,0.406,Standard Mountain Traffic Flow
117.05,20.0,14.5,29.39,0.352,1550,Refrigerated Medical Van,351.1,542.5,191.3,0.291,Active Landslide Clearance / Road Blockage
417.75,45.0,18.0,26.09,0.713,1500,4x4 Hill Freight Carrier,557.0,1235.1,678.1,0.538,Active Landslide Clearance / Road Blockage
307.27,45.0,8.5,27.25,0.364,350,4x4 Hill Freight Carrier,409.7,572.0,162.3,0.296,Standard Mountain Traffic Flow
463.91,33.8,8.5,79.41,0.616,350,Heavy Supply Truck (16T),824.7,1703.9,879.2,0.55,Torrential Rainfall & Reduced Visibility
203.85,45.0,22.0,163.0,1.0,1400,4x4 Hill Freight Carrier,271.8,1164.5,892.7,0.944,Active Landslide Clearance / Road Blockage
77.79,15.0,31.4,48.95,0.95,4170,Heavy Supply Truck (16T),311.2,841.6,530.4,0.739,Steep Mountain Grade & Hairpin Bends
82.06,23.0,14.5,18.2,0.333,1550,Light Disaster Utility (4WD),214.1,280.8,66.7,0.26,Standard Mountain Traffic Flow
122.15,30.0,26.5,33.95,0.744,2450,Refrigerated Medical Van,244.3,592.8,348.5,0.572,Active Landslide Clearance / Road Blockage
178.29,45.0,6.0,35.22,0.353,320,4x4 Hill Freight Carrier,237.7,337.9,100.2,0.3,Standard Mountain Traffic Flow
126.22,15.0,14.5,31.38,0.268,1550,Heavy Supply Truck (16T),504.9,659.8,154.9,0.235,Standard Mountain Traffic Flow
267.71,51.7,22.0,27.44,0.735,1400,Light Disaster Utility (4WD),310.4,718.6,408.2,0.556,Active Landslide Clearance / Road Blockage
413.95,51.7,8.5,18.22,0.401,350,Light Disaster Utility (4WD),479.9,671.6,191.6,0.308,Standard Mountain Traffic Flow
71.67,22.5,24.2,0.58,0.646,3200,Heavy Supply Truck (16T),191.1,381.0,189.9,0.453,Active Landslide Clearance / Road Blockage
51.53,30.0,16.0,36.08,0.545,2100,Refrigerated Medical Van,103.1,235.2,132.1,0.436,Active Landslide Clearance / Road Blockage
405.43,33.8,18.0,20.11,0.624,1500,Heavy Supply Truck (16T),720.8,1286.1,565.4,0.467,Standard Mountain Traffic Flow
167.6,51.7,6.0,5.01,0.157,320,Light Disaster Utility (4WD),194.3,210.3,16.0,0.118,Standard Mountain Traffic Flow
112.7,34.5,24.2,26.25,0.752,3200,Light Disaster Utility (4WD),196.0,570.1,374.1,0.566,Active Landslide Clearance / Road Blockage
56.62,45.0,12.8,1.6,0.353,240,Refrigerated Medical Van,75.5,113.4,37.9,0.249,Standard Mountain Traffic Flow
661.39,45.0,21.0,63.85,0.833,1650,4x4 Hill Freight Carrier,881.9,2395.7,1513.8,0.679,Active Landslide Clearance / Road Blockage
123.61,23.0,14.5,7.12,0.24,1550,Light Disaster Utility (4WD),322.5,373.5,51.0,0.179,Standard Mountain Traffic Flow
155.09,45.0,6.0,48.68,0.375,320,4x4 Hill Freight Carrier,206.8,313.6,106.8,0.335,Standard Mountain Traffic Flow
266.66,51.7,4.2,0.91,0.136,95,Light Disaster Utility (4WD),309.2,324.3,15.1,0.097,Standard Mountain Traffic Flow
79.99,45.0,12.8,18.77,0.466,240,Refrigerated Medical Van,106.7,159.9,53.2,0.354,Standard Mountain Traffic Flow
75.23,33.8,12.8,1.93,0.332,240,Heavy Supply Truck (16T),133.7,164.4,30.7,0.235,Standard Mountain Traffic Flow
800.68,45.0,21.0,50.94,0.794,1650,4x4 Hill Freight Carrier,1067.6,2678.3,1610.8,0.632,Active Landslide Clearance / Road Blockage
113.61,34.5,24.2,2.67,0.597,3200,Light Disaster Utility (4WD),197.6,325.3,127.7,0.422,Steep Mountain Grade & Hairpin Bends
303.22,51.7,8.5,7.82,0.302,350,Light Disaster Utility (4WD),351.6,430.6,79.1,0.223,Standard Mountain Traffic Flow
88.01,34.5,24.2,9.38,0.572,3200,Light Disaster Utility (4WD),153.1,300.9,147.8,0.415,Active Landslide Clearance / Road Blockage
555.32,51.7,21.0,10.67,0.62,1650,Light Disaster Utility (4WD),643.9,1113.4,469.5,0.45,Steep Mountain Grade & Hairpin Bends
59.69,15.0,31.4,4.17,0.698,4170,Heavy Supply Truck (16T),238.8,443.8,205.1,0.495,Steep Mountain Grade & Hairpin Bends
68.68,33.8,12.8,1.94,0.293,240,Heavy Supply Truck (16T),122.1,144.7,22.6,0.208,Standard Mountain Traffic Flow
73.89,22.5,24.2,49.67,0.798,3200,Heavy Supply Truck (16T),197.0,456.0,259.0,0.633,Steep Mountain Grade & Hairpin Bends
134.91,30.0,26.5,5.05,0.554,2450,4x4 Hill Freight Carrier,269.8,425.7,155.9,0.395,Steep Mountain Grade & Hairpin Bends
274.53,45.0,8.5,19.88,0.388,350,4x4 Hill Freight Carrier,366.0,509.1,143.0,0.302,Standard Mountain Traffic Flow
133.54,23.0,14.5,4.43,0.108,1550,Light Disaster Utility (4WD),348.4,366.3,17.9,0.083,Standard Mountain Traffic Flow
50.67,34.5,16.0,21.13,0.482,2100,Light Disaster Utility (4WD),88.1,135.3,47.2,0.369,Standard Mountain Traffic Flow
95.19,34.5,26.5,20.07,0.61,2450,Light Disaster Utility (4WD),165.5,291.0,125.4,0.457,Steep Mountain Grade & Hairpin Bends
463.1,45.0,21.0,18.46,0.72,1650,4x4 Hill Freight Carrier,617.5,1277.0,659.5,0.531,Active Landslide Clearance / Road Blockage
107.12,23.0,14.5,18.4,0.226,1550,Light Disaster Utility (4WD),279.4,335.9,56.5,0.186,Standard Mountain Traffic Flow
232.74,45.0,4.2,25.62,0.279,95,4x4 Hill Freight Carrier,310.3,399.9,89.6,0.234,Standard Mountain Traffic Flow
58.95,30.0,16.0,11.3,0.459,2100,Refrigerated Medical Van,117.9,171.1,53.2,0.338,Standard Mountain Traffic Flow
63.54,33.8,12.8,55.0,0.511,240,Heavy Supply Truck (16T),113.0,197.9,85.0,0.44,Standard Mountain Traffic Flow
365.62,45.0,8.5,40.6,0.417,350,4x4 Hill Freight Carrier,487.5,748.3,260.8,0.353,Standard Mountain Traffic Flow
48.08,34.5,16.0,19.8,0.438,2100,Light Disaster Utility (4WD),83.6,175.9,92.2,0.336,Active Landslide Clearance / Road Blockage
168.14,51.7,6.0,11.94,0.32,320,Light Disaster Utility (4WD),194.9,246.6,51.6,0.242,Standard Mountain Traffic Flow
357.69,45.0,8.5,43.12,0.44,350,Refrigerated Medical Van,476.9,754.1,277.1,0.373,Standard Mountain Traffic Flow
505.77,51.7,18.0,5.79,0.528,1500,Light Disaster Utility (4WD),586.4,900.8,314.3,0.378,Standard Mountain Traffic Flow
93.4,30.0,24.2,25.98,0.835,3200,Refrigerated Medical Van,186.8,427.0,240.2,0.623,Steep Mountain Grade & Hairpin Bends
331.5,45.0,18.0,24.13,0.609,1500,4x4 Hill Freight Carrier,442.0,784.6,342.6,0.462,Standard Mountain Traffic Flow
572.68,45.0,21.0,32.51,0.741,1650,Refrigerated Medical Van,763.6,1599.8,836.2,0.567,Steep Mountain Grade & Hairpin Bends
320.74,33.8,18.0,9.8,0.504,1500,Heavy Supply Truck (16T),570.2,864.2,294.0,0.368,Standard Mountain Traffic Flow
74.34,22.5,24.2,6.06,0.617,3200,Heavy Supply Truck (16T),198.2,393.9,195.6,0.441,Active Landslide Clearance / Road Blockage
79.86,45.0,12.8,25.41,0.493,240,4x4 Hill Freight Carrier,106.5,167.8,61.3,0.383,Standard Mountain Traffic Flow
86.41,34.5,26.5,14.08,0.61,2450,Light Disaster Utility (4WD),150.3,259.5,109.3,0.448,Steep Mountain Grade & Hairpin Bends
82.65,34.5,26.5,24.41,0.737,2450,Light Disaster Utility (4WD),143.7,504.0,360.2,0.553,Active Landslide Clearance / Road Blockage
291.79,45.0,22.0,5.78,0.618,1400,4x4 Hill Freight Carrier,389.0,662.0,273.0,0.441,Steep Mountain Grade & Hairpin Bends
204.84,45.0,22.0,62.16,0.933,1400,Refrigerated Medical Van,273.1,837.2,564.1,0.746,Active Landslide Clearance / Road Blockage
76.77,34.5,24.2,0.02,0.635,3200,Light Disaster Utility (4WD),133.5,227.8,94.3,0.444,Steep Mountain Grade & Hairpin Bends
96.65,22.5,24.2,41.62,0.805,3200,Heavy Supply Truck (16T),257.7,665.3,407.5,0.626,Active Landslide Clearance / Road Blockage
47.07,34.5,16.0,12.98,0.43,2100,Light Disaster Utility (4WD),81.9,115.9,34.0,0.321,Standard Mountain Traffic Flow
462.25,51.7,8.5,1.23,0.239,350,Light Disaster Utility (4WD),535.9,604.6,68.7,0.169,Standard Mountain Traffic Flow
98.39,23.0,14.5,6.98,0.223,1550,Light Disaster Utility (4WD),256.7,293.1,36.4,0.166,Standard Mountain Traffic Flow
110.51,23.0,14.5,18.84,0.246,1550,Light Disaster Utility (4WD),288.3,352.4,64.1,0.2,Standard Mountain Traffic Flow
286.47,45.0,22.0,5.03,0.533,1400,4x4 Hill Freight Carrier,382.0,630.2,248.2,0.38,Active Landslide Clearance / Road Blockage
266.94,45.0,4.2,44.02,0.271,95,4x4 Hill Freight Carrier,355.9,488.6,132.7,0.256,Standard Mountain Traffic Flow
66.87,15.0,31.4,52.73,0.901,4170,Heavy Supply Truck (16T),267.5,837.2,569.8,0.71,Active Landslide Clearance / Road Blockage
393.79,45.0,8.5,72.44,0.514,350,Refrigerated Medical Van,525.1,1007.0,481.9,0.469,Active Landslide Clearance / Road Blockage
247.44,51.7,22.0,1.55,0.659,1400,Light Disaster Utility (4WD),286.9,636.2,349.3,0.464,Active Landslide Clearance / Road Blockage
74.92,33.8,12.8,5.25,0.345,240,Heavy Supply Truck (16T),133.2,168.1,34.9,0.25,Standard Mountain Traffic Flow
50.68,20.0,31.4,17.88,0.763,4170,Refrigerated Medical Van,152.1,478.8,326.7,0.561,Active Landslide Clearance / Road Blockage
177.42,51.7,4.2,5.72,0.159,95,Light Disaster Utility (4WD),205.7,223.6,17.9,0.12,Standard Mountain Traffic Flow
341.06,45.0,8.5,48.5,0.545,350,4x4 Hill Freight Carrier,454.8,809.4,354.7,0.455,Standard Mountain Traffic Flow
47.94,45.0,12.8,44.45,0.497,240,4x4 Hill Freight Carrier,63.9,107.2,43.3,0.415,Standard Mountain Traffic Flow
171.92,51.7,4.2,33.94,0.293,95,Light Disaster Utility (4WD),199.3,268.1,68.8,0.256,Standard Mountain Traffic Flow
66.41,20.0,31.4,2.05,0.734,4170,Refrigerated Medical Van,199.2,383.9,184.7,0.517,Steep Mountain Grade & Hairpin Bends
43.92,51.7,12.8,52.61,0.637,240,Light Disaster Utility (4WD),50.9,100.5,49.6,0.525,Standard Mountain Traffic Flow
52.06,45.0,12.8,12.7,0.408,240,4x4 Hill Freight Carrier,69.4,112.3,42.8,0.304,Standard Mountain Traffic Flow
795.44,45.0,21.0,33.07,0.726,1650,Refrigerated Medical Van,1060.6,2190.6,1130.0,0.558,Steep Mountain Grade & Hairpin Bends
423.67,51.7,18.0,34.04,0.667,1500,Light Disaster Utility (4WD),491.2,1060.8,569.6,0.518,Active Landslide Clearance / Road Blockage
133.79,30.0,26.5,88.22,0.949,2450,4x4 Hill Freight Carrier,267.6,775.6,508.0,0.797,Torrential Rainfall & Reduced Visibility
176.97,45.0,4.2,9.92,0.186,95,Refrigerated Medical Van,236.0,266.0,30.1,0.145,Standard Mountain Traffic Flow
471.79,45.0,8.5,0.31,0.331,350,Refrigerated Medical Van,629.1,767.4,138.4,0.232,Standard Mountain Traffic Flow
426.38,45.0,18.0,138.48,1.0,1500,4x4 Hill Freight Carrier,568.5,1977.6,1409.1,0.908,Active Landslide Clearance / Road Blockage
560.51,45.0,21.0,2.47,0.528,1650,Refrigerated Medical Van,747.3,1135.2,387.9,0.373,Steep Mountain Grade & Hairpin Bends
64.5,15.0,31.4,53.98,0.916,4170,Heavy Supply Truck (16T),258.0,907.8,649.8,0.722,Active Landslide Clearance / Road Blockage
91.14,15.0,14.5,13.98,0.181,1550,Heavy Supply Truck (16T),364.6,417.0,52.4,0.148,Standard Mountain Traffic Flow
91.61,20.0,31.4,17.76,0.806,4170,4x4 Hill Freight Carrier,274.8,597.5,322.6,0.591,Steep Mountain Grade & Hairpin Bends
110.5,30.0,26.5,8.5,0.718,2450,4x4 Hill Freight Carrier,221.0,616.5,395.5,0.515,Active Landslide Clearance / Road Blockage
103.56,30.0,24.2,25.87,0.705,3200,4x4 Hill Freight Carrier,207.1,410.5,203.4,0.532,Steep Mountain Grade & Hairpin Bends
222.12,51.7,6.0,51.02,0.377,320,Light Disaster Utility (4WD),257.5,394.3,136.7,0.34,Standard Mountain Traffic Flow
373.18,45.0,18.0,64.78,0.866,1500,Refrigerated Medical Van,497.6,1273.8,776.3,0.704,Torrential Rainfall & Reduced Visibility
139.84,23.0,14.5,71.96,0.525,1550,Light Disaster Utility (4WD),364.8,706.0,341.3,0.475,Torrential Rainfall & Reduced Visibility
50.41,51.7,12.8,6.12,0.319,240,Light Disaster Utility (4WD),58.4,72.2,13.8,0.233,Standard Mountain Traffic Flow
332.63,45.0,8.5,16.86,0.359,350,Refrigerated Medical Van,443.5,593.1,149.6,0.277,Standard Mountain Traffic Flow
78.12,34.5,24.2,20.37,0.787,3200,Light Disaster Utility (4WD),135.9,291.0,155.1,0.582,Steep Mountain Grade & Hairpin Bends
78.78,22.5,24.2,27.2,0.668,3200,Heavy Supply Truck (16T),210.1,401.4,191.3,0.509,Steep Mountain Grade & Hairpin Bends
476.07,33.8,21.0,23.74,0.683,1650,Heavy Supply Truck (16T),846.3,1628.6,782.2,0.514,Steep Mountain Grade & Hairpin Bends
307.81,45.0,22.0,12.65,0.743,1400,Refrigerated Medical Van,410.4,821.3,410.8,0.539,Steep Mountain Grade & Hairpin Bends
464.67,51.7,8.5,51.61,0.549,350,Light Disaster Utility (4WD),538.7,1011.2,472.4,0.462,Active Landslide Clearance / Road Blockage
123.47,20.0,14.5,68.6,0.372,1550,4x4 Hill Freight Carrier,370.4,597.2,226.8,0.363,Torrential Rainfall & Reduced Visibility
62.99,30.0,24.2,52.56,0.782,3200,Refrigerated Medical Van,126.0,489.8,363.8,0.626,Active Landslide Clearance / Road Blockage
301.23,45.0,18.0,25.8,0.572,1500,4x4 Hill Freight Carrier,401.6,688.4,286.8,0.439,Standard Mountain Traffic Flow
319.58,45.0,22.0,7.25,0.674,1400,Refrigerated Medical Van,426.1,776.8,350.7,0.483,Steep Mountain Grade & Hairpin Bends
150.78,33.8,4.2,27.1,0.25,95,Heavy Supply Truck (16T),268.0,339.6,71.6,0.215,Standard Mountain Traffic Flow
47.1,51.7,12.8,5.68,0.477,240,Light Disaster Utility (4WD),54.6,119.8,65.1,0.342,Active Landslide Clearance / Road Blockage
96.72,34.5,26.5,83.57,0.819,2450,Light Disaster Utility (4WD),168.2,481.1,312.9,0.699,Active Landslide Clearance / Road Blockage
82.02,20.0,14.5,35.33,0.278,1550,4x4 Hill Freight Carrier,246.1,328.9,82.8,0.248,Standard Mountain Traffic Flow
605.1,45.0,21.0,7.71,0.56,1650,4x4 Hill Freight Carrier,806.8,1292.5,485.7,0.404,Steep Mountain Grade & Hairpin Bends
74.67,20.0,31.4,13.35,0.806,4170,4x4 Hill Freight Carrier,224.0,482.1,258.1,0.584,Steep Mountain Grade & Hairpin Bends
85.34,15.0,31.4,51.56,0.818,4170,Heavy Supply Truck (16T),341.4,809.8,468.5,0.65,Steep Mountain Grade & Hairpin Bends
65.34,15.0,31.4,49.15,0.9,4170,Heavy Supply Truck (16T),261.3,780.6,519.3,0.704,Active Landslide Clearance / Road Blockage
146.68,45.0,6.0,2.65,0.155,320,4x4 Hill Freight Carrier,195.6,209.0,13.5,0.112,Standard Mountain Traffic Flow
247.18,51.7,4.2,7.5,0.05,95,Light Disaster Utility (4WD),286.6,299.4,12.8,0.05,Standard Mountain Traffic Flow
165.34,45.0,6.0,49.57,0.398,320,Refrigerated Medical Van,220.5,342.2,121.7,0.353,Standard Mountain Traffic Flow
47.1,34.5,16.0,10.84,0.481,2100,Light Disaster Utility (4WD),81.9,121.5,39.5,0.353,Standard Mountain Traffic Flow
784.51,33.8,21.0,3.79,0.625,1650,Heavy Supply Truck (16T),1394.7,2416.7,1022.0,0.443,Active Landslide Clearance / Road Blockage
176.92,33.8,22.0,19.36,0.75,1400,Heavy Supply Truck (16T),314.5,769.3,454.7,0.554,Active Landslide Clearance / Road Blockage
38.34,34.5,16.0,32.05,0.511,2100,Light Disaster Utility (4WD),66.7,156.4,89.7,0.406,Active Landslide Clearance / Road Blockage
457.87,45.0,21.0,16.22,0.687,1650,Refrigerated Medical Van,610.5,1157.3,546.8,0.505,Steep Mountain Grade & Hairpin Bends
86.38,20.0,14.5,28.46,0.303,1550,4x4 Hill Freight Carrier,259.1,344.3,85.2,0.255,Standard Mountain Traffic Flow
183.56,33.8,22.0,13.14,0.727,1400,Heavy Supply Truck (16T),326.3,794.2,467.9,0.529,Active Landslide Clearance / Road Blockage
58.44,33.8,12.8,53.81,0.587,240,Heavy Supply Truck (16T),103.9,227.3,123.4,0.491,Active Landslide Clearance / Road Blockage
76.34,30.0,24.2,3.36,0.693,3200,Refrigerated Medical Van,152.7,395.8,243.1,0.49,Active Landslide Clearance / Road Blockage
104.57,30.0,26.5,33.79,0.687,2450,4x4 Hill Freight Carrier,209.1,537.0,327.8,0.532,Active Landslide Clearance / Road Blockage
319.9,33.8,18.0,5.12,0.551,1500,Heavy Supply Truck (16T),568.7,894.2,325.5,0.393,Standard Mountain Traffic Flow
132.39,34.5,26.5,1.28,0.525,2450,Light Disaster Utility (4WD),230.3,347.3,117.0,0.37,Steep Mountain Grade & Hairpin Bends
59.45,30.0,16.0,24.43,0.463,2100,4x4 Hill Freight Carrier,118.9,181.0,62.1,0.361,Standard Mountain Traffic Flow
331.88,51.7,18.0,20.94,0.621,1500,Light Disaster Utility (4WD),384.8,686.6,301.8,0.466,Standard Mountain Traffic Flow
78.52,33.8,12.8,74.46,0.635,240,Heavy Supply Truck (16T),139.6,333.8,194.2,0.556,Active Landslide Clearance / Road Blockage
67.01,51.7,12.8,15.49,0.422,240,Light Disaster Utility (4WD),77.7,110.0,32.3,0.319,Standard Mountain Traffic Flow
124.87,20.0,14.5,16.78,0.329,1550,Refrigerated Medical Van,374.6,487.0,112.3,0.255,Standard Mountain Traffic Flow
125.96,30.0,26.5,52.2,0.8,2450,4x4 Hill Freight Carrier,251.9,738.1,486.1,0.639,Active Landslide Clearance / Road Blockage
75.13,45.0,12.8,16.93,0.405,240,4x4 Hill Freight Carrier,100.2,140.2,40.0,0.309,Standard Mountain Traffic Flow
367.54,45.0,18.0,73.97,0.849,1500,Refrigerated Medical Van,490.1,1254.8,764.8,0.705,Torrential Rainfall & Reduced Visibility
614.96,33.8,21.0,21.65,0.663,1650,Heavy Supply Truck (16T),1093.3,2046.3,953.0,0.497,Steep Mountain Grade & Hairpin Bends
157.47,45.0,6.0,25.53,0.311,320,Refrigerated Medical Van,210.0,277.8,67.8,0.256,Standard Mountain Traffic Flow
41.6,30.0,16.0,0.19,0.376,2100,4x4 Hill Freight Carrier,83.2,106.2,23.0,0.264,Standard Mountain Traffic Flow
92.06,15.0,31.4,101.22,1.0,4170,Heavy Supply Truck (16T),368.2,1143.8,775.6,0.852,Torrential Rainfall & Reduced Visibility
43.77,34.5,16.0,33.36,0.479,2100,Light Disaster Utility (4WD),76.1,121.2,45.0,0.385,Standard Mountain Traffic Flow
57.28,34.5,16.0,87.99,0.799,2100,Light Disaster Utility (4WD),99.6,249.9,150.3,0.691,Torrential Rainfall & Reduced Visibility
53.25,33.8,12.8,139.17,0.883,240,Heavy Supply Truck (16T),94.7,281.6,186.9,0.827,Torrential Rainfall & Reduced Visibility
63.81,30.0,24.2,27.75,0.795,3200,4x4 Hill Freight Carrier,127.6,348.9,221.3,0.598,Active Landslide Clearance / Road Blockage
502.65,51.7,18.0,6.0,0.598,1500,Light Disaster Utility (4WD),582.8,970.2,387.5,0.428,Standard Mountain Traffic Flow
191.57,45.0,6.0,7.56,0.273,320,4x4 Hill Freight Carrier,255.4,304.5,49.1,0.202,Standard Mountain Traffic Flow
234.79,33.8,22.0,5.24,0.577,1400,Heavy Supply Truck (16T),417.4,699.6,282.2,0.412,Steep Mountain Grade & Hairpin Bends
59.01,33.8,12.8,42.48,0.478,240,Heavy Supply Truck (16T),104.9,171.6,66.7,0.398,Standard Mountain Traffic Flow
144.47,33.8,4.2,32.52,0.239,95,Heavy Supply Truck (16T),256.8,329.8,73.0,0.216,Standard Mountain Traffic Flow
119.73,20.0,14.5,5.34,0.183,1550,Refrigerated Medical Van,359.2,395.7,36.5,0.136,Standard Mountain Traffic Flow
218.22,51.7,6.0,78.3,0.508,320,Light Disaster Utility (4WD),253.0,471.6,218.6,0.473,Torrential Rainfall & Reduced Visibility
107.19,15.0,14.5,1.56,0.19,1550,Heavy Supply Truck (16T),428.7,466.7,38.0,0.136,Standard Mountain Traffic Flow
166.63,45.0,6.0,0.87,0.197,320,4x4 Hill Freight Carrier,222.2,242.3,20.1,0.14,Standard Mountain Traffic Flow
74.91,15.0,31.4,0.34,0.688,4170,Heavy Supply Truck (16T),299.7,597.3,297.6,0.482,Active Landslide Clearance / Road Blockage
387.79,45.0,8.5,15.21,0.391,350,4x4 Hill Freight Carrier,517.1,709.0,192.0,0.297,Standard Mountain Traffic Flow
142.24,30.0,26.5,23.57,0.722,2450,Refrigerated Medical Van,284.5,669.1,384.6,0.541,Active Landslide Clearance / Road Blockage
222.11,33.8,6.0,14.09,0.225,320,Heavy Supply Truck (16T),394.9,465.9,71.0,0.179,Standard Mountain Traffic Flow
73.46,23.0,31.4,1.56,0.787,4170,Light Disaster Utility (4WD),191.6,392.3,200.6,0.553,Steep Mountain Grade & Hairpin Bends
57.29,22.5,16.0,7.62,0.397,2100,Heavy Supply Truck (16T),152.8,230.1,77.3,0.289,Standard Mountain Traffic Flow
134.47,15.0,14.5,79.95,0.494,1550,Heavy Supply Truck (16T),537.9,994.9,457.1,0.466,Torrential Rainfall & Reduced Visibility
357.5,33.8,18.0,61.37,0.721,1500,Heavy Supply Truck (16T),635.5,1455.7,820.1,0.596,Active Landslide Clearance / Road Blockage
511.81,45.0,21.0,41.89,0.767,1650,4x4 Hill Freight Carrier,682.4,1633.9,951.5,0.6,Active Landslide Clearance / Road Blockage
558.4,45.0,21.0,15.05,0.627,1650,4x4 Hill Freight Carrier,744.5,1315.2,570.7,0.462,Steep Mountain Grade & Hairpin Bends
112.41,34.5,26.5,5.28,0.668,2450,Light Disaster Utility (4WD),195.5,351.8,156.3,0.475,Steep Mountain Grade & Hairpin Bends
426.28,45.0,8.5,5.01,0.316,350,Refrigerated Medical Van,568.4,696.8,128.4,0.229,Standard Mountain Traffic Flow
86.83,30.0,26.5,9.37,0.56,2450,Refrigerated Medical Van,173.7,325.1,151.5,0.406,Active Landslide Clearance / Road Blockage
52.06,15.0,31.4,1.06,0.637,4170,Heavy Supply Truck (16T),208.2,357.1,148.9,0.447,Steep Mountain Grade & Hairpin Bends
191.23,45.0,4.2,35.84,0.29,95,Refrigerated Medical Van,255.0,344.5,89.5,0.256,Standard Mountain Traffic Flow
96.22,20.0,14.5,65.17,0.384,1550,Refrigerated Medical Van,288.7,465.1,176.5,0.366,Torrential Rainfall & Reduced Visibility
88.47,15.0,31.4,10.58,0.739,4170,Heavy Supply Truck (16T),353.9,792.9,439.0,0.533,Active Landslide Clearance / Road Blockage
406.61,45.0,8.5,52.47,0.418,350,Refrigerated Medical Van,542.2,910.5,368.4,0.372,Active Landslide Clearance / Road Blockage
475.08,45.0,18.0,15.17,0.605,1500,4x4 Hill Freight Carrier,633.4,1091.4,458.0,0.446,Standard Mountain Traffic Flow
65.24,15.0,31.4,33.38,0.819,4170,Heavy Supply Truck (16T),261.0,595.8,334.9,0.623,Steep Mountain Grade & Hairpin Bends
153.36,33.8,6.0,2.54,0.26,320,Heavy Supply Truck (16T),272.6,314.8,42.2,0.186,Standard Mountain Traffic Flow
50.59,22.5,16.0,60.32,0.677,2100,Heavy Supply Truck (16T),134.9,384.0,249.1,0.564,Active Landslide Clearance / Road Blockage
200.67,45.0,4.2,28.98,0.159,95,4x4 Hill Freight Carrier,267.6,322.0,54.4,0.155,Standard Mountain Traffic Flow
183.55,51.7,4.2,24.92,0.126,95,Light Disaster Utility (4WD),212.8,247.5,34.7,0.125,Standard Mountain Traffic Flow
108.84,34.5,24.2,6.75,0.656,3200,Light Disaster Utility (4WD),189.3,337.6,148.3,0.47,Steep Mountain Grade & Hairpin Bends
132.12,22.5,26.5,24.37,0.699,2450,Heavy Supply Truck (16T),352.3,888.0,535.6,0.526,Active Landslide Clearance / Road Blockage
438.12,51.7,21.0,51.18,0.838,1650,Light Disaster Utility (4WD),508.0,1323.4,815.4,0.663,Active Landslide Clearance / Road Blockage
59.05,34.5,16.0,3.26,0.357,2100,Light Disaster Utility (4WD),102.7,130.1,27.4,0.255,Standard Mountain Traffic Flow
69.28,30.0,24.2,116.11,1.0,3200,Refrigerated Medical Van,138.6,440.7,302.1,0.874,Torrential Rainfall & Reduced Visibility
354.33,45.0,18.0,33.86,0.678,1500,Refrigerated Medical Van,472.4,1088.8,616.4,0.525,Active Landslide Clearance / Road Blockage
189.44,33.8,6.0,34.42,0.272,320,Heavy Supply Truck (16T),336.8,446.4,109.6,0.242,Standard Mountain Traffic Flow
95.34,30.0,26.5,43.91,0.847,2450,4x4 Hill Freight Carrier,190.7,458.8,268.1,0.659,Steep Mountain Grade & Hairpin Bends
170.59,51.7,4.2,35.36,0.292,95,Light Disaster Utility (4WD),197.8,267.4,69.6,0.258,Standard Mountain Traffic Flow
71.44,51.7,12.8,7.4,0.314,240,Light Disaster Utility (4WD),82.8,102.3,19.5,0.231,Standard Mountain Traffic Flow
52.2,20.0,31.4,4.21,0.79,4170,Refrigerated Medical Van,156.6,377.8,221.2,0.56,Active Landslide Clearance / Road Blockage
420.45,51.7,8.5,12.53,0.346,350,Light Disaster Utility (4WD),487.5,633.7,146.2,0.261,Standard Mountain Traffic Flow
202.02,45.0,4.2,79.29,0.416,95,Refrigerated Medical Van,269.4,480.8,211.4,0.41,Torrential Rainfall & Reduced Visibility
295.71,45.0,18.0,8.98,0.455,1500,Refrigerated Medical Van,394.3,564.6,170.3,0.332,Standard Mountain Traffic Flow
34.42,34.5,16.0,29.94,0.572,2100,Light Disaster Utility (4WD),59.9,103.9,44.0,0.445,Standard Mountain Traffic Flow
198.28,45.0,22.0,10.53,0.582,1400,4x4 Hill Freight Carrier,264.4,437.9,173.5,0.423,Steep Mountain Grade & Hairpin Bends
404.7,45.0,8.5,100.83,0.764,350,4x4 Hill Freight Carrier,539.6,1486.6,947.0,0.686,Active Landslide Clearance / Road Blockage
83.16,15.0,14.5,2.83,0.289,1550,Heavy Supply Truck (16T),332.6,394.3,61.6,0.206,Standard Mountain Traffic Flow
51.27,30.0,16.0,12.51,0.421,2100,Refrigerated Medical Van,102.5,143.6,41.0,0.314,Standard Mountain Traffic Flow
486.16,33.8,21.0,37.63,0.789,1650,Heavy Supply Truck (16T),864.3,1929.8,1065.5,0.609,Steep Mountain Grade & Hairpin Bends
178.95,51.7,4.2,22.36,0.24,95,Light Disaster Utility (4WD),207.5,256.0,48.6,0.201,Standard Mountain Traffic Flow
731.45,45.0,21.0,33.84,0.75,1650,Refrigerated Medical Van,975.3,2248.2,1272.9,0.576,Active Landslide Clearance / Road Blockage
467.89,45.0,8.5,10.52,0.355,350,4x4 Hill Freight Carrier,623.8,811.2,187.3,0.264,Standard Mountain Traffic Flow
221.36,45.0,4.2,27.0,0.171,95,4x4 Hill Freight Carrier,295.1,354.7,59.5,0.16,Standard Mountain Traffic Flow
438.14,45.0,21.0,39.14,0.815,1650,Refrigerated Medical Van,584.2,1498.6,914.4,0.629,Active Landslide Clearance / Road Blockage
43.68,34.5,16.0,4.34,0.335,2100,Light Disaster Utility (4WD),76.0,94.6,18.6,0.241,Standard Mountain Traffic Flow
467.69,45.0,21.0,53.43,0.825,1650,Refrigerated Medical Van,623.6,1561.5,937.9,0.658,Active Landslide Clearance / Road Blockage
583.97,33.8,21.0,39.16,0.789,1650,Heavy Supply Truck (16T),1038.2,2522.7,1484.5,0.611,Active Landslide Clearance / Road Blockage
282.48,45.0,8.5,0.0,0.234,350,4x4 Hill Freight Carrier,376.6,420.8,44.2,0.164,Standard Mountain Traffic Flow
151.61,51.7,6.0,0.39,0.289,320,Light Disaster Utility (4WD),175.8,206.3,30.5,0.203,Standard Mountain Traffic Flow
63.62,33.8,12.8,57.14,0.583,240,Heavy Supply Truck (16T),113.1,213.9,100.7,0.494,Standard Mountain Traffic Flow
111.37,30.0,26.5,2.67,0.618,2450,4x4 Hill Freight Carrier,222.7,375.7,153.0,0.437,Steep Mountain Grade & Hairpin Bends
92.37,34.5,24.2,14.34,0.599,3200,Light Disaster Utility (4WD),160.6,274.4,113.8,0.441,Steep Mountain Grade & Hairpin Bends
522.83,45.0,21.0,2.99,0.687,1650,Refrigerated Medical Van,697.1,1381.6,684.5,0.485,Active Landslide Clearance / Road Blockage
53.79,20.0,31.4,5.84,0.742,4170,4x4 Hill Freight Carrier,161.4,465.6,304.3,0.528,Active Landslide Clearance / Road Blockage
59.28,30.0,16.0,162.57,1.0,2100,4x4 Hill Freight Carrier,118.6,404.7,286.1,0.944,Torrential Rainfall & Reduced Visibility
416.73,33.8,18.0,50.22,0.661,1500,Heavy Supply Truck (16T),740.8,1612.2,871.4,0.538,Active Landslide Clearance / Road Blockage
121.99,34.5,26.5,34.39,0.664,2450,Light Disaster Utility (4WD),212.2,517.5,305.3,0.516,Active Landslide Clearance / Road Blockage
87.54,15.0,14.5,30.02,0.311,1550,Heavy Supply Truck (16T),350.2,471.1,121.0,0.263,Standard Mountain Traffic Flow
411.33,45.0,8.5,36.18,0.373,350,Refrigerated Medical Van,548.4,796.7,248.2,0.316,Standard Mountain Traffic Flow
55.75,34.5,16.0,61.87,0.716,2100,Light Disaster Utility (4WD),97.0,377.6,280.7,0.594,Active Landslide Clearance / Road Blockage
57.7,15.0,31.4,0.78,0.723,4170,Heavy Supply Truck (16T),230.8,538.2,307.4,0.507,Active Landslide Clearance / Road Blockage
172.07,45.0,6.0,28.8,0.317,320,Refrigerated Medical Van,229.4,308.9,79.5,0.265,Standard Mountain Traffic Flow
479.46,33.8,21.0,99.3,1.0,1650,Heavy Supply Truck (16T),852.4,2705.4,1853.0,0.849,Active Landslide Clearance / Road Blockage
88.53,30.0,24.2,26.43,0.683,3200,4x4 Hill Freight Carrier,177.1,399.2,222.1,0.518,Active Landslide Clearance / Road Blockage
36.7,30.0,16.0,26.43,0.49,2100,Refrigerated Medical Van,73.4,115.6,42.2,0.383,Standard Mountain Traffic Flow
210.23,45.0,4.2,7.99,0.207,95,Refrigerated Medical Van,280.3,317.9,37.6,0.157,Standard Mountain Traffic Flow
51.4,20.0,31.4,20.68,0.826,4170,4x4 Hill Freight Carrier,154.2,524.7,370.5,0.61,Active Landslide Clearance / Road Blockage
95.71,23.0,14.5,11.04,0.266,1550,Light Disaster Utility (4WD),249.7,300.3,50.6,0.203,Standard Mountain Traffic Flow
437.42,45.0,8.5,26.25,0.397,350,4x4 Hill Freight Carrier,583.2,884.5,301.3,0.317,Active Landslide Clearance / Road Blockage
56.99,45.0,12.8,30.73,0.405,240,4x4 Hill Freight Carrier,76.0,158.1,82.1,0.329,Active Landslide Clearance / Road Blockage
211.74,45.0,4.2,13.32,0.166,95,4x4 Hill Freight Carrier,282.3,318.9,36.6,0.136,Standard Mountain Traffic Flow
138.04,30.0,26.5,0.63,0.564,2450,4x4 Hill Freight Carrier,276.1,434.4,158.4,0.396,Steep Mountain Grade & Hairpin Bends
104.25,22.5,24.2,36.33,0.758,3200,Heavy Supply Truck (16T),278.0,708.0,430.0,0.585,Active Landslide Clearance / Road Blockage
78.92,15.0,31.4,15.12,0.766,4170,Heavy Supply Truck (16T),315.7,777.8,462.1,0.559,Active Landslide Clearance / Road Blockage
78.53,45.0,12.8,8.67,0.464,240,4x4 Hill Freight Carrier,104.7,151.3,46.6,0.338,Standard Mountain Traffic Flow
190.13,45.0,22.0,26.35,0.751,1400,4x4 Hill Freight Carrier,253.5,586.2,332.7,0.565,Active Landslide Clearance / Road Blockage
80.93,22.5,24.2,21.15,0.722,3200,Heavy Supply Truck (16T),215.8,507.1,291.3,0.537,Active Landslide Clearance / Road Blockage
271.04,33.8,22.0,182.9,1.0,1400,Heavy Supply Truck (16T),481.9,1816.6,1334.8,0.974,Active Landslide Clearance / Road Blockage
303.81,51.7,18.0,64.44,0.743,1500,Light Disaster Utility (4WD),352.2,796.3,444.0,0.617,Torrential Rainfall & Reduced Visibility
106.86,23.0,14.5,14.7,0.203,1550,Light Disaster Utility (4WD),278.8,324.6,45.8,0.164,Standard Mountain Traffic Flow
223.17,51.7,4.2,1.9,0.225,95,Light Disaster Utility (4WD),258.7,289.5,30.8,0.161,Standard Mountain Traffic Flow
212.29,51.7,6.0,84.66,0.579,320,Light Disaster Utility (4WD),246.1,519.2,273.1,0.532,Torrential Rainfall & Reduced Visibility
47.64,30.0,16.0,27.62,0.497,2100,4x4 Hill Freight Carrier,95.3,151.7,56.5,0.389,Standard Mountain Traffic Flow
259.55,45.0,22.0,15.4,0.67,1400,4x4 Hill Freight Carrier,346.1,763.3,417.3,0.492,Active Landslide Clearance / Road Blockage
315.28,45.0,18.0,39.77,0.661,1500,4x4 Hill Freight Carrier,420.4,823.2,402.8,0.522,Standard Mountain Traffic Flow
203.43,51.7,22.0,1.81,0.765,1400,Light Disaster Utility (4WD),235.9,471.3,235.4,0.539,Steep Mountain Grade & Hairpin Bends
303.22,33.8,22.0,25.81,0.813,1400,Heavy Supply Truck (16T),539.1,1314.9,775.8,0.608,Active Landslide Clearance / Road Blockage
133.49,20.0,14.5,23.31,0.279,1550,4x4 Hill Freight Carrier,400.5,511.7,111.3,0.231,Standard Mountain Traffic Flow
140.69,20.0,14.5,15.14,0.201,1550,4x4 Hill Freight Carrier,422.1,491.6,69.6,0.163,Standard Mountain Traffic Flow
156.15,45.0,6.0,4.65,0.227,320,4x4 Hill Freight Carrier,208.2,236.2,28.0,0.166,Standard Mountain Traffic Flow
188.63,33.8,6.0,2.52,0.173,320,Heavy Supply Truck (16T),335.3,362.3,26.9,0.125,Standard Mountain Traffic Flow
142.85,20.0,14.5,42.21,0.409,1550,Refrigerated Medical Van,428.6,656.2,227.6,0.35,Standard Mountain Traffic Flow
184.07,45.0,22.0,19.44,0.744,1400,Refrigerated Medical Van,245.4,499.7,254.2,0.55,Steep Mountain Grade & Hairpin Bends
397.14,45.0,8.5,52.92,0.456,350,Refrigerated Medical Van,529.5,876.1,346.5,0.399,Standard Mountain Traffic Flow
140.03,22.5,26.5,3.98,0.641,2450,Heavy Supply Truck (16T),373.4,649.1,275.7,0.455,Steep Mountain Grade & Hairpin Bends
59.33,22.5,16.0,106.15,0.833,2100,Heavy Supply Truck (16T),158.2,424.2,266.0,0.742,Torrential Rainfall & Reduced Visibility
51.35,15.0,31.4,15.6,0.742,4170,Heavy Supply Truck (16T),205.4,413.3,207.9,0.543,Steep Mountain Grade & Hairpin Bends
249.7,45.0,22.0,26.07,0.764,1400,Refrigerated Medical Van,332.9,704.2,371.2,0.574,Steep Mountain Grade & Hairpin Bends
47.75,30.0,16.0,49.77,0.603,2100,4x4 Hill Freight Carrier,95.5,238.5,143.0,0.497,Active Landslide Clearance / Road Blockage
126.39,45.0,6.0,121.4,0.672,320,4x4 Hill Freight Carrier,168.5,533.4,364.9,0.652,Active Landslide Clearance / Road Blockage
675.42,33.8,21.0,14.39,0.637,1650,Heavy Supply Truck (16T),1200.7,2141.2,940.5,0.468,Steep Mountain Grade & Hairpin Bends
35.2,34.5,16.0,27.45,0.478,2100,Light Disaster Utility (4WD),61.2,95.6,34.4,0.376,Standard Mountain Traffic Flow
91.34,30.0,26.5,17.53,0.691,2450,4x4 Hill Freight Carrier,182.7,403.2,220.5,0.51,Active Landslide Clearance / Road Blockage
107.2,30.0,24.2,52.52,0.741,3200,Refrigerated Medical Van,214.4,470.8,256.4,0.598,Steep Mountain Grade & Hairpin Bends
242.05,45.0,4.2,24.27,0.27,95,Refrigerated Medical Van,322.7,410.9,88.2,0.226,Standard Mountain Traffic Flow
475.46,45.0,18.0,29.95,0.663,1500,4x4 Hill Freight Carrier,634.0,1338.8,704.9,0.509,Active Landslide Clearance / Road Blockage
61.76,34.5,16.0,23.37,0.541,2100,Light Disaster Utility (4WD),107.4,176.8,69.4,0.414,Standard Mountain Traffic Flow
117.46,34.5,26.5,7.47,0.665,2450,Light Disaster Utility (4WD),204.3,449.8,245.5,0.477,Active Landslide Clearance / Road Blockage
149.82,45.0,4.2,27.82,0.328,95,4x4 Hill Freight Carrier,199.8,270.5,70.8,0.271,Standard Mountain Traffic Flow
460.43,45.0,18.0,22.23,0.644,1500,4x4 Hill Freight Carrier,613.9,1145.2,531.3,0.484,Standard Mountain Traffic Flow
238.5,33.8,22.0,5.35,0.614,1400,Heavy Supply Truck (16T),424.0,717.6,293.6,0.438,Steep Mountain Grade & Hairpin Bends
320.55,45.0,18.0,6.78,0.52,1500,4x4 Hill Freight Carrier,427.4,652.8,225.4,0.374,Standard Mountain Traffic Flow
84.12,30.0,24.2,21.51,0.699,3200,4x4 Hill Freight Carrier,168.2,327.7,159.5,0.522,Steep Mountain Grade & Hairpin Bends
88.79,22.5,24.2,14.48,0.668,3200,Heavy Supply Truck (16T),236.8,580.8,344.0,0.489,Active Landslide Clearance / Road Blockage
290.98,45.0,18.0,2.21,0.538,1500,4x4 Hill Freight Carrier,388.0,595.9,207.9,0.38,Standard Mountain Traffic Flow
384.55,45.0,8.5,25.04,0.388,350,Refrigerated Medical Van,512.7,726.2,213.5,0.309,Standard Mountain Traffic Flow
114.8,34.5,24.2,1.5,0.677,3200,Light Disaster Utility (4WD),199.7,423.6,224.0,0.476,Active Landslide Clearance / Road Blockage
64.81,30.0,24.2,6.15,0.75,3200,Refrigerated Medical Van,129.6,311.0,181.4,0.534,Active Landslide Clearance / Road Blockage
140.37,34.5,26.5,55.39,0.831,2450,Light Disaster Utility (4WD),244.1,591.8,347.7,0.665,Steep Mountain Grade & Hairpin Bends
216.64,45.0,22.0,2.41,0.655,1400,Refrigerated Medical Van,288.9,577.2,288.4,0.462,Active Landslide Clearance / Road Blockage
372.16,45.0,8.5,8.46,0.31,350,Refrigerated Medical Van,496.2,613.5,117.3,0.23,Standard Mountain Traffic Flow
44.13,30.0,16.0,136.71,0.943,2100,4x4 Hill Freight Carrier,88.3,348.4,260.1,0.865,Active Landslide Clearance / Road Blockage
576.45,45.0,21.0,24.27,0.704,1650,Refrigerated Medical Van,768.6,1575.1,806.5,0.529,Active Landslide Clearance / Road Blockage
433.58,33.8,21.0,33.3,0.678,1650,Heavy Supply Truck (16T),770.8,1511.1,740.3,0.524,Steep Mountain Grade & Hairpin Bends
394.25,51.7,18.0,16.11,0.673,1500,Light Disaster Utility (4WD),457.1,852.4,395.3,0.495,Standard Mountain Traffic Flow
281.8,33.8,18.0,12.26,0.575,1500,Heavy Supply Truck (16T),501.0,875.1,374.1,0.421,Active Landslide Clearance / Road Blockage
79.62,30.0,24.2,14.98,0.705,3200,4x4 Hill Freight Carrier,159.2,307.1,147.8,0.516,Steep Mountain Grade & Hairpin Bends
52.16,51.7,12.8,3.06,0.387,240,Light Disaster Utility (4WD),60.5,124.4,63.9,0.276,Active Landslide Clearance / Road Blockage
638.74,33.8,21.0,19.34,0.651,1650,Heavy Supply Truck (16T),1135.5,2308.2,1172.7,0.484,Active Landslide Clearance / Road Blockage
66.37,30.0,24.2,9.88,0.719,3200,4x4 Hill Freight Carrier,132.7,256.5,123.7,0.518,Steep Mountain Grade & Hairpin Bends
80.72,45.0,12.8,8.26,0.352,240,Refrigerated Medical Van,107.6,138.3,30.7,0.259,Standard Mountain Traffic Flow
87.54,20.0,31.4,53.27,0.908,4170,4x4 Hill Freight Carrier,262.6,810.7,548.0,0.715,Active Landslide Clearance / Road Blockage
80.18,45.0,12.8,5.99,0.305,240,Refrigerated Medical Van,106.9,130.3,23.4,0.223,Standard Mountain Traffic Flow
84.28,15.0,31.4,12.2,0.741,4170,Heavy Supply Truck (16T),337.1,672.3,335.1,0.537,Steep Mountain Grade & Hairpin Bends
214.46,51.7,4.2,53.62,0.414,95,Light Disaster Utility (4WD),248.7,396.8,148.2,0.371,Standard Mountain Traffic Flow
133.57,20.0,14.5,60.39,0.43,1550,4x4 Hill Freight Carrier,400.7,661.8,261.1,0.391,Torrential Rainfall & Reduced Visibility
193.07,51.7,22.0,16.13,0.696,1400,Light Disaster Utility (4WD),223.8,580.5,356.7,0.512,Active Landslide Clearance / Road Blockage
106.03,15.0,14.5,21.99,0.22,1550,Heavy Supply Truck (16T),424.1,515.1,91.0,0.187,Standard Mountain Traffic Flow
192.02,45.0,22.0,5.19,0.752,1400,4x4 Hill Freight Carrier,256.0,738.1,482.1,0.534,Active Landslide Clearance / Road Blockage
76.45,33.8,12.8,71.27,0.703,240,Heavy Supply Truck (16T),135.9,439.1,303.2,0.599,Active Landslide Clearance / Road Blockage
85.24,30.0,24.2,13.29,0.615,3200,Refrigerated Medical Van,170.5,295.4,124.9,0.45,Steep Mountain Grade & Hairpin Bends
65.64,45.0,12.8,25.71,0.448,240,Refrigerated Medical Van,87.5,171.6,84.1,0.352,Active Landslide Clearance / Road Blockage
117.52,20.0,14.5,7.08,0.146,1550,4x4 Hill Freight Carrier,352.6,382.8,30.2,0.113,Standard Mountain Traffic Flow
712.58,33.8,21.0,0.77,0.663,1650,Heavy Supply Truck (16T),1266.8,2394.7,1127.9,0.465,Active Landslide Clearance / Road Blockage
53.07,45.0,12.8,35.62,0.461,240,Refrigerated Medical Van,70.8,111.5,40.7,0.376,Standard Mountain Traffic Flow
413.02,51.7,18.0,47.72,0.745,1500,Light Disaster Utility (4WD),478.9,1044.5,565.6,0.593,Standard Mountain Traffic Flow
111.89,20.0,14.5,4.29,0.27,1550,4x4 Hill Freight Carrier,335.7,393.9,58.2,0.196,Standard Mountain Traffic Flow
339.11,51.7,18.0,16.3,0.603,1500,Light Disaster Utility (4WD),393.2,705.9,312.7,0.446,Standard Mountain Traffic Flow
43.44,45.0,12.8,20.57,0.558,240,Refrigerated Medical Van,57.9,124.2,66.2,0.421,Standard Mountain Traffic Flow
55.2,34.5,16.0,0.73,0.415,2100,Light Disaster Utility (4WD),96.0,127.9,31.9,0.292,Standard Mountain Traffic Flow
497.93,45.0,21.0,19.14,0.683,1650,Refrigerated Medical Van,663.9,1261.8,597.9,0.507,Steep Mountain Grade & Hairpin Bends
53.57,20.0,31.4,29.48,0.728,4170,4x4 Hill Freight Carrier,160.7,476.4,315.7,0.554,Active Landslide Clearance / Road Blockage
139.91,23.0,14.5,6.56,0.266,1550,Light Disaster Utility (4WD),365.0,430.8,65.8,0.196,Standard Mountain Traffic Flow
78.32,22.5,26.5,59.34,0.864,2450,Heavy Supply Truck (16T),208.8,689.2,480.3,0.694,Active Landslide Clearance / Road Blockage
133.98,15.0,14.5,16.85,0.257,1550,Heavy Supply Truck (16T),535.9,655.2,119.3,0.205,Standard Mountain Traffic Flow
82.14,23.0,31.4,73.27,0.95,4170,Light Disaster Utility (4WD),214.3,702.6,488.3,0.775,Active Landslide Clearance / Road Blockage
167.15,45.0,4.2,8.51,0.168,95,4x4 Hill Freight Carrier,222.9,246.8,23.9,0.131,Standard Mountain Traffic Flow
97.39,30.0,26.5,24.3,0.599,2450,Refrigerated Medical Van,194.8,342.5,147.7,0.456,Steep Mountain Grade & Hairpin Bends
264.62,33.8,22.0,2.55,0.753,1400,Heavy Supply Truck (16T),470.4,990.6,520.2,0.531,Active Landslide Clearance / Road Blockage
90.19,23.0,14.5,21.9,0.233,1550,Light Disaster Utility (4WD),235.3,288.3,53.1,0.196,Standard Mountain Traffic Flow
232.25,45.0,22.0,50.12,0.805,1400,Refrigerated Medical Van,309.7,769.9,460.3,0.638,Active Landslide Clearance / Road Blockage
401.46,51.7,8.5,33.16,0.407,350,Light Disaster Utility (4WD),465.5,730.9,265.4,0.335,Active Landslide Clearance / Road Blockage
123.88,20.0,14.5,34.1,0.366,1550,Refrigerated Medical Van,371.7,589.5,217.8,0.308,Active Landslide Clearance / Road Blockage
266.62,45.0,4.2,38.21,0.305,95,Refrigerated Medical Van,355.5,490.6,135.1,0.271,Standard Mountain Traffic Flow
179.41,51.7,22.0,7.88,0.663,1400,Light Disaster Utility (4WD),208.0,595.2,387.2,0.476,Active Landslide Clearance / Road Blockage
60.72,15.0,31.4,7.48,0.852,4170,Heavy Supply Truck (16T),242.9,635.1,392.2,0.608,Active Landslide Clearance / Road Blockage
718.54,33.8,21.0,42.81,0.771,1650,Heavy Supply Truck (16T),1277.4,2937.5,1660.1,0.604,Active Landslide Clearance / Road Blockage
84.82,34.5,24.2,7.06,0.65,3200,Light Disaster Utility (4WD),147.5,261.4,113.9,0.466,Steep Mountain Grade & Hairpin Bends
501.69,45.0,18.0,10.85,0.569,1500,4x4 Hill Freight Carrier,668.9,1093.0,424.1,0.415,Standard Mountain Traffic Flow
132.04,23.0,14.5,43.55,0.305,1550,Light Disaster Utility (4WD),344.4,484.4,140.0,0.279,Standard Mountain Traffic Flow
406.46,51.7,8.5,39.2,0.423,350,Light Disaster Utility (4WD),471.3,723.6,252.4,0.355,Standard Mountain Traffic Flow
50.51,34.5,16.0,6.95,0.309,2100,Light Disaster Utility (4WD),87.8,107.9,20.0,0.227,Standard Mountain Traffic Flow
68.15,15.0,31.4,31.09,0.847,4170,Heavy Supply Truck (16T),272.6,828.6,556.0,0.639,Active Landslide Clearance / Road Blockage
519.78,33.8,21.0,15.59,0.621,1650,Heavy Supply Truck (16T),924.1,1622.7,698.7,0.458,Steep Mountain Grade & Hairpin Bends
431.48,45.0,8.5,71.99,0.536,350,4x4 Hill Freight Carrier,575.3,1113.7,538.4,0.483,Active Landslide Clearance / Road Blockage
285.07,45.0,22.0,68.19,0.906,1400,4x4 Hill Freight Carrier,380.1,1018.6,638.5,0.736,Torrential Rainfall & Reduced Visibility
141.06,30.0,26.5,14.18,0.655,2450,4x4 Hill Freight Carrier,282.1,513.0,230.9,0.48,Steep Mountain Grade & Hairpin Bends
99.6,22.5,26.5,1.93,0.538,2450,Heavy Supply Truck (16T),265.6,407.5,141.9,0.38,Steep Mountain Grade & Hairpin Bends
150.97,51.7,6.0,11.44,0.264,320,Light Disaster Utility (4WD),175.0,210.5,35.5,0.202,Standard Mountain Traffic Flow
57.38,30.0,16.0,62.5,0.669,2100,4x4 Hill Freight Carrier,114.8,239.7,125.0,0.562,Torrential Rainfall & Reduced Visibility
86.8,20.0,31.4,43.4,0.872,4170,Refrigerated Medical Van,260.4,642.6,382.2,0.676,Steep Mountain Grade & Hairpin Bends
48.75,33.8,12.8,35.17,0.498,240,Heavy Supply Truck (16T),86.7,141.4,54.8,0.401,Standard Mountain Traffic Flow
101.15,20.0,14.5,20.83,0.282,1550,Refrigerated Medical Van,303.4,384.6,81.2,0.228,Standard Mountain Traffic Flow
77.62,23.0,31.4,21.44,0.788,4170,Light Disaster Utility (4WD),202.5,435.1,232.6,0.584,Steep Mountain Grade & Hairpin Bends
242.38,51.7,4.2,59.29,0.321,95,Light Disaster Utility (4WD),281.0,422.4,141.4,0.313,Standard Mountain Traffic Flow
48.39,51.7,12.8,91.34,0.775,240,Light Disaster Utility (4WD),56.1,330.1,274.0,0.68,Active Landslide Clearance / Road Blockage
472.09,33.8,18.0,87.42,0.807,1500,Heavy Supply Truck (16T),839.3,2118.6,1279.3,0.696,Torrential Rainfall & Reduced Visibility
351.57,33.8,18.0,58.67,0.775,1500,Heavy Supply Truck (16T),625.0,1440.0,815.0,0.63,Standard Mountain Traffic Flow
422.2,45.0,8.5,33.97,0.38,350,Refrigerated Medical Van,562.9,816.2,253.3,0.317,Standard Mountain Traffic Flow
60.55,23.0,31.4,61.92,0.957,4170,Light Disaster Utility (4WD),158.0,440.6,282.6,0.763,Torrential Rainfall & Reduced Visibility
481.06,51.7,18.0,14.51,0.668,1500,Light Disaster Utility (4WD),557.7,1108.1,550.3,0.49,Active Landslide Clearance / Road Blockage
85.9,23.0,31.4,23.88,0.846,4170,Light Disaster Utility (4WD),224.1,660.7,436.6,0.628,Active Landslide Clearance / Road Blockage
421.94,51.7,18.0,18.54,0.552,1500,Light Disaster Utility (4WD),489.2,855.1,365.9,0.414,Active Landslide Clearance / Road Blockage
107.69,30.0,24.2,37.07,0.829,3200,4x4 Hill Freight Carrier,215.4,617.1,401.7,0.636,Active Landslide Clearance / Road Blockage
304.33,45.0,22.0,38.77,0.858,1400,Refrigerated Medical Van,405.8,977.2,571.4,0.659,Steep Mountain Grade & Hairpin Bends
156.43,45.0,4.2,15.72,0.187,95,Refrigerated Medical Van,208.6,241.2,32.6,0.154,Standard Mountain Traffic Flow
77.0,20.0,31.4,9.46,0.767,4170,Refrigerated Medical Van,231.0,564.9,333.8,0.551,Active Landslide Clearance / Road Blockage
313.78,33.8,22.0,10.63,0.666,1400,Heavy Supply Truck (16T),557.8,1017.2,459.4,0.482,Steep Mountain Grade & Hairpin Bends
37.69,30.0,16.0,0.32,0.449,2100,4x4 Hill Freight Carrier,75.4,104.0,28.7,0.315,Standard Mountain Traffic Flow
637.73,51.7,21.0,111.62,0.975,1650,Light Disaster Utility (4WD),739.4,2281.7,1542.3,0.85,Torrential Rainfall & Reduced Visibility
81.19,30.0,24.2,22.05,0.642,3200,Refrigerated Medical Van,162.4,297.4,135.0,0.483,Steep Mountain Grade & Hairpin Bends
382.42,33.8,18.0,63.59,0.937,1500,Heavy Supply Truck (16T),679.9,1934.6,1254.7,0.751,Active Landslide Clearance / Road Blockage
62.49,34.5,16.0,8.63,0.53,2100,Light Disaster Utility (4WD),108.7,168.8,60.1,0.384,Standard Mountain Traffic Flow
272.43,45.0,8.5,32.64,0.333,350,Refrigerated Medical Van,363.2,502.8,139.5,0.282,Standard Mountain Traffic Flow
195.01,45.0,4.2,46.12,0.392,95,4x4 Hill Freight Carrier,260.0,420.8,160.8,0.343,Standard Mountain Traffic Flow
742.06,51.7,21.0,31.39,0.666,1650,Light Disaster Utility (4WD),860.4,1751.9,891.6,0.513,Active Landslide Clearance / Road Blockage
424.47,33.8,8.5,21.58,0.251,350,Heavy Supply Truck (16T),754.6,936.0,181.3,0.208,Standard Mountain Traffic Flow
98.36,30.0,26.5,27.19,0.689,2450,4x4 Hill Freight Carrier,196.7,384.3,187.6,0.523,Steep Mountain Grade & Hairpin Bends
60.67,22.5,16.0,12.69,0.432,2100,Heavy Supply Truck (16T),161.8,246.6,84.8,0.321,Standard Mountain Traffic Flow
202.74,33.8,22.0,16.27,0.679,1400,Heavy Supply Truck (16T),360.4,677.3,316.9,0.5,Steep Mountain Grade & Hairpin Bends
477.5,45.0,21.0,2.1,0.634,1650,4x4 Hill Freight Carrier,636.7,1092.5,455.8,0.447,Steep Mountain Grade & Hairpin Bends
280.97,51.7,22.0,79.27,0.917,1400,Light Disaster Utility (4WD),325.8,901.1,575.3,0.761,Torrential Rainfall & Reduced Visibility
62.57,33.8,12.8,12.87,0.392,240,Heavy Supply Truck (16T),111.2,183.3,72.1,0.294,Active Landslide Clearance / Road Blockage
265.51,51.7,22.0,38.05,0.797,1400,Light Disaster Utility (4WD),307.8,895.2,587.3,0.615,Active Landslide Clearance / Road Blockage
223.36,45.0,22.0,17.62,0.698,1400,Refrigerated Medical Van,297.8,750.1,452.3,0.515,Active Landslide Clearance / Road Blockage
71.69,15.0,31.4,59.29,0.947,4170,Heavy Supply Truck (16T),286.7,1025.2,738.4,0.752,Active Landslide Clearance / Road Blockage
111.55,15.0,14.5,130.05,0.775,1550,Heavy Supply Truck (16T),446.2,1380.1,933.9,0.738,Active Landslide Clearance / Road Blockage
336.04,45.0,18.0,23.19,0.627,1500,4x4 Hill Freight Carrier,448.1,809.6,361.5,0.474,Standard Mountain Traffic Flow
161.5,45.0,6.0,0.21,0.193,320,4x4 Hill Freight Carrier,215.3,233.3,18.0,0.135,Standard Mountain Traffic Flow
167.78,45.0,6.0,8.03,0.226,320,4x4 Hill Freight Carrier,223.7,257.3,33.6,0.17,Standard Mountain Traffic Flow
85.51,23.0,31.4,0.02,0.772,4170,Light Disaster Utility (4WD),223.1,551.9,328.8,0.54,Active Landslide Clearance / Road Blockage
150.17,33.8,6.0,7.98,0.163,320,Heavy Supply Truck (16T),267.0,294.0,27.0,0.126,Standard Mountain Traffic Flow
234.82,45.0,22.0,14.19,0.73,1400,4x4 Hill Freight Carrier,313.1,619.8,306.7,0.533,Steep Mountain Grade & Hairpin Bends
487.53,33.8,18.0,70.71,0.699,1500,Heavy Supply Truck (16T),866.7,1967.0,1100.3,0.595,Active Landslide Clearance / Road Blockage
506.25,45.0,18.0,1.86,0.523,1500,Refrigerated Medical Van,675.0,1017.8,342.8,0.369,Standard Mountain Traffic Flow
544.51,45.0,21.0,10.62,0.596,1650,Refrigerated Medical Van,726.0,1222.8,496.8,0.433,Steep Mountain Grade & Hairpin Bends
132.12,20.0,14.5,3.92,0.171,1550,Refrigerated Medical Van,396.4,430.6,34.2,0.126,Standard Mountain Traffic Flow
267.55,45.0,22.0,3.97,0.69,1400,Refrigerated Medical Van,356.7,807.8,451.0,0.489,Active Landslide Clearance / Road Blockage
52.98,23.0,31.4,93.33,1.0,4170,Light Disaster Utility (4WD),138.2,517.0,378.8,0.84,Active Landslide Clearance / Road Blockage
249.51,45.0,4.2,5.55,0.221,95,Refrigerated Medical Van,332.7,377.0,44.3,0.163,Standard Mountain Traffic Flow
465.39,45.0,8.5,71.97,0.571,350,Refrigerated Medical Van,620.5,1206.3,585.8,0.508,Torrential Rainfall & Reduced Visibility
74.18,51.7,12.8,65.73,0.581,240,Light Disaster Utility (4WD),86.0,194.1,108.0,0.505,Torrential Rainfall & Reduced Visibility
65.96,20.0,31.4,14.99,0.735,4170,Refrigerated Medical Van,197.9,394.8,196.9,0.537,Steep Mountain Grade & Hairpin Bends
73.23,20.0,31.4,5.23,0.696,4170,Refrigerated Medical Van,219.7,514.2,294.5,0.495,Active Landslide Clearance / Road Blockage
368.75,45.0,8.5,47.75,0.497,350,4x4 Hill Freight Carrier,491.7,832.3,340.6,0.419,Standard Mountain Traffic Flow
454.58,51.7,18.0,31.11,0.653,1500,Light Disaster Utility (4WD),527.1,1000.2,473.2,0.504,Standard Mountain Traffic Flow
133.49,45.0,6.0,14.21,0.217,320,4x4 Hill Freight Carrier,178.0,208.8,30.9,0.173,Standard Mountain Traffic Flow
588.31,33.8,21.0,1.22,0.598,1650,Heavy Supply Truck (16T),1045.9,1715.8,669.9,0.421,Steep Mountain Grade & Hairpin Bends
51.47,20.0,31.4,5.92,0.764,4170,Refrigerated Medical Van,154.4,311.3,156.9,0.544,Steep Mountain Grade & Hairpin Bends
105.31,23.0,14.5,88.57,0.554,1550,Light Disaster Utility (4WD),274.7,548.4,273.7,0.521,Torrential Rainfall & Reduced Visibility
302.25,45.0,18.0,119.31,0.97,1500,4x4 Hill Freight Carrier,403.0,1372.9,970.0,0.858,Active Landslide Clearance / Road Blockage
725.04,45.0,21.0,12.58,0.592,1650,4x4 Hill Freight Carrier,966.7,1628.7,662.0,0.433,Steep Mountain Grade & Hairpin Bends
139.84,51.7,6.0,83.45,0.578,320,Light Disaster Utility (4WD),162.1,326.6,164.4,0.53,Torrential Rainfall & Reduced Visibility
223.56,45.0,6.0,65.54,0.541,320,Refrigerated Medical Van,298.1,553.7,255.6,0.477,Torrential Rainfall & Reduced Visibility
81.44,30.0,26.5,12.23,0.653,2450,4x4 Hill Freight Carrier,162.9,400.0,237.1,0.475,Active Landslide Clearance / Road Blockage
267.66,45.0,22.0,13.2,0.718,1400,4x4 Hill Freight Carrier,356.9,694.7,337.8,0.522,Steep Mountain Grade & Hairpin Bends
739.84,45.0,21.0,14.44,0.604,1650,4x4 Hill Freight Carrier,986.4,1693.7,707.3,0.444,Steep Mountain Grade & Hairpin Bends
69.62,22.5,24.2,6.57,0.607,3200,Heavy Supply Truck (16T),185.7,356.7,171.0,0.435,Active Landslide Clearance / Road Blockage
51.27,30.0,16.0,35.73,0.472,2100,Refrigerated Medical Van,102.5,163.3,60.7,0.384,Standard Mountain Traffic Flow
82.19,30.0,24.2,52.12,0.821,3200,Refrigerated Medical Van,164.4,592.8,428.4,0.653,Active Landslide Clearance / Road Blockage
57.42,23.0,31.4,3.49,0.662,4170,Light Disaster Utility (4WD),149.8,266.6,116.8,0.469,Steep Mountain Grade & Hairpin Bends
304.99,33.8,22.0,12.6,0.645,1400,Heavy Supply Truck (16T),542.2,970.3,428.0,0.47,Steep Mountain Grade & Hairpin Bends
289.46,33.8,18.0,28.23,0.69,1500,Heavy Supply Truck (16T),514.6,1101.7,587.1,0.526,Active Landslide Clearance / Road Blockage
44.97,22.5,16.0,2.52,0.367,2100,Heavy Supply Truck (16T),119.9,153.1,33.2,0.261,Standard Mountain Traffic Flow
84.56,20.0,14.5,72.52,0.431,1550,Refrigerated Medical Van,253.7,434.7,181.0,0.41,Torrential Rainfall & Reduced Visibility
77.21,30.0,26.5,19.84,0.641,2450,4x4 Hill Freight Carrier,154.4,280.6,126.2,0.478,Steep Mountain Grade & Hairpin Bends
112.96,34.5,24.2,5.29,0.605,3200,Light Disaster Utility (4WD),196.5,328.8,132.3,0.431,Steep Mountain Grade & Hairpin Bends
317.36,45.0,22.0,6.91,0.694,1400,4x4 Hill Freight Carrier,423.1,1005.7,582.6,0.496,Active Landslide Clearance / Road Blockage
641.41,45.0,21.0,22.94,0.774,1650,4x4 Hill Freight Carrier,855.2,1817.1,961.9,0.577,Steep Mountain Grade & Hairpin Bends
201.42,45.0,22.0,5.45,0.66,1400,Refrigerated Medical Van,268.6,479.0,210.4,0.47,Steep Mountain Grade & Hairpin Bends
101.8,30.0,26.5,42.79,0.781,2450,Refrigerated Medical Van,203.6,455.9,252.3,0.611,Steep Mountain Grade & Hairpin Bends
184.62,51.7,4.2,91.14,0.515,95,Light Disaster Utility (4WD),214.0,415.5,201.4,0.498,Torrential Rainfall & Reduced Visibility
136.0,30.0,26.5,1.53,0.662,2450,4x4 Hill Freight Carrier,272.0,576.1,304.1,0.465,Active Landslide Clearance / Road Blockage
60.78,45.0,12.8,7.72,0.396,240,4x4 Hill Freight Carrier,81.0,108.6,27.6,0.289,Standard Mountain Traffic Flow
169.98,51.7,6.0,12.56,0.279,320,Light Disaster Utility (4WD),197.1,241.1,44.1,0.214,Standard Mountain Traffic Flow
144.36,23.0,14.5,17.66,0.141,1550,Light Disaster Utility (4WD),376.6,427.5,50.9,0.125,Standard Mountain Traffic Flow
308.89,51.7,22.0,25.25,0.743,1400,Light Disaster Utility (4WD),358.1,932.6,574.4,0.558,Active Landslide Clearance / Road Blockage
437.84,45.0,8.5,12.55,0.388,350,4x4 Hill Freight Carrier,583.8,790.2,206.4,0.29,Standard Mountain Traffic Flow
187.66,45.0,4.2,47.39,0.299,95,Refrigerated Medical Van,250.2,355.0,104.7,0.28,Standard Mountain Traffic Flow
466.78,45.0,8.5,29.28,0.436,350,4x4 Hill Freight Carrier,622.4,990.3,368.0,0.349,Active Landslide Clearance / Road Blockage
191.62,45.0,4.2,1.58,0.157,95,4x4 Hill Freight Carrier,255.5,272.2,16.7,0.113,Standard Mountain Traffic Flow
45.42,30.0,16.0,33.6,0.595,2100,Refrigerated Medical Van,90.8,163.2,72.4,0.467,Standard Mountain Traffic Flow
56.69,51.7,12.8,30.21,0.455,240,Light Disaster Utility (4WD),65.7,101.1,35.4,0.364,Standard Mountain Traffic Flow
57.69,20.0,31.4,41.51,0.815,4170,4x4 Hill Freight Carrier,173.1,502.7,329.6,0.633,Active Landslide Clearance / Road Blockage
235.68,45.0,4.2,19.77,0.21,95,Refrigerated Medical Van,314.2,375.6,61.4,0.177,Standard Mountain Traffic Flow
58.98,23.0,31.4,102.58,1.0,4170,Light Disaster Utility (4WD),153.8,478.9,325.1,0.854,Torrential Rainfall & Reduced Visibility
492.86,45.0,18.0,22.34,0.48,1500,Refrigerated Medical Van,657.1,1011.0,353.9,0.369,Standard Mountain Traffic Flow
200.74,45.0,6.0,8.72,0.203,320,4x4 Hill Freight Carrier,267.7,303.6,36.0,0.155,Standard Mountain Traffic Flow
73.65,34.5,24.2,0.03,0.613,3200,Light Disaster Utility (4WD),128.1,213.0,84.9,0.429,Steep Mountain Grade & Hairpin Bends
34.75,30.0,16.0,113.54,0.872,2100,4x4 Hill Freight Carrier,69.5,195.8,126.3,0.781,Torrential Rainfall & Reduced Visibility
135.96,15.0,14.5,24.0,0.217,1550,Heavy Supply Truck (16T),543.8,664.6,120.7,0.188,Standard Mountain Traffic Flow
38.1,30.0,16.0,39.07,0.612,2100,4x4 Hill Freight Carrier,76.2,141.5,65.3,0.487,Standard Mountain Traffic Flow
128.53,30.0,26.5,111.16,1.0,2450,4x4 Hill Freight Carrier,257.1,811.2,554.2,0.867,Torrential Rainfall & Reduced Visibility
414.52,45.0,18.0,12.54,0.542,1500,4x4 Hill Freight Carrier,552.7,936.0,383.3,0.398,Active Landslide Clearance / Road Blockage
477.13,33.8,21.0,11.92,0.657,1650,Heavy Supply Truck (16T),848.2,1740.9,892.6,0.478,Active Landslide Clearance / Road Blockage
188.81,45.0,6.0,15.01,0.338,320,Refrigerated Medical Van,251.7,327.9,76.1,0.259,Standard Mountain Traffic Flow
332.16,33.8,8.5,61.13,0.52,350,Heavy Supply Truck (16T),590.5,1062.3,471.8,0.456,Torrential Rainfall & Reduced Visibility
153.38,33.8,4.2,44.99,0.284,95,Heavy Supply Truck (16T),272.7,379.1,106.5,0.266,Standard Mountain Traffic Flow
170.69,33.8,6.0,5.43,0.26,320,Heavy Supply Truck (16T),303.5,354.6,51.1,0.19,Standard Mountain Traffic Flow
230.44,33.8,4.2,22.99,0.154,95,Heavy Supply Truck (16T),409.7,479.3,69.6,0.142,Standard Mountain Traffic Flow
92.93,23.0,14.5,1.27,0.211,1550,Light Disaster Utility (4WD),242.4,267.6,25.1,0.15,Standard Mountain Traffic Flow
100.49,15.0,14.5,24.61,0.299,1550,Heavy Supply Truck (16T),402.0,524.6,122.7,0.246,Standard Mountain Traffic Flow
353.53,45.0,8.5,91.8,0.691,350,Refrigerated Medical Van,471.4,1261.0,789.6,0.622,Active Landslide Clearance / Road Blockage
139.31,30.0,26.5,22.5,0.64,2450,4x4 Hill Freight Carrier,278.6,509.4,230.7,0.481,Steep Mountain Grade & Hairpin Bends
156.85,33.8,6.0,22.81,0.329,320,Heavy Supply Truck (16T),278.8,371.1,92.2,0.265,Standard Mountain Traffic Flow
74.1,23.0,31.4,27.53,0.81,4170,Light Disaster Utility (4WD),193.3,431.7,238.4,0.608,Steep Mountain Grade & Hairpin Bends
190.97,45.0,6.0,105.02,0.585,320,Refrigerated Medical Van,254.6,543.5,288.9,0.567,Torrential Rainfall & Reduced Visibility
707.04,45.0,21.0,76.76,0.932,1650,4x4 Hill Freight Carrier,942.7,2716.7,1774.0,0.768,Active Landslide Clearance / Road Blockage
68.4,33.8,12.8,29.3,0.54,240,Heavy Supply Truck (16T),121.6,203.5,81.9,0.422,Standard Mountain Traffic Flow
65.97,51.7,12.8,20.19,0.328,240,Light Disaster Utility (4WD),76.5,100.7,24.2,0.26,Standard Mountain Traffic Flow
48.87,30.0,16.0,6.6,0.424,2100,4x4 Hill Freight Carrier,97.7,134.4,36.6,0.307,Standard Mountain Traffic Flow
436.36,45.0,8.5,6.17,0.298,350,4x4 Hill Freight Carrier,581.8,705.3,123.5,0.218,Standard Mountain Traffic Flow
98.34,34.5,24.2,17.27,0.648,3200,Light Disaster Utility (4WD),171.0,311.1,140.0,0.479,Steep Mountain Grade & Hairpin Bends
176.88,51.7,4.2,24.5,0.246,95,Light Disaster Utility (4WD),205.1,256.4,51.3,0.209,Standard Mountain Traffic Flow
60.73,34.5,16.0,20.94,0.454,2100,Light Disaster Utility (4WD),105.6,157.5,51.8,0.349,Standard Mountain Traffic Flow
183.25,33.8,4.2,40.08,0.279,95,Heavy Supply Truck (16T),325.8,443.4,117.6,0.255,Standard Mountain Traffic Flow
160.49,33.8,6.0,75.97,0.497,320,Heavy Supply Truck (16T),285.3,523.2,237.9,0.462,Torrential Rainfall & Reduced Visibility
278.9,51.7,18.0,24.14,0.611,1500,Light Disaster Utility (4WD),323.4,594.6,271.2,0.464,Standard Mountain Traffic Flow
79.96,33.8,12.8,21.89,0.523,240,Heavy Supply Truck (16T),142.1,228.5,86.3,0.399,Standard Mountain Traffic Flow
66.42,45.0,12.8,8.1,0.247,240,Refrigerated Medical Van,88.6,103.6,15.0,0.185,Standard Mountain Traffic Flow
132.13,45.0,6.0,3.37,0.202,320,4x4 Hill Freight Carrier,176.2,195.0,18.8,0.146,Standard Mountain Traffic Flow
298.04,45.0,22.0,8.23,0.684,1400,Refrigerated Medical Van,397.4,929.6,532.2,0.491,Active Landslide Clearance / Road Blockage
150.12,33.8,4.2,25.8,0.153,95,Heavy Supply Truck (16T),266.9,315.8,49.0,0.146,Standard Mountain Traffic Flow
84.81,22.5,26.5,1.11,0.643,2450,Heavy Supply Truck (16T),226.2,391.0,164.8,0.452,Steep Mountain Grade & Hairpin Bends
76.73,30.0,24.2,16.43,0.675,3200,Refrigerated Medical Van,153.5,339.9,186.4,0.497,Active Landslide Clearance / Road Blockage
60.18,33.8,12.8,25.86,0.361,240,Heavy Supply Truck (16T),107.0,148.1,41.2,0.291,Standard Mountain Traffic Flow
181.72,33.8,4.2,3.38,0.173,95,Heavy Supply Truck (16T),323.0,350.4,27.4,0.126,Standard Mountain Traffic Flow
101.45,30.0,26.5,3.14,0.673,2450,4x4 Hill Freight Carrier,202.9,465.6,262.7,0.475,Active Landslide Clearance / Road Blockage
266.93,45.0,22.0,18.24,0.763,1400,Refrigerated Medical Van,355.9,738.4,382.5,0.562,Steep Mountain Grade & Hairpin Bends
61.42,45.0,12.8,42.54,0.472,240,Refrigerated Medical Van,81.9,133.2,51.3,0.394,Standard Mountain Traffic Flow
138.94,22.5,26.5,1.74,0.529,2450,Heavy Supply Truck (16T),370.5,562.3,191.8,0.373,Steep Mountain Grade & Hairpin Bends
245.09,45.0,22.0,73.19,0.989,1400,Refrigerated Medical Van,326.8,959.0,632.2,0.802,Torrential Rainfall & Reduced Visibility
526.4,51.7,21.0,12.61,0.761,1650,Light Disaster Utility (4WD),610.3,1245.6,635.3,0.551,Steep Mountain Grade & Hairpin Bends
216.45,45.0,6.0,24.58,0.271,320,4x4 Hill Freight Carrier,288.6,368.2,79.6,0.227,Standard Mountain Traffic Flow
43.81,45.0,12.8,99.47,0.75,240,4x4 Hill Freight Carrier,58.4,143.1,84.7,0.674,Torrential Rainfall & Reduced Visibility
189.37,45.0,4.2,27.73,0.243,95,4x4 Hill Freight Carrier,252.5,319.1,66.6,0.211,Standard Mountain Traffic Flow
78.45,51.7,12.8,25.72,0.426,240,Light Disaster Utility (4WD),91.0,134.0,43.0,0.337,Standard Mountain Traffic Flow
190.98,51.7,22.0,26.15,0.73,1400,Light Disaster Utility (4WD),221.4,667.8,446.3,0.55,Active Landslide Clearance / Road Blockage
122.9,20.0,14.5,68.85,0.527,1550,Refrigerated Medical Van,368.7,681.7,313.0,0.472,Torrential Rainfall & Reduced Visibility
191.65,45.0,6.0,4.22,0.187,320,4x4 Hill Freight Carrier,255.5,281.0,25.4,0.137,Standard Mountain Traffic Flow
308.78,51.7,22.0,42.86,0.79,1400,Light Disaster Utility (4WD),358.0,986.2,628.2,0.617,Active Landslide Clearance / Road Blockage
99.05,23.0,14.5,6.1,0.196,1550,Light Disaster Utility (4WD),258.4,288.3,29.9,0.147,Standard Mountain Traffic Flow
170.53,33.8,4.2,28.76,0.316,95,Heavy Supply Truck (16T),303.2,407.8,104.6,0.264,Standard Mountain Traffic Flow
51.35,20.0,31.4,11.84,0.709,4170,Refrigerated Medical Van,154.1,532.8,378.8,0.514,Active Landslide Clearance / Road Blockage
146.69,45.0,6.0,4.19,0.232,320,4x4 Hill Freight Carrier,195.6,222.2,26.6,0.168,Standard Mountain Traffic Flow
146.08,45.0,6.0,43.97,0.48,320,Refrigerated Medical Van,194.8,320.7,125.9,0.402,Standard Mountain Traffic Flow
439.94,33.8,21.0,1.05,0.509,1650,Heavy Supply Truck (16T),782.1,1156.8,374.7,0.358,Steep Mountain Grade & Hairpin Bends
600.52,45.0,21.0,50.89,0.847,1650,4x4 Hill Freight Carrier,800.7,2074.3,1273.6,0.669,Active Landslide Clearance / Road Blockage
214.01,51.7,6.0,4.31,0.241,320,Light Disaster Utility (4WD),248.1,284.2,36.0,0.175,Standard Mountain Traffic Flow
139.66,22.5,26.5,41.76,0.755,2450,Heavy Supply Truck (16T),372.4,925.7,553.3,0.591,Active Landslide Clearance / Road Blockage
139.85,34.5,26.5,9.67,0.64,2450,Light Disaster Utility (4WD),243.2,429.0,185.8,0.462,Steep Mountain Grade & Hairpin Bends
99.12,22.5,26.5,36.2,0.755,2450,Heavy Supply Truck (16T),264.3,566.9,302.6,0.583,Steep Mountain Grade & Hairpin Bends
102.72,30.0,24.2,1.98,0.598,3200,4x4 Hill Freight Carrier,205.4,337.9,132.5,0.422,Steep Mountain Grade & Hairpin Bends
66.41,15.0,31.4,9.97,0.827,4170,Heavy Supply Truck (16T),265.6,816.5,550.9,0.594,Active Landslide Clearance / Road Blockage
340.49,51.7,8.5,48.56,0.519,350,Light Disaster Utility (4WD),394.8,684.3,289.5,0.436,Standard Mountain Traffic Flow
46.38,22.5,16.0,61.1,0.591,2100,Heavy Supply Truck (16T),123.7,238.1,114.5,0.505,Torrential Rainfall & Reduced Visibility
458.62,51.7,18.0,15.01,0.525,1500,Light Disaster Utility (4WD),531.7,881.1,349.3,0.39,Active Landslide Clearance / Road Blockage
238.91,51.7,22.0,40.69,0.801,1400,Light Disaster Utility (4WD),277.0,708.1,431.1,0.621,Active Landslide Clearance / Road Blockage
225.4,33.8,22.0,15.32,0.617,1400,Heavy Supply Truck (16T),400.7,717.6,316.9,0.455,Steep Mountain Grade & Hairpin Bends
118.41,15.0,14.5,64.71,0.454,1550,Heavy Supply Truck (16T),473.7,810.0,336.4,0.415,Torrential Rainfall & Reduced Visibility
225.23,33.8,4.2,16.31,0.13,95,Heavy Supply Truck (16T),400.4,449.4,49.0,0.116,Standard Mountain Traffic Flow
445.32,45.0,18.0,15.87,0.571,1500,Refrigerated Medical Van,593.8,987.7,393.9,0.424,Standard Mountain Traffic Flow
410.95,45.0,8.5,32.48,0.41,350,4x4 Hill Freight Carrier,547.9,813.1,265.2,0.336,Standard Mountain Traffic Flow
177.78,45.0,22.0,13.78,0.702,1400,Refrigerated Medical Van,237.0,597.0,360.0,0.512,Active Landslide Clearance / Road Blockage
255.78,45.0,4.2,37.9,0.288,95,4x4 Hill Freight Carrier,341.0,463.9,122.9,0.259,Standard Mountain Traffic Flow
259.6,45.0,22.0,47.96,0.835,1400,Refrigerated Medical Van,346.1,967.3,621.2,0.657,Active Landslide Clearance / Road Blockage
369.23,51.7,18.0,102.07,0.984,1500,Light Disaster Utility (4WD),428.1,1311.4,883.3,0.842,Torrential Rainfall & Reduced Visibility
100.47,34.5,24.2,2.61,0.627,3200,Light Disaster Utility (4WD),174.7,315.9,141.2,0.443,Steep Mountain Grade & Hairpin Bends
183.64,45.0,6.0,16.2,0.341,320,4x4 Hill Freight Carrier,244.9,321.2,76.4,0.263,Standard Mountain Traffic Flow
251.77,45.0,4.2,6.84,0.159,95,Refrigerated Medical Van,335.7,366.7,31.0,0.121,Standard Mountain Traffic Flow
65.38,30.0,24.2,107.1,1.0,3200,Refrigerated Medical Van,130.8,555.0,424.2,0.861,Active Landslide Clearance / Road Blockage
78.28,22.5,24.2,19.01,0.674,3200,Heavy Supply Truck (16T),208.8,475.5,266.8,0.501,Active Landslide Clearance / Road Blockage
85.47,34.5,26.5,10.61,0.662,2450,Light Disaster Utility (4WD),148.6,466.9,318.2,0.479,Active Landslide Clearance / Road Blockage
610.27,51.7,21.0,7.74,0.607,1650,Light Disaster Utility (4WD),707.6,1252.9,545.3,0.436,Active Landslide Clearance / Road Blockage
358.84,45.0,18.0,133.0,1.0,1500,4x4 Hill Freight Carrier,478.5,1701.8,1223.3,0.899,Active Landslide Clearance / Road Blockage
90.69,20.0,14.5,66.53,0.537,1550,4x4 Hill Freight Carrier,272.1,504.6,232.6,0.476,Torrential Rainfall & Reduced Visibility
62.52,30.0,16.0,1.54,0.369,2100,Refrigerated Medical Van,125.0,178.6,53.6,0.261,Standard Mountain Traffic Flow
127.82,15.0,14.5,9.93,0.215,1550,Heavy Supply Truck (16T),511.3,588.0,76.7,0.165,Standard Mountain Traffic Flow
189.74,33.8,6.0,16.78,0.232,320,Heavy Supply Truck (16T),337.3,404.4,67.1,0.187,Standard Mountain Traffic Flow
176.08,51.7,22.0,45.91,0.826,1400,Light Disaster Utility (4WD),204.2,482.4,278.2,0.647,Steep Mountain Grade & Hairpin Bends
375.96,45.0,8.5,19.44,0.405,350,4x4 Hill Freight Carrier,501.3,707.4,206.1,0.312,Standard Mountain Traffic Flow
190.9,33.8,4.2,65.52,0.367,95,Heavy Supply Truck (16T),339.4,539.8,200.5,0.355,Torrential Rainfall & Reduced Visibility
120.59,23.0,14.5,78.48,0.531,1550,Light Disaster Utility (4WD),314.6,598.9,284.3,0.489,Torrential Rainfall & Reduced Visibility
141.45,30.0,26.5,21.34,0.578,2450,4x4 Hill Freight Carrier,282.9,482.0,199.1,0.437,Steep Mountain Grade & Hairpin Bends
141.24,22.5,26.5,4.62,0.58,2450,Heavy Supply Truck (16T),376.6,611.3,234.7,0.413,Steep Mountain Grade & Hairpin Bends
416.03,45.0,18.0,9.96,0.526,1500,Refrigerated Medical Van,554.7,861.6,306.9,0.383,Standard Mountain Traffic Flow
146.92,23.0,14.5,1.7,0.108,1550,Light Disaster Utility (4WD),383.3,397.7,14.5,0.078,Standard Mountain Traffic Flow
415.72,45.0,18.0,2.59,0.52,1500,4x4 Hill Freight Carrier,554.3,834.8,280.6,0.368,Standard Mountain Traffic Flow
90.27,30.0,24.2,8.98,0.597,3200,Refrigerated Medical Van,180.5,302.9,122.4,0.432,Steep Mountain Grade & Hairpin Bends
98.07,30.0,26.5,2.73,0.583,2450,4x4 Hill Freight Carrier,196.1,317.6,121.5,0.412,Steep Mountain Grade & Hairpin Bends
647.78,45.0,21.0,72.1,0.91,1650,Refrigerated Medical Van,863.7,2341.1,1477.4,0.745,Torrential Rainfall & Reduced Visibility
257.39,45.0,8.5,49.93,0.464,350,Refrigerated Medical Van,343.2,566.5,223.4,0.399,Standard Mountain Traffic Flow
313.71,45.0,8.5,17.93,0.353,350,4x4 Hill Freight Carrier,418.3,604.6,186.4,0.274,Active Landslide Clearance / Road Blockage
453.06,45.0,18.0,161.59,1.0,1500,Refrigerated Medical Van,604.1,2058.7,1454.6,0.942,Torrential Rainfall & Reduced Visibility
181.87,45.0,6.0,15.61,0.192,320,4x4 Hill Freight Carrier,242.5,281.4,38.9,0.158,Standard Mountain Traffic Flow
495.94,45.0,21.0,113.77,1.0,1650,4x4 Hill Freight Carrier,661.3,2258.1,1596.8,0.871,Active Landslide Clearance / Road Blockage
517.9,45.0,21.0,23.54,0.753,1650,Refrigerated Medical Van,690.5,1435.0,744.5,0.562,Steep Mountain Grade & Hairpin Bends
100.35,34.5,24.2,21.72,0.771,3200,Light Disaster Utility (4WD),174.5,446.6,272.1,0.572,Active Landslide Clearance / Road Blockage
165.72,51.7,6.0,12.78,0.241,320,Light Disaster Utility (4WD),192.1,228.1,36.0,0.188,Standard Mountain Traffic Flow
170.85,45.0,6.0,45.67,0.475,320,Refrigerated Medical Van,227.8,375.4,147.6,0.401,Standard Mountain Traffic Flow
117.95,15.0,14.5,12.56,0.226,1550,Heavy Supply Truck (16T),471.8,553.5,81.7,0.177,Standard Mountain Traffic Flow
437.44,33.8,8.5,8.17,0.314,350,Heavy Supply Truck (16T),777.7,964.0,186.3,0.232,Standard Mountain Traffic Flow
174.9,51.7,4.2,0.27,0.05,95,Light Disaster Utility (4WD),202.8,204.5,1.8,0.05,Standard Mountain Traffic Flow
120.37,22.5,26.5,21.47,0.691,2450,Heavy Supply Truck (16T),321.0,619.1,298.2,0.516,Steep Mountain Grade & Hairpin Bends
50.39,30.0,16.0,59.73,0.616,2100,Refrigerated Medical Van,100.8,198.3,97.5,0.521,Standard Mountain Traffic Flow
86.17,30.0,26.5,25.26,0.693,2450,Refrigerated Medical Van,172.3,336.5,164.2,0.523,Steep Mountain Grade & Hairpin Bends
125.05,22.5,26.5,13.96,0.688,2450,Heavy Supply Truck (16T),333.5,628.6,295.2,0.502,Steep Mountain Grade & Hairpin Bends
53.61,20.0,31.4,18.37,0.843,4170,4x4 Hill Freight Carrier,160.8,365.0,204.1,0.618,Steep Mountain Grade & Hairpin Bends
172.8,45.0,4.2,102.1,0.514,95,Refrigerated Medical Van,230.4,459.3,228.9,0.513,Torrential Rainfall & Reduced Visibility
79.42,45.0,12.8,8.54,0.422,240,4x4 Hill Freight Carrier,105.9,146.3,40.4,0.308,Standard Mountain Traffic Flow
472.52,51.7,8.5,17.58,0.336,350,Light Disaster Utility (4WD),547.9,718.9,171.1,0.261,Standard Mountain Traffic Flow
43.04,30.0,16.0,22.4,0.414,2100,Refrigerated Medical Van,86.1,123.8,37.7,0.323,Standard Mountain Traffic Flow
234.16,51.7,4.2,1.59,0.173,95,Light Disaster Utility (4WD),271.5,292.1,20.6,0.123,Standard Mountain Traffic Flow
81.78,23.0,14.5,14.65,0.171,1550,Light Disaster Utility (4WD),213.3,243.1,29.8,0.141,Standard Mountain Traffic Flow
177.28,45.0,6.0,11.6,0.212,320,Refrigerated Medical Van,236.4,273.3,37.0,0.166,Standard Mountain Traffic Flow
299.07,33.8,8.5,11.11,0.321,350,Heavy Supply Truck (16T),531.7,671.2,139.6,0.241,Standard Mountain Traffic Flow
197.81,45.0,4.2,25.78,0.241,95,Refrigerated Medical Van,263.7,330.4,66.7,0.208,Standard Mountain Traffic Flow
62.51,34.5,16.0,8.3,0.471,2100,Light Disaster Utility (4WD),108.7,158.1,49.4,0.342,Standard Mountain Traffic Flow
189.89,45.0,6.0,2.78,0.28,320,Refrigerated Medical Van,253.2,297.6,44.4,0.2,Standard Mountain Traffic Flow
439.46,45.0,18.0,1.99,0.603,1500,4x4 Hill Freight Carrier,586.0,969.4,383.5,0.425,Standard Mountain Traffic Flow
39.8,30.0,16.0,55.28,0.631,2100,Refrigerated Medical Van,79.6,157.3,77.7,0.525,Standard Mountain Traffic Flow
127.29,33.8,6.0,55.7,0.369,320,Heavy Supply Truck (16T),226.3,370.4,144.1,0.342,Standard Mountain Traffic Flow
140.86,22.5,26.5,2.26,0.579,2450,Heavy Supply Truck (16T),375.6,604.4,228.7,0.408,Steep Mountain Grade & Hairpin Bends
92.06,20.0,14.5,12.82,0.272,1550,Refrigerated Medical Van,276.2,336.3,60.1,0.21,Standard Mountain Traffic Flow
284.14,45.0,8.5,10.26,0.43,350,Refrigerated Medical Van,378.9,556.9,178.1,0.317,Standard Mountain Traffic Flow
327.57,45.0,18.0,15.89,0.535,1500,Refrigerated Medical Van,436.8,729.5,292.7,0.398,Active Landslide Clearance / Road Blockage
230.83,45.0,22.0,112.47,1.0,1400,4x4 Hill Freight Carrier,307.8,1204.5,896.7,0.869,Active Landslide Clearance / Road Blockage
106.09,22.5,24.2,8.3,0.643,3200,Heavy Supply Truck (16T),282.9,499.3,216.4,0.463,Steep Mountain Grade & Hairpin Bends
152.95,45.0,6.0,21.15,0.281,320,Refrigerated Medical Van,203.9,258.8,54.9,0.229,Standard Mountain Traffic Flow
289.05,45.0,22.0,58.63,0.864,1400,Refrigerated Medical Van,385.4,1151.4,766.0,0.693,Active Landslide Clearance / Road Blockage
550.25,45.0,21.0,1.89,0.658,1650,Refrigerated Medical Van,733.7,1474.8,741.1,0.463,Active Landslide Clearance / Road Blockage
77.46,22.5,26.5,15.79,0.704,2450,Heavy Supply Truck (16T),206.6,398.7,192.1,0.517,Steep Mountain Grade & Hairpin Bends
128.29,34.5,26.5,10.88,0.57,2450,Light Disaster Utility (4WD),223.1,364.9,141.8,0.415,Steep Mountain Grade & Hairpin Bends
134.08,15.0,14.5,10.44,0.307,1550,Heavy Supply Truck (16T),536.3,666.6,130.3,0.23,Standard Mountain Traffic Flow
100.23,30.0,24.2,131.15,1.0,3200,4x4 Hill Freight Carrier,200.5,652.7,452.2,0.897,Torrential Rainfall & Reduced Visibility
148.43,45.0,6.0,32.57,0.388,320,Refrigerated Medical Van,197.9,287.7,89.8,0.32,Standard Mountain Traffic Flow
56.39,20.0,31.4,41.81,0.897,4170,4x4 Hill Freight Carrier,169.2,427.2,258.0,0.691,Steep Mountain Grade & Hairpin Bends
413.24,51.7,18.0,9.63,0.455,1500,Light Disaster Utility (4WD),479.1,688.2,209.1,0.333,Standard Mountain Traffic Flow
186.86,33.8,6.0,65.95,0.468,320,Heavy Supply Truck (16T),332.2,617.8,285.6,0.426,Active Landslide Clearance / Road Blockage
96.89,34.5,24.2,21.94,0.609,3200,Light Disaster Utility (4WD),168.5,320.7,152.2,0.46,Steep Mountain Grade & Hairpin Bends
178.7,45.0,6.0,11.69,0.263,320,4x4 Hill Freight Carrier,238.3,286.6,48.3,0.201,Standard Mountain Traffic Flow
174.56,45.0,4.2,18.71,0.215,95,Refrigerated Medical Van,232.7,277.9,45.2,0.179,Standard Mountain Traffic Flow
85.69,15.0,14.5,44.87,0.395,1550,Heavy Supply Truck (16T),342.7,522.8,180.0,0.344,Standard Mountain Traffic Flow
436.98,45.0,8.5,43.8,0.471,350,Refrigerated Medical Van,582.6,1002.8,420.2,0.395,Active Landslide Clearance / Road Blockage
385.33,45.0,8.5,31.19,0.364,350,Refrigerated Medical Van,513.8,726.9,213.1,0.301,Standard Mountain Traffic Flow
358.67,51.7,8.5,22.57,0.375,350,Light Disaster Utility (4WD),415.9,576.7,160.8,0.296,Standard Mountain Traffic Flow
53.13,20.0,31.4,17.13,0.772,4170,4x4 Hill Freight Carrier,159.4,435.3,275.9,0.566,Active Landslide Clearance / Road Blockage
63.82,33.8,12.8,4.3,0.417,240,Heavy Supply Truck (16T),113.5,175.8,62.4,0.298,Standard Mountain Traffic Flow
279.37,33.8,8.5,4.72,0.331,350,Heavy Supply Truck (16T),496.7,617.1,120.4,0.239,Standard Mountain Traffic Flow
219.17,33.8,6.0,22.54,0.262,320,Heavy Supply Truck (16T),389.6,489.3,99.7,0.217,Standard Mountain Traffic Flow
52.7,30.0,16.0,60.75,0.619,2100,4x4 Hill Freight Carrier,105.4,208.5,103.1,0.524,Torrential Rainfall & Reduced Visibility
135.21,15.0,14.5,29.51,0.278,1550,Heavy Supply Truck (16T),540.9,706.9,166.0,0.239,Standard Mountain Traffic Flow
44.92,34.5,16.0,85.93,0.693,2100,Light Disaster Utility (4WD),78.1,176.3,98.1,0.614,Torrential Rainfall & Reduced Visibility
66.27,45.0,12.8,54.05,0.535,240,4x4 Hill Freight Carrier,88.4,206.2,117.9,0.456,Active Landslide Clearance / Road Blockage
535.99,45.0,21.0,30.58,0.739,1650,Refrigerated Medical Van,714.6,1599.1,884.5,0.563,Active Landslide Clearance / Road Blockage
80.91,33.8,12.8,9.18,0.403,240,Heavy Supply Truck (16T),143.8,211.3,67.5,0.296,Standard Mountain Traffic Flow
79.84,15.0,31.4,38.77,0.867,4170,Heavy Supply Truck (16T),319.3,984.4,665.1,0.665,Active Landslide Clearance / Road Blockage
62.25,30.0,16.0,111.4,0.892,2100,Refrigerated Medical Van,124.5,426.1,301.6,0.792,Active Landslide Clearance / Road Blockage
269.85,51.7,22.0,121.34,1.0,1400,Light Disaster Utility (4WD),312.9,1226.1,913.2,0.882,Active Landslide Clearance / Road Blockage
197.12,51.7,4.2,1.22,0.179,95,Light Disaster Utility (4WD),228.5,246.5,17.9,0.127,Standard Mountain Traffic Flow
200.11,33.8,6.0,18.45,0.271,320,Heavy Supply Truck (16T),355.8,442.8,87.1,0.217,Standard Mountain Traffic Flow
268.34,33.8,8.5,16.7,0.386,350,Heavy Supply Truck (16T),477.1,654.2,177.2,0.295,Standard Mountain Traffic Flow
430.82,33.8,18.0,11.2,0.562,1500,Heavy Supply Truck (16T),765.9,1243.2,477.2,0.41,Standard Mountain Traffic Flow
402.86,33.8,18.0,2.05,0.525,1500,Heavy Supply Truck (16T),716.2,1082.6,366.4,0.37,Standard Mountain Traffic Flow
61.26,45.0,12.8,13.17,0.414,240,Refrigerated Medical Van,81.7,113.8,32.1,0.31,Standard Mountain Traffic Flow
69.0,45.0,12.8,32.56,0.431,240,Refrigerated Medical Van,92.0,139.3,47.3,0.35,Standard Mountain Traffic Flow
63.3,15.0,31.4,4.01,0.782,4170,Heavy Supply Truck (16T),253.2,691.4,438.2,0.553,Active Landslide Clearance / Road Blockage
177.99,51.7,22.0,27.32,0.67,1400,Light Disaster Utility (4WD),206.4,455.2,248.9,0.51,Active Landslide Clearance / Road Blockage
196.78,33.8,6.0,51.65,0.315,320,Heavy Supply Truck (16T),349.8,510.2,160.4,0.298,Standard Mountain Traffic Flow
208.82,45.0,22.0,16.41,0.731,1400,4x4 Hill Freight Carrier,278.4,637.4,358.9,0.536,Active Landslide Clearance / Road Blockage
83.65,34.5,26.5,72.61,0.792,2450,Light Disaster Utility (4WD),145.5,351.1,205.6,0.663,Torrential Rainfall & Reduced Visibility
439.79,45.0,8.5,42.82,0.354,350,Refrigerated Medical Van,586.4,857.0,270.6,0.312,Standard Mountain Traffic Flow
113.52,30.0,26.5,2.87,0.553,2450,Refrigerated Medical Van,227.0,355.5,128.5,0.392,Steep Mountain Grade & Hairpin Bends
718.01,45.0,21.0,26.2,0.68,1650,Refrigerated Medical Van,957.3,1847.9,890.6,0.515,Steep Mountain Grade & Hairpin Bends
165.36,45.0,4.2,1.76,0.102,95,4x4 Hill Freight Carrier,220.5,228.2,7.8,0.074,Standard Mountain Traffic Flow
65.42,33.8,12.8,55.04,0.634,240,Heavy Supply Truck (16T),116.3,259.8,143.5,0.526,Standard Mountain Traffic Flow
360.43,51.7,18.0,27.22,0.643,1500,Light Disaster Utility (4WD),417.9,777.0,359.1,0.491,Standard Mountain Traffic Flow
53.57,45.0,12.8,0.81,0.391,240,Refrigerated Medical Van,71.4,133.9,62.5,0.275,Active Landslide Clearance / Road Blockage
712.36,45.0,21.0,33.74,0.805,1650,Refrigerated Medical Van,949.8,2223.4,1273.6,0.614,Active Landslide Clearance / Road Blockage
162.24,45.0,6.0,4.04,0.255,320,4x4 Hill Freight Carrier,216.3,250.3,34.0,0.185,Standard Mountain Traffic Flow
134.5,30.0,26.5,98.69,0.935,2450,4x4 Hill Freight Carrier,269.0,950.3,681.3,0.802,Active Landslide Clearance / Road Blockage
57.59,20.0,31.4,3.35,0.75,4170,4x4 Hill Freight Carrier,172.8,505.8,333.0,0.53,Active Landslide Clearance / Road Blockage
208.79,33.8,6.0,36.45,0.43,320,Heavy Supply Truck (16T),371.2,568.8,197.6,0.356,Standard Mountain Traffic Flow
442.92,51.7,8.5,1.74,0.319,350,Light Disaster Utility (4WD),513.5,623.0,109.4,0.226,Standard Mountain Traffic Flow
155.05,33.8,6.0,30.69,0.365,320,Heavy Supply Truck (16T),275.6,389.9,114.3,0.302,Standard Mountain Traffic Flow
55.08,45.0,12.8,95.08,0.734,240,Refrigerated Medical Van,73.4,253.2,179.8,0.657,Active Landslide Clearance / Road Blockage
701.22,51.7,21.0,5.8,0.6,1650,Light Disaster Utility (4WD),813.0,1355.5,542.5,0.429,Steep Mountain Grade & Hairpin Bends
75.25,30.0,24.2,20.46,0.723,3200,4x4 Hill Freight Carrier,150.5,300.2,149.7,0.537,Steep Mountain Grade & Hairpin Bends
48.32,22.5,16.0,72.84,0.642,2100,Heavy Supply Truck (16T),128.8,268.7,139.9,0.559,Torrential Rainfall & Reduced Visibility
48.74,45.0,12.8,31.15,0.445,240,4x4 Hill Freight Carrier,65.0,99.3,34.3,0.358,Standard Mountain Traffic Flow
274.86,45.0,22.0,27.02,0.735,1400,Refrigerated Medical Van,366.5,753.0,386.5,0.555,Steep Mountain Grade & Hairpin Bends
82.36,20.0,31.4,11.11,0.656,4170,4x4 Hill Freight Carrier,247.1,682.8,435.7,0.476,Active Landslide Clearance / Road Blockage
78.36,30.0,24.2,10.48,0.602,3200,Refrigerated Medical Van,156.7,265.6,108.9,0.437,Steep Mountain Grade & Hairpin Bends
100.63,22.5,26.5,24.94,0.695,2450,Heavy Supply Truck (16T),268.3,621.9,353.6,0.524,Active Landslide Clearance / Road Blockage
59.94,34.5,16.0,3.28,0.384,2100,Light Disaster Utility (4WD),104.2,135.7,31.5,0.274,Standard Mountain Traffic Flow
98.25,30.0,24.2,71.25,0.938,3200,4x4 Hill Freight Carrier,196.5,546.6,350.1,0.763,Torrential Rainfall & Reduced Visibility
99.35,34.5,24.2,10.77,0.66,3200,Light Disaster Utility (4WD),172.8,394.5,221.7,0.478,Active Landslide Clearance / Road Blockage
78.98,30.0,24.2,2.93,0.7,3200,Refrigerated Medical Van,158.0,365.7,207.8,0.494,Active Landslide Clearance / Road Blockage
48.13,45.0,12.8,30.94,0.456,240,4x4 Hill Freight Carrier,64.2,99.1,34.9,0.366,Standard Mountain Traffic Flow
50.65,45.0,12.8,3.08,0.338,240,Refrigerated Medical Van,67.5,83.9,16.4,0.241,Standard Mountain Traffic Flow
120.87,30.0,26.5,23.12,0.726,2450,4x4 Hill Freight Carrier,241.7,664.2,422.4,0.543,Active Landslide Clearance / Road Blockage
198.07,33.8,6.0,29.73,0.388,320,Heavy Supply Truck (16T),352.1,506.7,154.6,0.316,Standard Mountain Traffic Flow
213.36,33.8,4.2,53.58,0.329,95,Heavy Supply Truck (16T),379.3,562.9,183.6,0.311,Standard Mountain Traffic Flow
515.48,51.7,18.0,5.36,0.596,1500,Light Disaster Utility (4WD),597.7,990.3,392.7,0.425,Standard Mountain Traffic Flow
62.41,22.5,16.0,127.22,0.949,2100,Heavy Supply Truck (16T),166.4,693.5,527.0,0.855,Active Landslide Clearance / Road Blockage
310.57,51.7,8.5,48.07,0.483,350,Light Disaster Utility (4WD),360.1,602.1,242.1,0.41,Standard Mountain Traffic Flow
137.97,30.0,26.5,14.48,0.623,2450,Refrigerated Medical Van,275.9,484.1,208.2,0.458,Steep Mountain Grade & Hairpin Bends
428.3,45.0,18.0,16.87,0.496,1500,Refrigerated Medical Van,571.1,927.6,356.5,0.373,Active Landslide Clearance / Road Blockage
465.7,33.8,8.5,84.78,0.589,350,Heavy Supply Truck (16T),827.9,1690.1,862.2,0.54,Torrential Rainfall & Reduced Visibility
295.15,33.8,8.5,62.32,0.485,350,Heavy Supply Truck (16T),524.7,916.4,391.7,0.433,Torrential Rainfall & Reduced Visibility
292.25,45.0,18.0,9.36,0.6,1500,4x4 Hill Freight Carrier,389.7,656.5,266.8,0.434,Standard Mountain Traffic Flow
138.1,34.5,26.5,30.09,0.652,2450,Light Disaster Utility (4WD),240.2,639.7,399.6,0.502,Active Landslide Clearance / Road Blockage
282.79,45.0,18.0,14.12,0.62,1500,4x4 Hill Freight Carrier,377.1,658.9,281.9,0.455,Standard Mountain Traffic Flow
266.33,45.0,22.0,4.74,0.642,1400,Refrigerated Medical Van,355.1,663.8,308.7,0.457,Active Landslide Clearance / Road Blockage
232.98,45.0,22.0,27.19,0.792,1400,4x4 Hill Freight Carrier,310.6,745.1,434.5,0.595,Active Landslide Clearance / Road Blockage
63.32,30.0,24.2,72.09,0.948,3200,4x4 Hill Freight Carrier,126.6,596.2,469.6,0.772,Active Landslide Clearance / Road Blockage
39.82,30.0,16.0,9.24,0.388,2100,Refrigerated Medical Van,79.6,106.5,26.9,0.286,Standard Mountain Traffic Flow
271.76,33.8,22.0,100.96,1.0,1400,Heavy Supply Truck (16T),483.1,1700.1,1216.9,0.851,Active Landslide Clearance / Road Blockage
138.73,45.0,6.0,113.74,0.718,320,Refrigerated Medical Van,185.0,686.2,501.2,0.673,Active Landslide Clearance / Road Blockage
292.68,45.0,8.5,10.68,0.308,350,Refrigerated Medical Van,390.2,486.2,96.0,0.232,Standard Mountain Traffic Flow
740.43,45.0,21.0,14.26,0.632,1650,Refrigerated Medical Van,987.2,1749.4,762.2,0.464,Steep Mountain Grade & Hairpin Bends
297.35,45.0,18.0,12.57,0.572,1500,4x4 Hill Freight Carrier,396.5,653.2,256.8,0.419,Standard Mountain Traffic Flow
106.95,20.0,14.5,5.47,0.207,1550,Refrigerated Medical Van,320.8,359.8,38.9,0.153,Standard Mountain Traffic Flow
514.16,33.8,18.0,51.59,0.709,1500,Heavy Supply Truck (16T),914.1,1994.2,1080.1,0.574,Active Landslide Clearance / Road Blockage
86.66,20.0,14.5,26.08,0.276,1550,4x4 Hill Freight Carrier,260.0,334.8,74.8,0.232,Standard Mountain Traffic Flow
464.04,51.7,8.5,20.6,0.353,350,Light Disaster Utility (4WD),538.0,725.5,187.5,0.278,Standard Mountain Traffic Flow
101.09,34.5,24.2,39.49,0.838,3200,Light Disaster Utility (4WD),175.8,415.0,239.2,0.646,Steep Mountain Grade & Hairpin Bends
318.01,33.8,18.0,13.45,0.543,1500,Heavy Supply Truck (16T),565.4,904.8,339.5,0.4,Standard Mountain Traffic Flow
101.1,34.5,26.5,22.96,0.682,2450,Light Disaster Utility (4WD),175.8,576.4,400.6,0.512,Active Landslide Clearance / Road Blockage
61.14,45.0,12.8,50.79,0.622,240,Refrigerated Medical Van,81.5,199.5,118.0,0.512,Active Landslide Clearance / Road Blockage
136.38,30.0,26.5,15.88,0.628,2450,4x4 Hill Freight Carrier,272.8,483.2,210.4,0.463,Steep Mountain Grade & Hairpin Bends
660.43,33.8,21.0,29.83,0.665,1650,Heavy Supply Truck (16T),1174.1,2249.9,1075.8,0.51,Steep Mountain Grade & Hairpin Bends
84.82,20.0,14.5,0.5,0.169,1550,Refrigerated Medical Van,254.5,271.7,17.3,0.119,Standard Mountain Traffic Flow
762.2,33.8,21.0,8.09,0.667,1650,Heavy Supply Truck (16T),1355.0,2562.3,1207.3,0.479,Active Landslide Clearance / Road Blockage
248.16,51.7,22.0,5.32,0.629,1400,Light Disaster Utility (4WD),287.7,553.6,265.9,0.449,Active Landslide Clearance / Road Blockage
134.03,34.5,26.5,59.81,0.891,2450,Light Disaster Utility (4WD),233.1,679.0,445.9,0.714,Active Landslide Clearance / Road Blockage
143.47,45.0,4.2,0.61,0.097,95,4x4 Hill Freight Carrier,191.3,196.5,5.2,0.069,Standard Mountain Traffic Flow
417.66,45.0,18.0,18.23,0.581,1500,4x4 Hill Freight Carrier,556.9,976.9,420.0,0.434,Active Landslide Clearance / Road Blockage
416.85,33.8,8.5,17.54,0.351,350,Heavy Supply Truck (16T),741.1,985.8,244.7,0.272,Standard Mountain Traffic Flow
126.01,22.5,26.5,7.96,0.63,2450,Heavy Supply Truck (16T),336.0,607.7,271.7,0.453,Steep Mountain Grade & Hairpin Bends
92.71,34.5,26.5,29.67,0.762,2450,Light Disaster Utility (4WD),161.2,550.0,388.8,0.578,Active Landslide Clearance / Road Blockage
376.37,33.8,18.0,8.96,0.575,1500,Heavy Supply Truck (16T),669.1,1094.7,425.6,0.416,Standard Mountain Traffic Flow
601.38,45.0,21.0,20.08,0.722,1650,Refrigerated Medical Van,801.8,1596.5,794.6,0.536,Steep Mountain Grade & Hairpin Bends
39.61,34.5,16.0,29.57,0.397,2100,Light Disaster Utility (4WD),68.9,100.0,31.1,0.323,Standard Mountain Traffic Flow
257.16,51.7,22.0,74.58,0.807,1400,Light Disaster Utility (4WD),298.2,934.6,636.4,0.677,Active Landslide Clearance / Road Blockage
109.35,20.0,14.5,38.05,0.321,1550,4x4 Hill Freight Carrier,328.0,458.2,130.1,0.281,Standard Mountain Traffic Flow
322.44,45.0,18.0,18.71,0.727,1500,4x4 Hill Freight Carrier,429.9,857.4,427.5,0.537,Standard Mountain Traffic Flow
311.06,45.0,8.5,73.9,0.594,350,Refrigerated Medical Van,414.8,866.8,452.0,0.527,Active Landslide Clearance / Road Blockage
192.52,45.0,6.0,23.49,0.307,320,Refrigerated Medical Van,256.7,335.9,79.2,0.25,Standard Mountain Traffic Flow
191.47,33.8,22.0,14.14,0.719,1400,Heavy Supply Truck (16T),340.4,797.3,456.9,0.524,Active Landslide Clearance / Road Blockage
131.77,20.0,14.5,7.47,0.17,1550,4x4 Hill Freight Carrier,395.3,436.1,40.8,0.13,Standard Mountain Traffic Flow
49.42,33.8,12.8,15.64,0.422,240,Heavy Supply Truck (16T),87.9,158.4,70.5,0.319,Active Landslide Clearance / Road Blockage
371.87,51.7,8.5,2.64,0.311,350,Light Disaster Utility (4WD),431.2,520.9,89.8,0.221,Standard Mountain Traffic Flow
142.96,22.5,26.5,32.94,0.744,2450,Heavy Supply Truck (16T),381.2,868.9,487.7,0.57,Active Landslide Clearance / Road Blockage
509.25,33.8,18.0,5.76,0.461,1500,Heavy Supply Truck (16T),905.3,1291.5,386.2,0.332,Standard Mountain Traffic Flow
401.16,33.8,8.5,8.45,0.36,350,Heavy Supply Truck (16T),713.2,970.3,257.2,0.265,Active Landslide Clearance / Road Blockage
190.67,45.0,6.0,66.9,0.524,320,4x4 Hill Freight Carrier,254.2,466.5,212.2,0.467,Torrential Rainfall & Reduced Visibility
273.61,33.8,8.5,12.06,0.402,350,Heavy Supply Truck (16T),486.4,666.5,180.1,0.299,Standard Mountain Traffic Flow
198.29,51.7,6.0,7.15,0.214,320,Light Disaster Utility (4WD),229.9,261.0,31.1,0.16,Standard Mountain Traffic Flow
309.54,51.7,8.5,9.91,0.247,350,Light Disaster Utility (4WD),358.9,423.2,64.3,0.188,Standard Mountain Traffic Flow
63.47,22.5,24.2,63.46,0.85,3200,Heavy Supply Truck (16T),169.3,425.0,255.7,0.69,Torrential Rainfall & Reduced Visibility
144.64,20.0,14.5,12.54,0.278,1550,4x4 Hill Freight Carrier,433.9,530.3,96.4,0.213,Standard Mountain Traffic Flow
194.06,51.7,22.0,5.22,0.697,1400,Light Disaster Utility (4WD),225.0,618.0,393.0,0.496,Active Landslide Clearance / Road Blockage
664.96,33.8,21.0,1.38,0.531,1650,Heavy Supply Truck (16T),1182.1,1795.0,612.8,0.374,Steep Mountain Grade & Hairpin Bends
65.6,23.0,31.4,44.06,0.944,4170,Light Disaster Utility (4WD),171.1,455.8,284.6,0.727,Steep Mountain Grade & Hairpin Bends
73.85,45.0,12.8,15.34,0.405,240,Refrigerated Medical Van,98.5,137.0,38.5,0.307,Standard Mountain Traffic Flow
428.89,51.7,8.5,19.84,0.389,350,Light Disaster Utility (4WD),497.3,691.9,194.6,0.302,Standard Mountain Traffic Flow
254.23,33.8,4.2,71.5,0.431,95,Heavy Supply Truck (16T),452.0,772.2,320.2,0.409,Torrential Rainfall & Reduced Visibility
50.79,33.8,12.8,49.06,0.574,240,Heavy Supply Truck (16T),90.3,165.6,75.3,0.475,Standard Mountain Traffic Flow
58.59,30.0,16.0,10.24,0.427,2100,Refrigerated Medical Van,117.2,163.8,46.6,0.314,Standard Mountain Traffic Flow
64.96,45.0,12.8,31.08,0.415,240,4x4 Hill Freight Carrier,86.6,128.6,42.0,0.337,Standard Mountain Traffic Flow
280.1,45.0,18.0,96.84,0.909,1500,Refrigerated Medical Van,373.5,1284.6,911.1,0.782,Active Landslide Clearance / Road Blockage
405.17,51.7,8.5,51.89,0.474,350,Light Disaster Utility (4WD),469.8,787.6,317.9,0.41,Standard Mountain Traffic Flow
279.21,45.0,18.0,23.43,0.61,1500,Refrigerated Medical Van,372.3,660.3,288.0,0.462,Standard Mountain Traffic Flow
83.35,20.0,14.5,34.6,0.16,1550,4x4 Hill Freight Carrier,250.1,308.1,58.0,0.164,Standard Mountain Traffic Flow
112.92,23.0,14.5,43.46,0.294,1550,Light Disaster Utility (4WD),294.6,410.8,116.2,0.271,Standard Mountain Traffic Flow
120.36,30.0,26.5,5.68,0.6,2450,Refrigerated Medical Van,240.7,401.2,160.5,0.429,Steep Mountain Grade & Hairpin Bends
303.3,45.0,22.0,28.49,0.724,1400,Refrigerated Medical Van,404.4,824.2,419.8,0.55,Steep Mountain Grade & Hairpin Bends
427.38,45.0,18.0,8.76,0.557,1500,Refrigerated Medical Van,569.8,912.5,342.7,0.403,Standard Mountain Traffic Flow
133.53,20.0,14.5,51.08,0.384,1550,4x4 Hill Freight Carrier,400.6,617.6,217.0,0.346,Standard Mountain Traffic Flow
173.36,33.8,6.0,42.01,0.409,320,Heavy Supply Truck (16T),308.2,471.5,163.3,0.349,Standard Mountain Traffic Flow
191.94,45.0,22.0,23.75,0.702,1400,4x4 Hill Freight Carrier,255.9,629.2,373.3,0.527,Active Landslide Clearance / Road Blockage
447.14,51.7,8.5,58.17,0.518,350,Light Disaster Utility (4WD),518.4,922.7,404.3,0.45,Standard Mountain Traffic Flow
278.23,33.8,8.5,2.85,0.321,350,Heavy Supply Truck (16T),494.6,603.8,109.2,0.229,Standard Mountain Traffic Flow
85.46,34.5,26.5,38.19,0.714,2450,Light Disaster Utility (4WD),148.6,306.8,158.1,0.557,Steep Mountain Grade & Hairpin Bends
155.01,33.8,4.2,29.28,0.296,95,Heavy Supply Truck (16T),275.6,365.3,89.7,0.251,Standard Mountain Traffic Flow
92.5,34.5,26.5,30.58,0.673,2450,Light Disaster Utility (4WD),160.9,311.6,150.7,0.517,Steep Mountain Grade & Hairpin Bends
94.57,15.0,14.5,37.52,0.343,1550,Heavy Supply Truck (16T),378.3,537.5,159.2,0.296,Standard Mountain Traffic Flow
48.0,45.0,12.8,16.73,0.468,240,Refrigerated Medical Van,64.0,117.7,53.7,0.353,Standard Mountain Traffic Flow
69.67,33.8,12.8,42.67,0.521,240,Heavy Supply Truck (16T),123.9,211.7,87.8,0.429,Standard Mountain Traffic Flow
134.28,20.0,14.5,82.54,0.461,1550,Refrigerated Medical Van,402.8,729.3,326.5,0.447,Torrential Rainfall & Reduced Visibility
400.01,33.8,18.0,90.04,0.764,1500,Heavy Supply Truck (16T),711.1,1732.4,1021.3,0.67,Torrential Rainfall & Reduced Visibility
133.8,34.5,26.5,20.38,0.701,2450,Light Disaster Utility (4WD),232.7,589.7,357.0,0.521,Active Landslide Clearance / Road Blockage
48.02,30.0,16.0,56.28,0.588,2100,Refrigerated Medical Van,96.0,212.2,116.1,0.496,Standard Mountain Traffic Flow
394.8,45.0,18.0,25.51,0.68,1500,4x4 Hill Freight Carrier,526.4,1014.7,488.3,0.515,Standard Mountain Traffic Flow
149.86,33.8,6.0,47.39,0.305,320,Heavy Supply Truck (16T),266.4,379.8,113.4,0.285,Standard Mountain Traffic Flow
68.23,30.0,24.2,8.19,0.644,3200,4x4 Hill Freight Carrier,136.5,241.0,104.5,0.463,Steep Mountain Grade & Hairpin Bends
140.59,22.5,26.5,10.92,0.616,2450,Heavy Supply Truck (16T),374.9,646.3,271.4,0.448,Steep Mountain Grade & Hairpin Bends
99.47,20.0,14.5,1.07,0.121,1550,Refrigerated Medical Van,298.4,310.7,12.3,0.086,Standard Mountain Traffic Flow
159.06,51.7,6.0,23.57,0.212,320,Light Disaster Utility (4WD),184.4,224.2,39.8,0.184,Standard Mountain Traffic Flow
109.08,20.0,14.5,101.02,0.621,1550,4x4 Hill Freight Carrier,327.3,714.7,387.4,0.586,Torrential Rainfall & Reduced Visibility
574.64,33.8,21.0,8.96,0.623,1650,Heavy Supply Truck (16T),1021.6,1764.1,742.6,0.449,Steep Mountain Grade & Hairpin Bends
426.13,45.0,8.5,6.92,0.228,350,Refrigerated Medical Van,568.2,651.3,83.1,0.17,Standard Mountain Traffic Flow
700.11,45.0,21.0,0.64,0.674,1650,Refrigerated Medical Van,933.5,1781.6,848.1,0.473,Active Landslide Clearance / Road Blockage
74.07,20.0,31.4,6.88,0.727,4170,4x4 Hill Freight Carrier,222.2,429.9,207.7,0.519,Steep Mountain Grade & Hairpin Bends
55.41,34.5,16.0,1.61,0.369,2100,Light Disaster Utility (4WD),96.4,122.7,26.4,0.26,Standard Mountain Traffic Flow
487.17,33.8,18.0,13.04,0.593,1500,Heavy Supply Truck (16T),866.1,1463.4,597.3,0.435,Standard Mountain Traffic Flow
127.98,15.0,14.5,11.54,0.225,1550,Heavy Supply Truck (16T),511.9,597.2,85.3,0.175,Standard Mountain Traffic Flow
274.35,33.8,8.5,6.54,0.24,350,Heavy Supply Truck (16T),487.7,563.4,75.6,0.178,Standard Mountain Traffic Flow
467.4,45.0,8.5,112.51,0.764,350,Refrigerated Medical Van,623.2,1739.3,1116.1,0.704,Active Landslide Clearance / Road Blockage
53.4,45.0,12.8,36.36,0.485,240,Refrigerated Medical Van,71.2,115.2,44.0,0.394,Standard Mountain Traffic Flow
435.12,45.0,18.0,135.64,1.0,1500,Refrigerated Medical Van,580.2,1901.9,1321.7,0.903,Torrential Rainfall & Reduced Visibility
81.97,23.0,14.5,3.62,0.135,1550,Light Disaster Utility (4WD),213.8,227.0,13.2,0.1,Standard Mountain Traffic Flow
33.72,30.0,16.0,225.76,1.0,2100,Refrigerated Medical Van,67.4,251.4,184.0,0.98,Torrential Rainfall & Reduced Visibility
248.71,51.7,22.0,10.7,0.724,1400,Light Disaster Utility (4WD),288.4,561.6,273.3,0.523,Steep Mountain Grade & Hairpin Bends
161.25,51.7,4.2,10.05,0.228,95,Light Disaster Utility (4WD),187.0,217.2,30.3,0.174,Standard Mountain Traffic Flow
63.6,45.0,12.8,2.42,0.327,240,Refrigerated Medical Van,84.8,104.0,19.2,0.233,Standard Mountain Traffic Flow
43.88,51.7,12.8,3.24,0.397,240,Light Disaster Utility (4WD),50.9,67.2,16.3,0.283,Standard Mountain Traffic Flow
52.34,30.0,16.0,48.56,0.567,2100,4x4 Hill Freight Carrier,104.7,190.4,85.8,0.47,Standard Mountain Traffic Flow
110.39,20.0,14.5,13.47,0.206,1550,Refrigerated Medical Van,331.2,384.3,53.1,0.164,Standard Mountain Traffic Flow
370.75,33.8,8.5,20.05,0.384,350,Heavy Supply Truck (16T),659.1,913.6,254.5,0.299,Standard Mountain Traffic Flow
76.73,20.0,31.4,87.67,1.0,4170,4x4 Hill Freight Carrier,230.2,754.2,524.0,0.832,Active Landslide Clearance / Road Blockage
82.72,20.0,14.5,6.22,0.322,1550,Refrigerated Medical Van,248.1,307.5,59.4,0.235,Standard Mountain Traffic Flow
44.43,45.0,12.8,40.8,0.479,240,4x4 Hill Freight Carrier,59.2,96.5,37.3,0.397,Standard Mountain Traffic Flow
108.05,30.0,24.2,5.04,0.661,3200,4x4 Hill Freight Carrier,216.1,385.6,169.5,0.47,Steep Mountain Grade & Hairpin Bends
62.67,20.0,31.4,8.59,0.686,4170,4x4 Hill Freight Carrier,188.0,348.8,160.8,0.493,Steep Mountain Grade & Hairpin Bends
177.05,45.0,6.0,15.7,0.247,320,4x4 Hill Freight Carrier,236.1,285.1,49.1,0.197,Standard Mountain Traffic Flow
320.48,45.0,22.0,1.73,0.63,1400,4x4 Hill Freight Carrier,427.3,781.4,354.1,0.444,Active Landslide Clearance / Road Blockage
48.65,30.0,16.0,22.46,0.477,2100,Refrigerated Medical Van,97.3,189.6,92.3,0.368,Active Landslide Clearance / Road Blockage
38.62,30.0,16.0,6.61,0.45,2100,4x4 Hill Freight Carrier,77.2,109.1,31.9,0.325,Standard Mountain Traffic Flow
73.87,30.0,24.2,3.71,0.551,3200,4x4 Hill Freight Carrier,147.7,231.3,83.5,0.391,Steep Mountain Grade & Hairpin Bends
79.87,33.8,12.8,0.67,0.382,240,Heavy Supply Truck (16T),142.0,182.6,40.6,0.268,Standard Mountain Traffic Flow
156.25,51.7,6.0,4.37,0.268,320,Light Disaster Utility (4WD),181.2,212.2,31.1,0.194,Standard Mountain Traffic Flow
311.17,33.8,18.0,35.86,0.724,1500,Heavy Supply Truck (16T),553.2,1147.0,593.8,0.56,Standard Mountain Traffic Flow
466.0,33.8,8.5,35.32,0.452,350,Heavy Supply Truck (16T),828.4,1291.8,463.4,0.369,Standard Mountain Traffic Flow
70.91,30.0,24.2,8.37,0.632,3200,Refrigerated Medical Van,141.8,247.2,105.3,0.455,Steep Mountain Grade & Hairpin Bends
293.51,45.0,18.0,36.45,0.691,1500,Refrigerated Medical Van,391.4,907.9,516.6,0.538,Active Landslide Clearance / Road Blockage
462.09,45.0,8.5,31.52,0.365,350,Refrigerated Medical Van,616.1,873.8,257.7,0.303,Standard Mountain Traffic Flow
373.15,45.0,18.0,1.58,0.465,1500,4x4 Hill Freight Carrier,497.5,739.7,242.1,0.328,Active Landslide Clearance / Road Blockage
86.86,23.0,14.5,15.37,0.302,1550,Light Disaster Utility (4WD),226.6,286.0,59.4,0.234,Standard Mountain Traffic Flow
435.91,33.8,8.5,5.0,0.267,350,Heavy Supply Truck (16T),775.0,909.4,134.4,0.194,Standard Mountain Traffic Flow
338.11,45.0,8.5,14.02,0.355,350,Refrigerated Medical Van,450.8,594.3,143.5,0.27,Standard Mountain Traffic Flow
200.73,45.0,6.0,6.34,0.223,320,4x4 Hill Freight Carrier,267.6,304.9,37.3,0.166,Standard Mountain Traffic Flow
227.19,33.8,22.0,3.35,0.619,1400,Heavy Supply Truck (16T),403.9,682.9,279.0,0.438,Steep Mountain Grade & Hairpin Bends
320.38,45.0,22.0,45.52,0.847,1400,Refrigerated Medical Van,427.2,1031.6,604.4,0.661,Steep Mountain Grade & Hairpin Bends
191.02,45.0,4.2,25.92,0.229,95,4x4 Hill Freight Carrier,254.7,316.5,61.8,0.199,Standard Mountain Traffic Flow
90.37,15.0,14.5,14.28,0.28,1550,Heavy Supply Truck (16T),361.5,445.8,84.3,0.217,Standard Mountain Traffic Flow
108.44,30.0,24.2,31.0,0.789,3200,Refrigerated Medical Van,216.9,476.7,259.9,0.598,Steep Mountain Grade & Hairpin Bends
88.4,20.0,31.4,75.69,1.0,4170,4x4 Hill Freight Carrier,265.2,853.4,588.2,0.814,Active Landslide Clearance / Road Blockage
49.6,30.0,16.0,40.47,0.571,2100,Refrigerated Medical Van,99.2,177.2,78.0,0.461,Standard Mountain Traffic Flow
316.28,45.0,18.0,47.9,0.782,1500,Refrigerated Medical Van,421.7,1141.8,720.1,0.619,Active Landslide Clearance / Road Blockage
184.96,51.7,22.0,18.7,0.7,1400,Light Disaster Utility (4WD),214.5,463.4,249.0,0.518,Active Landslide Clearance / Road Blockage
583.32,45.0,21.0,23.95,0.645,1650,Refrigerated Medical Van,777.8,1436.7,659.0,0.488,Steep Mountain Grade & Hairpin Bends
120.9,20.0,14.5,32.67,0.288,1550,Refrigerated Medical Van,362.7,483.6,120.9,0.25,Standard Mountain Traffic Flow
190.13,45.0,22.0,57.22,0.906,1400,4x4 Hill Freight Carrier,253.5,741.2,487.7,0.72,Active Landslide Clearance / Road Blockage
511.4,45.0,18.0,55.46,0.761,1500,4x4 Hill Freight Carrier,681.9,1538.7,856.8,0.616,Standard Mountain Traffic Flow
468.81,45.0,21.0,10.83,0.643,1650,Refrigerated Medical Van,625.1,1111.1,486.0,0.467,Steep Mountain Grade & Hairpin Bends
398.96,51.7,8.5,12.92,0.442,350,Light Disaster Utility (4WD),462.6,662.7,200.1,0.329,Standard Mountain Traffic Flow
52.79,30.0,16.0,8.86,0.475,2100,4x4 Hill Freight Carrier,105.6,154.6,49.0,0.346,Standard Mountain Traffic Flow
569.81,45.0,21.0,55.68,0.847,1650,4x4 Hill Freight Carrier,759.7,2027.8,1268.0,0.677,Active Landslide Clearance / Road Blockage
237.37,45.0,4.2,37.51,0.247,95,4x4 Hill Freight Carrier,316.5,416.8,100.3,0.229,Standard Mountain Traffic Flow
92.64,23.0,14.5,25.24,0.271,1550,Light Disaster Utility (4WD),241.7,309.1,67.4,0.228,Standard Mountain Traffic Flow
141.75,30.0,26.5,18.06,0.705,2450,Refrigerated Medical Van,283.5,551.0,267.5,0.521,Steep Mountain Grade & Hairpin Bends
55.8,20.0,31.4,14.8,0.773,4170,Refrigerated Medical Van,167.4,562.6,395.2,0.563,Active Landslide Clearance / Road Blockage
488.82,33.8,18.0,12.93,0.587,1500,Heavy Supply Truck (16T),869.0,1458.5,589.4,0.43,Standard Mountain Traffic Flow
463.47,45.0,21.0,38.68,0.806,1650,4x4 Hill Freight Carrier,618.0,1540.1,922.1,0.623,Active Landslide Clearance / Road Blockage
70.66,23.0,31.4,45.14,0.866,4170,Light Disaster Utility (4WD),184.3,453.6,269.3,0.674,Steep Mountain Grade & Hairpin Bends
57.65,51.7,12.8,17.56,0.347,240,Light Disaster Utility (4WD),66.8,88.6,21.8,0.269,Standard Mountain Traffic Flow
630.81,45.0,21.0,49.63,0.73,1650,Refrigerated Medical Van,841.1,1928.8,1087.7,0.585,Active Landslide Clearance / Road Blockage
91.02,30.0,24.2,33.33,0.707,3200,Refrigerated Medical Van,182.0,595.4,413.4,0.545,Active Landslide Clearance / Road Blockage
128.03,15.0,14.5,25.82,0.235,1550,Heavy Supply Truck (16T),512.1,638.9,126.7,0.203,Standard Mountain Traffic Flow
97.77,30.0,24.2,0.89,0.633,3200,4x4 Hill Freight Carrier,195.5,333.8,138.3,0.445,Steep Mountain Grade & Hairpin Bends
183.21,45.0,6.0,13.36,0.393,320,4x4 Hill Freight Carrier,244.3,333.4,89.1,0.295,Standard Mountain Traffic Flow
53.14,20.0,31.4,6.45,0.74,4170,Refrigerated Medical Van,159.4,448.9,289.5,0.528,Active Landslide Clearance / Road Blockage
267.81,51.7,8.5,1.15,0.313,350,Light Disaster Utility (4WD),310.5,373.7,63.2,0.221,Standard Mountain Traffic Flow
703.09,51.7,21.0,23.17,0.611,1650,Light Disaster Utility (4WD),815.2,1447.2,632.0,0.463,Steep Mountain Grade & Hairpin Bends
129.49,20.0,14.5,5.53,0.205,1550,Refrigerated Medical Van,388.5,435.0,46.6,0.152,Standard Mountain Traffic Flow
200.59,45.0,22.0,18.53,0.675,1400,4x4 Hill Freight Carrier,267.4,503.2,235.7,0.5,Steep Mountain Grade & Hairpin Bends
194.01,45.0,6.0,31.58,0.305,320,Refrigerated Medical Van,258.7,348.3,89.6,0.261,Standard Mountain Traffic Flow
134.96,23.0,14.5,16.22,0.236,1550,Light Disaster Utility (4WD),352.1,422.6,70.5,0.19,Standard Mountain Traffic Flow
80.24,33.8,12.8,27.21,0.443,240,Heavy Supply Truck (16T),142.7,261.6,119.0,0.351,Active Landslide Clearance / Road Blockage
33.82,30.0,16.0,21.91,0.471,2100,Refrigerated Medical Van,67.6,103.0,35.4,0.363,Standard Mountain Traffic Flow
89.56,20.0,31.4,103.66,1.0,4170,Refrigerated Medical Van,268.7,837.8,569.1,0.855,Torrential Rainfall & Reduced Visibility
115.48,20.0,14.5,18.39,0.261,1550,Refrigerated Medical Van,346.4,427.8,81.4,0.21,Standard Mountain Traffic Flow
181.77,45.0,22.0,18.81,0.745,1400,Refrigerated Medical Van,242.4,493.5,251.1,0.55,Steep Mountain Grade & Hairpin Bends
309.81,51.7,8.5,19.04,0.47,350,Light Disaster Utility (4WD),359.2,541.0,181.8,0.358,Standard Mountain Traffic Flow
100.77,22.5,26.5,5.38,0.54,2450,Heavy Supply Truck (16T),268.7,455.4,186.6,0.386,Active Landslide Clearance / Road Blockage
58.01,30.0,16.0,32.72,0.536,2100,Refrigerated Medical Van,116.0,195.5,79.5,0.424,Standard Mountain Traffic Flow
776.81,33.8,21.0,7.05,0.619,1650,Heavy Supply Truck (16T),1381.0,2377.6,996.6,0.444,Steep Mountain Grade & Hairpin Bends
129.25,15.0,14.5,52.74,0.427,1550,Heavy Supply Truck (16T),517.0,848.2,331.2,0.378,Standard Mountain Traffic Flow
209.12,33.8,22.0,18.46,0.844,1400,Heavy Supply Truck (16T),371.8,1011.6,639.8,0.618,Active Landslide Clearance / Road Blockage
116.63,15.0,14.5,40.72,0.368,1550,Heavy Supply Truck (16T),466.5,703.8,237.3,0.319,Standard Mountain Traffic Flow
375.9,45.0,18.0,41.61,0.602,1500,4x4 Hill Freight Carrier,501.2,973.2,472.0,0.484,Active Landslide Clearance / Road Blockage
146.36,20.0,14.5,9.77,0.115,1550,Refrigerated Medical Van,439.1,474.9,35.8,0.095,Standard Mountain Traffic Flow
46.55,30.0,16.0,58.34,0.612,2100,4x4 Hill Freight Carrier,93.1,181.9,88.8,0.516,Standard Mountain Traffic Flow
274.97,45.0,22.0,64.22,0.924,1400,4x4 Hill Freight Carrier,366.6,1049.8,683.2,0.743,Active Landslide Clearance / Road Blockage
136.51,22.5,26.5,11.97,0.614,2450,Heavy Supply Truck (16T),364.0,657.3,293.3,0.448,Steep Mountain Grade & Hairpin Bends
90.36,30.0,24.2,84.75,0.952,3200,Refrigerated Medical Van,180.7,522.0,341.3,0.794,Torrential Rainfall & Reduced Visibility
300.91,45.0,22.0,15.13,0.689,1400,Refrigerated Medical Van,401.2,844.0,442.8,0.505,Active Landslide Clearance / Road Blockage
105.35,30.0,26.5,14.61,0.646,2450,4x4 Hill Freight Carrier,210.7,379.4,168.7,0.474,Steep Mountain Grade & Hairpin Bends
248.02,51.7,22.0,133.63,1.0,1400,Light Disaster Utility (4WD),287.6,1075.5,788.0,0.9,Active Landslide Clearance / Road Blockage
130.32,45.0,6.0,9.13,0.198,320,Refrigerated Medical Van,173.8,196.7,22.9,0.152,Standard Mountain Traffic Flow
114.14,34.5,24.2,43.68,0.784,3200,Light Disaster Utility (4WD),198.5,544.0,345.5,0.614,Active Landslide Clearance / Road Blockage
65.53,51.7,12.8,38.34,0.581,240,Light Disaster Utility (4WD),76.0,136.2,60.2,0.464,Standard Mountain Traffic Flow
116.96,20.0,14.5,24.14,0.281,1550,Refrigerated Medical Van,350.9,450.3,99.4,0.233,Standard Mountain Traffic Flow
84.51,30.0,26.5,4.04,0.51,2450,Refrigerated Medical Van,169.0,268.7,99.7,0.363,Steep Mountain Grade & Hairpin Bends
417.92,45.0,8.5,0.99,0.295,350,4x4 Hill Freight Carrier,557.2,659.0,101.8,0.208,Standard Mountain Traffic Flow
94.9,30.0,24.2,23.24,0.712,3200,Refrigerated Medical Van,189.8,434.1,244.3,0.533,Active Landslide Clearance / Road Blockage
211.14,51.7,4.2,55.18,0.366,95,Light Disaster Utility (4WD),244.8,376.5,131.7,0.339,Standard Mountain Traffic Flow
322.03,45.0,22.0,16.88,0.749,1400,Refrigerated Medical Van,429.4,956.1,526.7,0.55,Active Landslide Clearance / Road Blockage
120.62,20.0,14.5,15.61,0.229,1550,Refrigerated Medical Van,361.9,430.7,68.9,0.183,Standard Mountain Traffic Flow
285.92,45.0,18.0,12.8,0.616,1500,4x4 Hill Freight Carrier,381.2,660.4,279.1,0.45,Standard Mountain Traffic Flow
468.53,45.0,8.5,9.36,0.261,350,Refrigerated Medical Van,624.7,743.2,118.5,0.197,Standard Mountain Traffic Flow
57.46,34.5,16.0,1.71,0.348,2100,Light Disaster Utility (4WD),99.9,124.8,24.8,0.247,Standard Mountain Traffic Flow
465.22,51.7,8.5,43.62,0.458,350,Light Disaster Utility (4WD),539.4,868.6,329.2,0.386,Standard Mountain Traffic Flow
121.01,34.5,26.5,52.1,0.801,2450,Light Disaster Utility (4WD),210.5,491.0,280.6,0.639,Steep Mountain Grade & Hairpin Bends
54.59,30.0,16.0,77.57,0.694,2100,Refrigerated Medical Van,109.2,387.9,278.7,0.602,Active Landslide Clearance / Road Blockage
136.7,45.0,6.0,22.53,0.322,320,4x4 Hill Freight Carrier,182.3,240.8,58.6,0.26,Standard Mountain Traffic Flow
364.08,45.0,8.5,29.23,0.347,350,Refrigerated Medical Van,485.4,672.1,186.6,0.287,Standard Mountain Traffic Flow
50.04,20.0,31.4,6.5,0.778,4170,Refrigerated Medical Van,150.1,427.7,277.6,0.555,Active Landslide Clearance / Road Blockage
59.24,45.0,12.8,37.63,0.5,240,4x4 Hill Freight Carrier,79.0,172.3,93.3,0.406,Active Landslide Clearance / Road Blockage
54.5,51.7,12.8,15.87,0.397,240,Light Disaster Utility (4WD),63.2,87.4,24.2,0.302,Standard Mountain Traffic Flow
50.72,23.0,31.4,7.52,0.703,4170,Light Disaster Utility (4WD),132.3,446.8,314.5,0.504,Active Landslide Clearance / Road Blockage
167.47,45.0,4.2,2.5,0.116,95,4x4 Hill Freight Carrier,223.3,233.5,10.2,0.085,Standard Mountain Traffic Flow
152.96,33.8,4.2,49.45,0.317,95,Heavy Supply Truck (16T),271.9,394.2,122.3,0.296,Standard Mountain Traffic Flow
128.64,22.5,26.5,74.0,0.898,2450,Heavy Supply Truck (16T),343.0,977.3,634.2,0.739,Active Landslide Clearance / Road Blockage
129.41,34.5,26.5,56.03,0.846,2450,Light Disaster Utility (4WD),225.1,554.8,329.7,0.676,Steep Mountain Grade & Hairpin Bends
57.09,22.5,16.0,21.31,0.494,2100,Heavy Supply Truck (16T),152.2,284.7,132.5,0.378,Active Landslide Clearance / Road Blockage
319.6,45.0,22.0,5.08,0.648,1400,4x4 Hill Freight Carrier,426.1,749.0,322.9,0.461,Steep Mountain Grade & Hairpin Bends
59.39,23.0,31.4,7.14,0.72,4170,Light Disaster Utility (4WD),154.9,297.7,142.7,0.515,Steep Mountain Grade & Hairpin Bends
182.03,33.8,22.0,196.31,1.0,1400,Heavy Supply Truck (16T),323.6,1208.9,885.3,0.98,Active Landslide Clearance / Road Blockage
132.93,22.5,26.5,13.64,0.644,2450,Heavy Supply Truck (16T),354.5,635.6,281.1,0.471,Steep Mountain Grade & Hairpin Bends
140.25,15.0,14.5,78.19,0.553,1550,Heavy Supply Truck (16T),561.0,1089.0,528.0,0.504,Torrential Rainfall & Reduced Visibility
77.41,30.0,26.5,2.35,0.629,2450,4x4 Hill Freight Carrier,154.8,264.3,109.4,0.444,Steep Mountain Grade & Hairpin Bends
88.15,23.0,31.4,18.48,0.735,4170,Light Disaster Utility (4WD),230.0,462.7,232.7,0.542,Steep Mountain Grade & Hairpin Bends
66.14,45.0,12.8,6.27,0.373,240,4x4 Hill Freight Carrier,88.2,114.9,26.7,0.271,Standard Mountain Traffic Flow
184.96,45.0,22.0,24.57,0.661,1400,4x4 Hill Freight Carrier,246.6,464.0,217.3,0.499,Steep Mountain Grade & Hairpin Bends
205.05,45.0,4.2,4.68,0.05,95,4x4 Hill Freight Carrier,273.4,281.8,8.4,0.05,Standard Mountain Traffic Flow
250.54,33.8,22.0,26.43,0.722,1400,Heavy Supply Truck (16T),445.4,947.4,502.0,0.545,Active Landslide Clearance / Road Blockage
55.97,34.5,16.0,37.45,0.505,2100,Light Disaster Utility (4WD),97.3,161.0,63.7,0.409,Standard Mountain Traffic Flow
82.36,20.0,31.4,93.15,1.0,4170,Refrigerated Medical Van,247.1,849.4,602.3,0.84,Active Landslide Clearance / Road Blockage
554.29,33.8,21.0,6.09,0.567,1650,Heavy Supply Truck (16T),985.4,1583.1,597.7,0.406,Steep Mountain Grade & Hairpin Bends
335.79,33.8,8.5,35.82,0.436,350,Heavy Supply Truck (16T),597.0,918.3,321.4,0.359,Standard Mountain Traffic Flow
184.77,45.0,6.0,14.66,0.356,320,Refrigerated Medical Van,246.4,341.2,94.8,0.271,Standard Mountain Traffic Flow
152.18,45.0,4.2,63.92,0.276,95,4x4 Hill Freight Carrier,202.9,299.7,96.8,0.289,Torrential Rainfall & Reduced Visibility
46.14,45.0,12.8,36.81,0.487,240,4x4 Hill Freight Carrier,61.5,99.8,38.3,0.396,Standard Mountain Traffic Flow
82.63,22.5,24.2,25.24,0.739,3200,Heavy Supply Truck (16T),220.3,669.8,449.5,0.555,Active Landslide Clearance / Road Blockage
90.48,15.0,31.4,40.36,0.894,4170,Heavy Supply Truck (16T),361.9,1033.4,671.5,0.686,Active Landslide Clearance / Road Blockage
47.44,22.5,16.0,1.51,0.355,2100,Heavy Supply Truck (16T),126.5,158.8,32.3,0.251,Standard Mountain Traffic Flow
322.14,51.7,18.0,46.89,0.615,1500,Light Disaster Utility (4WD),373.5,710.4,336.9,0.501,Standard Mountain Traffic Flow
102.61,30.0,26.5,57.81,0.79,2450,Refrigerated Medical Van,205.2,479.2,274.0,0.64,Steep Mountain Grade & Hairpin Bends
55.62,30.0,16.0,9.54,0.402,2100,4x4 Hill Freight Carrier,111.2,151.0,39.8,0.295,Standard Mountain Traffic Flow
223.9,45.0,6.0,26.14,0.299,320,Refrigerated Medical Van,298.5,391.9,93.4,0.249,Standard Mountain Traffic Flow
181.88,33.8,6.0,27.22,0.387,320,Heavy Supply Truck (16T),323.3,499.5,176.2,0.312,Active Landslide Clearance / Road Blockage
136.67,45.0,6.0,4.15,0.211,320,4x4 Hill Freight Carrier,182.2,203.8,21.5,0.154,Standard Mountain Traffic Flow
634.93,33.8,21.0,82.73,0.969,1650,Heavy Supply Truck (16T),1128.8,3496.0,2367.3,0.802,Active Landslide Clearance / Road Blockage
40.89,30.0,16.0,1.11,0.365,2100,Refrigerated Medical Van,81.8,103.5,21.7,0.257,Standard Mountain Traffic Flow
135.05,45.0,6.0,39.11,0.351,320,Refrigerated Medical Van,180.1,259.0,78.9,0.304,Standard Mountain Traffic Flow
247.51,45.0,22.0,38.78,0.745,1400,4x4 Hill Freight Carrier,330.0,772.0,442.0,0.58,Active Landslide Clearance / Road Blockage
106.28,20.0,14.5,19.91,0.326,1550,Refrigerated Medical Van,318.8,418.3,99.5,0.258,Standard Mountain Traffic Flow
496.89,45.0,21.0,49.48,0.806,1650,4x4 Hill Freight Carrier,662.5,1726.2,1063.7,0.639,Active Landslide Clearance / Road Blockage
211.66,51.7,4.2,36.07,0.211,95,Light Disaster Utility (4WD),245.4,313.6,68.2,0.202,Standard Mountain Traffic Flow
683.66,51.7,21.0,22.31,0.676,1650,Light Disaster Utility (4WD),792.6,1678.2,885.5,0.507,Active Landslide Clearance / Road Blockage
331.71,51.7,8.5,71.21,0.525,350,Light Disaster Utility (4WD),384.6,749.7,365.1,0.474,Active Landslide Clearance / Road Blockage
127.63,30.0,26.5,47.42,0.778,2450,Refrigerated Medical Van,255.3,717.2,461.9,0.616,Active Landslide Clearance / Road Blockage
306.66,45.0,22.0,9.35,0.731,1400,Refrigerated Medical Van,408.9,800.4,391.5,0.526,Steep Mountain Grade & Hairpin Bends
492.45,45.0,18.0,34.72,0.649,1500,4x4 Hill Freight Carrier,656.6,1306.8,650.2,0.506,Active Landslide Clearance / Road Blockage
82.77,34.5,26.5,60.07,0.772,2450,Light Disaster Utility (4WD),143.9,423.4,279.5,0.631,Active Landslide Clearance / Road Blockage
67.74,20.0,31.4,8.68,0.728,4170,Refrigerated Medical Van,203.2,503.1,299.9,0.522,Active Landslide Clearance / Road Blockage
138.65,51.7,6.0,10.54,0.181,320,Light Disaster Utility (4WD),160.7,181.1,20.3,0.142,Standard Mountain Traffic Flow
563.06,45.0,21.0,41.17,0.866,1650,4x4 Hill Freight Carrier,750.7,1832.0,1081.3,0.668,Steep Mountain Grade & Hairpin Bends
491.78,45.0,18.0,42.41,0.749,1500,Refrigerated Medical Van,655.7,1418.7,763.0,0.588,Standard Mountain Traffic Flow
38.07,30.0,16.0,4.19,0.356,2100,Refrigerated Medical Van,76.1,96.7,20.6,0.255,Standard Mountain Traffic Flow
161.5,51.7,6.0,49.46,0.351,320,Light Disaster Utility (4WD),187.2,319.1,131.8,0.32,Active Landslide Clearance / Road Blockage
181.24,51.7,6.0,31.96,0.384,320,Light Disaster Utility (4WD),210.1,303.8,93.6,0.317,Standard Mountain Traffic Flow
92.47,30.0,26.5,59.94,0.875,2450,Refrigerated Medical Van,184.9,521.4,336.5,0.703,Active Landslide Clearance / Road Blockage
164.43,45.0,6.0,13.0,0.217,320,Refrigerated Medical Van,219.2,256.0,36.7,0.172,Standard Mountain Traffic Flow
63.74,33.8,12.8,2.27,0.327,240,Heavy Supply Truck (16T),113.3,138.9,25.5,0.232,Standard Mountain Traffic Flow
407.66,33.8,8.5,48.77,0.508,350,Heavy Supply Truck (16T),724.7,1284.4,559.7,0.429,Active Landslide Clearance / Road Blockage
126.59,30.0,26.5,32.53,0.766,2450,4x4 Hill Freight Carrier,253.2,545.1,292.0,0.585,Steep Mountain Grade & Hairpin Bends
42.26,22.5,16.0,25.4,0.455,2100,Heavy Supply Truck (16T),112.7,170.8,58.1,0.357,Standard Mountain Traffic Flow
71.38,33.8,12.8,14.29,0.388,240,Heavy Supply Truck (16T),126.9,172.9,46.0,0.293,Standard Mountain Traffic Flow
134.51,23.0,14.5,79.74,0.406,1550,Light Disaster Utility (4WD),350.9,601.4,250.5,0.404,Torrential Rainfall & Reduced Visibility
638.04,45.0,21.0,32.49,0.768,1650,Refrigerated Medical Van,850.7,2041.3,1190.6,0.586,Active Landslide Clearance / Road Blockage
58.8,22.5,16.0,16.09,0.395,2100,Heavy Supply Truck (16T),156.8,235.6,78.8,0.301,Standard Mountain Traffic Flow
46.47,34.5,16.0,7.87,0.46,2100,Light Disaster Utility (4WD),80.8,116.0,35.2,0.334,Standard Mountain Traffic Flow
46.05,51.7,12.8,52.73,0.524,240,Light Disaster Utility (4WD),53.4,94.1,40.7,0.446,Standard Mountain Traffic Flow
195.69,45.0,4.2,27.19,0.216,95,Refrigerated Medical Van,260.9,322.8,61.9,0.192,Standard Mountain Traffic Flow
276.09,51.7,8.5,97.75,0.638,350,Light Disaster Utility (4WD),320.1,704.7,384.6,0.593,Torrential Rainfall & Reduced Visibility
737.14,33.8,21.0,18.47,0.625,1650,Heavy Supply Truck (16T),1310.5,2330.3,1019.8,0.465,Steep Mountain Grade & Hairpin Bends
74.04,15.0,31.4,86.35,1.0,4170,Heavy Supply Truck (16T),296.2,897.9,601.7,0.83,Torrential Rainfall & Reduced Visibility
49.77,15.0,31.4,8.16,0.761,4170,Heavy Supply Truck (16T),199.1,402.2,203.1,0.545,Steep Mountain Grade & Hairpin Bends
449.05,33.8,8.5,19.45,0.31,350,Heavy Supply Truck (16T),798.3,1030.7,232.4,0.246,Standard Mountain Traffic Flow
80.79,45.0,12.8,34.11,0.406,240,4x4 Hill Freight Carrier,107.7,160.1,52.4,0.335,Standard Mountain Traffic Flow
50.0,30.0,16.0,10.89,0.389,2100,4x4 Hill Freight Carrier,100.0,134.6,34.6,0.288,Standard Mountain Traffic Flow
36.14,30.0,16.0,0.04,0.441,2100,4x4 Hill Freight Carrier,72.3,98.8,26.6,0.309,Standard Mountain Traffic Flow
384.2,51.7,8.5,214.2,1.0,350,Light Disaster Utility (4WD),445.4,1635.2,1189.8,0.98,Torrential Rainfall & Reduced Visibility
155.12,45.0,6.0,9.87,0.245,320,Refrigerated Medical Van,206.8,243.3,36.5,0.186,Standard Mountain Traffic Flow
154.94,51.7,6.0,47.23,0.394,320,Light Disaster Utility (4WD),179.6,275.8,96.1,0.347,Standard Mountain Traffic Flow
140.53,15.0,14.5,110.77,0.645,1550,Heavy Supply Truck (16T),562.1,1311.6,749.4,0.618,Torrential Rainfall & Reduced Visibility
84.38,34.5,26.5,61.21,0.81,2450,Light Disaster Utility (4WD),146.8,521.2,374.5,0.659,Active Landslide Clearance / Road Blockage
141.87,45.0,6.0,16.85,0.337,320,4x4 Hill Freight Carrier,189.2,247.9,58.8,0.261,Standard Mountain Traffic Flow
357.57,51.7,8.5,136.07,0.779,350,Light Disaster Utility (4WD),414.6,1120.1,705.5,0.75,Torrential Rainfall & Reduced Visibility
65.39,30.0,24.2,13.16,0.704,3200,Refrigerated Medical Van,130.8,250.5,119.7,0.512,Steep Mountain Grade & Hairpin Bends
100.07,23.0,14.5,39.2,0.158,1550,Light Disaster Utility (4WD),261.1,327.2,66.2,0.169,Standard Mountain Traffic Flow
762.65,45.0,21.0,83.77,0.955,1650,Refrigerated Medical Van,1016.9,2941.7,1924.8,0.794,Torrential Rainfall & Reduced Visibility
408.96,45.0,18.0,52.44,0.748,1500,4x4 Hill Freight Carrier,545.3,1309.2,763.9,0.602,Active Landslide Clearance / Road Blockage
345.26,45.0,8.5,11.43,0.235,350,Refrigerated Medical Van,460.3,541.2,80.8,0.182,Standard Mountain Traffic Flow
114.9,34.5,24.2,11.26,0.651,3200,Light Disaster Utility (4WD),199.8,423.0,223.1,0.473,Active Landslide Clearance / Road Blockage
114.54,15.0,14.5,1.76,0.175,1550,Heavy Supply Truck (16T),458.2,494.1,35.9,0.125,Standard Mountain Traffic Flow
607.52,33.8,21.0,17.04,0.652,1650,Heavy Supply Truck (16T),1080.0,1971.7,891.7,0.482,Steep Mountain Grade & Hairpin Bends
469.13,33.8,18.0,40.35,0.589,1500,Heavy Supply Truck (16T),834.0,1517.6,683.6,0.473,Standard Mountain Traffic Flow
63.33,15.0,31.4,44.62,0.858,4170,Heavy Supply Truck (16T),253.3,672.5,419.2,0.667,Active Landslide Clearance / Road Blockage
33.98,30.0,16.0,47.62,0.516,2100,4x4 Hill Freight Carrier,68.0,117.1,49.2,0.432,Standard Mountain Traffic Flow
171.75,45.0,4.2,80.87,0.44,95,Refrigerated Medical Van,229.0,405.2,176.2,0.429,Torrential Rainfall & Reduced Visibility
448.53,45.0,8.5,37.11,0.557,350,4x4 Hill Freight Carrier,598.0,1101.7,503.6,0.446,Active Landslide Clearance / Road Blockage
317.35,45.0,22.0,7.27,0.567,1400,Refrigerated Medical Van,423.1,733.5,310.4,0.408,Active Landslide Clearance / Road Blockage
58.16,20.0,31.4,7.21,0.703,4170,Refrigerated Medical Van,174.5,329.0,154.5,0.503,Steep Mountain Grade & Hairpin Bends
60.99,30.0,16.0,2.8,0.475,2100,4x4 Hill Freight Carrier,122.0,174.9,52.9,0.337,Standard Mountain Traffic Flow
71.8,15.0,31.4,75.22,1.0,4170,Heavy Supply Truck (16T),287.2,930.8,643.6,0.813,Active Landslide Clearance / Road Blockage
509.78,45.0,18.0,73.86,0.74,1500,4x4 Hill Freight Carrier,679.7,1563.0,883.3,0.629,Torrential Rainfall & Reduced Visibility
495.11,45.0,21.0,3.87,0.598,1650,Refrigerated Medical Van,660.1,1091.2,431.1,0.424,Steep Mountain Grade & Hairpin Bends
106.96,34.5,26.5,27.41,0.625,2450,Light Disaster Utility (4WD),186.0,339.1,153.1,0.478,Steep Mountain Grade & Hairpin Bends
459.12,33.8,21.0,7.71,0.685,1650,Heavy Supply Truck (16T),816.2,1608.1,791.9,0.491,Active Landslide Clearance / Road Blockage
89.08,15.0,31.4,30.14,0.767,4170,Heavy Supply Truck (16T),356.3,763.5,407.1,0.582,Steep Mountain Grade & Hairpin Bends
293.37,51.7,18.0,71.91,0.713,1500,Light Disaster Utility (4WD),340.1,880.1,539.9,0.607,Active Landslide Clearance / Road Blockage
164.78,45.0,4.2,25.89,0.239,95,Refrigerated Medical Van,219.7,274.9,55.2,0.206,Standard Mountain Traffic Flow
114.71,34.5,24.2,20.98,0.714,3200,Light Disaster Utility (4WD),199.5,506.0,306.5,0.531,Active Landslide Clearance / Road Blockage
75.55,45.0,12.8,17.11,0.382,240,4x4 Hill Freight Carrier,100.7,137.9,37.2,0.293,Standard Mountain Traffic Flow
322.57,33.8,18.0,6.36,0.507,1500,Heavy Supply Truck (16T),573.5,862.1,288.6,0.365,Standard Mountain Traffic Flow
207.24,51.7,6.0,6.92,0.291,320,Light Disaster Utility (4WD),240.3,290.4,50.1,0.214,Standard Mountain Traffic Flow
182.48,45.0,4.2,18.79,0.167,95,Refrigerated Medical Van,243.3,281.6,38.3,0.145,Standard Mountain Traffic Flow
289.47,33.8,8.5,21.4,0.307,350,Heavy Supply Truck (16T),514.6,667.7,153.1,0.247,Standard Mountain Traffic Flow
87.55,30.0,24.2,69.31,0.888,3200,4x4 Hill Freight Carrier,175.1,603.0,427.9,0.726,Active Landslide Clearance / Road Blockage
770.78,45.0,21.0,49.31,0.83,1650,4x4 Hill Freight Carrier,1027.7,2502.6,1474.9,0.655,Active Landslide Clearance / Road Blockage
158.73,51.7,6.0,16.43,0.251,320,Light Disaster Utility (4WD),184.0,223.7,39.7,0.201,Standard Mountain Traffic Flow
177.69,33.8,22.0,30.93,0.743,1400,Heavy Supply Truck (16T),315.9,756.9,441.0,0.566,Active Landslide Clearance / Road Blockage
51.87,23.0,31.4,7.88,0.772,4170,Light Disaster Utility (4WD),135.3,415.9,280.6,0.553,Active Landslide Clearance / Road Blockage
85.12,22.5,24.2,114.3,1.0,3200,Heavy Supply Truck (16T),227.0,804.0,577.0,0.871,Active Landslide Clearance / Road Blockage
513.41,33.8,21.0,10.35,0.621,1650,Heavy Supply Truck (16T),912.7,1578.8,666.1,0.45,Steep Mountain Grade & Hairpin Bends
89.13,15.0,31.4,28.66,0.778,4170,Heavy Supply Truck (16T),356.5,896.3,539.8,0.588,Active Landslide Clearance / Road Blockage
142.5,20.0,14.5,1.49,0.202,1550,4x4 Hill Freight Carrier,427.5,469.1,41.6,0.144,Standard Mountain Traffic Flow
118.17,34.5,26.5,1.21,0.514,2450,Light Disaster Utility (4WD),205.5,306.2,100.7,0.362,Steep Mountain Grade & Hairpin Bends
232.66,51.7,22.0,31.42,0.824,1400,Light Disaster Utility (4WD),269.7,617.1,347.3,0.624,Steep Mountain Grade & Hairpin Bends
43.02,30.0,16.0,2.95,0.462,2100,4x4 Hill Freight Carrier,86.0,155.8,69.7,0.328,Active Landslide Clearance / Road Blockage
55.19,23.0,31.4,88.48,0.975,4170,Light Disaster Utility (4WD),144.0,622.2,478.2,0.815,Active Landslide Clearance / Road Blockage
396.25,33.8,18.0,11.13,0.551,1500,Heavy Supply Truck (16T),704.5,1180.8,476.4,0.402,Active Landslide Clearance / Road Blockage
137.89,23.0,14.5,33.53,0.318,1550,Light Disaster Utility (4WD),359.7,493.4,133.7,0.273,Standard Mountain Traffic Flow
104.08,30.0,24.2,4.4,0.608,3200,Refrigerated Medical Van,208.2,374.1,166.0,0.432,Steep Mountain Grade & Hairpin Bends
110.58,22.5,24.2,0.61,0.614,3200,Heavy Supply Truck (16T),294.9,491.9,197.0,0.431,Steep Mountain Grade & Hairpin Bends
106.82,30.0,26.5,0.21,0.663,2450,Refrigerated Medical Van,213.6,376.9,163.2,0.464,Steep Mountain Grade & Hairpin Bends
295.32,45.0,22.0,13.38,0.802,1400,4x4 Hill Freight Carrier,393.8,1025.2,631.4,0.581,Active Landslide Clearance / Road Blockage
61.71,30.0,16.0,22.74,0.493,2100,4x4 Hill Freight Carrier,123.4,192.8,69.4,0.38,Standard Mountain Traffic Flow
103.66,22.5,26.5,92.18,0.88,2450,Heavy Supply Truck (16T),276.4,824.9,548.5,0.754,Active Landslide Clearance / Road Blockage
247.38,45.0,4.2,13.49,0.222,95,4x4 Hill Freight Carrier,329.8,387.3,57.5,0.176,Standard Mountain Traffic Flow
435.5,45.0,18.0,19.09,0.618,1500,4x4 Hill Freight Carrier,580.7,1026.7,446.0,0.461,Standard Mountain Traffic Flow
52.23,15.0,31.4,16.0,0.72,4170,Heavy Supply Truck (16T),208.9,562.4,353.5,0.528,Active Landslide Clearance / Road Blockage
59.68,45.0,12.8,41.43,0.541,240,Refrigerated Medical Van,79.6,138.2,58.7,0.441,Standard Mountain Traffic Flow
147.24,45.0,4.2,6.47,0.177,95,Refrigerated Medical Van,196.3,216.6,20.2,0.133,Standard Mountain Traffic Flow
49.38,30.0,16.0,81.92,0.722,2100,4x4 Hill Freight Carrier,98.8,331.3,232.6,0.629,Active Landslide Clearance / Road Blockage
352.2,45.0,8.5,19.09,0.371,350,Refrigerated Medical Van,469.6,640.4,170.8,0.288,Standard Mountain Traffic Flow
314.01,45.0,18.0,0.95,0.512,1500,4x4 Hill Freight Carrier,418.7,621.7,203.0,0.36,Standard Mountain Traffic Flow
224.74,33.8,6.0,26.01,0.317,320,Heavy Supply Truck (16T),399.5,532.3,132.8,0.261,Standard Mountain Traffic Flow
124.16,15.0,14.5,72.77,0.531,1550,Heavy Supply Truck (16T),496.6,931.5,434.9,0.481,Torrential Rainfall & Reduced Visibility
147.23,45.0,4.2,6.2,0.069,95,Refrigerated Medical Van,196.3,204.9,8.6,0.058,Standard Mountain Traffic Flow
58.04,30.0,16.0,43.67,0.493,2100,Refrigerated Medical Van,116.1,232.4,116.3,0.41,Active Landslide Clearance / Road Blockage
124.03,33.8,6.0,8.28,0.178,320,Heavy Supply Truck (16T),220.5,245.4,24.9,0.137,Standard Mountain Traffic Flow
51.07,51.7,12.8,8.65,0.354,240,Light Disaster Utility (4WD),59.2,76.4,17.1,0.26,Standard Mountain Traffic Flow
144.78,45.0,6.0,21.05,0.347,320,Refrigerated Medical Van,193.0,259.4,66.4,0.275,Standard Mountain Traffic Flow
75.92,33.8,12.8,8.29,0.372,240,Heavy Supply Truck (16T),135.0,177.0,42.0,0.273,Standard Mountain Traffic Flow
205.12,51.7,6.0,24.0,0.284,320,Light Disaster Utility (4WD),237.8,305.8,68.0,0.235,Standard Mountain Traffic Flow
57.61,34.5,16.0,96.26,0.788,2100,Light Disaster Utility (4WD),100.2,394.1,293.9,0.696,Active Landslide Clearance / Road Blockage
447.15,33.8,21.0,124.66,1.0,1650,Heavy Supply Truck (16T),794.9,2562.3,1767.4,0.887,Torrential Rainfall & Reduced Visibility
229.71,33.8,22.0,4.95,0.608,1400,Heavy Supply Truck (16T),408.4,726.8,318.4,0.433,Active Landslide Clearance / Road Blockage
387.44,51.7,8.5,17.7,0.398,350,Light Disaster Utility (4WD),449.2,626.1,176.9,0.305,Standard Mountain Traffic Flow
748.05,33.8,21.0,9.24,0.722,1650,Heavy Supply Truck (16T),1329.9,2749.1,1419.2,0.519,Active Landslide Clearance / Road Blockage
431.61,45.0,8.5,15.07,0.225,350,Refrigerated Medical Van,575.5,681.4,105.9,0.18,Standard Mountain Traffic Flow
97.67,34.5,24.2,4.9,0.631,3200,Light Disaster Utility (4WD),169.9,292.7,122.8,0.449,Steep Mountain Grade & Hairpin Bends
125.82,22.5,26.5,0.62,0.614,2450,Heavy Supply Truck (16T),335.5,560.0,224.4,0.431,Steep Mountain Grade & Hairpin Bends
73.6,30.0,24.2,20.03,0.704,3200,Refrigerated Medical Van,147.2,287.1,139.9,0.523,Steep Mountain Grade & Hairpin Bends
60.94,30.0,16.0,19.84,0.512,2100,Refrigerated Medical Van,121.9,192.4,70.5,0.388,Standard Mountain Traffic Flow
177.21,45.0,6.0,3.83,0.204,320,Refrigerated Medical Van,236.3,262.4,26.2,0.149,Standard Mountain Traffic Flow
140.11,15.0,14.5,72.51,0.507,1550,Heavy Supply Truck (16T),560.5,1028.1,467.6,0.464,Torrential Rainfall & Reduced Visibility
90.54,20.0,31.4,22.03,0.863,4170,4x4 Hill Freight Carrier,271.6,705.1,433.5,0.637,Active Landslide Clearance / Road Blockage
119.63,20.0,14.5,1.05,0.219,1550,4x4 Hill Freight Carrier,358.9,398.0,39.1,0.155,Standard Mountain Traffic Flow
62.01,51.7,12.8,5.05,0.346,240,Light Disaster Utility (4WD),71.9,90.8,18.9,0.25,Standard Mountain Traffic Flow
352.87,45.0,8.5,29.28,0.341,350,4x4 Hill Freight Carrier,470.5,647.9,177.4,0.283,Standard Mountain Traffic Flow
83.51,20.0,14.5,21.02,0.279,1550,4x4 Hill Freight Carrier,250.5,317.1,66.6,0.227,Standard Mountain Traffic Flow
429.93,45.0,18.0,24.41,0.554,1500,4x4 Hill Freight Carrier,573.2,959.9,386.6,0.424,Standard Mountain Traffic Flow
81.64,20.0,31.4,12.27,0.75,4170,Refrigerated Medical Van,244.9,632.8,387.9,0.543,Active Landslide Clearance / Road Blockage
120.35,30.0,26.5,0.56,0.658,2450,4x4 Hill Freight Carrier,240.7,422.4,181.7,0.461,Steep Mountain Grade & Hairpin Bends
433.94,45.0,18.0,28.92,0.608,1500,4x4 Hill Freight Carrier,578.6,1040.3,461.7,0.469,Standard Mountain Traffic Flow
53.55,20.0,31.4,77.01,1.0,4170,4x4 Hill Freight Carrier,160.6,658.9,498.3,0.816,Active Landslide Clearance / Road Blockage
85.34,30.0,26.5,13.24,0.691,2450,4x4 Hill Freight Carrier,170.7,375.9,205.2,0.504,Active Landslide Clearance / Road Blockage
309.01,33.8,8.5,66.15,0.561,350,Heavy Supply Truck (16T),549.3,1056.6,507.2,0.492,Torrential Rainfall & Reduced Visibility
90.33,22.5,26.5,95.84,0.891,2450,Heavy Supply Truck (16T),240.9,669.6,428.7,0.768,Torrential Rainfall & Reduced Visibility
83.0,23.0,14.5,0.86,0.218,1550,Light Disaster Utility (4WD),216.5,239.7,23.2,0.154,Standard Mountain Traffic Flow
60.22,23.0,31.4,63.98,1.0,4170,Light Disaster Utility (4WD),157.1,458.7,301.6,0.796,Torrential Rainfall & Reduced Visibility
223.63,45.0,6.0,15.73,0.252,320,Refrigerated Medical Van,298.2,361.5,63.4,0.2,Standard Mountain Traffic Flow
89.65,30.0,26.5,21.84,0.677,2450,4x4 Hill Freight Carrier,179.3,497.4,318.1,0.506,Active Landslide Clearance / Road Blockage
137.78,22.5,26.5,3.92,0.575,2450,Heavy Supply Truck (16T),367.4,591.7,224.3,0.408,Steep Mountain Grade & Hairpin Bends
404.97,45.0,18.0,63.47,0.748,1500,Refrigerated Medical Van,540.0,1224.0,684.1,0.619,Torrential Rainfall & Reduced Visibility
293.02,45.0,18.0,9.78,0.431,1500,4x4 Hill Freight Carrier,390.7,547.4,156.8,0.317,Standard Mountain Traffic Flow
43.14,22.5,16.0,87.08,0.712,2100,Heavy Supply Truck (16T),115.0,441.0,325.9,0.629,Active Landslide Clearance / Road Blockage
493.31,51.7,21.0,19.99,0.591,1650,Light Disaster Utility (4WD),571.9,1032.4,460.5,0.444,Active Landslide Clearance / Road Blockage
485.35,51.7,18.0,29.53,0.598,1500,Light Disaster Utility (4WD),562.7,1002.2,439.4,0.463,Standard Mountain Traffic Flow
114.04,30.0,24.2,4.27,0.655,3200,4x4 Hill Freight Carrier,228.1,403.5,175.4,0.465,Steep Mountain Grade & Hairpin Bends
288.59,51.7,22.0,9.23,0.694,1400,Light Disaster Utility (4WD),334.6,819.8,485.2,0.5,Active Landslide Clearance / Road Blockage
40.04,30.0,16.0,17.56,0.465,2100,4x4 Hill Freight Carrier,80.1,162.2,82.1,0.352,Active Landslide Clearance / Road Blockage
238.34,45.0,4.2,3.29,0.172,95,Refrigerated Medical Van,317.8,344.5,26.7,0.126,Standard Mountain Traffic Flow
113.96,20.0,14.5,18.59,0.226,1550,4x4 Hill Freight Carrier,341.9,411.4,69.5,0.186,Standard Mountain Traffic Flow
550.86,45.0,21.0,26.09,0.674,1650,4x4 Hill Freight Carrier,734.5,1408.0,673.5,0.511,Steep Mountain Grade & Hairpin Bends
66.98,45.0,12.8,36.05,0.573,240,4x4 Hill Freight Carrier,89.3,157.8,68.5,0.455,Standard Mountain Traffic Flow
279.02,51.7,22.0,1.6,0.65,1400,Light Disaster Utility (4WD),323.5,564.4,240.9,0.457,Steep Mountain Grade & Hairpin Bends
211.49,45.0,22.0,8.3,0.74,1400,4x4 Hill Freight Carrier,282.0,695.1,413.1,0.53,Active Landslide Clearance / Road Blockage
252.9,51.7,4.2,14.26,0.157,95,Light Disaster Utility (4WD),293.2,331.0,37.8,0.132,Standard Mountain Traffic Flow
611.95,45.0,21.0,143.69,1.0,1650,Refrigerated Medical Van,815.9,2902.9,2087.0,0.916,Active Landslide Clearance / Road Blockage
511.58,33.8,21.0,20.88,0.659,1650,Heavy Supply Truck (16T),909.5,1888.7,979.3,0.493,Active Landslide Clearance / Road Blockage
288.07,51.7,22.0,7.77,0.609,1400,Light Disaster Utility (4WD),334.0,566.0,232.0,0.438,Steep Mountain Grade & Hairpin Bends
257.31,45.0,4.2,26.94,0.23,95,4x4 Hill Freight Carrier,343.1,428.1,85.1,0.201,Standard Mountain Traffic Flow
391.54,51.7,8.5,24.62,0.259,350,Light Disaster Utility (4WD),454.0,573.7,119.8,0.218,Standard Mountain Traffic Flow
615.86,33.8,21.0,21.09,0.707,1650,Heavy Supply Truck (16T),1094.9,2299.3,1204.4,0.526,Active Landslide Clearance / Road Blockage
285.36,33.8,8.5,43.59,0.431,350,Heavy Supply Truck (16T),507.3,853.3,346.0,0.367,Active Landslide Clearance / Road Blockage
314.57,51.7,22.0,13.81,0.708,1400,Light Disaster Utility (4WD),364.7,703.4,338.7,0.516,Steep Mountain Grade & Hairpin Bends
54.49,23.0,31.4,81.54,0.99,4170,Light Disaster Utility (4WD),142.1,504.3,362.1,0.815,Active Landslide Clearance / Road Blockage
60.57,15.0,31.4,15.66,0.845,4170,Heavy Supply Truck (16T),242.3,547.8,305.5,0.615,Steep Mountain Grade & Hairpin Bends
107.46,34.5,26.5,5.62,0.578,2450,Light Disaster Utility (4WD),186.9,303.5,116.6,0.413,Steep Mountain Grade & Hairpin Bends
212.22,33.8,22.0,21.35,0.752,1400,Heavy Supply Truck (16T),377.3,778.9,401.6,0.558,Steep Mountain Grade & Hairpin Bends
64.59,45.0,12.8,37.63,0.448,240,4x4 Hill Freight Carrier,86.1,134.8,48.7,0.37,Standard Mountain Traffic Flow
786.45,45.0,21.0,73.0,0.872,1650,4x4 Hill Freight Carrier,1048.6,2962.1,1913.5,0.72,Active Landslide Clearance / Road Blockage
115.47,34.5,24.2,58.84,0.818,3200,Light Disaster Utility (4WD),200.8,550.2,349.4,0.661,Active Landslide Clearance / Road Blockage
314.59,45.0,22.0,16.52,0.715,1400,4x4 Hill Freight Carrier,419.5,820.8,401.3,0.525,Steep Mountain Grade & Hairpin Bends
44.94,45.0,12.8,23.55,0.433,240,Refrigerated Medical Van,59.9,88.3,28.3,0.339,Standard Mountain Traffic Flow
160.73,45.0,6.0,19.24,0.346,320,4x4 Hill Freight Carrier,214.3,285.6,71.3,0.271,Standard Mountain Traffic Flow
682.2,33.8,21.0,17.08,0.683,1650,Heavy Supply Truck (16T),1212.8,2498.7,1285.9,0.504,Active Landslide Clearance / Road Blockage
774.31,51.7,21.0,3.83,0.525,1650,Light Disaster Utility (4WD),897.8,1365.5,467.8,0.373,Steep Mountain Grade & Hairpin Bends
44.98,51.7,12.8,33.13,0.496,240,Light Disaster Utility (4WD),52.1,84.4,32.2,0.397,Standard Mountain Traffic Flow
449.26,45.0,8.5,5.33,0.319,350,4x4 Hill Freight Carrier,599.0,737.9,138.8,0.232,Standard Mountain Traffic Flow
141.12,23.0,14.5,9.25,0.233,1550,Light Disaster Utility (4WD),368.1,428.0,59.8,0.177,Standard Mountain Traffic Flow
255.03,45.0,4.2,11.6,0.135,95,4x4 Hill Freight Carrier,340.0,374.6,34.5,0.112,Standard Mountain Traffic Flow
64.8,30.0,24.2,38.23,0.777,3200,4x4 Hill Freight Carrier,129.6,417.6,288.0,0.601,Active Landslide Clearance / Road Blockage
94.02,30.0,26.5,6.34,0.583,2450,4x4 Hill Freight Carrier,188.0,307.9,119.9,0.418,Steep Mountain Grade & Hairpin Bends
202.81,51.7,4.2,13.15,0.112,95,Light Disaster Utility (4WD),235.1,257.9,22.8,0.098,Standard Mountain Traffic Flow
63.52,20.0,31.4,99.66,1.0,4170,Refrigerated Medical Van,190.6,590.4,399.8,0.849,Torrential Rainfall & Reduced Visibility
236.74,45.0,22.0,62.39,0.902,1400,Refrigerated Medical Van,315.7,833.3,517.7,0.725,Torrential Rainfall & Reduced Visibility
54.6,45.0,12.8,2.98,0.391,240,4x4 Hill Freight Carrier,72.8,95.4,22.6,0.278,Standard Mountain Traffic Flow
213.46,45.0,4.2,1.65,0.197,95,Refrigerated Medical Van,284.6,311.5,26.9,0.141,Standard Mountain Traffic Flow
159.91,51.7,4.2,29.23,0.238,95,Light Disaster Utility (4WD),185.4,234.9,49.5,0.21,Standard Mountain Traffic Flow
254.0,51.7,22.0,10.0,0.617,1400,Light Disaster Utility (4WD),294.5,506.6,212.1,0.447,Steep Mountain Grade & Hairpin Bends
260.57,51.7,4.2,55.44,0.323,95,Light Disaster Utility (4WD),302.1,448.9,146.8,0.309,Standard Mountain Traffic Flow
36.72,30.0,16.0,20.36,0.472,2100,4x4 Hill Freight Carrier,73.4,111.3,37.8,0.361,Standard Mountain Traffic Flow
196.19,51.7,22.0,114.87,1.0,1400,Light Disaster Utility (4WD),227.5,838.0,610.6,0.872,Active Landslide Clearance / Road Blockage
67.37,33.8,12.8,4.14,0.305,240,Heavy Supply Truck (16T),119.8,144.8,25.1,0.22,Standard Mountain Traffic Flow
46.25,30.0,16.0,9.64,0.467,2100,Refrigerated Medical Van,92.5,134.5,42.0,0.341,Standard Mountain Traffic Flow
262.99,45.0,8.5,102.22,0.655,350,4x4 Hill Freight Carrier,350.7,939.5,588.9,0.612,Active Landslide Clearance / Road Blockage
97.18,22.5,26.5,13.51,0.639,2450,Heavy Supply Truck (16T),259.1,462.0,202.9,0.468,Steep Mountain Grade & Hairpin Bends
197.56,45.0,4.2,89.23,0.461,95,4x4 Hill Freight Carrier,263.4,485.5,222.1,0.457,Torrential Rainfall & Reduced Visibility
150.69,45.0,6.0,22.78,0.406,320,Refrigerated Medical Van,200.9,287.1,86.2,0.318,Standard Mountain Traffic Flow
45.77,33.8,12.8,6.46,0.368,240,Heavy Supply Truck (16T),81.4,130.2,48.8,0.267,Standard Mountain Traffic Flow
126.4,30.0,26.5,6.29,0.535,2450,4x4 Hill Freight Carrier,252.8,391.8,139.0,0.384,Steep Mountain Grade & Hairpin Bends
484.08,45.0,18.0,85.52,0.88,1500,4x4 Hill Freight Carrier,645.4,1742.3,1096.9,0.744,Torrential Rainfall & Reduced Visibility
627.99,45.0,21.0,13.03,0.695,1650,Refrigerated Medical Van,837.3,1587.1,749.8,0.506,Steep Mountain Grade & Hairpin Bends
63.37,45.0,12.8,86.49,0.632,240,Refrigerated Medical Van,84.5,180.3,95.8,0.572,Torrential Rainfall & Reduced Visibility
105.58,15.0,14.5,35.51,0.463,1550,Heavy Supply Truck (16T),422.3,666.2,243.9,0.377,Standard Mountain Traffic Flow
315.98,33.8,8.5,18.21,0.233,350,Heavy Supply Truck (16T),561.7,678.3,116.6,0.191,Standard Mountain Traffic Flow
70.03,23.0,31.4,36.79,0.859,4170,Light Disaster Utility (4WD),182.7,491.7,309.0,0.656,Active Landslide Clearance / Road Blockage
619.6,45.0,21.0,23.59,0.717,1650,Refrigerated Medical Van,826.1,1726.8,900.7,0.537,Active Landslide Clearance / Road Blockage
130.57,20.0,14.5,125.85,0.702,1550,4x4 Hill Freight Carrier,391.7,970.0,578.3,0.68,Torrential Rainfall & Reduced Visibility
385.6,33.8,18.0,23.34,0.648,1500,Heavy Supply Truck (16T),685.5,1321.2,635.7,0.489,Active Landslide Clearance / Road Blockage
613.49,33.8,21.0,14.01,0.791,1650,Heavy Supply Truck (16T),1090.7,2393.7,1303.1,0.575,Active Landslide Clearance / Road Blockage
772.54,45.0,21.0,33.64,0.723,1650,Refrigerated Medical Van,1030.1,2291.1,1261.1,0.557,Active Landslide Clearance / Road Blockage
67.83,30.0,24.2,27.8,0.609,3200,Refrigerated Medical Van,135.7,243.5,107.9,0.468,Steep Mountain Grade & Hairpin Bends
418.2,45.0,18.0,2.8,0.565,1500,Refrigerated Medical Van,557.6,885.1,327.5,0.4,Standard Mountain Traffic Flow
380.08,51.7,18.0,5.76,0.545,1500,Light Disaster Utility (4WD),440.7,689.6,249.0,0.39,Standard Mountain Traffic Flow
198.59,51.7,6.0,11.81,0.281,320,Light Disaster Utility (4WD),230.2,281.3,51.0,0.214,Standard Mountain Traffic Flow
186.26,45.0,22.0,111.73,1.0,1400,4x4 Hill Freight Carrier,248.3,784.4,536.1,0.868,Torrential Rainfall & Reduced Visibility
52.71,30.0,16.0,0.75,0.299,2100,Refrigerated Medical Van,105.4,125.0,19.6,0.211,Standard Mountain Traffic Flow
57.42,22.5,16.0,23.07,0.46,2100,Heavy Supply Truck (16T),153.1,253.8,100.6,0.357,Standard Mountain Traffic Flow
306.7,33.8,22.0,34.75,0.783,1400,Heavy Supply Truck (16T),545.2,1201.7,656.5,0.6,Steep Mountain Grade & Hairpin Bends
40.95,34.5,16.0,2.04,0.422,2100,Light Disaster Utility (4WD),71.2,96.0,24.8,0.298,Standard Mountain Traffic Flow
84.49,30.0,24.2,13.56,0.763,3200,Refrigerated Medical Van,169.0,433.8,264.8,0.554,Active Landslide Clearance / Road Blockage
196.65,45.0,6.0,105.87,0.661,320,4x4 Hill Freight Carrier,262.2,728.1,465.9,0.622,Active Landslide Clearance / Road Blockage
46.73,30.0,16.0,8.8,0.355,2100,Refrigerated Medical Van,93.5,120.8,27.3,0.262,Standard Mountain Traffic Flow
74.39,45.0,12.8,19.92,0.336,240,Refrigerated Medical Van,99.2,131.4,32.2,0.265,Standard Mountain Traffic Flow
57.49,20.0,31.4,2.69,0.752,4170,Refrigerated Medical Van,172.5,339.8,167.4,0.53,Steep Mountain Grade & Hairpin Bends
70.19,45.0,12.8,6.55,0.331,240,Refrigerated Medical Van,93.6,117.1,23.5,0.241,Standard Mountain Traffic Flow
85.1,34.5,24.2,19.0,0.775,3200,Light Disaster Utility (4WD),148.0,311.6,163.6,0.571,Steep Mountain Grade & Hairpin Bends
364.8,33.8,18.0,3.18,0.587,1500,Heavy Supply Truck (16T),648.5,1056.4,407.9,0.416,Standard Mountain Traffic Flow
53.17,30.0,16.0,10.12,0.358,2100,Refrigerated Medical Van,106.3,138.4,32.1,0.265,Standard Mountain Traffic Flow
173.92,51.7,6.0,6.45,0.238,320,Light Disaster Utility (4WD),201.6,232.5,30.8,0.176,Standard Mountain Traffic Flow
206.24,33.8,22.0,9.84,0.7,1400,Heavy Supply Truck (16T),366.7,693.6,326.9,0.505,Steep Mountain Grade & Hairpin Bends
191.17,45.0,22.0,30.59,0.704,1400,4x4 Hill Freight Carrier,254.9,510.9,256.0,0.539,Steep Mountain Grade & Hairpin Bends
414.58,45.0,8.5,24.45,0.439,350,Refrigerated Medical Van,552.8,821.5,268.7,0.344,Standard Mountain Traffic Flow
95.96,15.0,14.5,31.57,0.311,1550,Heavy Supply Truck (16T),383.9,519.5,135.7,0.265,Standard Mountain Traffic Flow
353.92,45.0,8.5,9.35,0.267,350,Refrigerated Medical Van,471.9,563.9,92.0,0.201,Standard Mountain Traffic Flow
421.87,45.0,18.0,61.52,0.697,1500,Refrigerated Medical Van,562.5,1300.0,737.5,0.58,Active Landslide Clearance / Road Blockage
202.14,45.0,4.2,13.73,0.151,95,4x4 Hill Freight Carrier,269.5,302.3,32.8,0.126,Standard Mountain Traffic Flow
496.69,45.0,18.0,13.78,0.505,1500,Refrigerated Medical Van,662.2,1017.8,355.6,0.374,Standard Mountain Traffic Flow
108.08,22.5,24.2,31.56,0.67,3200,Heavy Supply Truck (16T),288.2,558.1,269.9,0.517,Steep Mountain Grade & Hairpin Bends
76.25,15.0,31.4,12.2,0.771,4170,Heavy Supply Truck (16T),305.0,751.7,446.6,0.558,Active Landslide Clearance / Road Blockage
112.51,20.0,14.5,33.03,0.367,1550,4x4 Hill Freight Carrier,337.5,482.0,144.5,0.306,Standard Mountain Traffic Flow
79.28,20.0,14.5,61.57,0.327,1550,4x4 Hill Freight Carrier,237.8,361.9,124.0,0.321,Torrential Rainfall & Reduced Visibility
309.39,33.8,18.0,17.37,0.556,1500,Heavy Supply Truck (16T),550.0,903.4,353.4,0.415,Standard Mountain Traffic Flow
71.14,20.0,31.4,15.51,0.743,4170,Refrigerated Medical Van,213.4,429.9,216.5,0.543,Steep Mountain Grade & Hairpin Bends
91.33,23.0,31.4,27.43,0.918,4170,Light Disaster Utility (4WD),238.2,800.4,562.2,0.684,Active Landslide Clearance / Road Blockage
36.82,30.0,16.0,15.19,0.481,2100,Refrigerated Medical Van,73.6,110.7,37.1,0.359,Standard Mountain Traffic Flow
86.97,20.0,31.4,2.45,0.636,4170,4x4 Hill Freight Carrier,260.9,449.0,188.1,0.449,Steep Mountain Grade & Hairpin Bends
81.68,22.5,26.5,56.98,0.84,2450,Heavy Supply Truck (16T),217.8,685.4,467.6,0.674,Active Landslide Clearance / Road Blockage
246.18,45.0,4.2,4.01,0.081,95,4x4 Hill Freight Carrier,328.2,340.5,12.3,0.063,Standard Mountain Traffic Flow
48.11,51.7,12.8,24.41,0.442,240,Light Disaster Utility (4WD),55.8,83.1,27.3,0.346,Standard Mountain Traffic Flow
221.2,45.0,22.0,27.99,0.792,1400,4x4 Hill Freight Carrier,294.9,873.1,578.1,0.597,Active Landslide Clearance / Road Blockage
297.96,45.0,22.0,162.0,1.0,1400,Refrigerated Medical Van,397.3,1354.7,957.4,0.943,Torrential Rainfall & Reduced Visibility
95.97,22.5,26.5,8.2,0.633,2450,Heavy Supply Truck (16T),255.9,446.2,190.3,0.455,Steep Mountain Grade & Hairpin Bends
432.28,45.0,8.5,1.74,0.292,350,4x4 Hill Freight Carrier,576.4,682.0,105.7,0.207,Standard Mountain Traffic Flow
50.07,22.5,16.0,39.13,0.421,2100,Heavy Supply Truck (16T),133.5,204.6,71.1,0.353,Standard Mountain Traffic Flow
566.13,33.8,21.0,28.46,0.776,1650,Heavy Supply Truck (16T),1006.5,2339.8,1333.4,0.586,Active Landslide Clearance / Road Blockage
174.73,33.8,4.2,2.65,0.242,95,Heavy Supply Truck (16T),310.6,353.5,42.8,0.174,Standard Mountain Traffic Flow
68.91,34.5,24.2,7.63,0.713,3200,Light Disaster Utility (4WD),119.8,228.6,108.8,0.51,Steep Mountain Grade & Hairpin Bends
69.71,45.0,12.8,46.68,0.537,240,Refrigerated Medical Van,92.9,194.0,101.0,0.446,Active Landslide Clearance / Road Blockage
67.16,20.0,31.4,15.01,0.787,4170,4x4 Hill Freight Carrier,201.5,503.5,302.1,0.573,Active Landslide Clearance / Road Blockage
34.97,30.0,16.0,45.36,0.563,2100,Refrigerated Medical Van,69.9,125.6,55.6,0.462,Standard Mountain Traffic Flow
76.19,34.5,24.2,53.1,0.845,3200,Light Disaster Utility (4WD),132.5,324.3,191.8,0.671,Steep Mountain Grade & Hairpin Bends
67.35,20.0,31.4,32.54,0.856,4170,4x4 Hill Freight Carrier,202.0,614.9,412.9,0.648,Active Landslide Clearance / Road Blockage
67.04,33.8,12.8,17.91,0.423,240,Heavy Supply Truck (16T),119.2,170.4,51.3,0.323,Standard Mountain Traffic Flow
374.4,33.8,8.5,49.92,0.411,350,Heavy Supply Truck (16T),665.6,1094.6,429.0,0.363,Active Landslide Clearance / Road Blockage
98.64,30.0,24.2,3.61,0.635,3200,Refrigerated Medical Van,197.3,340.1,142.8,0.45,Steep Mountain Grade & Hairpin Bends
769.97,45.0,21.0,75.72,0.993,1650,Refrigerated Medical Van,1026.6,3094.1,2067.4,0.809,Active Landslide Clearance / Road Blockage
131.95,22.5,26.5,1.15,0.619,2450,Heavy Supply Truck (16T),351.9,591.2,239.4,0.435,Steep Mountain Grade & Hairpin Bends
70.49,34.5,24.2,41.15,0.677,3200,Light Disaster Utility (4WD),122.6,291.6,169.0,0.536,Active Landslide Clearance / Road Blockage
163.41,51.7,4.2,26.08,0.247,95,Light Disaster Utility (4WD),189.5,238.6,49.2,0.212,Standard Mountain Traffic Flow
200.55,33.8,6.0,33.42,0.365,320,Heavy Supply Truck (16T),356.5,542.0,185.5,0.306,Active Landslide Clearance / Road Blockage
142.56,33.8,4.2,3.84,0.235,95,Heavy Supply Truck (16T),253.4,288.2,34.8,0.17,Standard Mountain Traffic Flow
107.04,23.0,14.5,39.36,0.357,1550,Light Disaster Utility (4WD),279.2,442.6,163.4,0.309,Active Landslide Clearance / Road Blockage
293.91,51.7,18.0,6.4,0.571,1500,Light Disaster Utility (4WD),340.8,550.2,209.4,0.409,Standard Mountain Traffic Flow
88.43,20.0,31.4,3.75,0.773,4170,Refrigerated Medical Van,265.3,537.1,271.8,0.547,Steep Mountain Grade & Hairpin Bends
806.3,33.8,21.0,7.05,0.675,1650,Heavy Supply Truck (16T),1433.4,2614.8,1181.4,0.483,Steep Mountain Grade & Hairpin Bends
198.59,45.0,22.0,26.04,0.693,1400,4x4 Hill Freight Carrier,264.8,739.5,474.7,0.524,Active Landslide Clearance / Road Blockage
553.03,51.7,21.0,33.28,0.757,1650,Light Disaster Utility (4WD),641.2,1479.4,838.2,0.579,Active Landslide Clearance / Road Blockage
58.77,23.0,31.4,11.27,0.707,4170,Light Disaster Utility (4WD),153.3,373.1,219.8,0.512,Active Landslide Clearance / Road Blockage
60.12,30.0,16.0,15.18,0.425,2100,4x4 Hill Freight Carrier,120.2,170.5,50.3,0.32,Standard Mountain Traffic Flow
353.41,45.0,18.0,40.93,0.604,1500,Refrigerated Medical Van,471.2,872.3,401.0,0.484,Standard Mountain Traffic Flow
145.03,20.0,14.5,17.29,0.259,1550,4x4 Hill Freight Carrier,435.1,533.9,98.9,0.207,Standard Mountain Traffic Flow
491.44,45.0,21.0,35.2,0.795,1650,Refrigerated Medical Van,655.2,1465.1,809.8,0.61,Steep Mountain Grade & Hairpin Bends
90.43,34.5,24.2,31.55,0.739,3200,Light Disaster Utility (4WD),157.3,548.7,391.5,0.564,Active Landslide Clearance / Road Blockage
71.58,51.7,12.8,20.12,0.479,240,Light Disaster Utility (4WD),83.0,168.7,85.7,0.365,Active Landslide Clearance / Road Blockage
221.0,51.7,22.0,123.31,1.0,1400,Light Disaster Utility (4WD),256.2,824.2,567.9,0.885,Torrential Rainfall & Reduced Visibility
63.78,20.0,31.4,29.29,0.843,4170,Refrigerated Medical Van,191.3,444.4,253.1,0.634,Steep Mountain Grade & Hairpin Bends
80.59,22.5,26.5,0.73,0.485,2450,Heavy Supply Truck (16T),214.9,309.0,94.1,0.34,Steep Mountain Grade & Hairpin Bends
597.68,33.8,21.0,9.14,0.607,1650,Heavy Supply Truck (16T),1062.5,1803.7,741.2,0.439,Steep Mountain Grade & Hairpin Bends
141.87,33.8,6.0,35.05,0.289,320,Heavy Supply Truck (16T),252.2,339.6,87.4,0.255,Standard Mountain Traffic Flow
63.47,23.0,31.4,26.88,0.831,4170,Light Disaster Utility (4WD),165.6,436.8,271.2,0.622,Active Landslide Clearance / Road Blockage
88.52,20.0,14.5,2.28,0.219,1550,4x4 Hill Freight Carrier,265.5,296.1,30.5,0.156,Standard Mountain Traffic Flow
457.93,45.0,18.0,37.8,0.708,1500,4x4 Hill Freight Carrier,610.6,1425.7,815.1,0.552,Active Landslide Clearance / Road Blockage
243.79,51.7,22.0,30.84,0.779,1400,Light Disaster Utility (4WD),282.7,811.3,528.7,0.591,Active Landslide Clearance / Road Blockage
48.31,34.5,16.0,13.27,0.412,2100,Light Disaster Utility (4WD),84.0,116.9,32.9,0.308,Standard Mountain Traffic Flow
97.43,20.0,14.5,30.88,0.341,1550,Refrigerated Medical Van,292.3,404.9,112.6,0.285,Standard Mountain Traffic Flow
332.68,45.0,8.5,44.06,0.476,350,4x4 Hill Freight Carrier,443.6,767.9,324.4,0.399,Active Landslide Clearance / Road Blockage
219.79,33.8,6.0,22.51,0.442,320,Heavy Supply Truck (16T),390.7,578.6,187.9,0.343,Standard Mountain Traffic Flow
715.24,51.7,21.0,100.31,1.0,1650,Light Disaster Utility (4WD),829.3,2631.3,1802.1,0.85,Active Landslide Clearance / Road Blockage
288.9,51.7,18.0,83.2,0.969,1500,Light Disaster Utility (4WD),335.0,1119.7,784.7,0.803,Active Landslide Clearance / Road Blockage
46.74,51.7,12.8,43.84,0.556,240,Light Disaster Utility (4WD),54.2,144.8,90.6,0.455,Active Landslide Clearance / Road Blockage
99.78,15.0,14.5,10.97,0.207,1550,Heavy Supply Truck (16T),399.1,458.5,59.3,0.161,Standard Mountain Traffic Flow
419.21,33.8,18.0,82.46,0.877,1500,Heavy Supply Truck (16T),745.3,1993.2,1248.0,0.737,Torrential Rainfall & Reduced Visibility
439.77,51.7,18.0,16.06,0.531,1500,Light Disaster Utility (4WD),509.9,811.5,301.7,0.396,Standard Mountain Traffic Flow
154.08,33.8,6.0,171.26,0.97,320,Heavy Supply Truck (16T),273.9,1114.9,841.0,0.936,Active Landslide Clearance / Road Blockage
120.13,22.5,26.5,13.17,0.71,2450,Heavy Supply Truck (16T),320.3,618.2,297.9,0.517,Steep Mountain Grade & Hairpin Bends
182.31,45.0,6.0,55.13,0.457,320,4x4 Hill Freight Carrier,243.1,404.9,161.8,0.402,Standard Mountain Traffic Flow
51.05,23.0,31.4,13.71,0.759,4170,Light Disaster Utility (4WD),133.2,272.1,138.9,0.552,Steep Mountain Grade & Hairpin Bends
182.89,45.0,22.0,92.46,0.942,1400,4x4 Hill Freight Carrier,243.9,795.8,552.0,0.798,Active Landslide Clearance / Road Blockage
112.76,30.0,24.2,16.65,0.688,3200,Refrigerated Medical Van,225.5,655.0,429.5,0.507,Active Landslide Clearance / Road Blockage
124.58,45.0,6.0,41.38,0.401,320,Refrigerated Medical Van,166.1,251.7,85.6,0.343,Standard Mountain Traffic Flow
140.35,20.0,14.5,4.51,0.19,1550,Refrigerated Medical Van,421.0,464.4,43.4,0.14,Standard Mountain Traffic Flow
78.49,33.8,12.8,23.45,0.4,240,Heavy Supply Truck (16T),139.5,198.9,59.3,0.315,Standard Mountain Traffic Flow
374.15,51.7,8.5,4.56,0.31,350,Light Disaster Utility (4WD),433.8,528.0,94.2,0.224,Standard Mountain Traffic Flow
138.26,30.0,26.5,7.02,0.572,2450,Refrigerated Medical Van,276.5,493.1,216.6,0.411,Active Landslide Clearance / Road Blockage
273.63,33.8,8.5,27.77,0.417,350,Heavy Supply Truck (16T),486.5,743.5,257.0,0.333,Standard Mountain Traffic Flow
359.8,45.0,8.5,27.45,0.353,350,Refrigerated Medical Van,479.7,686.3,206.6,0.289,Standard Mountain Traffic Flow
81.79,15.0,31.4,10.81,0.716,4170,Heavy Supply Truck (16T),327.1,810.6,483.4,0.517,Active Landslide Clearance / Road Blockage
480.46,51.7,21.0,16.62,0.689,1650,Light Disaster Utility (4WD),557.0,1059.3,502.3,0.507,Steep Mountain Grade & Hairpin Bends
525.44,51.7,21.0,41.39,0.793,1650,Light Disaster Utility (4WD),609.2,1596.5,987.3,0.617,Active Landslide Clearance / Road Blockage
91.88,20.0,14.5,28.55,0.277,1550,4x4 Hill Freight Carrier,275.6,358.7,83.1,0.237,Standard Mountain Traffic Flow
133.52,45.0,6.0,14.9,0.327,320,4x4 Hill Freight Carrier,178.0,229.4,51.4,0.251,Standard Mountain Traffic Flow
266.02,45.0,22.0,9.96,0.753,1400,4x4 Hill Freight Carrier,354.7,832.0,477.3,0.542,Active Landslide Clearance / Road Blockage
85.46,20.0,14.5,38.08,0.426,1550,Refrigerated Medical Van,256.4,393.4,137.0,0.355,Standard Mountain Traffic Flow
93.53,30.0,26.5,11.77,0.629,2450,Refrigerated Medical Van,187.1,327.9,140.9,0.458,Steep Mountain Grade & Hairpin Bends
160.26,45.0,6.0,0.78,0.278,320,4x4 Hill Freight Carrier,213.7,248.6,34.9,0.196,Standard Mountain Traffic Flow
137.1,22.5,26.5,21.91,0.639,2450,Heavy Supply Truck (16T),365.6,702.4,336.8,0.48,Active Landslide Clearance / Road Blockage
146.24,45.0,4.2,63.41,0.267,95,4x4 Hill Freight Carrier,195.0,285.7,90.7,0.282,Torrential Rainfall & Reduced Visibility
781.35,51.7,21.0,0.74,0.596,1650,Light Disaster Utility (4WD),905.9,1479.7,573.8,0.418,Steep Mountain Grade & Hairpin Bends
115.87,22.5,26.5,23.88,0.657,2450,Heavy Supply Truck (16T),309.0,750.4,441.4,0.496,Active Landslide Clearance / Road Blockage
128.28,23.0,14.5,0.02,0.108,1550,Light Disaster Utility (4WD),334.6,344.5,9.9,0.076,Standard Mountain Traffic Flow
786.13,51.7,21.0,5.39,0.583,1650,Light Disaster Utility (4WD),911.5,1488.0,576.6,0.416,Steep Mountain Grade & Hairpin Bends
177.69,51.7,22.0,3.94,0.622,1400,Light Disaster Utility (4WD),206.0,350.4,144.4,0.441,Steep Mountain Grade & Hairpin Bends
320.45,51.7,22.0,11.36,0.732,1400,Light Disaster Utility (4WD),371.5,826.5,455.0,0.529,Active Landslide Clearance / Road Blockage
78.21,34.5,26.5,7.57,0.633,2450,Light Disaster Utility (4WD),136.0,236.6,100.6,0.454,Steep Mountain Grade & Hairpin Bends
289.65,51.7,18.0,3.27,0.459,1500,Light Disaster Utility (4WD),335.8,473.6,137.8,0.326,Standard Mountain Traffic Flow
48.77,30.0,16.0,8.77,0.396,2100,Refrigerated Medical Van,97.5,131.3,33.8,0.291,Standard Mountain Traffic Flow
466.68,45.0,8.5,70.92,0.467,350,Refrigerated Medical Van,622.2,1127.6,505.3,0.433,Active Landslide Clearance / Road Blockage
193.72,51.7,4.2,39.01,0.321,95,Light Disaster Utility (4WD),224.6,314.8,90.2,0.283,Standard Mountain Traffic Flow
602.72,45.0,21.0,58.29,0.825,1650,Refrigerated Medical Van,803.6,2101.8,1298.2,0.665,Active Landslide Clearance / Road Blockage
186.31,33.8,22.0,6.71,0.699,1400,Heavy Supply Truck (16T),331.2,745.9,414.7,0.499,Active Landslide Clearance / Road Blockage
509.94,45.0,21.0,62.76,0.843,1650,Refrigerated Medical Van,679.9,1856.7,1176.8,0.684,Active Landslide Clearance / Road Blockage
69.35,33.8,12.8,14.49,0.347,240,Heavy Supply Truck (16T),123.3,161.6,38.4,0.265,Standard Mountain Traffic Flow
59.15,34.5,16.0,25.2,0.444,2100,Light Disaster Utility (4WD),102.9,154.1,51.2,0.349,Standard Mountain Traffic Flow
174.42,33.8,6.0,51.57,0.421,320,Heavy Supply Truck (16T),310.1,494.7,184.6,0.372,Standard Mountain Traffic Flow
393.66,45.0,8.5,53.54,0.442,350,Refrigerated Medical Van,524.9,858.7,333.8,0.39,Standard Mountain Traffic Flow
63.14,22.5,24.2,10.84,0.663,3200,Heavy Supply Truck (16T),168.4,487.0,318.6,0.48,Active Landslide Clearance / Road Blockage
433.02,51.7,8.5,10.52,0.186,350,Light Disaster Utility (4WD),502.1,567.5,65.5,0.146,Standard Mountain Traffic Flow
375.14,45.0,18.0,7.89,0.544,1500,Refrigerated Medical Van,500.2,787.5,287.3,0.393,Standard Mountain Traffic Flow
55.52,20.0,31.4,6.57,0.719,4170,Refrigerated Medical Van,166.6,433.8,267.3,0.513,Active Landslide Clearance / Road Blockage
435.19,45.0,21.0,54.83,0.764,1650,Refrigerated Medical Van,580.3,1311.8,731.6,0.617,Steep Mountain Grade & Hairpin Bends
283.73,45.0,18.0,84.49,0.862,1500,Refrigerated Medical Van,378.3,1152.8,774.5,0.73,Active Landslide Clearance / Road Blockage
270.39,45.0,22.0,14.68,0.757,1400,4x4 Hill Freight Carrier,360.5,908.0,547.5,0.552,Active Landslide Clearance / Road Blockage
128.86,45.0,6.0,1.67,0.335,320,Refrigerated Medical Van,171.8,211.6,39.8,0.237,Standard Mountain Traffic Flow
767.6,33.8,21.0,3.32,0.52,1650,Heavy Supply Truck (16T),1364.6,2060.6,696.0,0.369,Steep Mountain Grade & Hairpin Bends
74.3,45.0,12.8,7.07,0.298,240,4x4 Hill Freight Carrier,99.1,120.5,21.4,0.219,Standard Mountain Traffic Flow
345.63,33.8,8.5,4.89,0.253,350,Heavy Supply Truck (16T),614.5,712.5,98.0,0.185,Standard Mountain Traffic Flow
71.45,20.0,31.4,48.53,0.891,4170,Refrigerated Medical Van,214.4,755.5,541.2,0.696,Active Landslide Clearance / Road Blockage
80.24,20.0,31.4,20.23,0.657,4170,Refrigerated Medical Van,240.7,445.8,205.0,0.49,Steep Mountain Grade & Hairpin Bends
174.51,33.8,4.2,64.87,0.308,95,Heavy Supply Truck (16T),310.2,470.5,160.3,0.313,Torrential Rainfall & Reduced Visibility
340.99,45.0,18.0,48.76,0.735,1500,4x4 Hill Freight Carrier,454.7,983.2,528.5,0.587,Standard Mountain Traffic Flow
448.69,45.0,21.0,145.2,1.0,1650,4x4 Hill Freight Carrier,598.2,1989.8,1391.5,0.918,Torrential Rainfall & Reduced Visibility
83.95,30.0,24.2,20.33,0.683,3200,4x4 Hill Freight Carrier,167.9,537.0,369.1,0.509,Active Landslide Clearance / Road Blockage
588.08,45.0,21.0,23.13,0.732,1650,4x4 Hill Freight Carrier,784.1,1659.2,875.1,0.547,Active Landslide Clearance / Road Blockage
281.48,33.8,8.5,15.88,0.288,350,Heavy Supply Truck (16T),500.4,625.1,124.7,0.225,Standard Mountain Traffic Flow
97.77,22.5,24.2,37.35,0.739,3200,Heavy Supply Truck (16T),260.7,551.5,290.8,0.573,Steep Mountain Grade & Hairpin Bends
474.47,45.0,18.0,43.99,0.721,1500,4x4 Hill Freight Carrier,632.6,1333.3,700.7,0.571,Standard Mountain Traffic Flow
119.34,23.0,14.5,12.34,0.201,1550,Light Disaster Utility (4WD),311.3,358.2,46.9,0.159,Standard Mountain Traffic Flow
48.59,34.5,16.0,26.4,0.468,2100,Light Disaster Utility (4WD),84.5,130.1,45.6,0.367,Standard Mountain Traffic Flow
100.95,30.0,26.5,19.35,0.727,2450,4x4 Hill Freight Carrier,201.9,624.1,422.2,0.538,Active Landslide Clearance / Road Blockage
71.35,22.5,24.2,14.41,0.61,3200,Heavy Supply Truck (16T),190.3,329.2,138.9,0.449,Steep Mountain Grade & Hairpin Bends
48.52,33.8,12.8,29.42,0.481,240,Heavy Supply Truck (16T),86.3,163.5,77.2,0.381,Standard Mountain Traffic Flow
143.58,23.0,14.5,1.96,0.195,1550,Light Disaster Utility (4WD),374.6,409.8,35.2,0.139,Standard Mountain Traffic Flow
75.77,23.0,31.4,1.76,0.731,4170,Light Disaster Utility (4WD),197.7,379.2,181.6,0.514,Steep Mountain Grade & Hairpin Bends
405.93,45.0,8.5,53.44,0.542,350,4x4 Hill Freight Carrier,541.2,973.6,432.3,0.46,Standard Mountain Traffic Flow
488.82,51.7,21.0,1.18,0.587,1650,Light Disaster Utility (4WD),566.7,917.3,350.5,0.412,Steep Mountain Grade & Hairpin Bends
85.47,34.5,26.5,18.96,0.693,2450,Light Disaster Utility (4WD),148.6,447.3,298.6,0.513,Active Landslide Clearance / Road Blockage
176.66,51.7,22.0,9.64,0.685,1400,Light Disaster Utility (4WD),204.8,380.4,175.6,0.494,Steep Mountain Grade & Hairpin Bends
456.5,33.8,8.5,121.63,0.744,350,Heavy Supply Truck (16T),811.6,2236.4,1424.8,0.703,Active Landslide Clearance / Road Blockage
292.21,45.0,8.5,70.89,0.503,350,Refrigerated Medical Van,389.6,708.7,319.1,0.458,Torrential Rainfall & Reduced Visibility
141.63,20.0,14.5,42.5,0.353,1550,Refrigerated Medical Van,424.9,619.4,194.5,0.311,Standard Mountain Traffic Flow
81.36,15.0,31.4,37.05,0.838,4170,Heavy Supply Truck (16T),325.4,944.1,618.7,0.643,Active Landslide Clearance / Road Blockage
329.06,51.7,18.0,17.32,0.558,1500,Light Disaster Utility (4WD),381.5,628.5,247.0,0.417,Standard Mountain Traffic Flow
208.85,45.0,6.0,45.97,0.475,320,4x4 Hill Freight Carrier,278.5,459.3,180.8,0.402,Standard Mountain Traffic Flow
478.53,45.0,18.0,31.91,0.636,1500,4x4 Hill Freight Carrier,638.0,1192.1,554.1,0.493,Standard Mountain Traffic Flow
148.78,45.0,6.0,9.61,0.222,320,4x4 Hill Freight Carrier,198.4,229.1,30.7,0.17,Standard Mountain Traffic Flow
77.31,22.5,24.2,7.05,0.631,3200,Heavy Supply Truck (16T),206.2,357.4,151.2,0.452,Steep Mountain Grade & Hairpin Bends
60.41,33.8,12.8,71.72,0.652,240,Heavy Supply Truck (16T),107.4,404.6,297.2,0.564,Active Landslide Clearance / Road Blockage
277.45,33.8,8.5,76.75,0.559,350,Heavy Supply Truck (16T),493.2,960.0,466.7,0.507,Torrential Rainfall & Reduced Visibility
93.44,30.0,24.2,13.56,0.634,3200,4x4 Hill Freight Carrier,186.9,331.1,144.2,0.464,Steep Mountain Grade & Hairpin Bends
79.7,20.0,31.4,1.22,0.768,4170,4x4 Hill Freight Carrier,239.1,686.9,447.8,0.539,Active Landslide Clearance / Road Blockage
384.23,33.8,18.0,30.38,0.676,1500,Heavy Supply Truck (16T),683.1,1522.6,839.5,0.519,Active Landslide Clearance / Road Blockage
390.28,45.0,18.0,28.85,0.581,1500,4x4 Hill Freight Carrier,520.4,908.8,388.4,0.45,Standard Mountain Traffic Flow
173.51,33.8,6.0,67.36,0.551,320,Heavy Supply Truck (16T),308.5,581.2,272.7,0.487,Torrential Rainfall & Reduced Visibility
73.49,33.8,12.8,15.85,0.413,240,Heavy Supply Truck (16T),130.7,183.6,52.9,0.313,Standard Mountain Traffic Flow
92.26,34.5,26.5,15.63,0.617,2450,Light Disaster Utility (4WD),160.5,280.5,120.1,0.455,Steep Mountain Grade & Hairpin Bends
180.9,45.0,6.0,49.21,0.448,320,4x4 Hill Freight Carrier,241.2,391.4,150.2,0.387,Standard Mountain Traffic Flow
565.61,45.0,21.0,30.83,0.701,1650,4x4 Hill Freight Carrier,754.2,1707.2,953.1,0.537,Active Landslide Clearance / Road Blockage
186.89,33.8,22.0,9.5,0.674,1400,Heavy Supply Truck (16T),332.3,609.1,276.8,0.486,Steep Mountain Grade & Hairpin Bends
86.71,23.0,31.4,12.76,0.749,4170,Light Disaster Utility (4WD),226.2,456.0,229.8,0.544,Steep Mountain Grade & Hairpin Bends
134.93,45.0,6.0,36.88,0.458,320,Refrigerated Medical Van,179.9,283.6,103.7,0.376,Standard Mountain Traffic Flow
44.38,45.0,12.8,61.25,0.644,240,Refrigerated Medical Van,59.2,120.1,61.0,0.542,Torrential Rainfall & Reduced Visibility
105.68,23.0,14.5,12.3,0.26,1550,Light Disaster Utility (4WD),275.7,331.8,56.1,0.201,Standard Mountain Traffic Flow
75.2,22.5,24.2,19.66,0.803,3200,Heavy Supply Truck (16T),200.5,531.6,331.1,0.592,Active Landslide Clearance / Road Blockage
90.77,20.0,31.4,5.58,0.783,4170,4x4 Hill Freight Carrier,272.3,794.0,521.7,0.557,Active Landslide Clearance / Road Blockage
174.24,45.0,22.0,19.68,0.699,1400,4x4 Hill Freight Carrier,232.3,450.1,217.8,0.519,Steep Mountain Grade & Hairpin Bends
115.15,34.5,26.5,17.16,0.55,2450,Light Disaster Utility (4WD),200.3,360.5,160.2,0.411,Active Landslide Clearance / Road Blockage
420.13,51.7,8.5,34.74,0.393,350,Light Disaster Utility (4WD),487.1,759.5,272.3,0.327,Active Landslide Clearance / Road Blockage
187.49,33.8,6.0,13.85,0.31,320,Heavy Supply Truck (16T),333.3,421.0,87.7,0.237,Standard Mountain Traffic Flow
245.15,45.0,22.0,11.3,0.677,1400,Refrigerated Medical Van,326.9,669.9,343.1,0.491,Active Landslide Clearance / Road Blockage
69.02,33.8,12.8,32.43,0.457,240,Heavy Supply Truck (16T),122.7,190.5,67.8,0.368,Standard Mountain Traffic Flow
90.86,23.0,31.4,39.24,0.868,4170,Light Disaster Utility (4WD),237.0,736.9,499.9,0.667,Active Landslide Clearance / Road Blockage
318.9,45.0,22.0,22.8,0.796,1400,4x4 Hill Freight Carrier,425.2,925.0,499.8,0.591,Steep Mountain Grade & Hairpin Bends
255.2,33.8,4.2,2.6,0.118,95,Heavy Supply Truck (16T),453.7,475.0,21.3,0.086,Standard Mountain Traffic Flow
187.45,51.7,6.0,50.82,0.356,320,Light Disaster Utility (4WD),217.3,326.9,109.5,0.326,Standard Mountain Traffic Flow
805.56,45.0,21.0,14.77,0.596,1650,Refrigerated Medical Van,1074.1,1829.9,755.8,0.439,Steep Mountain Grade & Hairpin Bends
395.5,33.8,18.0,40.68,0.705,1500,Heavy Supply Truck (16T),703.1,1640.5,937.3,0.554,Active Landslide Clearance / Road Blockage
247.19,51.7,22.0,10.92,0.614,1400,Light Disaster Utility (4WD),286.6,493.0,206.4,0.446,Steep Mountain Grade & Hairpin Bends
708.36,33.8,21.0,8.32,0.6,1650,Heavy Supply Truck (16T),1259.3,2115.2,855.9,0.433,Steep Mountain Grade & Hairpin Bends
163.8,51.7,4.2,22.64,0.255,95,Light Disaster Utility (4WD),189.9,237.3,47.4,0.212,Standard Mountain Traffic Flow
476.58,51.7,21.0,31.92,0.656,1650,Light Disaster Utility (4WD),552.6,1154.9,602.4,0.507,Active Landslide Clearance / Road Blockage
256.05,45.0,8.5,4.07,0.333,350,Refrigerated Medical Van,341.4,423.9,82.5,0.239,Standard Mountain Traffic Flow
95.63,30.0,24.2,106.12,1.0,3200,Refrigerated Medical Van,191.3,716.6,525.3,0.859,Active Landslide Clearance / Road Blockage
197.94,33.8,6.0,1.97,0.25,320,Heavy Supply Truck (16T),351.9,401.7,49.8,0.178,Standard Mountain Traffic Flow
91.83,30.0,24.2,10.19,0.656,3200,Refrigerated Medical Van,183.7,399.0,215.3,0.474,Active Landslide Clearance / Road Blockage
277.88,45.0,22.0,31.06,0.799,1400,Refrigerated Medical Van,370.5,823.8,453.3,0.606,Steep Mountain Grade & Hairpin Bends
78.29,22.5,26.5,10.86,0.617,2450,Heavy Supply Truck (16T),208.8,360.0,151.2,0.448,Steep Mountain Grade & Hairpin Bends
223.94,45.0,6.0,11.61,0.278,320,4x4 Hill Freight Carrier,298.6,363.6,65.0,0.212,Standard Mountain Traffic Flow
85.35,23.0,31.4,3.27,0.651,4170,Light Disaster Utility (4WD),222.7,390.6,168.0,0.46,Steep Mountain Grade & Hairpin Bends
226.32,45.0,6.0,47.55,0.439,320,Refrigerated Medical Van,301.8,483.1,181.4,0.379,Standard Mountain Traffic Flow
165.77,51.7,6.0,15.44,0.239,320,Light Disaster Utility (4WD),192.2,230.4,38.2,0.19,Standard Mountain Traffic Flow
728.08,45.0,21.0,98.73,0.984,1650,4x4 Hill Freight Carrier,970.8,3097.9,2127.1,0.837,Active Landslide Clearance / Road Blockage
44.66,22.5,16.0,13.54,0.383,2100,Heavy Supply Truck (16T),119.1,161.1,42.0,0.289,Standard Mountain Traffic Flow
288.62,45.0,18.0,34.71,0.592,1500,4x4 Hill Freight Carrier,384.8,690.9,306.1,0.466,Standard Mountain Traffic Flow
74.05,45.0,12.8,48.67,0.531,240,Refrigerated Medical Van,98.7,173.2,74.5,0.444,Standard Mountain Traffic Flow
245.2,33.8,22.0,10.63,0.623,1400,Heavy Supply Truck (16T),435.9,782.6,346.7,0.452,Steep Mountain Grade & Hairpin Bends
233.42,45.0,4.2,1.23,0.17,95,Refrigerated Medical Van,311.2,333.7,22.4,0.121,Standard Mountain Traffic Flow
467.82,33.8,21.0,0.2,0.579,1650,Heavy Supply Truck (16T),831.7,1329.9,498.2,0.405,Steep Mountain Grade & Hairpin Bends
61.12,34.5,16.0,22.03,0.438,2100,Light Disaster Utility (4WD),106.3,156.5,50.2,0.34,Standard Mountain Traffic Flow
337.72,45.0,8.5,62.0,0.446,350,4x4 Hill Freight Carrier,450.3,758.5,308.2,0.405,Torrential Rainfall & Reduced Visibility
39.69,22.5,16.0,14.23,0.385,2100,Heavy Supply Truck (16T),105.9,173.0,67.2,0.291,Standard Mountain Traffic Flow
122.31,34.5,26.5,10.26,0.586,2450,Light Disaster Utility (4WD),212.7,353.7,141.0,0.426,Steep Mountain Grade & Hairpin Bends
200.79,33.8,22.0,15.7,0.719,1400,Heavy Supply Truck (16T),357.0,928.1,571.1,0.527,Active Landslide Clearance / Road Blockage
164.93,45.0,6.0,32.73,0.323,320,4x4 Hill Freight Carrier,219.9,301.8,81.9,0.275,Standard Mountain Traffic Flow
149.69,45.0,4.2,10.93,0.145,95,4x4 Hill Freight Carrier,199.6,220.4,20.8,0.118,Standard Mountain Traffic Flow
141.11,33.8,6.0,5.74,0.139,320,Heavy Supply Truck (16T),250.9,269.6,18.8,0.106,Standard Mountain Traffic Flow
71.58,15.0,31.4,24.82,0.869,4170,Heavy Supply Truck (16T),286.3,783.8,497.4,0.646,Active Landslide Clearance / Road Blockage
96.63,22.5,26.5,39.66,0.726,2450,Heavy Supply Truck (16T),257.7,540.7,283.0,0.568,Steep Mountain Grade & Hairpin Bends
46.89,33.8,12.8,68.42,0.638,240,Heavy Supply Truck (16T),83.4,171.3,88.0,0.55,Torrential Rainfall & Reduced Visibility
360.5,45.0,18.0,24.04,0.572,1500,4x4 Hill Freight Carrier,480.7,861.2,380.6,0.436,Active Landslide Clearance / Road Blockage
49.04,34.5,16.0,6.81,0.391,2100,Light Disaster Utility (4WD),85.3,113.3,28.0,0.284,Standard Mountain Traffic Flow
602.81,51.7,21.0,47.83,0.749,1650,Light Disaster Utility (4WD),698.9,1682.1,983.2,0.596,Active Landslide Clearance / Road Blockage
200.25,45.0,6.0,47.21,0.418,320,4x4 Hill Freight Carrier,267.0,419.0,152.0,0.364,Standard Mountain Traffic Flow
52.1,22.5,16.0,4.97,0.45,2100,Heavy Supply Truck (16T),138.9,195.1,56.2,0.322,Standard Mountain Traffic Flow
63.73,22.5,24.2,15.92,0.743,3200,Heavy Supply Truck (16T),170.0,452.6,282.7,0.544,Active Landslide Clearance / Road Blockage
121.78,34.5,26.5,7.31,0.649,2450,Light Disaster Utility (4WD),211.8,426.1,214.3,0.465,Active Landslide Clearance / Road Blockage
112.71,30.0,24.2,115.2,1.0,3200,4x4 Hill Freight Carrier,225.4,763.0,537.6,0.873,Active Landslide Clearance / Road Blockage
426.39,33.8,18.0,15.97,0.563,1500,Heavy Supply Truck (16T),758.0,1309.1,551.0,0.418,Active Landslide Clearance / Road Blockage
190.59,51.7,6.0,47.33,0.439,320,Light Disaster Utility (4WD),221.0,353.8,132.8,0.379,Standard Mountain Traffic Flow
153.07,51.7,4.2,6.08,0.083,95,Light Disaster Utility (4WD),177.5,186.1,8.6,0.067,Standard Mountain Traffic Flow
66.31,33.8,12.8,35.72,0.564,240,Heavy Supply Truck (16T),117.9,236.7,118.8,0.448,Active Landslide Clearance / Road Blockage
47.28,45.0,12.8,2.17,0.388,240,Refrigerated Medical Van,63.0,82.1,19.0,0.275,Standard Mountain Traffic Flow
283.7,45.0,22.0,21.38,0.863,1400,4x4 Hill Freight Carrier,378.3,1009.9,631.6,0.636,Active Landslide Clearance / Road Blockage
167.19,45.0,6.0,0.8,0.205,320,Refrigerated Medical Van,222.9,244.4,21.4,0.145,Standard Mountain Traffic Flow
387.67,51.7,8.5,56.38,0.546,350,Light Disaster Utility (4WD),449.5,818.0,368.6,0.467,Standard Mountain Traffic Flow
106.45,22.5,26.5,0.54,0.583,2450,Heavy Supply Truck (16T),283.9,456.7,172.8,0.409,Steep Mountain Grade & Hairpin Bends
798.45,51.7,21.0,35.45,0.702,1650,Light Disaster Utility (4WD),925.7,1872.6,946.9,0.544,Steep Mountain Grade & Hairpin Bends
45.88,45.0,12.8,6.3,0.404,240,Refrigerated Medical Van,61.2,82.3,21.1,0.292,Standard Mountain Traffic Flow
219.36,45.0,4.2,31.02,0.267,95,4x4 Hill Freight Carrier,292.5,381.3,88.8,0.233,Standard Mountain Traffic Flow
34.43,22.5,16.0,52.9,0.557,2100,Heavy Supply Truck (16T),91.8,167.4,75.6,0.469,Standard Mountain Traffic Flow
69.99,45.0,12.8,7.26,0.42,240,Refrigerated Medical Van,93.3,128.0,34.7,0.305,Standard Mountain Traffic Flow
265.03,45.0,8.5,6.74,0.281,350,4x4 Hill Freight Carrier,353.4,422.9,69.5,0.207,Standard Mountain Traffic Flow
234.98,45.0,22.0,21.31,0.684,1400,4x4 Hill Freight Carrier,313.3,737.7,424.4,0.511,Active Landslide Clearance / Road Blockage
41.56,22.5,16.0,0.89,0.306,2100,Heavy Supply Truck (16T),110.8,132.3,21.5,0.215,Standard Mountain Traffic Flow
96.87,34.5,26.5,60.51,0.9,2450,Light Disaster Utility (4WD),168.5,633.2,464.7,0.721,Active Landslide Clearance / Road Blockage
134.44,22.5,26.5,20.49,0.682,2450,Heavy Supply Truck (16T),358.5,768.3,409.8,0.508,Active Landslide Clearance / Road Blockage
86.49,30.0,24.2,2.02,0.591,3200,Refrigerated Medical Van,173.0,334.2,161.2,0.417,Active Landslide Clearance / Road Blockage
55.07,20.0,31.4,70.02,0.995,4170,Refrigerated Medical Van,165.2,484.8,319.6,0.801,Torrential Rainfall & Reduced Visibility
284.03,33.8,22.0,28.98,0.822,1400,Heavy Supply Truck (16T),504.9,1346.9,841.9,0.619,Active Landslide Clearance / Road Blockage
196.2,45.0,4.2,46.23,0.34,95,4x4 Hill Freight Carrier,261.6,382.0,120.4,0.307,Standard Mountain Traffic Flow
109.48,22.5,26.5,18.63,0.652,2450,Heavy Supply Truck (16T),292.0,733.3,441.3,0.484,Active Landslide Clearance / Road Blockage
74.26,33.8,12.8,24.26,0.44,240,Heavy Supply Truck (16T),132.0,196.3,64.3,0.345,Standard Mountain Traffic Flow
797.93,51.7,21.0,41.95,0.702,1650,Light Disaster Utility (4WD),925.1,2104.8,1179.7,0.554,Active Landslide Clearance / Road Blockage
64.19,34.5,24.2,18.93,0.748,3200,Light Disaster Utility (4WD),111.6,282.7,171.0,0.552,Active Landslide Clearance / Road Blockage
216.49,45.0,6.0,23.85,0.339,320,Refrigerated Medical Van,288.7,388.8,100.2,0.273,Standard Mountain Traffic Flow
39.4,22.5,16.0,11.45,0.438,2100,Heavy Supply Truck (16T),105.1,149.2,44.1,0.324,Standard Mountain Traffic Flow
45.15,45.0,12.8,5.18,0.281,240,4x4 Hill Freight Carrier,60.2,71.6,11.4,0.205,Standard Mountain Traffic Flow
739.2,51.7,21.0,4.27,0.604,1650,Light Disaster Utility (4WD),857.0,1428.0,570.9,0.429,Steep Mountain Grade & Hairpin Bends
113.87,20.0,14.5,43.27,0.276,1550,4x4 Hill Freight Carrier,341.6,469.4,127.7,0.258,Standard Mountain Traffic Flow
60.11,51.7,12.8,46.8,0.493,240,Light Disaster Utility (4WD),69.7,117.2,47.6,0.415,Standard Mountain Traffic Flow
161.88,51.7,4.2,17.24,0.202,95,Light Disaster Utility (4WD),187.7,220.8,33.1,0.168,Standard Mountain Traffic Flow
103.47,30.0,26.5,40.82,0.651,2450,4x4 Hill Freight Carrier,206.9,402.2,195.3,0.517,Steep Mountain Grade & Hairpin Bends
197.7,45.0,22.0,7.72,0.747,1400,4x4 Hill Freight Carrier,263.6,680.6,417.0,0.535,Active Landslide Clearance / Road Blockage
105.26,34.5,26.5,21.7,0.691,2450,Light Disaster Utility (4WD),183.1,353.7,170.6,0.517,Steep Mountain Grade & Hairpin Bends
216.5,45.0,6.0,8.95,0.206,320,Refrigerated Medical Van,288.7,328.5,39.8,0.158,Standard Mountain Traffic Flow
70.93,20.0,31.4,111.31,1.0,4170,4x4 Hill Freight Carrier,212.8,734.3,521.5,0.867,Active Landslide Clearance / Road Blockage
217.91,33.8,4.2,2.82,0.05,95,Heavy Supply Truck (16T),387.4,395.7,8.3,0.05,Standard Mountain Traffic Flow
91.23,20.0,31.4,37.73,0.905,4170,4x4 Hill Freight Carrier,273.7,851.2,577.5,0.69,Active Landslide Clearance / Road Blockage
239.71,51.7,22.0,58.64,0.933,1400,Light Disaster Utility (4WD),277.9,983.2,705.3,0.741,Active Landslide Clearance / Road Blockage
89.65,30.0,24.2,80.44,0.996,3200,4x4 Hill Freight Carrier,179.3,536.3,357.1,0.818,Torrential Rainfall & Reduced Visibility
385.76,45.0,18.0,7.04,0.666,1500,4x4 Hill Freight Carrier,514.3,928.9,414.5,0.477,Standard Mountain Traffic Flow
124.4,45.0,6.0,8.29,0.134,320,4x4 Hill Freight Carrier,165.9,179.9,14.0,0.106,Standard Mountain Traffic Flow
384.31,45.0,18.0,118.35,1.0,1500,4x4 Hill Freight Carrier,512.4,1748.8,1236.4,0.878,Active Landslide Clearance / Road Blockage
357.29,51.7,8.5,4.3,0.373,350,Light Disaster Utility (4WD),414.2,535.4,121.2,0.268,Standard Mountain Traffic Flow
38.01,34.5,16.0,25.45,0.502,2100,Light Disaster Utility (4WD),66.1,105.1,39.0,0.39,Standard Mountain Traffic Flow
60.61,15.0,31.4,7.77,0.716,4170,Heavy Supply Truck (16T),242.4,464.3,221.9,0.513,Steep Mountain Grade & Hairpin Bends
804.65,45.0,21.0,11.07,0.627,1650,4x4 Hill Freight Carrier,1072.9,1893.4,820.5,0.455,Steep Mountain Grade & Hairpin Bends
92.06,20.0,14.5,26.58,0.266,1550,4x4 Hill Freight Carrier,276.2,353.7,77.6,0.226,Standard Mountain Traffic Flow
430.73,45.0,18.0,16.03,0.582,1500,4x4 Hill Freight Carrier,574.3,967.2,392.9,0.431,Standard Mountain Traffic Flow
176.05,51.7,4.2,6.95,0.099,95,Light Disaster Utility (4WD),204.1,216.3,12.2,0.08,Standard Mountain Traffic Flow
164.79,33.8,4.2,35.05,0.35,95,Heavy Supply Truck (16T),293.0,415.2,122.2,0.298,Standard Mountain Traffic Flow
645.6,33.8,21.0,58.7,0.848,1650,Heavy Supply Truck (16T),1147.7,3024.8,1877.0,0.681,Active Landslide Clearance / Road Blockage
86.29,23.0,14.5,35.61,0.305,1550,Light Disaster Utility (4WD),225.1,307.7,82.6,0.267,Standard Mountain Traffic Flow
598.9,33.8,21.0,87.0,0.967,1650,Heavy Supply Truck (16T),1064.7,3250.7,2186.0,0.807,Active Landslide Clearance / Road Blockage
61.73,22.5,16.0,12.01,0.381,2100,Heavy Supply Truck (16T),164.6,220.8,56.2,0.285,Standard Mountain Traffic Flow
262.29,51.7,4.2,69.53,0.44,95,Light Disaster Utility (4WD),304.1,520.7,216.6,0.412,Torrential Rainfall & Reduced Visibility
143.7,30.0,26.5,8.74,0.583,2450,Refrigerated Medical Van,287.4,474.3,186.9,0.422,Steep Mountain Grade & Hairpin Bends
171.39,33.8,6.0,22.03,0.272,320,Heavy Supply Truck (16T),304.7,385.1,80.4,0.224,Standard Mountain Traffic Flow
197.67,51.7,4.2,5.63,0.096,95,Light Disaster Utility (4WD),229.2,241.1,11.9,0.076,Standard Mountain Traffic Flow
218.75,45.0,6.0,36.61,0.379,320,Refrigerated Medical Van,291.7,470.7,179.0,0.32,Active Landslide Clearance / Road Blockage
315.91,33.8,22.0,0.09,0.617,1400,Heavy Supply Truck (16T),561.6,938.7,377.1,0.432,Steep Mountain Grade & Hairpin Bends
209.31,45.0,22.0,78.85,0.973,1400,4x4 Hill Freight Carrier,279.1,814.4,535.3,0.8,Torrential Rainfall & Reduced Visibility
130.93,20.0,14.5,2.88,0.207,1550,4x4 Hill Freight Carrier,392.8,435.3,42.5,0.149,Standard Mountain Traffic Flow
90.46,34.5,24.2,7.9,0.675,3200,Light Disaster Utility (4WD),157.3,287.7,130.4,0.485,Steep Mountain Grade & Hairpin Bends
159.23,33.8,4.2,18.97,0.171,95,Heavy Supply Truck (16T),283.1,328.8,45.8,0.148,Standard Mountain Traffic Flow
142.79,20.0,14.5,6.17,0.142,1550,Refrigerated Medical Van,428.4,462.0,33.7,0.109,Standard Mountain Traffic Flow
326.81,33.8,8.5,16.58,0.357,350,Heavy Supply Truck (16T),581.0,774.6,193.6,0.275,Standard Mountain Traffic Flow
63.02,20.0,31.4,9.88,0.798,4170,4x4 Hill Freight Carrier,189.1,400.1,211.0,0.574,Steep Mountain Grade & Hairpin Bends
54.08,45.0,12.8,6.16,0.384,240,Refrigerated Medical Van,72.1,94.9,22.8,0.278,Standard Mountain Traffic Flow
223.6,45.0,4.2,37.41,0.214,95,Refrigerated Medical Van,298.1,383.6,85.4,0.206,Standard Mountain Traffic Flow
173.82,33.8,4.2,93.65,0.553,95,Heavy Supply Truck (16T),309.0,623.8,314.8,0.527,Torrential Rainfall & Reduced Visibility
310.96,33.8,22.0,18.34,0.715,1400,Heavy Supply Truck (16T),552.8,1215.0,662.2,0.528,Active Landslide Clearance / Road Blockage
87.33,22.5,26.5,16.68,0.706,2450,Heavy Supply Truck (16T),232.9,601.2,368.3,0.519,Active Landslide Clearance / Road Blockage
34.26,30.0,16.0,17.62,0.485,2100,4x4 Hill Freight Carrier,68.5,104.3,35.8,0.366,Standard Mountain Traffic Flow
52.27,22.5,16.0,72.09,0.722,2100,Heavy Supply Truck (16T),139.4,313.7,174.3,0.613,Torrential Rainfall & Reduced Visibility
438.82,45.0,21.0,24.43,0.708,1650,4x4 Hill Freight Carrier,585.1,1159.6,574.5,0.532,Steep Mountain Grade & Hairpin Bends
43.12,30.0,16.0,4.39,0.471,2100,Refrigerated Medical Van,86.2,123.7,37.4,0.336,Standard Mountain Traffic Flow
88.12,23.0,31.4,19.09,0.808,4170,Light Disaster Utility (4WD),229.9,678.6,448.7,0.594,Active Landslide Clearance / Road Blockage
73.6,45.0,12.8,32.29,0.528,240,Refrigerated Medical Van,98.1,163.8,65.6,0.418,Standard Mountain Traffic Flow
231.91,33.8,22.0,21.62,0.712,1400,Heavy Supply Truck (16T),412.3,935.0,522.8,0.531,Active Landslide Clearance / Road Blockage
277.43,45.0,8.5,73.81,0.635,350,Refrigerated Medical Van,369.9,767.8,397.9,0.555,Torrential Rainfall & Reduced Visibility
67.37,22.5,24.2,31.34,0.66,3200,Heavy Supply Truck (16T),179.7,521.2,341.5,0.509,Active Landslide Clearance / Road Blockage
182.1,33.8,22.0,27.02,0.679,1400,Heavy Supply Truck (16T),323.7,821.1,497.4,0.516,Active Landslide Clearance / Road Blockage
132.46,30.0,26.5,5.61,0.617,2450,Refrigerated Medical Van,264.9,450.0,185.1,0.44,Steep Mountain Grade & Hairpin Bends
76.53,33.8,12.8,19.92,0.467,240,Heavy Supply Truck (16T),136.1,244.2,108.2,0.357,Active Landslide Clearance / Road Blockage
77.94,45.0,12.8,69.05,0.541,240,4x4 Hill Freight Carrier,103.9,194.8,90.8,0.482,Torrential Rainfall & Reduced Visibility
45.16,22.5,16.0,14.72,0.419,2100,Heavy Supply Truck (16T),120.4,169.6,49.2,0.316,Standard Mountain Traffic Flow
155.13,45.0,6.0,9.38,0.21,320,4x4 Hill Freight Carrier,206.8,236.4,29.6,0.161,Standard Mountain Traffic Flow
223.85,45.0,22.0,1.91,0.684,1400,Refrigerated Medical Van,298.5,639.7,341.2,0.481,Active Landslide Clearance / Road Blockage
722.46,33.8,21.0,64.89,0.85,1650,Heavy Supply Truck (16T),1284.4,3370.6,2086.2,0.692,Active Landslide Clearance / Road Blockage
76.22,33.8,12.8,43.17,0.447,240,Heavy Supply Truck (16T),135.5,215.7,80.2,0.378,Standard Mountain Traffic Flow
48.68,30.0,16.0,33.33,0.554,2100,Refrigerated Medical Van,97.4,167.5,70.1,0.438,Standard Mountain Traffic Flow
102.82,30.0,24.2,23.48,0.704,3200,Refrigerated Medical Van,205.6,553.1,347.4,0.528,Active Landslide Clearance / Road Blockage
161.73,51.7,6.0,22.05,0.261,320,Light Disaster Utility (4WD),187.5,234.9,47.3,0.216,Standard Mountain Traffic Flow
279.48,45.0,22.0,59.25,0.978,1400,Refrigerated Medical Van,372.6,1130.6,757.9,0.773,Active Landslide Clearance / Road Blockage
69.2,20.0,31.4,15.73,0.728,4170,4x4 Hill Freight Carrier,207.6,411.5,203.9,0.533,Steep Mountain Grade & Hairpin Bends
52.42,34.5,16.0,62.99,0.673,2100,Light Disaster Utility (4WD),91.2,317.9,226.8,0.566,Active Landslide Clearance / Road Blockage
89.14,15.0,31.4,149.57,1.0,4170,Heavy Supply Truck (16T),356.6,1424.0,1067.4,0.924,Active Landslide Clearance / Road Blockage
91.19,23.0,31.4,3.08,0.714,4170,Light Disaster Utility (4WD),237.9,449.1,211.2,0.504,Steep Mountain Grade & Hairpin Bends
279.62,45.0,18.0,5.27,0.601,1500,4x4 Hill Freight Carrier,372.8,621.3,248.5,0.429,Standard Mountain Traffic Flow
50.49,20.0,31.4,27.83,0.832,4170,4x4 Hill Freight Carrier,151.5,346.5,195.0,0.624,Steep Mountain Grade & Hairpin Bends
536.72,45.0,21.0,59.49,0.887,1650,4x4 Hill Freight Carrier,715.6,2027.2,1311.6,0.71,Active Landslide Clearance / Road Blockage
51.57,33.8,12.8,1.06,0.298,240,Heavy Supply Truck (16T),91.7,108.7,17.0,0.21,Standard Mountain Traffic Flow
84.75,30.0,24.2,10.24,0.688,3200,4x4 Hill Freight Carrier,169.5,450.6,281.1,0.497,Active Landslide Clearance / Road Blockage
95.52,30.0,24.2,27.81,0.759,3200,4x4 Hill Freight Carrier,191.0,609.9,418.9,0.573,Active Landslide Clearance / Road Blockage
592.65,33.8,21.0,9.67,0.652,1650,Heavy Supply Truck (16T),1053.6,1884.7,831.1,0.471,Steep Mountain Grade & Hairpin Bends
86.92,30.0,24.2,17.4,0.604,3200,4x4 Hill Freight Carrier,173.8,301.3,127.5,0.449,Steep Mountain Grade & Hairpin Bends
276.41,45.0,8.5,38.04,0.401,350,4x4 Hill Freight Carrier,368.6,552.6,184.0,0.338,Standard Mountain Traffic Flow
58.8,33.8,12.8,7.75,0.352,240,Heavy Supply Truck (16T),104.5,134.1,29.6,0.258,Standard Mountain Traffic Flow
259.87,45.0,22.0,13.93,0.79,1400,4x4 Hill Freight Carrier,346.5,733.6,387.1,0.574,Steep Mountain Grade & Hairpin Bends
73.51,30.0,24.2,5.08,0.524,3200,4x4 Hill Freight Carrier,147.0,278.9,131.9,0.374,Active Landslide Clearance / Road Blockage
595.95,45.0,21.0,15.94,0.664,1650,Refrigerated Medical Van,794.6,1465.7,671.1,0.488,Steep Mountain Grade & Hairpin Bends
73.65,23.0,31.4,24.55,0.791,4170,Light Disaster Utility (4WD),192.1,417.3,225.2,0.591,Steep Mountain Grade & Hairpin Bends
446.75,45.0,18.0,5.86,0.581,1500,4x4 Hill Freight Carrier,595.7,971.6,376.0,0.415,Standard Mountain Traffic Flow
790.03,51.7,21.0,4.38,0.588,1650,Light Disaster Utility (4WD),916.0,1498.9,583.0,0.418,Steep Mountain Grade & Hairpin Bends
62.01,51.7,12.8,7.23,0.37,240,Light Disaster Utility (4WD),71.9,93.7,21.8,0.27,Standard Mountain Traffic Flow
86.46,22.5,26.5,37.13,0.707,2450,Heavy Supply Truck (16T),230.5,619.9,389.4,0.55,Active Landslide Clearance / Road Blockage
88.27,20.0,14.5,0.28,0.157,1550,4x4 Hill Freight Carrier,264.8,280.3,15.5,0.11,Standard Mountain Traffic Flow
263.24,45.0,22.0,12.33,0.722,1400,Refrigerated Medical Van,351.0,844.5,493.5,0.524,Active Landslide Clearance / Road Blockage
181.73,45.0,4.2,2.73,0.099,95,4x4 Hill Freight Carrier,242.3,251.7,9.4,0.073,Standard Mountain Traffic Flow
379.37,45.0,18.0,32.21,0.621,1500,4x4 Hill Freight Carrier,505.8,930.2,424.4,0.483,Standard Mountain Traffic Flow
61.05,20.0,31.4,0.36,0.844,4170,4x4 Hill Freight Carrier,183.1,632.0,448.8,0.591,Active Landslide Clearance / Road Blockage
388.04,51.7,8.5,19.11,0.378,350,Light Disaster Utility (4WD),449.9,618.0,168.1,0.293,Standard Mountain Traffic Flow
64.87,51.7,12.8,78.89,0.64,240,Light Disaster Utility (4WD),75.2,184.4,109.2,0.566,Torrential Rainfall & Reduced Visibility
76.74,22.5,24.2,21.06,0.752,3200,Heavy Supply Truck (16T),204.6,422.2,217.5,0.558,Steep Mountain Grade & Hairpin Bends
103.03,34.5,24.2,20.99,0.712,3200,Light Disaster Utility (4WD),179.2,555.5,376.3,0.53,Active Landslide Clearance / Road Blockage
98.26,20.0,14.5,32.73,0.296,1550,Refrigerated Medical Van,294.8,395.8,101.0,0.256,Standard Mountain Traffic Flow
107.66,20.0,14.5,65.98,0.448,1550,Refrigerated Medical Van,323.0,597.6,274.6,0.413,Active Landslide Clearance / Road Blockage
110.63,30.0,24.2,20.54,0.763,3200,Refrigerated Medical Van,221.3,567.4,346.2,0.565,Active Landslide Clearance / Road Blockage
285.43,33.8,22.0,7.46,0.729,1400,Heavy Supply Truck (16T),507.4,1172.7,665.2,0.522,Active Landslide Clearance / Road Blockage
232.77,51.7,22.0,7.25,0.664,1400,Light Disaster Utility (4WD),269.9,486.2,216.4,0.476,Steep Mountain Grade & Hairpin Bends
65.05,20.0,31.4,10.03,0.788,4170,4x4 Hill Freight Carrier,195.1,408.1,213.0,0.566,Steep Mountain Grade & Hairpin Bends
95.69,23.0,14.5,18.16,0.216,1550,Light Disaster Utility (4WD),249.6,297.6,48.0,0.178,Standard Mountain Traffic Flow
102.73,22.5,26.5,120.65,1.0,2450,Heavy Supply Truck (16T),273.9,940.0,666.1,0.881,Active Landslide Clearance / Road Blockage
75.24,23.0,31.4,27.44,0.82,4170,Light Disaster Utility (4WD),196.3,443.1,246.8,0.615,Steep Mountain Grade & Hairpin Bends
349.8,45.0,8.5,16.96,0.349,350,Refrigerated Medical Van,466.4,618.2,151.8,0.27,Standard Mountain Traffic Flow
62.28,51.7,12.8,4.86,0.336,240,Light Disaster Utility (4WD),72.2,90.2,18.0,0.242,Standard Mountain Traffic Flow
47.13,33.8,12.8,3.96,0.377,240,Heavy Supply Truck (16T),83.8,108.6,24.9,0.27,Standard Mountain Traffic Flow
58.13,23.0,31.4,8.69,0.713,4170,Light Disaster Utility (4WD),151.6,369.0,217.3,0.512,Active Landslide Clearance / Road Blockage
316.15,45.0,22.0,57.85,0.845,1400,4x4 Hill Freight Carrier,421.5,1127.9,706.4,0.679,Active Landslide Clearance / Road Blockage
112.14,20.0,14.5,0.59,0.126,1550,Refrigerated Medical Van,336.4,350.4,13.9,0.089,Standard Mountain Traffic Flow
406.39,51.7,8.5,22.22,0.397,350,Light Disaster Utility (4WD),471.2,687.5,216.3,0.312,Standard Mountain Traffic Flow
66.9,20.0,31.4,5.6,0.772,4170,Refrigerated Medical Van,200.7,502.6,301.9,0.549,Active Landslide Clearance / Road Blockage
531.51,51.7,21.0,24.37,0.727,1650,Light Disaster Utility (4WD),616.2,1316.6,700.3,0.546,Active Landslide Clearance / Road Blockage
263.72,45.0,4.2,7.87,0.146,95,4x4 Hill Freight Carrier,351.6,383.0,31.4,0.114,Standard Mountain Traffic Flow
83.14,20.0,31.4,12.42,0.823,4170,Refrigerated Medical Van,249.4,546.0,296.6,0.595,Steep Mountain Grade & Hairpin Bends
185.46,51.7,6.0,19.15,0.232,320,Light Disaster Utility (4WD),215.0,260.5,45.4,0.191,Standard Mountain Traffic Flow
61.94,45.0,12.8,39.53,0.521,240,Refrigerated Medical Van,82.6,139.8,57.2,0.424,Standard Mountain Traffic Flow
306.82,45.0,22.0,1.79,0.626,1400,4x4 Hill Freight Carrier,409.1,715.4,306.4,0.441,Steep Mountain Grade & Hairpin Bends
80.7,23.0,31.4,17.25,0.737,4170,Light Disaster Utility (4WD),210.5,423.3,212.8,0.542,Steep Mountain Grade & Hairpin Bends
62.36,45.0,12.8,4.06,0.353,240,Refrigerated Medical Van,83.1,105.2,22.0,0.253,Standard Mountain Traffic Flow
391.1,51.7,18.0,43.27,0.686,1500,Light Disaster Utility (4WD),453.5,920.0,466.6,0.545,Standard Mountain Traffic Flow
231.63,51.7,6.0,34.81,0.274,320,Light Disaster Utility (4WD),268.6,357.2,88.7,0.244,Standard Mountain Traffic Flow
750.03,33.8,21.0,16.08,0.652,1650,Heavy Supply Truck (16T),1333.4,2551.3,1217.9,0.48,Active Landslide Clearance / Road Blockage
751.69,33.8,21.0,12.75,0.635,1650,Heavy Supply Truck (16T),1336.3,2366.0,1029.6,0.464,Steep Mountain Grade & Hairpin Bends
120.79,22.5,26.5,37.07,0.639,2450,Heavy Supply Truck (16T),322.1,652.6,330.5,0.503,Active Landslide Clearance / Road Blockage
223.51,45.0,22.0,2.63,0.715,1400,4x4 Hill Freight Carrier,298.0,801.0,503.0,0.504,Active Landslide Clearance / Road Blockage
158.25,45.0,4.2,2.25,0.111,95,Refrigerated Medical Van,211.0,219.8,8.8,0.081,Standard Mountain Traffic Flow
97.91,34.5,24.2,11.97,0.703,3200,Light Disaster Utility (4WD),170.3,324.9,154.7,0.51,Steep Mountain Grade & Hairpin Bends
83.77,22.5,24.2,9.12,0.607,3200,Heavy Supply Truck (16T),223.4,378.9,155.5,0.438,Steep Mountain Grade & Hairpin Bends
417.37,33.8,8.5,21.49,0.278,350,Heavy Supply Truck (16T),742.0,940.5,198.5,0.227,Standard Mountain Traffic Flow
467.36,45.0,8.5,1.28,0.418,350,4x4 Hill Freight Carrier,623.1,835.0,211.8,0.295,Standard Mountain Traffic Flow
138.64,22.5,26.5,1.51,0.591,2450,Heavy Supply Truck (16T),369.7,602.0,232.3,0.416,Steep Mountain Grade & Hairpin Bends
115.34,30.0,26.5,57.65,0.836,2450,Refrigerated Medical Van,230.7,564.3,333.6,0.671,Steep Mountain Grade & Hairpin Bends
126.07,45.0,6.0,39.55,0.361,320,Refrigerated Medical Van,168.1,244.3,76.2,0.312,Standard Mountain Traffic Flow
784.72,45.0,21.0,32.12,0.7,1650,Refrigerated Medical Van,1046.3,2318.7,1272.4,0.538,Active Landslide Clearance / Road Blockage
389.58,45.0,18.0,0.88,0.52,1500,Refrigerated Medical Van,519.4,777.6,258.1,0.365,Standard Mountain Traffic Flow
228.35,45.0,4.2,19.72,0.184,95,4x4 Hill Freight Carrier,304.5,357.7,53.2,0.159,Standard Mountain Traffic Flow
270.45,45.0,8.5,25.62,0.363,350,Refrigerated Medical Van,360.6,500.1,139.5,0.293,Standard Mountain Traffic Flow
265.62,51.7,22.0,21.14,0.75,1400,Light Disaster Utility (4WD),308.0,798.8,490.9,0.556,Active Landslide Clearance / Road Blockage
77.66,22.5,26.5,35.65,0.736,2450,Heavy Supply Truck (16T),207.1,561.2,354.1,0.568,Active Landslide Clearance / Road Blockage
382.68,45.0,8.5,31.42,0.438,350,4x4 Hill Freight Carrier,510.2,775.4,265.2,0.354,Standard Mountain Traffic Flow
286.01,33.8,8.5,33.4,0.402,350,Heavy Supply Truck (16T),508.5,751.0,242.6,0.331,Standard Mountain Traffic Flow
43.36,33.8,12.8,77.57,0.604,240,Heavy Supply Truck (16T),77.1,156.8,79.7,0.539,Torrential Rainfall & Reduced Visibility
169.1,51.7,4.2,26.39,0.151,95,Light Disaster Utility (4WD),196.1,232.4,36.3,0.145,Standard Mountain Traffic Flow
86.58,30.0,24.2,1.04,0.674,3200,Refrigerated Medical Van,173.2,310.2,137.1,0.473,Steep Mountain Grade & Hairpin Bends
123.15,34.5,26.5,38.72,0.706,2450,Light Disaster Utility (4WD),214.2,438.7,224.6,0.552,Steep Mountain Grade & Hairpin Bends
444.6,45.0,18.0,11.17,0.551,1500,Refrigerated Medical Van,592.8,1002.2,409.5,0.402,Active Landslide Clearance / Road Blockage
92.15,15.0,31.4,20.43,0.777,4170,Heavy Supply Truck (16T),368.6,780.5,411.9,0.574,Steep Mountain Grade & Hairpin Bends
43.57,45.0,12.8,4.53,0.407,240,4x4 Hill Freight Carrier,58.1,96.2,38.2,0.292,Standard Mountain Traffic Flow
788.59,45.0,21.0,13.63,0.566,1650,4x4 Hill Freight Carrier,1051.5,1726.3,674.8,0.416,Steep Mountain Grade & Hairpin Bends
89.21,20.0,31.4,45.5,0.932,4170,4x4 Hill Freight Carrier,267.6,872.7,605.0,0.72,Active Landslide Clearance / Road Blockage
67.32,51.7,12.8,29.72,0.54,240,Light Disaster Utility (4WD),78.0,130.8,52.8,0.422,Standard Mountain Traffic Flow
64.13,33.8,12.8,128.96,0.909,240,Heavy Supply Truck (16T),114.0,556.4,442.4,0.83,Active Landslide Clearance / Road Blockage
204.45,51.7,22.0,2.63,0.697,1400,Light Disaster Utility (4WD),237.0,577.4,340.4,0.492,Active Landslide Clearance / Road Blockage
62.63,33.8,12.8,53.01,0.664,240,Heavy Supply Truck (16T),111.3,226.2,114.9,0.545,Standard Mountain Traffic Flow
374.06,33.8,8.5,1.17,0.203,350,Heavy Supply Truck (16T),665.0,729.4,64.4,0.144,Standard Mountain Traffic Flow
264.59,33.8,22.0,52.82,0.877,1400,Heavy Supply Truck (16T),470.4,1188.6,718.2,0.693,Steep Mountain Grade & Hairpin Bends
216.36,33.8,4.2,5.38,0.085,95,Heavy Supply Truck (16T),384.6,402.3,17.7,0.068,Standard Mountain Traffic Flow
54.96,15.0,31.4,117.44,1.0,4170,Heavy Supply Truck (16T),219.8,700.7,480.8,0.876,Torrential Rainfall & Reduced Visibility
49.68,45.0,12.8,33.04,0.456,240,4x4 Hill Freight Carrier,66.2,102.9,36.7,0.368,Standard Mountain Traffic Flow
51.52,30.0,16.0,30.95,0.425,2100,4x4 Hill Freight Carrier,103.0,154.3,51.3,0.344,Standard Mountain Traffic Flow
200.01,33.8,4.2,14.83,0.133,95,Heavy Supply Truck (16T),355.6,396.9,41.4,0.115,Standard Mountain Traffic Flow
134.83,30.0,26.5,79.46,0.936,2450,Refrigerated Medical Van,269.7,760.0,490.3,0.775,Torrential Rainfall & Reduced Visibility
105.07,30.0,24.2,80.13,0.92,3200,Refrigerated Medical Van,210.1,676.5,466.4,0.764,Active Landslide Clearance / Road Blockage
385.24,45.0,8.5,9.63,0.223,350,4x4 Hill Freight Carrier,513.7,593.6,79.9,0.171,Standard Mountain Traffic Flow
328.28,33.8,8.5,31.06,0.443,350,Heavy Supply Truck (16T),583.6,943.0,359.4,0.356,Active Landslide Clearance / Road Blockage
423.12,33.8,18.0,57.56,0.757,1500,Heavy Supply Truck (16T),752.2,1831.4,1079.1,0.616,Active Landslide Clearance / Road Blockage
436.4,45.0,21.0,24.41,0.611,1650,4x4 Hill Freight Carrier,581.9,1036.8,455.0,0.465,Steep Mountain Grade & Hairpin Bends
121.25,22.5,26.5,26.89,0.712,2450,Heavy Supply Truck (16T),323.3,647.4,324.1,0.539,Steep Mountain Grade & Hairpin Bends
45.72,45.0,12.8,3.71,0.445,240,4x4 Hill Freight Carrier,61.0,84.8,23.9,0.317,Standard Mountain Traffic Flow
657.47,51.7,21.0,9.65,0.632,1650,Light Disaster Utility (4WD),762.3,1333.0,570.7,0.457,Steep Mountain Grade & Hairpin Bends
409.87,45.0,18.0,11.96,0.528,1500,4x4 Hill Freight Carrier,546.5,856.5,310.1,0.388,Standard Mountain Traffic Flow
70.43,45.0,12.8,30.97,0.533,240,4x4 Hill Freight Carrier,93.9,156.8,62.9,0.419,Standard Mountain Traffic Flow
122.9,23.0,14.5,30.44,0.263,1550,Light Disaster Utility (4WD),320.6,415.8,95.2,0.23,Standard Mountain Traffic Flow
49.87,30.0,16.0,0.34,0.335,2100,4x4 Hill Freight Carrier,99.7,122.2,22.4,0.235,Standard Mountain Traffic Flow
143.06,15.0,14.5,51.11,0.458,1550,Heavy Supply Truck (16T),572.3,943.4,371.2,0.398,Standard Mountain Traffic Flow
94.49,22.5,24.2,8.72,0.625,3200,Heavy Supply Truck (16T),252.0,436.0,184.0,0.451,Steep Mountain Grade & Hairpin Bends
362.75,45.0,8.5,10.53,0.267,350,4x4 Hill Freight Carrier,483.7,580.9,97.2,0.203,Standard Mountain Traffic Flow
249.5,45.0,22.0,5.42,0.76,1400,Refrigerated Medical Van,332.7,666.6,333.9,0.54,Steep Mountain Grade & Hairpin Bends
353.67,33.8,8.5,29.83,0.409,350,Heavy Supply Truck (16T),628.8,954.4,325.6,0.331,Active Landslide Clearance / Road Blockage
217.32,33.8,22.0,25.9,0.889,1400,Heavy Supply Truck (16T),386.4,1037.6,651.2,0.661,Active Landslide Clearance / Road Blockage
227.23,45.0,22.0,2.63,0.657,1400,Refrigerated Medical Van,303.0,534.7,231.8,0.464,Steep Mountain Grade & Hairpin Bends
179.87,45.0,22.0,8.77,0.622,1400,4x4 Hill Freight Carrier,239.8,413.7,173.8,0.449,Steep Mountain Grade & Hairpin Bends
87.43,23.0,31.4,19.91,0.844,4170,Light Disaster Utility (4WD),228.1,624.0,396.0,0.62,Active Landslide Clearance / Road Blockage
62.77,51.7,12.8,14.44,0.359,240,Light Disaster Utility (4WD),72.8,96.4,23.7,0.273,Standard Mountain Traffic Flow
116.84,30.0,24.2,16.63,0.695,3200,4x4 Hill Freight Carrier,233.7,560.1,326.4,0.511,Active Landslide Clearance / Road Blockage
201.06,51.7,6.0,13.57,0.266,320,Light Disaster Utility (4WD),233.1,283.3,50.1,0.206,Standard Mountain Traffic Flow
202.07,33.8,6.0,3.41,0.296,320,Heavy Supply Truck (16T),359.2,429.6,70.4,0.212,Standard Mountain Traffic Flow
136.44,23.0,14.5,39.92,0.316,1550,Light Disaster Utility (4WD),355.9,498.8,142.8,0.281,Standard Mountain Traffic Flow
326.85,33.8,8.5,111.98,0.709,350,Heavy Supply Truck (16T),581.1,1502.1,921.1,0.664,Active Landslide Clearance / Road Blockage
109.69,23.0,14.5,0.91,0.251,1550,Light Disaster Utility (4WD),286.1,325.4,39.3,0.177,Standard Mountain Traffic Flow
792.28,33.8,21.0,21.82,0.591,1650,Heavy Supply Truck (16T),1408.5,2435.4,1026.9,0.446,Steep Mountain Grade & Hairpin Bends
131.84,22.5,26.5,23.76,0.671,2450,Heavy Supply Truck (16T),351.6,825.2,473.6,0.506,Active Landslide Clearance / Road Blockage
61.55,30.0,16.0,58.8,0.606,2100,Refrigerated Medical Van,123.1,264.5,141.4,0.512,Standard Mountain Traffic Flow
93.5,15.0,14.5,6.74,0.181,1550,Heavy Supply Truck (16T),374.0,414.1,40.1,0.136,Standard Mountain Traffic Flow
48.43,34.5,16.0,18.73,0.523,2100,Light Disaster Utility (4WD),84.2,134.0,49.8,0.394,Standard Mountain Traffic Flow
60.6,20.0,31.4,21.1,0.82,4170,Refrigerated Medical Van,181.8,404.4,222.6,0.606,Steep Mountain Grade & Hairpin Bends
169.88,51.7,6.0,21.84,0.331,320,Light Disaster Utility (4WD),197.0,261.6,64.6,0.265,Standard Mountain Traffic Flow
82.6,34.5,24.2,40.5,0.816,3200,Light Disaster Utility (4WD),143.7,332.3,188.6,0.632,Steep Mountain Grade & Hairpin Bends
127.97,23.0,14.5,6.86,0.245,1550,Light Disaster Utility (4WD),333.8,387.6,53.8,0.181,Standard Mountain Traffic Flow
331.71,45.0,8.5,19.04,0.415,350,Refrigerated Medical Van,442.3,659.2,216.9,0.319,Standard Mountain Traffic Flow
192.8,33.8,22.0,15.28,0.672,1400,Heavy Supply Truck (16T),342.8,873.4,530.7,0.494,Active Landslide Clearance / Road Blockage
206.0,51.7,22.0,28.41,0.727,1400,Light Disaster Utility (4WD),238.8,627.9,389.1,0.551,Active Landslide Clearance / Road Blockage
123.99,22.5,26.5,21.6,0.661,2450,Heavy Supply Truck (16T),330.6,832.2,501.6,0.495,Active Landslide Clearance / Road Blockage
178.4,33.8,4.2,2.71,0.122,95,Heavy Supply Truck (16T),317.2,333.0,15.9,0.09,Standard Mountain Traffic Flow
258.75,33.8,22.0,47.11,0.869,1400,Heavy Supply Truck (16T),460.0,1139.5,679.5,0.679,Steep Mountain Grade & Hairpin Bends
100.65,20.0,14.5,37.78,0.31,1550,Refrigerated Medical Van,301.9,417.8,115.9,0.274,Standard Mountain Traffic Flow
86.52,30.0,26.5,50.02,0.744,2450,Refrigerated Medical Van,173.0,378.9,205.8,0.596,Steep Mountain Grade & Hairpin Bends
51.62,33.8,12.8,37.91,0.504,240,Heavy Supply Truck (16T),91.8,151.9,60.1,0.41,Standard Mountain Traffic Flow
376.97,51.7,8.5,18.54,0.389,350,Light Disaster Utility (4WD),437.1,605.1,168.0,0.3,Standard Mountain Traffic Flow
43.18,30.0,16.0,19.37,0.465,2100,Refrigerated Medical Van,86.4,129.6,43.2,0.355,Standard Mountain Traffic Flow
313.13,45.0,22.0,59.45,0.889,1400,Refrigerated Medical Van,417.5,1301.0,883.5,0.712,Active Landslide Clearance / Road Blockage
360.8,33.8,8.5,32.14,0.397,350,Heavy Supply Truck (16T),641.4,938.9,297.5,0.326,Standard Mountain Traffic Flow
262.24,51.7,4.2,16.12,0.228,95,Light Disaster Utility (4WD),304.0,362.5,58.4,0.184,Standard Mountain Traffic Flow
65.92,51.7,12.8,37.12,0.506,240,Light Disaster Utility (4WD),76.4,126.4,50.0,0.41,Standard Mountain Traffic Flow
96.82,23.0,14.5,44.96,0.444,1550,Light Disaster Utility (4WD),252.6,402.9,150.3,0.378,Standard Mountain Traffic Flow
211.21,45.0,4.2,32.45,0.239,95,4x4 Hill Freight Carrier,281.6,361.6,80.0,0.216,Standard Mountain Traffic Flow
394.29,45.0,8.5,15.57,0.241,350,Refrigerated Medical Van,525.7,631.7,106.0,0.192,Standard Mountain Traffic Flow
506.98,45.0,21.0,97.82,1.0,1650,4x4 Hill Freight Carrier,676.0,2213.3,1537.4,0.847,Active Landslide Clearance / Road Blockage
100.66,30.0,26.5,15.69,0.647,2450,Refrigerated Medical Van,201.3,364.2,162.9,0.476,Steep Mountain Grade & Hairpin Bends
233.58,33.8,22.0,23.57,0.734,1400,Heavy Supply Truck (16T),415.3,916.3,501.1,0.549,Active Landslide Clearance / Road Blockage
246.66,51.7,22.0,5.56,0.828,1400,Light Disaster Utility (4WD),286.0,689.4,403.4,0.588,Active Landslide Clearance / Road Blockage
139.47,22.5,26.5,27.86,0.639,2450,Heavy Supply Truck (16T),371.9,689.9,317.9,0.489,Steep Mountain Grade & Hairpin Bends
308.8,51.7,22.0,30.48,0.856,1400,Light Disaster Utility (4WD),358.0,845.9,487.8,0.645,Steep Mountain Grade & Hairpin Bends
104.4,30.0,24.2,13.79,0.662,3200,Refrigerated Medical Van,208.8,480.2,271.4,0.484,Active Landslide Clearance / Road Blockage
177.99,33.8,4.2,9.48,0.172,95,Heavy Supply Truck (16T),316.4,352.7,36.2,0.134,Standard Mountain Traffic Flow
134.28,30.0,26.5,0.97,0.574,2450,Refrigerated Medical Van,268.6,428.3,159.7,0.404,Steep Mountain Grade & Hairpin Bends
507.55,33.8,21.0,7.91,0.614,1650,Heavy Supply Truck (16T),902.3,1538.1,635.8,0.442,Steep Mountain Grade & Hairpin Bends
210.58,45.0,6.0,24.84,0.319,320,Refrigerated Medical Van,280.8,373.0,92.3,0.26,Standard Mountain Traffic Flow
106.38,15.0,14.5,3.63,0.191,1550,Heavy Supply Truck (16T),425.5,467.7,42.2,0.139,Standard Mountain Traffic Flow
124.78,20.0,14.5,36.33,0.374,1550,Refrigerated Medical Van,374.3,544.2,169.9,0.316,Standard Mountain Traffic Flow
78.4,20.0,14.5,92.32,0.596,1550,Refrigerated Medical Van,235.2,543.7,308.5,0.556,Active Landslide Clearance / Road Blockage
60.18,30.0,16.0,0.47,0.418,2100,4x4 Hill Freight Carrier,120.4,218.2,97.9,0.293,Active Landslide Clearance / Road Blockage
68.82,15.0,31.4,27.44,0.921,4170,Heavy Supply Truck (16T),275.3,692.7,417.4,0.686,Steep Mountain Grade & Hairpin Bends
61.21,45.0,12.8,81.02,0.674,240,Refrigerated Medical Van,81.6,357.8,276.2,0.593,Active Landslide Clearance / Road Blockage
130.02,22.5,26.5,26.24,0.644,2450,Heavy Supply Truck (16T),346.7,643.7,297.0,0.49,Steep Mountain Grade & Hairpin Bends
255.65,51.7,4.2,85.41,0.454,95,Light Disaster Utility (4WD),296.4,537.6,241.2,0.446,Torrential Rainfall & Reduced Visibility
80.01,23.0,14.5,11.99,0.195,1550,Light Disaster Utility (4WD),208.7,238.9,30.1,0.155,Standard Mountain Traffic Flow
72.9,15.0,31.4,72.5,1.0,4170,Heavy Supply Truck (16T),291.6,863.9,572.3,0.809,Torrential Rainfall & Reduced Visibility
404.51,33.8,18.0,9.29,0.515,1500,Heavy Supply Truck (16T),719.1,1101.6,382.4,0.375,Standard Mountain Traffic Flow
140.1,23.0,14.5,78.67,0.54,1550,Light Disaster Utility (4WD),365.5,702.1,336.6,0.496,Torrential Rainfall & Reduced Visibility
57.71,51.7,12.8,40.05,0.499,240,Light Disaster Utility (4WD),66.9,147.4,80.4,0.409,Active Landslide Clearance / Road Blockage
137.3,45.0,6.0,78.91,0.62,320,4x4 Hill Freight Carrier,183.1,379.2,196.1,0.552,Torrential Rainfall & Reduced Visibility
338.25,45.0,8.5,0.57,0.266,350,Refrigerated Medical Van,451.0,518.7,67.7,0.187,Standard Mountain Traffic Flow
83.56,30.0,26.5,20.57,0.608,2450,Refrigerated Medical Van,167.1,293.5,126.3,0.456,Steep Mountain Grade & Hairpin Bends
126.11,20.0,14.5,35.98,0.386,1550,4x4 Hill Freight Carrier,378.3,555.7,177.4,0.324,Standard Mountain Traffic Flow
69.81,45.0,12.8,20.35,0.43,240,4x4 Hill Freight Carrier,93.1,135.2,42.1,0.332,Standard Mountain Traffic Flow
198.5,45.0,4.2,6.67,0.19,95,Refrigerated Medical Van,264.7,294.8,30.1,0.143,Standard Mountain Traffic Flow
350.3,51.7,18.0,1.3,0.459,1500,Light Disaster Utility (4WD),406.1,568.7,162.6,0.323,Standard Mountain Traffic Flow
349.45,33.8,18.0,44.2,0.732,1500,Heavy Supply Truck (16T),621.3,1325.4,704.2,0.579,Standard Mountain Traffic Flow
355.02,33.8,18.0,8.32,0.578,1500,Heavy Supply Truck (16T),631.2,1033.9,402.8,0.417,Standard Mountain Traffic Flow
55.23,15.0,31.4,18.14,0.763,4170,Heavy Supply Truck (16T),220.9,601.9,381.0,0.561,Active Landslide Clearance / Road Blockage
409.98,51.7,8.5,30.09,0.348,350,Light Disaster Utility (4WD),475.3,660.5,185.2,0.289,Standard Mountain Traffic Flow
88.42,20.0,14.5,10.24,0.172,1550,4x4 Hill Freight Carrier,265.3,296.7,31.5,0.136,Standard Mountain Traffic Flow
79.31,22.5,24.2,22.14,0.653,3200,Heavy Supply Truck (16T),211.5,391.9,180.4,0.49,Steep Mountain Grade & Hairpin Bends
80.83,20.0,31.4,12.29,0.846,4170,Refrigerated Medical Van,242.5,646.2,403.7,0.611,Active Landslide Clearance / Road Blockage
377.23,45.0,8.5,0.72,0.275,350,Refrigerated Medical Van,503.0,583.7,80.8,0.194,Standard Mountain Traffic Flow
61.32,34.5,16.0,38.35,0.495,2100,Light Disaster Utility (4WD),106.6,175.2,68.5,0.404,Standard Mountain Traffic Flow
297.28,51.7,18.0,56.19,0.78,1500,Light Disaster Utility (4WD),344.7,794.0,449.3,0.63,Standard Mountain Traffic Flow
439.75,45.0,8.5,15.53,0.416,350,4x4 Hill Freight Carrier,586.3,825.0,238.7,0.314,Standard Mountain Traffic Flow
148.03,45.0,6.0,21.52,0.395,320,4x4 Hill Freight Carrier,197.4,278.0,80.6,0.309,Standard Mountain Traffic Flow
50.21,34.5,16.0,89.1,0.85,2100,Light Disaster Utility (4WD),87.3,451.5,364.1,0.729,Active Landslide Clearance / Road Blockage
219.02,51.7,6.0,48.5,0.412,320,Light Disaster Utility (4WD),253.9,397.9,144.0,0.361,Standard Mountain Traffic Flow
751.99,33.8,21.0,21.11,0.598,1650,Heavy Supply Truck (16T),1336.9,2324.5,987.6,0.45,Steep Mountain Grade & Hairpin Bends
103.24,34.5,24.2,4.49,0.681,3200,Light Disaster Utility (4WD),179.6,404.4,224.8,0.483,Active Landslide Clearance / Road Blockage
100.41,30.0,26.5,9.23,0.571,2450,Refrigerated Medical Van,200.8,327.4,126.6,0.414,Steep Mountain Grade & Hairpin Bends
102.4,20.0,14.5,36.96,0.371,1550,Refrigerated Medical Van,307.2,446.5,139.3,0.315,Standard Mountain Traffic Flow
46.98,45.0,12.8,49.05,0.443,240,4x4 Hill Freight Carrier,62.6,101.1,38.5,0.384,Standard Mountain Traffic Flow
65.65,20.0,31.4,31.37,0.802,4170,Refrigerated Medical Van,197.0,439.5,242.6,0.608,Steep Mountain Grade & Hairpin Bends
87.99,20.0,31.4,28.73,0.869,4170,4x4 Hill Freight Carrier,264.0,758.5,494.5,0.651,Active Landslide Clearance / Road Blockage
50.09,45.0,12.8,85.58,0.654,240,4x4 Hill Freight Carrier,66.8,256.0,189.2,0.586,Active Landslide Clearance / Road Blockage
57.4,30.0,16.0,35.69,0.556,2100,Refrigerated Medical Van,114.8,199.1,84.3,0.443,Standard Mountain Traffic Flow
427.54,51.7,8.5,17.46,0.311,350,Light Disaster Utility (4WD),495.7,635.6,139.9,0.244,Standard Mountain Traffic Flow
92.89,15.0,14.5,30.05,0.375,1550,Heavy Supply Truck (16T),371.6,588.1,216.5,0.308,Active Landslide Clearance / Road Blockage
63.08,20.0,31.4,18.54,0.818,4170,4x4 Hill Freight Carrier,189.2,627.0,437.8,0.6,Active Landslide Clearance / Road Blockage
82.66,20.0,31.4,1.8,0.826,4170,4x4 Hill Freight Carrier,248.0,531.4,283.4,0.581,Steep Mountain Grade & Hairpin Bends
266.8,51.7,4.2,41.88,0.306,95,Light Disaster Utility (4WD),309.3,432.9,123.6,0.277,Standard Mountain Traffic Flow
249.09,33.8,4.2,3.58,0.179,95,Heavy Supply Truck (16T),442.8,482.9,40.1,0.131,Standard Mountain Traffic Flow
56.34,45.0,12.8,62.73,0.627,240,Refrigerated Medical Van,75.1,150.6,75.5,0.533,Torrential Rainfall & Reduced Visibility
49.35,51.7,12.8,57.8,0.604,240,Light Disaster Utility (4WD),57.2,110.7,53.5,0.51,Standard Mountain Traffic Flow
198.51,33.8,6.0,22.02,0.293,320,Heavy Supply Truck (16T),352.9,453.9,101.0,0.238,Standard Mountain Traffic Flow
91.71,20.0,14.5,10.06,0.281,1550,4x4 Hill Freight Carrier,275.1,333.6,58.5,0.211,Standard Mountain Traffic Flow
48.45,22.5,16.0,22.74,0.499,2100,Heavy Supply Truck (16T),129.2,203.1,73.9,0.384,Standard Mountain Traffic Flow
386.23,33.8,8.5,45.53,0.492,350,Heavy Supply Truck (16T),686.6,1149.3,462.6,0.413,Standard Mountain Traffic Flow
322.31,45.0,18.0,1.54,0.567,1500,Refrigerated Medical Van,429.8,680.7,250.9,0.399,Standard Mountain Traffic Flow
58.68,45.0,12.8,62.7,0.548,240,4x4 Hill Freight Carrier,78.2,145.1,66.9,0.478,Torrential Rainfall & Reduced Visibility
78.67,30.0,24.2,0.36,0.655,3200,Refrigerated Medical Van,157.3,275.2,117.8,0.459,Steep Mountain Grade & Hairpin Bends
574.1,51.7,21.0,22.96,0.606,1650,Light Disaster Utility (4WD),665.6,1174.5,508.9,0.459,Steep Mountain Grade & Hairpin Bends
763.35,45.0,21.0,73.08,0.879,1650,4x4 Hill Freight Carrier,1017.8,2679.5,1661.7,0.725,Torrential Rainfall & Reduced Visibility
49.74,30.0,16.0,89.34,0.652,2100,4x4 Hill Freight Carrier,99.5,457.4,357.9,0.59,Active Landslide Clearance / Road Blockage
40.52,30.0,16.0,38.95,0.535,2100,Refrigerated Medical Van,81.0,138.9,57.8,0.433,Standard Mountain Traffic Flow
70.79,15.0,31.4,0.68,0.71,4170,Heavy Supply Truck (16T),283.2,707.9,424.7,0.498,Active Landslide Clearance / Road Blockage
78.45,22.5,24.2,24.62,0.675,3200,Heavy Supply Truck (16T),209.2,524.5,315.2,0.51,Active Landslide Clearance / Road Blockage
94.33,23.0,14.5,22.96,0.246,1550,Light Disaster Utility (4WD),246.1,305.9,59.8,0.207,Standard Mountain Traffic Flow
145.57,45.0,6.0,21.3,0.328,320,4x4 Hill Freight Carrier,194.1,256.6,62.5,0.262,Standard Mountain Traffic Flow
82.32,20.0,31.4,3.51,0.688,4170,4x4 Hill Freight Carrier,247.0,589.0,342.0,0.487,Active Landslide Clearance / Road Blockage
458.79,45.0,21.0,27.35,0.719,1650,Refrigerated Medical Van,611.7,1236.5,624.8,0.545,Steep Mountain Grade & Hairpin Bends
206.88,33.8,4.2,77.45,0.344,95,Heavy Supply Truck (16T),367.8,596.4,228.6,0.357,Torrential Rainfall & Reduced Visibility
639.55,33.8,21.0,26.24,0.733,1650,Heavy Supply Truck (16T),1137.0,2326.9,1189.9,0.553,Steep Mountain Grade & Hairpin Bends
208.32,45.0,6.0,10.08,0.254,320,4x4 Hill Freight Carrier,277.8,329.5,51.7,0.193,Standard Mountain Traffic Flow
86.24,23.0,31.4,16.99,0.808,4170,Light Disaster Utility (4WD),225.0,571.1,346.2,0.591,Active Landslide Clearance / Road Blockage
697.03,45.0,21.0,10.3,0.662,1650,Refrigerated Medical Van,929.4,1684.2,754.8,0.479,Steep Mountain Grade & Hairpin Bends
156.28,33.8,6.0,10.54,0.217,320,Heavy Supply Truck (16T),277.8,320.8,43.0,0.168,Standard Mountain Traffic Flow
256.2,45.0,8.5,37.68,0.469,350,4x4 Hill Freight Carrier,341.6,545.7,204.1,0.385,Standard Mountain Traffic Flow
90.14,15.0,14.5,3.31,0.162,1550,Heavy Supply Truck (16T),360.6,388.4,27.9,0.119,Standard Mountain Traffic Flow
111.05,20.0,14.5,1.37,0.118,1550,Refrigerated Medical Van,333.1,346.8,13.7,0.085,Standard Mountain Traffic Flow
91.72,15.0,31.4,37.77,0.812,4170,Heavy Supply Truck (16T),366.9,839.7,472.8,0.625,Steep Mountain Grade & Hairpin Bends
46.79,30.0,16.0,29.52,0.441,2100,Refrigerated Medical Van,93.6,163.2,69.6,0.353,Standard Mountain Traffic Flow
89.5,34.5,26.5,58.86,0.781,2450,Light Disaster Utility (4WD),155.6,361.0,205.4,0.635,Steep Mountain Grade & Hairpin Bends
218.53,51.7,6.0,32.64,0.28,320,Light Disaster Utility (4WD),253.4,335.8,82.5,0.245,Standard Mountain Traffic Flow
184.98,45.0,4.2,34.53,0.326,95,Refrigerated Medical Van,246.6,341.8,95.2,0.28,Standard Mountain Traffic Flow
79.29,51.7,12.8,78.03,0.659,240,Light Disaster Utility (4WD),91.9,419.6,327.7,0.579,Active Landslide Clearance / Road Blockage
113.53,20.0,14.5,13.4,0.33,1550,Refrigerated Medical Van,340.6,437.3,96.7,0.251,Standard Mountain Traffic Flow
766.15,51.7,21.0,6.96,0.61,1650,Light Disaster Utility (4WD),888.3,1503.3,615.0,0.438,Steep Mountain Grade & Hairpin Bends
77.91,45.0,12.8,50.65,0.525,240,4x4 Hill Freight Carrier,103.9,182.2,78.4,0.443,Standard Mountain Traffic Flow
281.14,33.8,8.5,10.33,0.306,350,Heavy Supply Truck (16T),499.8,620.3,120.5,0.229,Standard Mountain Traffic Flow
95.93,34.5,24.2,48.94,0.828,3200,Light Disaster Utility (4WD),166.8,397.8,231.0,0.653,Steep Mountain Grade & Hairpin Bends
257.26,45.0,8.5,6.19,0.345,350,Refrigerated Medical Van,343.0,434.5,91.5,0.251,Standard Mountain Traffic Flow
187.01,33.8,22.0,13.54,0.674,1400,Heavy Supply Truck (16T),332.5,616.5,284.0,0.492,Steep Mountain Grade & Hairpin Bends
161.81,45.0,6.0,5.92,0.244,320,4x4 Hill Freight Carrier,215.7,249.3,33.6,0.18,Standard Mountain Traffic Flow
194.21,51.7,6.0,18.72,0.156,320,Light Disaster Utility (4WD),225.2,259.0,33.8,0.137,Standard Mountain Traffic Flow
227.73,45.0,6.0,7.25,0.24,320,4x4 Hill Freight Carrier,303.6,351.9,48.2,0.179,Standard Mountain Traffic Flow
206.78,51.7,4.2,39.96,0.317,95,Light Disaster Utility (4WD),239.7,336.3,96.5,0.282,Standard Mountain Traffic Flow
44.71,30.0,16.0,18.69,0.46,2100,Refrigerated Medical Van,89.4,133.1,43.7,0.35,Standard Mountain Traffic Flow
46.55,33.8,12.8,28.17,0.423,240,Heavy Supply Truck (16T),82.7,162.0,79.3,0.338,Active Landslide Clearance / Road Blockage
375.24,45.0,8.5,2.37,0.265,350,4x4 Hill Freight Carrier,500.3,579.3,79.0,0.189,Standard Mountain Traffic Flow
444.62,51.7,18.0,29.33,0.631,1500,Light Disaster Utility (4WD),515.5,950.8,435.3,0.485,Standard Mountain Traffic Flow
101.73,34.5,24.2,22.61,0.642,3200,Light Disaster Utility (4WD),176.9,324.5,147.6,0.483,Steep Mountain Grade & Hairpin Bends
581.49,45.0,21.0,11.67,0.677,1650,4x4 Hill Freight Carrier,775.3,1611.7,836.3,0.492,Active Landslide Clearance / Road Blockage
132.11,45.0,6.0,18.52,0.302,320,Refrigerated Medical Van,176.1,225.1,48.9,0.239,Standard Mountain Traffic Flow
88.26,20.0,31.4,2.98,0.783,4170,4x4 Hill Freight Carrier,264.8,667.9,403.1,0.552,Active Landslide Clearance / Road Blockage
86.47,30.0,24.2,30.17,0.721,3200,4x4 Hill Freight Carrier,172.9,548.4,375.5,0.55,Active Landslide Clearance / Road Blockage
80.72,20.0,14.5,26.98,0.261,1550,4x4 Hill Freight Carrier,242.2,309.5,67.3,0.223,Standard Mountain Traffic Flow
185.76,33.8,4.2,18.99,0.142,95,Heavy Supply Truck (16T),330.2,377.4,47.1,0.128,Standard Mountain Traffic Flow
330.85,45.0,8.5,3.41,0.324,350,4x4 Hill Freight Carrier,441.1,541.5,100.4,0.232,Standard Mountain Traffic Flow
47.57,51.7,12.8,87.71,0.699,240,Light Disaster Utility (4WD),55.2,313.7,258.5,0.621,Active Landslide Clearance / Road Blockage
672.97,45.0,21.0,31.09,0.821,1650,4x4 Hill Freight Carrier,897.3,2202.5,1305.2,0.621,Active Landslide Clearance / Road Blockage
477.12,51.7,18.0,2.25,0.531,1500,Light Disaster Utility (4WD),553.2,843.0,289.8,0.375,Standard Mountain Traffic Flow
123.22,22.5,26.5,22.91,0.595,2450,Heavy Supply Truck (16T),328.6,572.9,244.3,0.451,Steep Mountain Grade & Hairpin Bends
118.52,22.5,26.5,66.49,0.788,2450,Heavy Supply Truck (16T),316.1,892.4,576.3,0.652,Active Landslide Clearance / Road Blockage
440.74,51.7,8.5,15.43,0.335,350,Light Disaster Utility (4WD),511.0,664.4,153.4,0.257,Standard Mountain Traffic Flow
222.75,51.7,22.0,37.97,0.776,1400,Light Disaster Utility (4WD),258.3,758.7,500.4,0.6,Active Landslide Clearance / Road Blockage
451.22,45.0,21.0,7.5,0.648,1650,4x4 Hill Freight Carrier,601.6,1086.7,485.1,0.465,Steep Mountain Grade & Hairpin Bends
55.41,20.0,31.4,86.36,0.979,4170,Refrigerated Medical Van,166.2,494.2,328.0,0.815,Torrential Rainfall & Reduced Visibility
133.57,20.0,14.5,5.98,0.117,1550,4x4 Hill Freight Carrier,400.7,426.2,25.5,0.091,Standard Mountain Traffic Flow
132.66,20.0,14.5,21.41,0.21,1550,4x4 Hill Freight Carrier,398.0,478.8,80.8,0.179,Standard Mountain Traffic Flow
306.88,45.0,18.0,40.3,0.607,1500,4x4 Hill Freight Carrier,409.2,757.9,348.7,0.485,Standard Mountain Traffic Flow
65.9,20.0,31.4,20.66,0.77,4170,4x4 Hill Freight Carrier,197.7,527.7,330.0,0.57,Active Landslide Clearance / Road Blockage
94.99,20.0,14.5,15.25,0.3,1550,4x4 Hill Freight Carrier,285.0,359.1,74.1,0.233,Standard Mountain Traffic Flow
243.8,45.0,4.2,20.41,0.235,95,Refrigerated Medical Van,325.1,396.6,71.5,0.195,Standard Mountain Traffic Flow
58.51,20.0,31.4,40.09,0.828,4170,4x4 Hill Freight Carrier,175.5,410.9,235.3,0.64,Steep Mountain Grade & Hairpin Bends
60.16,30.0,16.0,3.31,0.434,2100,Refrigerated Medical Van,120.3,165.2,44.9,0.309,Standard Mountain Traffic Flow
230.62,51.7,6.0,59.04,0.476,320,Light Disaster Utility (4WD),267.4,506.3,238.9,0.422,Active Landslide Clearance / Road Blockage
200.66,45.0,22.0,17.51,0.729,1400,4x4 Hill Freight Carrier,267.6,533.0,265.5,0.536,Steep Mountain Grade & Hairpin Bends
459.03,51.7,21.0,14.81,0.626,1650,Light Disaster Utility (4WD),532.2,937.6,405.4,0.46,Steep Mountain Grade & Hairpin Bends
556.85,51.7,21.0,27.14,0.78,1650,Light Disaster Utility (4WD),645.6,1394.1,748.5,0.587,Steep Mountain Grade & Hairpin Bends
761.69,45.0,21.0,1.46,0.552,1650,Refrigerated Medical Van,1015.6,1626.2,610.6,0.388,Active Landslide Clearance / Road Blockage
279.68,33.8,8.5,32.79,0.393,350,Heavy Supply Truck (16T),497.2,754.7,257.5,0.324,Standard Mountain Traffic Flow
39.45,34.5,16.0,82.63,0.708,2100,Light Disaster Utility (4WD),68.6,156.0,87.4,0.62,Torrential Rainfall & Reduced Visibility
281.22,33.8,18.0,19.83,0.582,1500,Heavy Supply Truck (16T),500.0,889.3,389.3,0.437,Active Landslide Clearance / Road Blockage
328.05,51.7,8.5,4.25,0.372,350,Light Disaster Utility (4WD),380.4,491.2,110.8,0.267,Standard Mountain Traffic Flow
132.07,20.0,14.5,22.7,0.217,1550,Refrigerated Medical Van,396.2,481.6,85.4,0.186,Standard Mountain Traffic Flow
116.44,22.5,26.5,6.72,0.567,2450,Heavy Supply Truck (16T),310.5,499.7,189.2,0.407,Steep Mountain Grade & Hairpin Bends
60.42,20.0,31.4,7.64,0.725,4170,4x4 Hill Freight Carrier,181.3,497.2,315.9,0.519,Active Landslide Clearance / Road Blockage
93.12,34.5,24.2,86.98,0.995,3200,Light Disaster Utility (4WD),162.0,693.3,531.4,0.827,Active Landslide Clearance / Road Blockage
92.99,34.5,24.2,8.83,0.598,3200,Light Disaster Utility (4WD),161.7,298.3,136.5,0.432,Steep Mountain Grade & Hairpin Bends
44.68,45.0,12.8,10.93,0.429,240,Refrigerated Medical Van,59.6,133.9,74.3,0.317,Active Landslide Clearance / Road Blockage
107.4,34.5,26.5,35.93,0.675,2450,Light Disaster Utility (4WD),186.8,367.7,180.9,0.527,Steep Mountain Grade & Hairpin Bends
66.44,20.0,31.4,5.23,0.813,4170,Refrigerated Medical Van,199.3,424.1,224.8,0.577,Steep Mountain Grade & Hairpin Bends
90.75,20.0,31.4,2.14,0.637,4170,Refrigerated Medical Van,272.2,468.6,196.4,0.449,Steep Mountain Grade & Hairpin Bends
71.62,20.0,31.4,11.97,0.746,4170,Refrigerated Medical Van,214.9,536.5,321.6,0.54,Active Landslide Clearance / Road Blockage
131.9,30.0,26.5,24.22,0.677,2450,Refrigerated Medical Van,263.8,505.0,241.2,0.51,Steep Mountain Grade & Hairpin Bends
239.81,45.0,22.0,10.09,0.647,1400,4x4 Hill Freight Carrier,319.8,569.3,249.5,0.468,Steep Mountain Grade & Hairpin Bends
214.66,51.7,6.0,102.53,0.555,320,Light Disaster Utility (4WD),248.9,549.0,300.1,0.542,Active Landslide Clearance / Road Blockage
103.23,22.5,26.5,56.23,0.881,2450,Heavy Supply Truck (16T),275.3,793.3,518.0,0.701,Active Landslide Clearance / Road Blockage
235.04,51.7,4.2,22.78,0.104,95,Light Disaster Utility (4WD),272.5,311.0,38.5,0.107,Standard Mountain Traffic Flow
84.71,20.0,31.4,45.52,0.937,4170,4x4 Hill Freight Carrier,254.1,673.7,419.6,0.724,Steep Mountain Grade & Hairpin Bends
133.28,15.0,14.5,12.74,0.185,1550,Heavy Supply Truck (16T),533.1,607.9,74.8,0.148,Standard Mountain Traffic Flow
197.98,33.8,22.0,0.08,0.548,1400,Heavy Supply Truck (16T),352.0,542.7,190.7,0.384,Steep Mountain Grade & Hairpin Bends
641.76,51.7,21.0,6.25,0.591,1650,Light Disaster Utility (4WD),744.1,1229.1,485.0,0.423,Steep Mountain Grade & Hairpin Bends
75.7,45.0,12.8,8.94,0.38,240,4x4 Hill Freight Carrier,100.9,171.2,70.3,0.28,Active Landslide Clearance / Road Blockage
51.33,45.0,12.8,9.52,0.311,240,4x4 Hill Freight Carrier,68.4,85.1,16.6,0.232,Standard Mountain Traffic Flow
56.97,20.0,31.4,38.02,0.861,4170,4x4 Hill Freight Carrier,170.9,412.4,241.5,0.66,Steep Mountain Grade & Hairpin Bends
701.92,45.0,21.0,39.95,0.837,1650,Refrigerated Medical Van,935.9,2281.6,1345.7,0.646,Active Landslide Clearance / Road Blockage
228.83,45.0,6.0,51.62,0.398,320,4x4 Hill Freight Carrier,305.1,477.0,171.9,0.356,Standard Mountain Traffic Flow
158.06,45.0,4.2,4.47,0.111,95,4x4 Hill Freight Carrier,210.7,221.9,11.2,0.085,Standard Mountain Traffic Flow
129.72,15.0,14.5,19.03,0.291,1550,Heavy Supply Truck (16T),518.9,658.4,139.5,0.232,Standard Mountain Traffic Flow
51.38,34.5,16.0,34.79,0.56,2100,Light Disaster Utility (4WD),89.3,155.2,65.8,0.444,Standard Mountain Traffic Flow
63.4,22.5,24.2,11.21,0.608,3200,Heavy Supply Truck (16T),169.1,289.1,120.0,0.443,Steep Mountain Grade & Hairpin Bends
198.64,33.8,6.0,47.17,0.453,320,Heavy Supply Truck (16T),353.1,572.3,219.2,0.388,Standard Mountain Traffic Flow
350.09,33.8,18.0,1.1,0.515,1500,Heavy Supply Truck (16T),622.4,927.0,304.6,0.362,Standard Mountain Traffic Flow
83.96,22.5,26.5,20.31,0.689,2450,Heavy Supply Truck (16T),223.9,624.5,400.6,0.512,Active Landslide Clearance / Road Blockage
515.78,51.7,21.0,9.42,0.654,1650,Light Disaster Utility (4WD),598.0,1297.5,699.5,0.472,Active Landslide Clearance / Road Blockage
55.98,15.0,31.4,106.06,1.0,4170,Heavy Supply Truck (16T),223.9,930.6,706.7,0.859,Active Landslide Clearance / Road Blockage
252.62,51.7,4.2,7.25,0.214,95,Light Disaster Utility (4WD),292.9,332.7,39.8,0.161,Standard Mountain Traffic Flow
116.24,30.0,24.2,5.97,0.677,3200,4x4 Hill Freight Carrier,232.5,618.2,385.7,0.483,Active Landslide Clearance / Road Blockage
184.61,45.0,4.2,5.79,0.211,95,Refrigerated Medical Van,246.2,277.3,31.1,0.157,Standard Mountain Traffic Flow
87.78,22.5,24.2,23.13,0.694,3200,Heavy Supply Truck (16T),234.1,455.4,221.3,0.521,Steep Mountain Grade & Hairpin Bends
478.92,51.7,8.5,15.28,0.264,350,Light Disaster Utility (4WD),555.3,678.4,123.1,0.208,Standard Mountain Traffic Flow
58.05,51.7,12.8,35.69,0.559,240,Light Disaster Utility (4WD),67.3,117.1,49.8,0.445,Standard Mountain Traffic Flow
61.17,34.5,16.0,23.45,0.462,2100,Light Disaster Utility (4WD),106.4,185.8,79.4,0.359,Standard Mountain Traffic Flow
48.36,30.0,16.0,0.61,0.39,2100,4x4 Hill Freight Carrier,96.7,125.4,28.7,0.274,Standard Mountain Traffic Flow
95.75,20.0,14.5,21.86,0.403,1550,Refrigerated Medical Van,287.2,408.1,120.9,0.315,Standard Mountain Traffic Flow
224.44,45.0,6.0,31.1,0.37,320,4x4 Hill Freight Carrier,299.3,459.6,160.3,0.306,Active Landslide Clearance / Road Blockage
312.02,51.7,22.0,46.1,0.817,1400,Light Disaster Utility (4WD),361.8,847.5,485.7,0.641,Steep Mountain Grade & Hairpin Bends
78.93,20.0,31.4,24.62,0.804,4170,4x4 Hill Freight Carrier,236.8,721.0,484.2,0.6,Active Landslide Clearance / Road Blockage
71.13,45.0,12.8,29.44,0.469,240,Refrigerated Medical Van,94.8,147.6,52.8,0.372,Standard Mountain Traffic Flow
189.02,51.7,22.0,52.86,0.877,1400,Light Disaster Utility (4WD),219.2,554.1,334.9,0.693,Steep Mountain Grade & Hairpin Bends
209.9,45.0,22.0,45.06,0.833,1400,Refrigerated Medical Van,279.9,826.4,546.5,0.651,Active Landslide Clearance / Road Blockage
109.98,15.0,14.5,13.6,0.241,1550,Heavy Supply Truck (16T),439.9,524.0,84.1,0.189,Standard Mountain Traffic Flow
102.62,20.0,14.5,30.35,0.342,1550,Refrigerated Medical Van,307.8,425.8,118.0,0.285,Standard Mountain Traffic Flow
323.92,45.0,18.0,20.44,0.658,1500,4x4 Hill Freight Carrier,431.9,1001.1,569.2,0.492,Active Landslide Clearance / Road Blockage
111.03,15.0,14.5,23.08,0.307,1550,Heavy Supply Truck (16T),444.1,580.2,136.1,0.25,Standard Mountain Traffic Flow
193.4,45.0,4.2,67.73,0.449,95,Refrigerated Medical Van,257.9,442.9,185.1,0.416,Torrential Rainfall & Reduced Visibility
141.64,45.0,6.0,162.22,0.854,320,4x4 Hill Freight Carrier,188.9,569.6,380.8,0.841,Torrential Rainfall & Reduced Visibility
707.83,45.0,21.0,49.98,0.822,1650,4x4 Hill Freight Carrier,943.8,2241.0,1297.3,0.65,Steep Mountain Grade & Hairpin Bends
448.41,33.8,8.5,143.37,0.905,350,Heavy Supply Truck (16T),797.2,2502.8,1705.6,0.849,Active Landslide Clearance / Road Blockage
106.31,15.0,14.5,56.51,0.355,1550,Heavy Supply Truck (16T),425.2,650.9,225.7,0.333,Standard Mountain Traffic Flow
227.33,45.0,22.0,26.83,0.868,1400,Refrigerated Medical Van,303.1,954.5,651.4,0.648,Active Landslide Clearance / Road Blockage
80.55,30.0,26.5,25.6,0.685,2450,Refrigerated Medical Van,161.1,312.2,151.2,0.518,Steep Mountain Grade & Hairpin Bends
449.32,51.7,8.5,19.7,0.364,350,Light Disaster Utility (4WD),520.9,707.8,186.8,0.285,Standard Mountain Traffic Flow
183.78,33.8,4.2,5.05,0.101,95,Heavy Supply Truck (16T),326.7,343.3,16.6,0.078,Standard Mountain Traffic Flow
248.19,33.8,4.2,22.12,0.141,95,Heavy Supply Truck (16T),441.2,510.9,69.7,0.132,Standard Mountain Traffic Flow
460.02,51.7,8.5,5.76,0.287,350,Light Disaster Utility (4WD),533.4,638.9,105.6,0.21,Standard Mountain Traffic Flow
98.02,15.0,14.5,21.82,0.226,1550,Heavy Supply Truck (16T),392.1,477.9,85.8,0.191,Standard Mountain Traffic Flow
262.16,45.0,22.0,2.79,0.627,1400,Refrigerated Medical Van,349.6,595.9,246.4,0.443,Steep Mountain Grade & Hairpin Bends
290.05,33.8,18.0,13.97,0.597,1500,Heavy Supply Truck (16T),515.6,877.9,362.3,0.439,Standard Mountain Traffic Flow
195.09,33.8,4.2,25.02,0.306,95,Heavy Supply Truck (16T),346.8,456.2,109.3,0.252,Standard Mountain Traffic Flow
570.14,51.7,21.0,82.53,0.938,1650,Light Disaster Utility (4WD),661.0,2095.0,1434.0,0.78,Active Landslide Clearance / Road Blockage
130.82,34.5,26.5,6.1,0.584,2450,Light Disaster Utility (4WD),227.5,401.2,173.7,0.418,Steep Mountain Grade & Hairpin Bends
127.59,20.0,14.5,2.64,0.221,1550,Refrigerated Medical Van,382.8,428.1,45.3,0.158,Standard Mountain Traffic Flow
102.24,34.5,24.2,3.17,0.675,3200,Light Disaster Utility (4WD),177.8,321.0,143.2,0.477,Steep Mountain Grade & Hairpin Bends
280.02,45.0,22.0,34.17,0.784,1400,Refrigerated Medical Van,373.4,896.4,523.0,0.6,Active Landslide Clearance / Road Blockage
114.32,30.0,26.5,74.79,0.868,2450,4x4 Hill Freight Carrier,228.6,719.1,490.5,0.72,Active Landslide Clearance / Road Blockage
751.39,45.0,21.0,0.01,0.632,1650,Refrigerated Medical Van,1001.9,1703.9,702.1,0.442,Steep Mountain Grade & Hairpin Bends
46.86,51.7,12.8,27.97,0.448,240,Light Disaster Utility (4WD),54.3,82.5,28.1,0.356,Standard Mountain Traffic Flow
198.66,51.7,4.2,83.65,0.441,95,Light Disaster Utility (4WD),230.3,427.3,197.0,0.434,Torrential Rainfall & Reduced Visibility
105.96,34.5,26.5,9.76,0.601,2450,Light Disaster Utility (4WD),184.3,311.2,126.9,0.435,Steep Mountain Grade & Hairpin Bends
138.08,23.0,14.5,27.86,0.324,1550,Light Disaster Utility (4WD),360.2,486.1,125.9,0.268,Standard Mountain Traffic Flow
53.59,20.0,31.4,17.66,0.906,4170,Refrigerated Medical Van,160.8,390.4,229.6,0.661,Steep Mountain Grade & Hairpin Bends
809.81,51.7,21.0,54.1,0.805,1650,Light Disaster Utility (4WD),938.9,2210.4,1271.5,0.645,Steep Mountain Grade & Hairpin Bends
43.32,45.0,12.8,10.85,0.377,240,4x4 Hill Freight Carrier,57.8,96.8,39.0,0.28,Standard Mountain Traffic Flow
47.5,22.5,16.0,33.91,0.534,2100,Heavy Supply Truck (16T),126.7,213.6,86.9,0.424,Standard Mountain Traffic Flow
786.79,45.0,21.0,1.66,0.634,1650,4x4 Hill Freight Carrier,1049.0,1796.2,747.2,0.446,Steep Mountain Grade & Hairpin Bends
33.96,34.5,16.0,32.48,0.46,2100,Light Disaster Utility (4WD),59.1,92.0,32.9,0.371,Standard Mountain Traffic Flow
159.9,45.0,6.0,9.43,0.215,320,4x4 Hill Freight Carrier,213.2,244.7,31.5,0.165,Standard Mountain Traffic Flow
113.48,20.0,14.5,17.4,0.352,1550,4x4 Hill Freight Carrier,340.5,485.8,145.3,0.273,Active Landslide Clearance / Road Blockage
209.82,45.0,22.0,5.45,0.679,1400,4x4 Hill Freight Carrier,279.8,623.6,343.9,0.484,Active Landslide Clearance / Road Blockage
234.83,33.8,4.2,42.4,0.232,95,Heavy Supply Truck (16T),417.5,554.1,136.6,0.226,Standard Mountain Traffic Flow
116.32,30.0,26.5,25.37,0.718,2450,4x4 Hill Freight Carrier,232.6,467.0,234.4,0.54,Steep Mountain Grade & Hairpin Bends
244.88,51.7,22.0,23.95,0.887,1400,Light Disaster Utility (4WD),283.9,868.6,584.6,0.657,Active Landslide Clearance / Road Blockage
188.5,45.0,22.0,41.54,0.798,1400,4x4 Hill Freight Carrier,251.3,643.2,391.9,0.621,Active Landslide Clearance / Road Blockage
292.09,51.7,18.0,111.99,0.902,1500,Light Disaster Utility (4WD),338.7,1117.9,779.3,0.799,Active Landslide Clearance / Road Blockage
245.84,33.8,4.2,90.24,0.469,95,Heavy Supply Truck (16T),437.0,813.2,376.2,0.464,Torrential Rainfall & Reduced Visibility
671.75,51.7,21.0,13.1,0.572,1650,Light Disaster Utility (4WD),778.8,1285.5,506.7,0.42,Steep Mountain Grade & Hairpin Bends
308.93,45.0,22.0,61.3,0.94,1400,Refrigerated Medical Van,411.9,1281.0,869.1,0.75,Active Landslide Clearance / Road Blockage
100.68,23.0,14.5,10.42,0.125,1550,Light Disaster Utility (4WD),262.6,286.3,23.6,0.103,Standard Mountain Traffic Flow
361.53,51.7,8.5,51.23,0.457,350,Light Disaster Utility (4WD),419.2,711.3,292.1,0.397,Standard Mountain Traffic Flow
249.26,33.8,4.2,68.34,0.387,95,Heavy Supply Truck (16T),443.1,722.8,279.7,0.373,Torrential Rainfall & Reduced Visibility
74.26,22.5,24.2,14.03,0.705,3200,Heavy Supply Truck (16T),198.0,490.7,292.6,0.514,Active Landslide Clearance / Road Blockage
143.11,51.7,6.0,28.04,0.388,320,Light Disaster Utility (4WD),165.9,237.4,71.5,0.314,Standard Mountain Traffic Flow
44.41,51.7,12.8,30.97,0.47,240,Light Disaster Utility (4WD),51.5,80.7,29.2,0.376,Standard Mountain Traffic Flow
206.78,45.0,6.0,42.75,0.408,320,Refrigerated Medical Van,275.7,422.4,146.7,0.35,Standard Mountain Traffic Flow
142.05,15.0,14.5,12.13,0.257,1550,Heavy Supply Truck (16T),568.2,681.3,113.1,0.198,Standard Mountain Traffic Flow
110.62,30.0,26.5,0.43,0.568,2450,Refrigerated Medical Van,221.2,349.6,128.3,0.398,Steep Mountain Grade & Hairpin Bends
198.65,45.0,22.0,0.87,0.631,1400,Refrigerated Medical Van,264.9,450.8,186.0,0.443,Steep Mountain Grade & Hairpin Bends
459.68,45.0,8.5,0.25,0.247,350,4x4 Hill Freight Carrier,612.9,692.5,79.6,0.173,Standard Mountain Traffic Flow
496.3,45.0,18.0,66.99,0.811,1500,Refrigerated Medical Van,661.7,1610.1,948.4,0.668,Torrential Rainfall & Reduced Visibility
679.17,51.7,21.0,33.46,0.671,1650,Light Disaster Utility (4WD),787.4,1752.9,965.4,0.52,Active Landslide Clearance / Road Blockage
62.25,23.0,31.4,24.81,0.884,4170,Light Disaster Utility (4WD),162.4,390.5,228.1,0.656,Steep Mountain Grade & Hairpin Bends
134.82,45.0,6.0,76.51,0.507,320,Refrigerated Medical Van,179.8,333.2,153.4,0.47,Torrential Rainfall & Reduced Visibility
114.31,30.0,26.5,43.33,0.728,2450,4x4 Hill Freight Carrier,228.6,650.6,422.0,0.575,Active Landslide Clearance / Road Blockage
519.75,33.8,21.0,0.03,0.591,1650,Heavy Supply Truck (16T),924.0,1498.4,574.4,0.414,Steep Mountain Grade & Hairpin Bends
137.53,30.0,26.5,15.82,0.711,2450,4x4 Hill Freight Carrier,275.1,682.6,407.5,0.522,Active Landslide Clearance / Road Blockage
391.23,51.7,18.0,17.81,0.599,1500,Light Disaster Utility (4WD),453.6,811.5,357.9,0.446,Standard Mountain Traffic Flow
96.11,23.0,14.5,1.15,0.261,1550,Light Disaster Utility (4WD),250.7,288.0,37.3,0.185,Standard Mountain Traffic Flow
74.91,20.0,31.4,7.84,0.772,4170,4x4 Hill Freight Carrier,224.7,637.0,412.3,0.552,Active Landslide Clearance / Road Blockage
236.12,33.8,4.2,21.01,0.157,95,Heavy Supply Truck (16T),419.8,487.8,68.1,0.141,Standard Mountain Traffic Flow
111.22,30.0,24.2,82.63,0.976,3200,Refrigerated Medical Van,222.4,759.2,536.8,0.807,Active Landslide Clearance / Road Blockage
142.85,30.0,26.5,9.61,0.676,2450,4x4 Hill Freight Carrier,285.7,525.4,239.7,0.488,Steep Mountain Grade & Hairpin Bends
301.4,33.8,8.5,17.51,0.418,350,Heavy Supply Truck (16T),535.8,760.8,225.0,0.319,Standard Mountain Traffic Flow
98.21,34.5,24.2,20.62,0.807,3200,Light Disaster Utility (4WD),170.8,425.6,254.8,0.596,Active Landslide Clearance / Road Blockage
51.6,22.5,16.0,37.78,0.606,2100,Heavy Supply Truck (16T),137.6,252.9,115.3,0.481,Standard Mountain Traffic Flow
206.16,45.0,22.0,7.5,0.656,1400,Refrigerated Medical Van,274.9,491.0,216.2,0.47,Steep Mountain Grade & Hairpin Bends
71.21,22.5,24.2,13.96,0.691,3200,Heavy Supply Truck (16T),189.9,359.2,169.3,0.504,Steep Mountain Grade & Hairpin Bends
341.75,45.0,8.5,26.68,0.402,350,Refrigerated Medical Van,455.7,658.1,202.4,0.322,Standard Mountain Traffic Flow
704.47,33.8,21.0,8.28,0.642,1650,Heavy Supply Truck (16T),1252.4,2207.4,955.1,0.462,Steep Mountain Grade & Hairpin Bends
222.83,51.7,22.0,36.42,0.798,1400,Light Disaster Utility (4WD),258.4,580.8,322.4,0.613,Steep Mountain Grade & Hairpin Bends
51.61,33.8,12.8,9.08,0.286,240,Heavy Supply Truck (16T),91.8,111.3,19.6,0.214,Standard Mountain Traffic Flow
316.48,33.8,18.0,9.15,0.563,1500,Heavy Supply Truck (16T),562.6,908.7,346.1,0.408,Standard Mountain Traffic Flow
146.85,33.8,4.2,36.56,0.221,95,Heavy Supply Truck (16T),261.1,336.3,75.2,0.209,Standard Mountain Traffic Flow
88.34,22.5,26.5,3.25,0.592,2450,Heavy Supply Truck (16T),235.6,386.1,150.6,0.419,Steep Mountain Grade & Hairpin Bends
95.85,30.0,24.2,2.97,0.655,3200,4x4 Hill Freight Carrier,191.7,337.7,146.0,0.463,Steep Mountain Grade & Hairpin Bends
703.6,51.7,21.0,2.27,0.594,1650,Light Disaster Utility (4WD),815.8,1336.7,520.9,0.419,Steep Mountain Grade & Hairpin Bends
295.58,33.8,22.0,20.38,0.747,1400,Heavy Supply Truck (16T),525.5,1254.8,729.4,0.554,Active Landslide Clearance / Road Blockage
116.65,30.0,24.2,7.93,0.707,3200,Refrigerated Medical Van,233.3,442.3,209.0,0.506,Steep Mountain Grade & Hairpin Bends
66.79,45.0,12.8,18.5,0.44,240,4x4 Hill Freight Carrier,89.0,129.8,40.8,0.336,Standard Mountain Traffic Flow
117.31,15.0,14.5,24.18,0.235,1550,Heavy Supply Truck (16T),469.2,581.4,112.1,0.201,Standard Mountain Traffic Flow
34.54,34.5,16.0,19.01,0.447,2100,Light Disaster Utility (4WD),60.1,88.4,28.3,0.342,Standard Mountain Traffic Flow
395.98,45.0,8.5,45.4,0.497,350,4x4 Hill Freight Carrier,528.0,938.4,410.4,0.416,Active Landslide Clearance / Road Blockage
90.75,34.5,24.2,58.55,0.899,3200,Light Disaster Utility (4WD),157.8,504.3,346.4,0.717,Active Landslide Clearance / Road Blockage
154.4,45.0,6.0,1.64,0.214,320,4x4 Hill Freight Carrier,205.9,228.1,22.2,0.152,Standard Mountain Traffic Flow
130.26,34.5,26.5,16.19,0.608,2450,Light Disaster Utility (4WD),226.5,392.9,166.4,0.45,Steep Mountain Grade & Hairpin Bends
137.37,34.5,26.5,53.86,0.758,2450,Light Disaster Utility (4WD),238.9,688.6,449.7,0.612,Active Landslide Clearance / Road Blockage
120.67,23.0,14.5,19.29,0.295,1550,Light Disaster Utility (4WD),314.8,401.1,86.3,0.235,Standard Mountain Traffic Flow
284.14,45.0,8.5,16.26,0.335,350,Refrigerated Medical Van,378.8,494.4,115.6,0.259,Standard Mountain Traffic Flow
185.33,51.7,4.2,20.68,0.266,95,Light Disaster Utility (4WD),214.9,268.7,53.8,0.217,Standard Mountain Traffic Flow
86.2,22.5,26.5,21.59,0.526,2450,Heavy Supply Truck (16T),229.9,370.2,140.4,0.4,Steep Mountain Grade & Hairpin Bends
310.3,33.8,8.5,6.11,0.401,350,Heavy Supply Truck (16T),551.6,786.4,234.8,0.29,Active Landslide Clearance / Road Blockage
99.49,34.5,24.2,19.07,0.641,3200,Light Disaster Utility (4WD),173.0,313.9,140.9,0.477,Steep Mountain Grade & Hairpin Bends
102.87,34.5,26.5,14.15,0.632,2450,Light Disaster Utility (4WD),178.9,370.2,191.3,0.464,Active Landslide Clearance / Road Blockage
251.39,45.0,4.2,5.61,0.255,95,4x4 Hill Freight Carrier,335.2,390.5,55.3,0.187,Standard Mountain Traffic Flow
308.9,33.8,18.0,29.86,0.626,1500,Heavy Supply Truck (16T),549.2,1009.7,460.6,0.483,Standard Mountain Traffic Flow
783.27,45.0,21.0,37.92,0.77,1650,Refrigerated Medical Van,1044.4,2480.4,1436.1,0.596,Active Landslide Clearance / Road Blockage
145.86,45.0,6.0,8.0,0.187,320,Refrigerated Medical Van,194.5,217.5,23.1,0.143,Standard Mountain Traffic Flow
547.45,45.0,21.0,11.63,0.651,1650,Refrigerated Medical Van,729.9,1311.3,581.4,0.473,Steep Mountain Grade & Hairpin Bends
162.29,45.0,4.2,6.89,0.121,95,Refrigerated Medical Van,216.4,231.5,15.1,0.095,Standard Mountain Traffic Flow
262.37,45.0,8.5,29.78,0.422,350,4x4 Hill Freight Carrier,349.8,520.6,170.7,0.34,Standard Mountain Traffic Flow
318.89,45.0,22.0,12.07,0.707,1400,4x4 Hill Freight Carrier,425.2,815.7,390.5,0.513,Steep Mountain Grade & Hairpin Bends
494.88,51.7,18.0,45.98,0.654,1500,Light Disaster Utility (4WD),573.8,1133.6,559.8,0.527,Standard Mountain Traffic Flow
191.54,51.7,6.0,11.35,0.221,320,Light Disaster Utility (4WD),222.1,258.2,36.1,0.172,Standard Mountain Traffic Flow
53.56,30.0,16.0,38.74,0.539,2100,Refrigerated Medical Van,107.1,242.7,135.6,0.436,Active Landslide Clearance / Road Blockage
314.33,45.0,8.5,0.56,0.373,350,Refrigerated Medical Van,419.1,533.8,114.7,0.262,Standard Mountain Traffic Flow
730.77,45.0,21.0,6.46,0.646,1650,4x4 Hill Freight Carrier,974.4,1715.5,741.1,0.462,Steep Mountain Grade & Hairpin Bends
314.63,45.0,8.5,21.56,0.409,350,Refrigerated Medical Van,419.5,635.5,216.0,0.319,Active Landslide Clearance / Road Blockage
435.11,45.0,8.5,26.07,0.364,350,Refrigerated Medical Van,580.1,806.3,226.2,0.294,Standard Mountain Traffic Flow
207.88,45.0,6.0,12.13,0.242,320,4x4 Hill Freight Carrier,277.2,328.5,51.3,0.188,Standard Mountain Traffic Flow
210.44,33.8,4.2,7.22,0.188,95,Heavy Supply Truck (16T),374.1,417.1,43.0,0.142,Standard Mountain Traffic Flow
362.52,45.0,8.5,11.49,0.348,350,Refrigerated Medical Van,483.4,626.8,143.4,0.261,Standard Mountain Traffic Flow
62.53,30.0,16.0,0.6,0.356,2100,Refrigerated Medical Van,125.1,156.7,31.6,0.25,Standard Mountain Traffic Flow
412.58,33.8,8.5,8.75,0.31,350,Heavy Supply Truck (16T),733.5,908.0,174.5,0.23,Standard Mountain Traffic Flow
785.51,33.8,21.0,0.36,0.577,1650,Heavy Supply Truck (16T),1396.5,2229.2,832.7,0.404,Steep Mountain Grade & Hairpin Bends
75.11,20.0,31.4,20.88,0.861,4170,Refrigerated Medical Van,225.3,699.8,474.5,0.634,Active Landslide Clearance / Road Blockage
226.24,33.8,6.0,51.96,0.486,320,Heavy Supply Truck (16T),402.2,682.3,280.1,0.418,Standard Mountain Traffic Flow
286.14,33.8,18.0,19.11,0.516,1500,Heavy Supply Truck (16T),508.7,804.3,295.6,0.39,Standard Mountain Traffic Flow
46.87,30.0,16.0,14.54,0.395,2100,4x4 Hill Freight Carrier,93.7,128.7,35.0,0.298,Standard Mountain Traffic Flow
68.36,20.0,31.4,116.27,1.0,4170,4x4 Hill Freight Carrier,205.1,652.5,447.4,0.874,Torrential Rainfall & Reduced Visibility
441.96,45.0,8.5,13.41,0.315,350,4x4 Hill Freight Carrier,589.3,746.7,157.4,0.241,Standard Mountain Traffic Flow
59.47,45.0,12.8,15.8,0.446,240,Refrigerated Medical Van,79.3,115.3,36.0,0.336,Standard Mountain Traffic Flow
57.97,30.0,16.0,3.46,0.384,2100,Refrigerated Medical Van,115.9,151.1,35.1,0.274,Standard Mountain Traffic Flow
84.07,34.5,26.5,16.75,0.659,2450,Light Disaster Utility (4WD),146.2,268.9,122.7,0.486,Steep Mountain Grade & Hairpin Bends
48.63,33.8,12.8,22.17,0.398,240,Heavy Supply Truck (16T),86.5,137.7,51.3,0.312,Standard Mountain Traffic Flow
98.08,34.5,26.5,33.92,0.737,2450,Light Disaster Utility (4WD),170.6,572.4,401.8,0.567,Active Landslide Clearance / Road Blockage
56.77,45.0,12.8,1.4,0.355,240,Refrigerated Medical Van,75.7,95.0,19.3,0.251,Standard Mountain Traffic Flow
136.41,23.0,14.5,72.65,0.46,1550,Light Disaster Utility (4WD),355.9,626.1,270.3,0.431,Torrential Rainfall & Reduced Visibility
517.0,51.7,18.0,8.98,0.565,1500,Light Disaster Utility (4WD),599.4,969.1,369.7,0.409,Standard Mountain Traffic Flow
280.99,51.7,22.0,71.59,0.95,1400,Light Disaster Utility (4WD),325.8,918.0,592.2,0.773,Torrential Rainfall & Reduced Visibility
99.63,20.0,14.5,112.41,0.621,1550,4x4 Hill Freight Carrier,298.9,697.2,398.3,0.603,Torrential Rainfall & Reduced Visibility
140.87,34.5,26.5,1.65,0.601,2450,Light Disaster Utility (4WD),245.0,403.6,158.6,0.423,Steep Mountain Grade & Hairpin Bends
108.91,22.5,26.5,7.59,0.702,2450,Heavy Supply Truck (16T),290.4,547.2,256.8,0.503,Steep Mountain Grade & Hairpin Bends
278.19,51.7,22.0,6.35,0.595,1400,Light Disaster Utility (4WD),322.5,593.2,270.7,0.426,Active Landslide Clearance / Road Blockage
78.72,30.0,26.5,6.68,0.624,2450,Refrigerated Medical Van,157.4,270.5,113.1,0.447,Steep Mountain Grade & Hairpin Bends
52.36,51.7,12.8,16.04,0.412,240,Light Disaster Utility (4WD),60.7,139.5,78.8,0.312,Active Landslide Clearance / Road Blockage
101.28,30.0,24.2,26.02,0.645,3200,Refrigerated Medical Van,202.6,395.1,192.6,0.491,Steep Mountain Grade & Hairpin Bends
123.44,22.5,26.5,5.46,0.567,2450,Heavy Supply Truck (16T),329.2,528.1,198.9,0.405,Steep Mountain Grade & Hairpin Bends
85.17,30.0,24.2,12.95,0.711,3200,Refrigerated Medical Van,170.3,541.4,371.1,0.517,Active Landslide Clearance / Road Blockage
158.17,45.0,4.2,25.02,0.242,95,4x4 Hill Freight Carrier,210.9,263.5,52.6,0.207,Standard Mountain Traffic Flow
137.62,34.5,26.5,17.11,0.61,2450,Light Disaster Utility (4WD),239.3,454.2,214.9,0.453,Active Landslide Clearance / Road Blockage
89.85,20.0,31.4,22.08,0.942,4170,Refrigerated Medical Van,269.6,866.3,596.7,0.693,Active Landslide Clearance / Road Blockage
472.4,51.7,21.0,51.63,0.785,1650,Light Disaster Utility (4WD),547.7,1386.2,838.5,0.627,Active Landslide Clearance / Road Blockage
272.21,45.0,8.5,46.28,0.425,350,Refrigerated Medical Van,362.9,614.8,251.8,0.367,Active Landslide Clearance / Road Blockage
252.06,51.7,4.2,65.61,0.37,95,Light Disaster Utility (4WD),292.2,466.2,174.0,0.357,Torrential Rainfall & Reduced Visibility
91.16,23.0,31.4,60.68,0.939,4170,Light Disaster Utility (4WD),237.8,649.8,412.0,0.748,Torrential Rainfall & Reduced Visibility
119.67,23.0,14.5,27.97,0.348,1550,Light Disaster Utility (4WD),312.2,430.5,118.3,0.285,Standard Mountain Traffic Flow
569.98,45.0,21.0,70.45,0.72,1650,4x4 Hill Freight Carrier,760.0,1700.4,940.4,0.609,Torrential Rainfall & Reduced Visibility
479.44,51.7,8.5,20.41,0.376,350,Light Disaster Utility (4WD),555.9,765.9,210.0,0.294,Standard Mountain Traffic Flow
143.36,51.7,6.0,21.59,0.334,320,Light Disaster Utility (4WD),166.2,221.1,54.9,0.266,Standard Mountain Traffic Flow
129.79,30.0,26.5,36.93,0.759,2450,Refrigerated Medical Van,259.6,655.1,395.5,0.587,Active Landslide Clearance / Road Blockage
484.19,51.7,18.0,67.17,0.773,1500,Light Disaster Utility (4WD),561.4,1550.2,988.9,0.642,Active Landslide Clearance / Road Blockage
137.97,20.0,14.5,67.11,0.435,1550,Refrigerated Medical Van,413.9,701.1,287.2,0.406,Torrential Rainfall & Reduced Visibility
220.17,51.7,6.0,23.41,0.346,320,Light Disaster Utility (4WD),255.3,345.5,90.3,0.277,Standard Mountain Traffic Flow
451.36,45.0,21.0,41.05,0.868,1650,Refrigerated Medical Van,601.8,1471.8,870.0,0.669,Steep Mountain Grade & Hairpin Bends
110.76,22.5,26.5,31.3,0.513,2450,Heavy Supply Truck (16T),295.4,483.9,188.5,0.406,Steep Mountain Grade & Hairpin Bends
496.94,45.0,21.0,9.8,0.701,1650,Refrigerated Medical Van,662.6,1330.4,667.8,0.505,Active Landslide Clearance / Road Blockage
50.6,33.8,12.8,108.33,0.76,240,Heavy Supply Truck (16T),89.9,386.6,296.6,0.694,Active Landslide Clearance / Road Blockage
423.36,33.8,18.0,5.02,0.504,1500,Heavy Supply Truck (16T),752.6,1123.0,370.3,0.361,Standard Mountain Traffic Flow
433.79,45.0,8.5,46.14,0.425,350,4x4 Hill Freight Carrier,578.4,910.4,332.0,0.367,Standard Mountain Traffic Flow
466.11,33.8,8.5,52.4,0.441,350,Heavy Supply Truck (16T),828.6,1395.5,566.9,0.387,Active Landslide Clearance / Road Blockage
274.42,45.0,8.5,16.25,0.279,350,4x4 Hill Freight Carrier,365.9,454.4,88.5,0.22,Standard Mountain Traffic Flow
198.25,45.0,4.2,27.57,0.243,95,Refrigerated Medical Van,264.3,333.9,69.5,0.211,Standard Mountain Traffic Flow
43.22,30.0,16.0,45.55,0.539,2100,4x4 Hill Freight Carrier,86.4,151.5,65.1,0.445,Standard Mountain Traffic Flow
478.54,51.7,18.0,3.28,0.579,1500,Light Disaster Utility (4WD),554.8,948.5,393.6,0.41,Active Landslide Clearance / Road Blockage
290.22,45.0,8.5,2.6,0.269,350,Refrigerated Medical Van,387.0,450.1,63.2,0.192,Standard Mountain Traffic Flow
140.68,15.0,14.5,13.54,0.343,1550,Heavy Supply Truck (16T),562.7,732.3,169.6,0.261,Standard Mountain Traffic Flow
215.22,33.8,22.0,20.84,0.631,1400,Heavy Supply Truck (16T),382.6,689.8,307.2,0.473,Steep Mountain Grade & Hairpin Bends
123.42,34.5,26.5,42.76,0.722,2450,Light Disaster Utility (4WD),214.6,663.0,448.3,0.57,Active Landslide Clearance / Road Blockage
473.92,45.0,8.5,9.3,0.28,350,Refrigerated Medical Van,631.9,763.3,131.4,0.21,Standard Mountain Traffic Flow
124.85,20.0,14.5,19.39,0.334,1550,Refrigerated Medical Van,374.5,494.3,119.7,0.263,Standard Mountain Traffic Flow
80.76,33.8,12.8,39.16,0.425,240,Heavy Supply Truck (16T),143.6,220.9,77.3,0.356,Standard Mountain Traffic Flow
338.95,45.0,8.5,0.61,0.269,350,4x4 Hill Freight Carrier,451.9,521.4,69.4,0.189,Standard Mountain Traffic Flow
72.34,20.0,31.4,21.1,0.827,4170,4x4 Hill Freight Carrier,217.0,709.4,492.4,0.611,Active Landslide Clearance / Road Blockage
49.31,45.0,12.8,13.81,0.406,240,4x4 Hill Freight Carrier,65.8,91.1,25.3,0.305,Standard Mountain Traffic Flow
107.48,20.0,14.5,13.41,0.239,1550,4x4 Hill Freight Carrier,322.5,383.4,61.0,0.188,Standard Mountain Traffic Flow
213.68,45.0,4.2,57.52,0.421,95,Refrigerated Medical Van,284.9,514.4,229.5,0.381,Active Landslide Clearance / Road Blockage
481.98,33.8,21.0,37.54,0.663,1650,Heavy Supply Truck (16T),856.8,1726.0,869.1,0.52,Active Landslide Clearance / Road Blockage
61.62,45.0,12.8,13.18,0.375,240,Refrigerated Medical Van,82.2,136.4,54.2,0.282,Standard Mountain Traffic Flow
100.33,30.0,24.2,44.02,0.805,3200,Refrigerated Medical Van,200.7,569.7,369.0,0.629,Active Landslide Clearance / Road Blockage
52.52,33.8,12.8,0.27,0.38,240,Heavy Supply Truck (16T),93.4,145.3,52.0,0.267,Standard Mountain Traffic Flow
309.26,45.0,18.0,28.42,0.639,1500,4x4 Hill Freight Carrier,412.3,765.6,353.3,0.49,Standard Mountain Traffic Flow
388.19,51.7,8.5,10.62,0.259,350,Light Disaster Utility (4WD),450.1,537.4,87.3,0.197,Standard Mountain Traffic Flow
44.53,45.0,12.8,1.14,0.406,240,Refrigerated Medical Van,59.4,112.9,53.5,0.286,Active Landslide Clearance / Road Blockage
240.18,51.7,22.0,21.58,0.705,1400,Light Disaster Utility (4WD),278.5,729.9,451.4,0.526,Active Landslide Clearance / Road Blockage
176.48,51.7,4.2,3.89,0.05,95,Light Disaster Utility (4WD),204.6,210.1,5.5,0.05,Standard Mountain Traffic Flow
172.01,45.0,6.0,31.23,0.376,320,4x4 Hill Freight Carrier,229.3,328.2,98.9,0.31,Standard Mountain Traffic Flow
203.97,45.0,4.2,29.05,0.32,95,Refrigerated Medical Van,272.0,367.3,95.3,0.267,Standard Mountain Traffic Flow
414.13,33.8,8.5,22.92,0.387,350,Heavy Supply Truck (16T),736.2,1079.5,343.3,0.305,Active Landslide Clearance / Road Blockage
451.68,45.0,8.5,16.98,0.421,350,4x4 Hill Freight Carrier,602.2,856.1,253.9,0.32,Standard Mountain Traffic Flow
118.36,23.0,14.5,2.21,0.165,1550,Light Disaster Utility (4WD),308.8,331.4,22.7,0.119,Standard Mountain Traffic Flow
76.92,45.0,12.8,0.94,0.395,240,4x4 Hill Freight Carrier,102.6,133.9,31.4,0.278,Standard Mountain Traffic Flow
140.85,30.0,26.5,1.67,0.627,2450,Refrigerated Medical Van,281.7,478.3,196.6,0.441,Steep Mountain Grade & Hairpin Bends
116.91,30.0,26.5,16.75,0.615,2450,4x4 Hill Freight Carrier,233.8,409.3,175.5,0.456,Steep Mountain Grade & Hairpin Bends
117.0,23.0,14.5,19.56,0.245,1550,Light Disaster Utility (4WD),305.2,373.9,68.7,0.201,Standard Mountain Traffic Flow
155.43,33.8,4.2,28.44,0.277,95,Heavy Supply Truck (16T),276.3,359.4,83.1,0.237,Standard Mountain Traffic Flow
308.26,45.0,22.0,15.8,0.752,1400,Refrigerated Medical Van,411.0,836.9,425.9,0.55,Steep Mountain Grade & Hairpin Bends
140.85,22.5,26.5,60.17,0.779,2450,Heavy Supply Truck (16T),375.6,1002.2,626.6,0.636,Active Landslide Clearance / Road Blockage
232.49,45.0,22.0,25.72,0.728,1400,Refrigerated Medical Van,310.0,788.9,478.9,0.548,Active Landslide Clearance / Road Blockage
205.37,51.7,6.0,21.39,0.298,320,Light Disaster Utility (4WD),238.1,306.6,68.5,0.24,Standard Mountain Traffic Flow
64.94,30.0,24.2,36.63,0.754,3200,4x4 Hill Freight Carrier,129.9,489.6,359.7,0.583,Active Landslide Clearance / Road Blockage
353.23,45.0,8.5,79.15,0.685,350,Refrigerated Medical Van,471.0,1248.3,777.3,0.598,Active Landslide Clearance / Road Blockage
544.19,33.8,21.0,13.12,0.714,1650,Heavy Supply Truck (16T),967.4,2096.0,1128.5,0.519,Active Landslide Clearance / Road Blockage
140.21,15.0,14.5,112.5,0.613,1550,Heavy Supply Truck (16T),560.8,1248.2,687.4,0.598,Torrential Rainfall & Reduced Visibility
806.52,45.0,21.0,19.18,0.737,1650,Refrigerated Medical Van,1075.4,2172.9,1097.5,0.545,Steep Mountain Grade & Hairpin Bends
49.88,30.0,16.0,22.64,0.444,2100,Refrigerated Medical Van,99.8,148.1,48.3,0.345,Standard Mountain Traffic Flow
111.3,30.0,24.2,48.69,0.804,3200,Refrigerated Medical Van,222.6,517.1,294.5,0.636,Steep Mountain Grade & Hairpin Bends
484.74,51.7,21.0,44.99,0.717,1650,Light Disaster Utility (4WD),562.0,1276.6,714.6,0.569,Active Landslide Clearance / Road Blockage
217.28,45.0,6.0,36.14,0.452,320,Refrigerated Medical Van,289.7,453.2,163.5,0.371,Standard Mountain Traffic Flow
254.43,45.0,22.0,28.22,0.76,1400,Refrigerated Medical Van,339.2,801.1,461.9,0.574,Active Landslide Clearance / Road Blockage
510.77,45.0,21.0,32.48,0.685,1650,4x4 Hill Freight Carrier,681.0,1343.7,662.6,0.528,Steep Mountain Grade & Hairpin Bends
255.94,51.7,4.2,15.51,0.212,95,Light Disaster Utility (4WD),296.7,348.7,52.0,0.171,Standard Mountain Traffic Flow
250.95,33.8,4.2,41.39,0.228,95,Heavy Supply Truck (16T),446.1,588.2,142.1,0.221,Standard Mountain Traffic Flow
218.26,45.0,6.0,23.07,0.283,320,4x4 Hill Freight Carrier,291.0,372.5,81.5,0.233,Standard Mountain Traffic Flow
102.29,23.0,14.5,14.81,0.26,1550,Light Disaster Utility (4WD),266.8,324.4,57.5,0.204,Standard Mountain Traffic Flow
113.47,15.0,14.5,79.38,0.474,1550,Heavy Supply Truck (16T),453.9,823.8,369.9,0.451,Torrential Rainfall & Reduced Visibility
155.55,33.8,6.0,28.62,0.281,320,Heavy Supply Truck (16T),276.5,361.2,84.7,0.24,Standard Mountain Traffic Flow
458.22,33.8,8.5,98.34,0.723,350,Heavy Supply Truck (16T),814.6,1942.1,1127.5,0.654,Torrential Rainfall & Reduced Visibility
180.98,51.7,6.0,7.01,0.271,320,Light Disaster Utility (4WD),209.8,249.1,39.3,0.2,Standard Mountain Traffic Flow
180.93,33.8,6.0,24.3,0.276,320,Heavy Supply Truck (16T),321.7,411.4,89.7,0.229,Standard Mountain Traffic Flow
82.51,34.5,24.2,13.58,0.71,3200,Light Disaster Utility (4WD),143.5,277.2,133.7,0.517,Steep Mountain Grade & Hairpin Bends
114.79,34.5,24.2,17.61,0.731,3200,Light Disaster Utility (4WD),199.6,495.7,296.1,0.538,Active Landslide Clearance / Road Blockage
648.17,33.8,21.0,67.42,0.911,1650,Heavy Supply Truck (16T),1152.3,3237.0,2084.7,0.739,Active Landslide Clearance / Road Blockage
114.0,30.0,24.2,7.24,0.671,3200,4x4 Hill Freight Carrier,228.0,620.5,392.5,0.481,Active Landslide Clearance / Road Blockage
58.43,22.5,16.0,25.26,0.49,2100,Heavy Supply Truck (16T),155.8,244.5,88.7,0.381,Standard Mountain Traffic Flow
165.49,45.0,6.0,81.8,0.615,320,Refrigerated Medical Van,220.6,493.0,272.4,0.553,Active Landslide Clearance / Road Blockage
412.4,45.0,18.0,19.07,0.478,1500,Refrigerated Medical Van,549.9,835.4,285.5,0.363,Standard Mountain Traffic Flow
35.01,30.0,16.0,64.12,0.742,2100,4x4 Hill Freight Carrier,70.0,158.0,88.0,0.616,Torrential Rainfall & Reduced Visibility
70.0,22.5,24.2,0.1,0.554,3200,Heavy Supply Truck (16T),186.7,290.0,103.3,0.388,Steep Mountain Grade & Hairpin Bends
524.72,45.0,21.0,36.58,0.714,1650,4x4 Hill Freight Carrier,699.6,1519.0,819.3,0.555,Active Landslide Clearance / Road Blockage
125.52,51.7,6.0,44.33,0.366,320,Light Disaster Utility (4WD),145.5,270.4,124.9,0.323,Active Landslide Clearance / Road Blockage
76.25,23.0,31.4,6.26,0.735,4170,Light Disaster Utility (4WD),198.9,619.0,420.1,0.524,Active Landslide Clearance / Road Blockage
40.87,30.0,16.0,39.46,0.447,2100,4x4 Hill Freight Carrier,81.7,163.3,81.6,0.372,Active Landslide Clearance / Road Blockage
96.82,22.5,26.5,18.26,0.694,2450,Heavy Supply Truck (16T),258.2,554.0,295.8,0.513,Active Landslide Clearance / Road Blockage
506.66,45.0,18.0,6.43,0.499,1500,4x4 Hill Freight Carrier,675.5,1007.0,331.4,0.359,Standard Mountain Traffic Flow
765.68,45.0,21.0,49.74,0.798,1650,Refrigerated Medical Van,1020.9,2549.2,1528.3,0.633,Active Landslide Clearance / Road Blockage
164.22,33.8,6.0,6.11,0.27,320,Heavy Supply Truck (16T),292.0,345.1,53.2,0.198,Standard Mountain Traffic Flow
599.48,45.0,21.0,5.44,0.71,1650,Refrigerated Medical Van,799.3,1511.9,712.5,0.505,Steep Mountain Grade & Hairpin Bends
252.98,33.8,22.0,32.56,0.843,1400,Heavy Supply Truck (16T),449.7,1051.7,602.0,0.639,Steep Mountain Grade & Hairpin Bends
136.61,33.8,6.0,24.29,0.331,320,Heavy Supply Truck (16T),242.9,325.4,82.5,0.268,Standard Mountain Traffic Flow
104.01,34.5,24.2,107.82,1.0,3200,Light Disaster Utility (4WD),180.9,567.8,386.9,0.862,Torrential Rainfall & Reduced Visibility
80.98,20.0,14.5,10.07,0.259,1550,Refrigerated Medical Van,242.9,289.4,46.4,0.197,Standard Mountain Traffic Flow
51.94,51.7,12.8,21.34,0.379,240,Light Disaster Utility (4WD),60.2,83.5,23.2,0.297,Standard Mountain Traffic Flow
454.87,33.8,8.5,35.5,0.341,350,Heavy Supply Truck (16T),808.7,1138.7,330.0,0.292,Standard Mountain Traffic Flow
604.27,45.0,21.0,5.85,0.556,1650,4x4 Hill Freight Carrier,805.7,1321.5,515.8,0.398,Active Landslide Clearance / Road Blockage
103.38,23.0,14.5,57.39,0.44,1550,Light Disaster Utility (4WD),269.7,445.4,175.7,0.394,Standard Mountain Traffic Flow
103.38,20.0,14.5,7.07,0.278,1550,4x4 Hill Freight Carrier,310.2,370.8,60.6,0.205,Standard Mountain Traffic Flow
104.78,22.5,24.2,19.99,0.667,3200,Heavy Supply Truck (16T),279.4,523.0,243.6,0.497,Steep Mountain Grade & Hairpin Bends
163.01,45.0,4.2,45.04,0.27,95,4x4 Hill Freight Carrier,217.3,299.3,82.0,0.257,Standard Mountain Traffic Flow
518.56,51.7,21.0,22.44,0.8,1650,Light Disaster Utility (4WD),601.2,1313.1,711.9,0.594,Steep Mountain Grade & Hairpin Bends
59.39,30.0,16.0,60.69,0.555,2100,4x4 Hill Freight Carrier,118.8,256.1,137.3,0.48,Active Landslide Clearance / Road Blockage
50.27,15.0,31.4,16.68,0.844,4170,Heavy Supply Truck (16T),201.1,454.7,253.7,0.616,Steep Mountain Grade & Hairpin Bends
67.82,33.8,12.8,5.02,0.475,240,Heavy Supply Truck (16T),120.6,174.1,53.5,0.34,Standard Mountain Traffic Flow
222.96,45.0,4.2,6.05,0.105,95,Refrigerated Medical Van,297.3,314.5,17.3,0.083,Standard Mountain Traffic Flow
80.41,20.0,31.4,1.47,0.786,4170,4x4 Hill Freight Carrier,241.2,618.0,376.8,0.553,Active Landslide Clearance / Road Blockage
54.33,30.0,16.0,7.72,0.438,2100,Refrigerated Medical Van,108.7,152.1,43.5,0.318,Standard Mountain Traffic Flow
94.48,30.0,24.2,13.09,0.733,3200,4x4 Hill Freight Carrier,189.0,374.1,185.1,0.533,Steep Mountain Grade & Hairpin Bends
392.51,51.7,18.0,27.29,0.724,1500,Light Disaster Utility (4WD),455.1,924.2,469.2,0.548,Standard Mountain Traffic Flow
171.06,51.7,6.0,6.78,0.234,320,Light Disaster Utility (4WD),198.3,228.3,29.9,0.174,Standard Mountain Traffic Flow
327.67,33.8,18.0,0.17,0.573,1500,Heavy Supply Truck (16T),582.5,975.9,393.4,0.401,Active Landslide Clearance / Road Blockage
167.63,33.8,4.2,95.86,0.462,95,Heavy Supply Truck (16T),298.0,559.4,261.4,0.467,Torrential Rainfall & Reduced Visibility
621.91,33.8,21.0,74.66,0.95,1650,Heavy Supply Truck (16T),1105.6,3132.4,2026.8,0.777,Torrential Rainfall & Reduced Visibility
153.0,51.7,4.2,7.45,0.198,95,Light Disaster Utility (4WD),177.4,199.4,22.0,0.15,Standard Mountain Traffic Flow
143.5,45.0,4.2,37.78,0.329,95,Refrigerated Medical Van,191.3,268.8,77.4,0.287,Standard Mountain Traffic Flow
357.85,51.7,18.0,51.33,0.694,1500,Light Disaster Utility (4WD),414.9,936.0,521.1,0.563,Active Landslide Clearance / Road Blockage
142.81,33.8,6.0,12.51,0.183,320,Heavy Supply Truck (16T),253.9,288.8,34.9,0.147,Standard Mountain Traffic Flow
427.06,33.8,8.5,3.06,0.239,350,Heavy Supply Truck (16T),759.2,863.5,104.3,0.172,Standard Mountain Traffic Flow
64.84,23.0,31.4,54.46,0.894,4170,Light Disaster Utility (4WD),169.2,632.7,463.6,0.707,Active Landslide Clearance / Road Blockage
419.92,51.7,18.0,31.02,0.572,1500,Light Disaster Utility (4WD),486.9,896.4,409.5,0.447,Active Landslide Clearance / Road Blockage
304.49,33.8,18.0,53.73,0.767,1500,Heavy Supply Truck (16T),541.3,1442.3,901.0,0.617,Active Landslide Clearance / Road Blockage
277.4,51.7,22.0,6.76,0.762,1400,Light Disaster Utility (4WD),321.6,647.9,326.3,0.543,Steep Mountain Grade & Hairpin Bends
379.78,33.8,18.0,20.44,0.621,1500,Heavy Supply Truck (16T),675.2,1202.8,527.6,0.466,Standard Mountain Traffic Flow
178.93,33.8,6.0,0.78,0.186,320,Heavy Supply Truck (16T),318.1,344.1,26.0,0.132,Standard Mountain Traffic Flow
311.17,45.0,22.0,57.28,0.801,1400,Refrigerated Medical Van,414.9,1048.1,633.2,0.647,Active Landslide Clearance / Road Blockage
56.94,33.8,12.8,8.85,0.392,240,Heavy Supply Truck (16T),101.2,173.6,72.3,0.288,Active Landslide Clearance / Road Blockage
797.3,33.8,21.0,25.67,0.718,1650,Heavy Supply Truck (16T),1417.4,2986.0,1568.6,0.541,Active Landslide Clearance / Road Blockage
58.73,30.0,16.0,19.12,0.496,2100,4x4 Hill Freight Carrier,117.5,181.9,64.4,0.376,Standard Mountain Traffic Flow
87.3,20.0,31.4,10.34,0.808,4170,Refrigerated Medical Van,261.9,788.7,526.8,0.581,Active Landslide Clearance / Road Blockage
452.27,51.7,21.0,20.85,0.694,1650,Light Disaster Utility (4WD),524.4,1131.7,607.3,0.517,Active Landslide Clearance / Road Blockage
118.86,22.5,26.5,47.34,0.792,2450,Heavy Supply Truck (16T),317.0,908.2,591.2,0.625,Active Landslide Clearance / Road Blockage
55.43,23.0,31.4,50.47,0.836,4170,Light Disaster Utility (4WD),144.6,511.8,367.2,0.661,Active Landslide Clearance / Road Blockage
227.02,45.0,6.0,12.44,0.271,320,Refrigerated Medical Van,302.7,367.6,64.9,0.208,Standard Mountain Traffic Flow
53.32,20.0,31.4,104.73,1.0,4170,4x4 Hill Freight Carrier,160.0,552.2,392.3,0.857,Active Landslide Clearance / Road Blockage
82.3,20.0,31.4,22.34,0.779,4170,Refrigerated Medical Van,246.9,693.1,446.2,0.579,Active Landslide Clearance / Road Blockage
215.32,45.0,4.2,9.89,0.151,95,4x4 Hill Freight Carrier,287.1,316.5,29.4,0.12,Standard Mountain Traffic Flow
255.81,45.0,4.2,10.88,0.257,95,4x4 Hill Freight Carrier,341.1,406.8,65.8,0.196,Standard Mountain Traffic Flow
278.45,33.8,8.5,80.72,0.496,350,Heavy Supply Truck (16T),495.0,918.8,423.8,0.468,Torrential Rainfall & Reduced Visibility
44.61,30.0,16.0,2.53,0.463,2100,4x4 Hill Freight Carrier,89.2,126.0,36.8,0.328,Standard Mountain Traffic Flow
48.7,22.5,16.0,35.58,0.44,2100,Heavy Supply Truck (16T),129.9,200.5,70.6,0.362,Standard Mountain Traffic Flow
130.02,51.7,6.0,10.04,0.238,320,Light Disaster Utility (4WD),150.7,176.6,25.8,0.182,Standard Mountain Traffic Flow
663.42,51.7,21.0,4.98,0.672,1650,Light Disaster Utility (4WD),769.2,1448.5,679.3,0.478,Active Landslide Clearance / Road Blockage
74.19,30.0,24.2,4.1,0.644,3200,Refrigerated Medical Van,148.4,258.9,110.6,0.457,Steep Mountain Grade & Hairpin Bends
118.79,20.0,14.5,46.8,0.269,1550,Refrigerated Medical Van,356.4,493.3,136.9,0.258,Standard Mountain Traffic Flow
120.9,22.5,26.5,28.15,0.656,2450,Heavy Supply Truck (16T),322.4,734.8,412.5,0.501,Active Landslide Clearance / Road Blockage
247.33,51.7,4.2,7.84,0.05,95,Light Disaster Utility (4WD),286.8,300.1,13.3,0.05,Standard Mountain Traffic Flow
33.77,22.5,16.0,31.61,0.517,2100,Heavy Supply Truck (16T),90.0,148.3,58.2,0.41,Standard Mountain Traffic Flow
756.72,45.0,21.0,2.39,0.601,1650,4x4 Hill Freight Carrier,1009.0,1667.1,658.2,0.424,Steep Mountain Grade & Hairpin Bends
36.73,30.0,16.0,20.51,0.387,2100,4x4 Hill Freight Carrier,73.5,102.3,28.8,0.302,Standard Mountain Traffic Flow
101.54,34.5,24.2,27.11,0.765,3200,Light Disaster Utility (4WD),176.6,483.2,306.6,0.576,Active Landslide Clearance / Road Blockage
78.5,22.5,26.5,41.61,0.774,2450,Heavy Supply Truck (16T),209.3,590.9,381.6,0.604,Active Landslide Clearance / Road Blockage
65.01,45.0,12.8,61.89,0.574,240,Refrigerated Medical Van,86.7,218.5,131.8,0.495,Active Landslide Clearance / Road Blockage
57.24,45.0,12.8,7.03,0.36,240,4x4 Hill Freight Carrier,76.3,98.5,22.1,0.263,Standard Mountain Traffic Flow
39.25,30.0,16.0,70.44,0.735,2100,Refrigerated Medical Van,78.5,261.9,183.4,0.62,Active Landslide Clearance / Road Blockage
145.62,45.0,4.2,0.61,0.198,95,4x4 Hill Freight Carrier,194.2,211.6,17.5,0.14,Standard Mountain Traffic Flow
42.74,30.0,16.0,11.57,0.484,2100,Refrigerated Medical Van,85.5,157.7,72.2,0.356,Active Landslide Clearance / Road Blockage
79.12,20.0,31.4,1.8,0.691,4170,4x4 Hill Freight Carrier,237.4,495.6,258.2,0.487,Active Landslide Clearance / Road Blockage
451.99,45.0,8.5,58.72,0.55,350,4x4 Hill Freight Carrier,602.6,1141.7,539.1,0.473,Active Landslide Clearance / Road Blockage
229.92,45.0,4.2,24.43,0.196,95,4x4 Hill Freight Carrier,306.6,370.0,63.5,0.174,Standard Mountain Traffic Flow
72.33,15.0,31.4,19.93,0.842,4170,Heavy Supply Truck (16T),289.3,771.7,482.4,0.619,Active Landslide Clearance / Road Blockage
220.72,45.0,6.0,5.44,0.254,320,4x4 Hill Freight Carrier,294.3,342.3,48.0,0.186,Standard Mountain Traffic Flow
123.5,15.0,14.5,6.49,0.15,1550,Heavy Supply Truck (16T),494.0,536.0,41.9,0.115,Standard Mountain Traffic Flow
83.73,30.0,24.2,87.88,1.0,3200,4x4 Hill Freight Carrier,167.5,698.3,530.9,0.832,Active Landslide Clearance / Road Blockage
46.77,30.0,16.0,83.19,0.654,2100,Refrigerated Medical Van,93.5,202.2,108.6,0.583,Torrential Rainfall & Reduced Visibility
203.93,45.0,6.0,18.37,0.382,320,4x4 Hill Freight Carrier,271.9,374.0,102.1,0.295,Standard Mountain Traffic Flow
419.01,51.7,18.0,63.28,0.805,1500,Light Disaster Utility (4WD),485.8,1165.7,679.9,0.659,Torrential Rainfall & Reduced Visibility
56.69,33.8,12.8,10.7,0.45,240,Heavy Supply Truck (16T),100.8,187.2,86.4,0.331,Active Landslide Clearance / Road Blockage
133.87,30.0,26.5,19.63,0.722,2450,4x4 Hill Freight Carrier,267.7,747.2,479.5,0.535,Active Landslide Clearance / Road Blockage
103.06,20.0,14.5,78.4,0.441,1550,Refrigerated Medical Van,309.2,543.6,234.4,0.426,Torrential Rainfall & Reduced Visibility
117.1,20.0,14.5,22.84,0.315,1550,4x4 Hill Freight Carrier,351.3,461.5,110.2,0.254,Standard Mountain Traffic Flow
159.58,45.0,4.2,26.84,0.211,95,4x4 Hill Freight Carrier,212.8,262.0,49.2,0.188,Standard Mountain Traffic Flow
468.5,45.0,8.5,30.77,0.396,350,Refrigerated Medical Van,624.7,909.7,285.0,0.324,Standard Mountain Traffic Flow
110.28,30.0,24.2,33.82,0.765,3200,4x4 Hill Freight Carrier,220.6,652.6,432.0,0.586,Active Landslide Clearance / Road Blockage
91.27,20.0,31.4,8.78,0.644,4170,4x4 Hill Freight Carrier,273.8,484.2,210.4,0.464,Steep Mountain Grade & Hairpin Bends
487.31,51.7,18.0,77.34,0.855,1500,Light Disaster Utility (4WD),565.0,1587.8,1022.8,0.714,Active Landslide Clearance / Road Blockage
79.22,51.7,12.8,36.4,0.506,240,Light Disaster Utility (4WD),91.9,151.6,59.8,0.409,Standard Mountain Traffic Flow
286.14,33.8,18.0,71.21,0.659,1500,Heavy Supply Truck (16T),508.7,1229.2,720.5,0.568,Active Landslide Clearance / Road Blockage
88.65,20.0,14.5,19.0,0.199,1550,Refrigerated Medical Van,265.9,314.4,48.5,0.168,Standard Mountain Traffic Flow
297.08,51.7,22.0,0.47,0.731,1400,Light Disaster Utility (4WD),344.4,859.9,515.5,0.513,Active Landslide Clearance / Road Blockage
789.28,45.0,21.0,28.13,0.683,1650,Refrigerated Medical Van,1052.4,2143.1,1090.7,0.52,Active Landslide Clearance / Road Blockage
311.08,51.7,22.0,44.79,0.916,1400,Light Disaster Utility (4WD),360.7,1159.8,799.2,0.709,Active Landslide Clearance / Road Blockage
448.04,51.7,18.0,13.78,0.608,1500,Light Disaster Utility (4WD),519.5,895.0,375.5,0.446,Standard Mountain Traffic Flow
448.2,33.8,18.0,1.23,0.455,1500,Heavy Supply Truck (16T),796.8,1132.7,335.9,0.32,Standard Mountain Traffic Flow
34.28,34.5,16.0,4.29,0.312,2100,Light Disaster Utility (4WD),59.6,72.6,13.0,0.225,Standard Mountain Traffic Flow
52.85,34.5,16.0,48.63,0.607,2100,Light Disaster Utility (4WD),91.9,196.6,104.7,0.498,Standard Mountain Traffic Flow
127.63,23.0,14.5,42.19,0.356,1550,Light Disaster Utility (4WD),332.9,486.2,153.3,0.313,Standard Mountain Traffic Flow
67.26,30.0,24.2,59.25,0.863,3200,Refrigerated Medical Van,134.5,488.2,353.7,0.693,Active Landslide Clearance / Road Blockage
94.79,22.5,26.5,72.78,0.766,2450,Heavy Supply Truck (16T),252.8,711.9,459.2,0.645,Active Landslide Clearance / Road Blockage
266.2,45.0,8.5,10.71,0.202,350,Refrigerated Medical Van,354.9,405.7,50.8,0.157,Standard Mountain Traffic Flow
41.65,22.5,16.0,4.22,0.438,2100,Heavy Supply Truck (16T),111.1,153.6,42.6,0.313,Standard Mountain Traffic Flow
473.83,45.0,18.0,166.75,1.0,1500,Refrigerated Medical Van,631.8,2334.9,1703.1,0.95,Active Landslide Clearance / Road Blockage
280.13,51.7,22.0,14.93,0.633,1400,Light Disaster Utility (4WD),324.8,577.0,252.2,0.465,Steep Mountain Grade & Hairpin Bends
308.19,45.0,22.0,24.63,0.851,1400,Refrigerated Medical Van,410.9,1184.2,773.2,0.633,Active Landslide Clearance / Road Blockage
241.4,45.0,4.2,1.23,0.09,95,4x4 Hill Freight Carrier,321.9,330.6,8.8,0.065,Standard Mountain Traffic Flow
222.01,45.0,22.0,19.08,0.783,1400,4x4 Hill Freight Carrier,296.0,835.6,539.6,0.577,Active Landslide Clearance / Road Blockage
70.84,45.0,12.8,136.22,0.842,240,Refrigerated Medical Van,94.5,269.7,175.2,0.794,Torrential Rainfall & Reduced Visibility
61.43,15.0,31.4,62.38,0.937,4170,Heavy Supply Truck (16T),245.7,671.9,426.1,0.749,Torrential Rainfall & Reduced Visibility
55.18,22.5,16.0,3.3,0.457,2100,Heavy Supply Truck (16T),147.2,257.5,110.4,0.325,Active Landslide Clearance / Road Blockage
91.47,22.5,24.2,10.37,0.724,3200,Heavy Supply Truck (16T),243.9,560.6,316.7,0.522,Active Landslide Clearance / Road Blockage
64.06,30.0,24.2,17.05,0.757,3200,4x4 Hill Freight Carrier,128.1,263.3,135.1,0.556,Steep Mountain Grade & Hairpin Bends
74.32,20.0,31.4,62.77,0.974,4170,Refrigerated Medical Van,223.0,632.9,410.0,0.776,Torrential Rainfall & Reduced Visibility
205.79,45.0,6.0,17.36,0.328,320,Refrigerated Medical Van,274.4,357.4,83.0,0.256,Standard Mountain Traffic Flow
55.53,30.0,16.0,6.87,0.479,2100,4x4 Hill Freight Carrier,111.1,162.2,51.1,0.346,Standard Mountain Traffic Flow
438.86,45.0,21.0,38.45,0.685,1650,Refrigerated Medical Van,585.2,1379.4,794.2,0.537,Active Landslide Clearance / Road Blockage
66.92,20.0,31.4,17.82,0.812,4170,Refrigerated Medical Van,200.8,439.5,238.7,0.595,Steep Mountain Grade & Hairpin Bends
98.17,23.0,14.5,11.75,0.253,1550,Light Disaster Utility (4WD),256.1,305.8,49.7,0.195,Standard Mountain Traffic Flow
439.95,33.8,18.0,24.85,0.595,1500,Heavy Supply Truck (16T),782.1,1370.3,588.2,0.454,Standard Mountain Traffic Flow
457.6,45.0,8.5,34.96,0.376,350,4x4 Hill Freight Carrier,610.1,884.5,274.4,0.316,Standard Mountain Traffic Flow
62.59,30.0,16.0,43.7,0.537,2100,4x4 Hill Freight Carrier,125.2,217.8,92.7,0.441,Standard Mountain Traffic Flow
43.79,34.5,16.0,59.5,0.719,2100,Light Disaster Utility (4WD),76.2,377.7,301.6,0.593,Active Landslide Clearance / Road Blockage
281.39,51.7,18.0,28.21,0.575,1500,Light Disaster Utility (4WD),326.2,565.0,238.7,0.445,Standard Mountain Traffic Flow
297.22,45.0,22.0,11.12,0.604,1400,Refrigerated Medical Van,396.3,674.0,277.7,0.439,Steep Mountain Grade & Hairpin Bends
113.89,30.0,24.2,5.94,0.707,3200,4x4 Hill Freight Carrier,227.8,523.8,296.0,0.504,Active Landslide Clearance / Road Blockage
554.76,51.7,21.0,54.02,0.875,1650,Light Disaster Utility (4WD),643.2,1820.5,1177.3,0.694,Active Landslide Clearance / Road Blockage
221.53,33.8,22.0,22.9,0.698,1400,Heavy Supply Truck (16T),393.8,978.5,584.7,0.523,Active Landslide Clearance / Road Blockage
449.4,45.0,18.0,86.28,0.864,1500,4x4 Hill Freight Carrier,599.2,1774.2,1175.0,0.734,Active Landslide Clearance / Road Blockage
787.47,33.8,21.0,24.26,0.713,1650,Heavy Supply Truck (16T),1399.9,2957.4,1557.4,0.535,Active Landslide Clearance / Road Blockage
127.34,45.0,6.0,38.6,0.378,320,Refrigerated Medical Van,169.8,249.6,79.9,0.322,Standard Mountain Traffic Flow
140.52,23.0,14.5,47.63,0.459,1550,Light Disaster Utility (4WD),366.6,598.1,231.5,0.393,Standard Mountain Traffic Flow
146.33,20.0,14.5,2.85,0.235,1550,Refrigerated Medical Van,439.0,496.9,57.9,0.168,Standard Mountain Traffic Flow
98.83,22.5,24.2,10.0,0.722,3200,Heavy Supply Truck (16T),263.6,586.3,322.8,0.52,Active Landslide Clearance / Road Blockage
168.16,45.0,4.2,29.16,0.318,95,4x4 Hill Freight Carrier,224.2,302.4,78.2,0.266,Standard Mountain Traffic Flow
85.42,30.0,26.5,9.24,0.593,2450,Refrigerated Medical Van,170.8,285.3,114.5,0.429,Steep Mountain Grade & Hairpin Bends
393.87,51.7,18.0,84.98,0.907,1500,Light Disaster Utility (4WD),456.7,1263.7,807.1,0.762,Torrential Rainfall & Reduced Visibility
40.28,34.5,16.0,14.81,0.51,2100,Light Disaster Utility (4WD),70.0,164.2,94.1,0.379,Active Landslide Clearance / Road Blockage
141.2,20.0,14.5,44.97,0.389,1550,4x4 Hill Freight Carrier,423.6,643.0,219.4,0.34,Standard Mountain Traffic Flow
74.87,34.5,24.2,0.75,0.572,3200,Light Disaster Utility (4WD),130.2,207.0,76.8,0.402,Steep Mountain Grade & Hairpin Bends
80.43,15.0,31.4,32.46,0.833,4170,Heavy Supply Truck (16T),321.7,798.4,476.6,0.632,Active Landslide Clearance / Road Blockage
214.77,45.0,6.0,8.58,0.348,320,4x4 Hill Freight Carrier,286.4,367.1,80.7,0.256,Standard Mountain Traffic Flow
195.91,51.7,4.2,17.46,0.152,95,Light Disaster Utility (4WD),227.1,259.2,32.1,0.133,Standard Mountain Traffic Flow
150.58,45.0,4.2,15.4,0.192,95,4x4 Hill Freight Carrier,200.8,232.7,31.9,0.157,Standard Mountain Traffic Flow
45.76,22.5,16.0,16.53,0.453,2100,Heavy Supply Truck (16T),122.0,179.0,57.0,0.342,Standard Mountain Traffic Flow
126.6,20.0,14.5,85.82,0.502,1550,Refrigerated Medical Van,379.8,769.4,389.6,0.48,Active Landslide Clearance / Road Blockage
76.06,15.0,31.4,3.52,0.651,4170,Heavy Supply Truck (16T),304.2,701.9,397.7,0.461,Active Landslide Clearance / Road Blockage
72.6,22.5,24.2,21.41,0.759,3200,Heavy Supply Truck (16T),193.6,537.9,344.3,0.563,Active Landslide Clearance / Road Blockage
97.57,23.0,14.5,7.88,0.216,1550,Light Disaster Utility (4WD),254.5,290.3,35.8,0.163,Standard Mountain Traffic Flow
135.55,22.5,26.5,5.63,0.538,2450,Heavy Supply Truck (16T),361.5,610.8,249.4,0.385,Active Landslide Clearance / Road Blockage
110.94,23.0,14.5,12.98,0.217,1550,Light Disaster Utility (4WD),289.4,337.7,48.3,0.171,Standard Mountain Traffic Flow
568.5,33.8,21.0,57.36,0.916,1650,Heavy Supply Truck (16T),1010.7,2902.2,1891.5,0.727,Active Landslide Clearance / Road Blockage
60.11,30.0,16.0,11.95,0.449,2100,4x4 Hill Freight Carrier,120.2,173.0,52.7,0.332,Standard Mountain Traffic Flow
90.94,23.0,31.4,0.76,0.764,4170,Light Disaster Utility (4WD),237.2,472.1,234.9,0.536,Steep Mountain Grade & Hairpin Bends
153.8,51.7,6.0,9.57,0.245,320,Light Disaster Utility (4WD),178.3,209.6,31.3,0.186,Standard Mountain Traffic Flow
97.14,30.0,26.5,28.43,0.778,2450,Refrigerated Medical Van,194.3,639.0,444.7,0.587,Active Landslide Clearance / Road Blockage
407.02,51.7,8.5,6.86,0.285,350,Light Disaster Utility (4WD),471.9,566.8,94.8,0.21,Standard Mountain Traffic Flow
90.08,20.0,31.4,9.22,0.708,4170,4x4 Hill Freight Carrier,270.2,587.0,316.8,0.509,Active Landslide Clearance / Road Blockage
96.96,34.5,26.5,9.92,0.628,2450,Light Disaster Utility (4WD),168.6,335.9,167.2,0.454,Active Landslide Clearance / Road Blockage
134.43,20.0,14.5,42.98,0.308,1550,4x4 Hill Freight Carrier,403.3,567.4,164.1,0.28,Standard Mountain Traffic Flow
472.34,45.0,8.5,0.25,0.24,350,Refrigerated Medical Van,629.8,707.8,78.0,0.168,Standard Mountain Traffic Flow
488.45,51.7,18.0,6.68,0.539,1500,Light Disaster Utility (4WD),566.3,883.2,316.9,0.387,Standard Mountain Traffic Flow
382.34,33.8,18.0,36.84,0.689,1500,Heavy Supply Truck (16T),679.7,1361.2,681.5,0.538,Standard Mountain Traffic Flow
75.1,23.0,31.4,11.48,0.85,4170,Light Disaster Utility (4WD),195.9,494.4,298.5,0.612,Active Landslide Clearance / Road Blockage
436.23,45.0,21.0,18.38,0.693,1650,Refrigerated Medical Van,581.6,1186.9,605.3,0.513,Active Landslide Clearance / Road Blockage
121.44,34.5,26.5,7.23,0.541,2450,Light Disaster Utility (4WD),211.2,370.5,159.3,0.39,Active Landslide Clearance / Road Blockage
304.03,51.7,18.0,0.7,0.508,1500,Light Disaster Utility (4WD),352.5,520.3,167.8,0.357,Standard Mountain Traffic Flow
129.55,45.0,6.0,92.54,0.612,320,4x4 Hill Freight Carrier,172.7,366.9,194.1,0.567,Torrential Rainfall & Reduced Visibility
45.77,51.7,12.8,3.43,0.326,240,Light Disaster Utility (4WD),53.1,65.3,12.2,0.233,Standard Mountain Traffic Flow
624.36,33.8,21.0,18.76,0.7,1650,Heavy Supply Truck (16T),1110.0,2281.7,1171.7,0.518,Active Landslide Clearance / Road Blockage
100.74,30.0,26.5,88.17,1.0,2450,Refrigerated Medical Van,201.5,612.6,411.2,0.832,Torrential Rainfall & Reduced Visibility
391.05,45.0,8.5,25.96,0.377,350,Refrigerated Medical Van,521.4,732.9,211.5,0.303,Standard Mountain Traffic Flow
59.93,45.0,12.8,3.65,0.382,240,4x4 Hill Freight Carrier,79.9,104.0,24.1,0.273,Standard Mountain Traffic Flow
135.81,15.0,14.5,0.84,0.173,1550,Heavy Supply Truck (16T),543.3,582.6,39.4,0.123,Standard Mountain Traffic Flow
110.81,22.5,24.2,39.25,0.786,3200,Heavy Supply Truck (16T),295.5,660.2,364.7,0.609,Steep Mountain Grade & Hairpin Bends
292.89,45.0,8.5,25.03,0.333,350,Refrigerated Medical Van,390.5,525.8,135.3,0.271,Standard Mountain Traffic Flow
137.34,23.0,14.5,15.5,0.215,1550,Light Disaster Utility (4WD),358.3,422.0,63.7,0.174,Standard Mountain Traffic Flow
103.58,30.0,26.5,5.59,0.65,2450,Refrigerated Medical Van,207.2,396.9,189.8,0.463,Active Landslide Clearance / Road Blockage
260.97,51.7,4.2,87.74,0.456,95,Light Disaster Utility (4WD),302.6,574.6,272.0,0.451,Torrential Rainfall & Reduced Visibility
143.24,51.7,6.0,59.56,0.492,320,Light Disaster Utility (4WD),166.1,289.5,123.5,0.433,Standard Mountain Traffic Flow
734.12,51.7,21.0,4.29,0.54,1650,Light Disaster Utility (4WD),851.2,1318.5,467.4,0.384,Steep Mountain Grade & Hairpin Bends
85.98,15.0,14.5,76.57,0.513,1550,Heavy Supply Truck (16T),343.9,690.7,346.8,0.474,Active Landslide Clearance / Road Blockage
59.41,45.0,12.8,42.62,0.595,240,4x4 Hill Freight Carrier,79.2,145.9,66.7,0.481,Standard Mountain Traffic Flow
572.54,51.7,21.0,8.4,0.605,1650,Light Disaster Utility (4WD),663.8,1122.1,458.3,0.436,Steep Mountain Grade & Hairpin Bends
80.3,33.8,12.8,12.9,0.482,240,Heavy Supply Truck (16T),142.7,213.3,70.6,0.357,Standard Mountain Traffic Flow
60.7,34.5,16.0,81.08,0.741,2100,Light Disaster Utility (4WD),105.6,376.3,270.7,0.64,Active Landslide Clearance / Road Blockage
89.42,20.0,31.4,17.94,0.76,4170,4x4 Hill Freight Carrier,268.3,744.3,476.0,0.559,Active Landslide Clearance / Road Blockage
200.58,33.8,4.2,7.76,0.134,95,Heavy Supply Truck (16T),356.6,385.8,29.2,0.106,Standard Mountain Traffic Flow
127.57,30.0,26.5,27.87,0.624,2450,Refrigerated Medical Van,255.1,511.5,256.4,0.479,Active Landslide Clearance / Road Blockage
538.72,51.7,21.0,19.7,0.678,1650,Light Disaster Utility (4WD),624.6,1229.6,605.0,0.504,Active Landslide Clearance / Road Blockage
142.42,33.8,6.0,31.71,0.352,320,Heavy Supply Truck (16T),253.2,355.2,102.0,0.294,Standard Mountain Traffic Flow
117.93,34.5,26.5,46.52,0.808,2450,Light Disaster Utility (4WD),205.1,655.5,450.4,0.635,Active Landslide Clearance / Road Blockage
43.09,22.5,16.0,23.66,0.436,2100,Heavy Supply Truck (16T),114.9,169.7,54.8,0.34,Standard Mountain Traffic Flow
288.99,45.0,8.5,18.08,0.342,350,4x4 Hill Freight Carrier,385.3,509.6,124.3,0.267,Standard Mountain Traffic Flow
298.35,33.8,22.0,26.77,0.806,1400,Heavy Supply Truck (16T),530.4,1177.1,646.7,0.604,Steep Mountain Grade & Hairpin Bends
298.98,33.8,8.5,26.1,0.258,350,Heavy Supply Truck (16T),531.5,675.3,143.8,0.22,Standard Mountain Traffic Flow
86.61,20.0,14.5,16.17,0.252,1550,Refrigerated Medical Van,259.8,315.6,55.8,0.201,Standard Mountain Traffic Flow
182.95,33.8,22.0,3.12,0.577,1400,Heavy Supply Truck (16T),325.2,524.0,198.7,0.409,Steep Mountain Grade & Hairpin Bends
257.72,51.7,4.2,14.13,0.14,95,Light Disaster Utility (4WD),298.8,333.8,35.0,0.119,Standard Mountain Traffic Flow
55.88,30.0,16.0,22.67,0.419,2100,4x4 Hill Freight Carrier,111.8,161.8,50.0,0.327,Standard Mountain Traffic Flow
61.29,30.0,16.0,22.66,0.515,2100,4x4 Hill Freight Carrier,122.6,248.2,125.6,0.394,Active Landslide Clearance / Road Blockage
103.44,15.0,14.5,3.17,0.123,1550,Heavy Supply Truck (16T),413.8,435.6,21.9,0.091,Standard Mountain Traffic Flow
220.57,45.0,4.2,116.5,0.58,95,Refrigerated Medical Van,294.1,642.2,348.1,0.581,Torrential Rainfall & Reduced Visibility
174.39,33.8,6.0,51.03,0.329,320,Heavy Supply Truck (16T),310.0,456.3,146.3,0.307,Standard Mountain Traffic Flow
60.95,22.5,16.0,66.21,0.822,2100,Heavy Supply Truck (16T),162.5,399.1,236.6,0.675,Torrential Rainfall & Reduced Visibility
209.26,45.0,6.0,10.54,0.187,320,4x4 Hill Freight Carrier,279.0,315.5,36.5,0.147,Standard Mountain Traffic Flow
599.8,45.0,21.0,19.86,0.692,1650,4x4 Hill Freight Carrier,799.7,1745.4,945.7,0.514,Active Landslide Clearance / Road Blockage
456.71,33.8,8.5,16.06,0.365,350,Heavy Supply Truck (16T),811.9,1089.3,277.3,0.28,Standard Mountain Traffic Flow
63.76,30.0,24.2,15.3,0.625,3200,4x4 Hill Freight Carrier,127.5,224.8,97.3,0.46,Steep Mountain Grade & Hairpin Bends
476.86,51.7,8.5,3.18,0.206,350,Light Disaster Utility (4WD),552.9,612.9,60.1,0.149,Standard Mountain Traffic Flow
140.49,15.0,14.5,61.05,0.39,1550,Heavy Supply Truck (16T),562.0,924.1,362.1,0.364,Torrential Rainfall & Reduced Visibility
46.27,45.0,12.8,29.6,0.531,240,Refrigerated Medical Van,61.7,102.4,40.7,0.416,Standard Mountain Traffic Flow
146.4,51.7,4.2,4.3,0.078,95,Light Disaster Utility (4WD),169.7,176.1,6.4,0.061,Standard Mountain Traffic Flow
198.47,45.0,6.0,7.16,0.336,320,Refrigerated Medical Van,264.6,333.6,69.0,0.246,Standard Mountain Traffic Flow
165.16,51.7,4.2,28.24,0.204,95,Light Disaster Utility (4WD),191.5,236.1,44.6,0.185,Standard Mountain Traffic Flow
54.95,34.5,16.0,11.33,0.444,2100,Light Disaster Utility (4WD),95.6,168.9,73.3,0.328,Active Landslide Clearance / Road Blockage
184.5,45.0,6.0,25.79,0.381,320,Refrigerated Medical Van,246.0,347.1,101.1,0.306,Standard Mountain Traffic Flow
71.44,22.5,24.2,15.46,0.629,3200,Heavy Supply Truck (16T),190.5,386.6,196.1,0.463,Active Landslide Clearance / Road Blockage
47.79,34.5,16.0,84.56,0.634,2100,Light Disaster Utility (4WD),83.1,176.8,93.7,0.571,Torrential Rainfall & Reduced Visibility
346.92,51.7,18.0,16.12,0.596,1500,Light Disaster Utility (4WD),402.2,688.3,286.1,0.441,Standard Mountain Traffic Flow
63.88,45.0,12.8,1.64,0.429,240,4x4 Hill Freight Carrier,85.2,115.6,30.4,0.303,Standard Mountain Traffic Flow
58.27,45.0,12.8,9.47,0.405,240,Refrigerated Medical Van,77.7,105.8,28.1,0.298,Standard Mountain Traffic Flow
560.87,51.7,21.0,23.53,0.731,1650,Light Disaster Utility (4WD),650.3,1319.1,668.9,0.547,Steep Mountain Grade & Hairpin Bends
749.72,45.0,21.0,64.46,0.835,1650,4x4 Hill Freight Carrier,999.6,2588.3,1588.7,0.681,Active Landslide Clearance / Road Blockage
128.56,45.0,6.0,27.36,0.281,320,Refrigerated Medical Van,171.4,222.8,51.4,0.238,Standard Mountain Traffic Flow
216.75,51.7,6.0,14.42,0.314,320,Light Disaster Utility (4WD),251.3,319.5,68.2,0.242,Standard Mountain Traffic Flow
57.4,45.0,12.8,4.56,0.437,240,Refrigerated Medical Van,76.5,152.8,76.3,0.313,Active Landslide Clearance / Road Blockage
482.38,51.7,18.0,34.74,0.665,1500,Light Disaster Utility (4WD),559.3,1278.2,718.9,0.518,Active Landslide Clearance / Road Blockage
136.0,45.0,6.0,54.67,0.402,320,4x4 Hill Freight Carrier,181.3,287.2,105.9,0.364,Standard Mountain Traffic Flow
641.98,33.8,21.0,35.13,0.794,1650,Heavy Supply Truck (16T),1141.3,2768.1,1626.8,0.608,Active Landslide Clearance / Road Blockage
398.29,33.8,18.0,27.05,0.612,1500,Heavy Supply Truck (16T),708.1,1272.0,563.9,0.469,Standard Mountain Traffic Flow
699.68,51.7,21.0,53.65,0.824,1650,Light Disaster Utility (4WD),811.2,1944.8,1133.5,0.657,Steep Mountain Grade & Hairpin Bends
392.23,33.8,18.0,17.97,0.58,1500,Heavy Supply Truck (16T),697.3,1213.2,515.9,0.433,Active Landslide Clearance / Road Blockage
90.2,34.5,24.2,87.04,0.998,3200,Light Disaster Utility (4WD),156.9,555.6,398.7,0.829,Active Landslide Clearance / Road Blockage
125.46,34.5,26.5,50.18,0.784,2450,Light Disaster Utility (4WD),218.2,675.6,457.4,0.624,Active Landslide Clearance / Road Blockage
218.02,45.0,4.2,24.96,0.232,95,4x4 Hill Freight Carrier,290.7,360.5,69.8,0.2,Standard Mountain Traffic Flow
478.23,51.7,21.0,56.63,0.84,1650,Light Disaster Utility (4WD),554.5,1360.0,805.5,0.673,Steep Mountain Grade & Hairpin Bends
85.01,30.0,24.2,8.78,0.645,3200,4x4 Hill Freight Carrier,170.0,301.2,131.2,0.465,Steep Mountain Grade & Hairpin Bends
211.71,33.8,6.0,9.17,0.309,320,Heavy Supply Truck (16T),376.4,466.4,90.1,0.23,Standard Mountain Traffic Flow
256.88,51.7,8.5,20.52,0.375,350,Light Disaster Utility (4WD),297.8,409.7,111.9,0.293,Standard Mountain Traffic Flow
61.58,15.0,31.4,17.59,0.771,4170,Heavy Supply Truck (16T),246.3,576.6,330.3,0.566,Active Landslide Clearance / Road Blockage
540.36,45.0,21.0,45.63,0.803,1650,Refrigerated Medical Van,720.5,1885.5,1165.0,0.631,Active Landslide Clearance / Road Blockage
53.59,22.5,16.0,49.98,0.531,2100,Heavy Supply Truck (16T),142.9,251.8,108.9,0.447,Standard Mountain Traffic Flow
135.82,45.0,6.0,8.66,0.27,320,4x4 Hill Freight Carrier,181.1,216.4,35.3,0.202,Standard Mountain Traffic Flow
193.39,45.0,6.0,32.7,0.379,320,4x4 Hill Freight Carrier,257.9,372.1,114.3,0.315,Standard Mountain Traffic Flow
106.81,20.0,14.5,1.37,0.219,1550,Refrigerated Medical Van,320.4,356.0,35.5,0.155,Standard Mountain Traffic Flow
108.57,34.5,26.5,69.01,0.909,2450,Light Disaster Utility (4WD),188.8,508.6,319.8,0.74,Torrential Rainfall & Reduced Visibility
55.91,51.7,12.8,10.46,0.405,240,Light Disaster Utility (4WD),64.8,126.8,62.0,0.3,Active Landslide Clearance / Road Blockage
37.44,22.5,16.0,7.26,0.426,2100,Heavy Supply Truck (16T),99.8,137.9,38.0,0.309,Standard Mountain Traffic Flow
120.9,30.0,26.5,14.59,0.614,2450,4x4 Hill Freight Carrier,241.8,470.9,229.1,0.452,Active Landslide Clearance / Road Blockage
100.42,30.0,26.5,5.49,0.662,2450,4x4 Hill Freight Carrier,200.8,410.8,209.9,0.472,Active Landslide Clearance / Road Blockage
57.78,51.7,12.8,70.16,0.594,240,Light Disaster Utility (4WD),67.0,132.5,65.5,0.521,Torrential Rainfall & Reduced Visibility
91.69,20.0,31.4,0.76,0.69,4170,4x4 Hill Freight Carrier,275.1,502.0,227.0,0.484,Steep Mountain Grade & Hairpin Bends
56.7,34.5,16.0,11.63,0.435,2100,Light Disaster Utility (4WD),98.6,166.9,68.3,0.322,Standard Mountain Traffic Flow
35.52,30.0,16.0,1.54,0.33,2100,Refrigerated Medical Van,71.0,87.1,16.0,0.234,Standard Mountain Traffic Flow
54.62,23.0,31.4,2.22,0.724,4170,Light Disaster Utility (4WD),142.5,271.7,129.2,0.51,Steep Mountain Grade & Hairpin Bends
43.68,30.0,16.0,16.26,0.526,2100,Refrigerated Medical Van,87.4,138.4,51.0,0.392,Standard Mountain Traffic Flow
311.81,33.8,22.0,72.49,0.971,1400,Heavy Supply Truck (16T),554.3,1596.2,1041.9,0.788,Torrential Rainfall & Reduced Visibility
79.85,34.5,24.2,14.39,0.695,3200,Light Disaster Utility (4WD),138.9,428.9,290.1,0.508,Active Landslide Clearance / Road Blockage
265.86,51.7,22.0,19.72,0.737,1400,Light Disaster Utility (4WD),308.2,828.8,520.5,0.546,Active Landslide Clearance / Road Blockage
381.05,51.7,18.0,38.98,0.674,1500,Light Disaster Utility (4WD),441.8,875.5,433.8,0.53,Standard Mountain Traffic Flow
212.57,33.8,22.0,3.17,0.607,1400,Heavy Supply Truck (16T),377.9,629.8,251.9,0.429,Steep Mountain Grade & Hairpin Bends
79.53,15.0,14.5,50.59,0.297,1550,Heavy Supply Truck (16T),318.1,455.9,137.7,0.284,Standard Mountain Traffic Flow
65.19,20.0,31.4,26.05,0.837,4170,4x4 Hill Freight Carrier,195.6,678.3,482.7,0.625,Active Landslide Clearance / Road Blockage
143.92,30.0,26.5,13.95,0.68,2450,Refrigerated Medical Van,287.8,641.3,353.4,0.497,Active Landslide Clearance / Road Blockage
86.85,23.0,31.4,197.38,1.0,4170,Light Disaster Utility (4WD),226.6,1010.1,783.6,0.98,Active Landslide Clearance / Road Blockage
335.6,51.7,8.5,25.62,0.409,350,Light Disaster Utility (4WD),389.1,616.0,226.9,0.325,Active Landslide Clearance / Road Blockage
123.04,34.5,26.5,0.64,0.538,2450,Light Disaster Utility (4WD),214.0,352.2,138.2,0.377,Steep Mountain Grade & Hairpin Bends
60.22,22.5,16.0,1.13,0.364,2100,Heavy Supply Truck (16T),160.6,228.0,67.4,0.256,Standard Mountain Traffic Flow
325.34,45.0,8.5,28.78,0.32,350,Refrigerated Medical Van,433.8,585.7,151.9,0.267,Standard Mountain Traffic Flow
196.72,51.7,22.0,8.11,0.691,1400,Light Disaster Utility (4WD),228.1,425.2,197.1,0.496,Steep Mountain Grade & Hairpin Bends
112.87,20.0,14.5,9.49,0.215,1550,Refrigerated Medical Van,338.6,388.8,50.2,0.165,Standard Mountain Traffic Flow
82.43,23.0,14.5,39.2,0.369,1550,Light Disaster Utility (4WD),215.0,314.5,99.5,0.317,Standard Mountain Traffic Flow
355.42,33.8,18.0,31.8,0.674,1500,Heavy Supply Truck (16T),631.9,1424.8,793.0,0.519,Active Landslide Clearance / Road Blockage
258.03,33.8,4.2,9.08,0.073,95,Heavy Supply Truck (16T),458.7,486.1,27.4,0.065,Standard Mountain Traffic Flow
101.37,20.0,14.5,18.72,0.206,1550,4x4 Hill Freight Carrier,304.1,360.9,56.8,0.172,Standard Mountain Traffic Flow
43.76,34.5,16.0,4.82,0.399,2100,Light Disaster Utility (4WD),76.1,101.2,25.1,0.286,Standard Mountain Traffic Flow
672.42,45.0,21.0,89.57,1.0,1650,Refrigerated Medical Van,896.6,2800.5,1903.9,0.834,Active Landslide Clearance / Road Blockage
275.78,45.0,22.0,15.77,0.728,1400,Refrigerated Medical Van,367.7,728.8,361.1,0.533,Steep Mountain Grade & Hairpin Bends
146.37,51.7,6.0,15.46,0.293,320,Light Disaster Utility (4WD),169.7,212.6,42.9,0.228,Standard Mountain Traffic Flow
95.74,20.0,14.5,11.19,0.201,1550,4x4 Hill Freight Carrier,287.2,328.9,41.7,0.157,Standard Mountain Traffic Flow
37.16,34.5,16.0,60.0,0.758,2100,Light Disaster Utility (4WD),64.6,302.9,238.3,0.621,Active Landslide Clearance / Road Blockage
84.81,22.5,24.2,6.42,0.633,3200,Heavy Supply Truck (16T),226.2,392.3,166.2,0.453,Steep Mountain Grade & Hairpin Bends
204.85,45.0,6.0,4.08,0.252,320,4x4 Hill Freight Carrier,273.1,315.2,42.1,0.182,Standard Mountain Traffic Flow
58.66,23.0,31.4,10.99,0.735,4170,Light Disaster Utility (4WD),153.0,302.1,149.0,0.531,Steep Mountain Grade & Hairpin Bends
108.74,30.0,26.5,17.9,0.695,2450,Refrigerated Medical Van,217.5,588.3,370.8,0.513,Active Landslide Clearance / Road Blockage
448.44,45.0,18.0,10.39,0.635,1500,4x4 Hill Freight Carrier,597.9,1080.6,482.7,0.46,Standard Mountain Traffic Flow
59.76,51.7,12.8,11.02,0.398,240,Light Disaster Utility (4WD),69.3,94.3,25.0,0.295,Standard Mountain Traffic Flow
483.21,33.8,18.0,40.04,0.63,1500,Heavy Supply Truck (16T),859.0,1628.9,769.9,0.501,Standard Mountain Traffic Flow
39.94,34.5,16.0,15.29,0.51,2100,Light Disaster Utility (4WD),69.5,160.6,91.2,0.38,Active Landslide Clearance / Road Blockage
140.81,20.0,14.5,21.35,0.267,1550,Refrigerated Medical Van,422.4,530.3,107.9,0.219,Standard Mountain Traffic Flow
694.44,45.0,21.0,3.56,0.536,1650,Refrigerated Medical Van,925.9,1424.3,498.4,0.38,Steep Mountain Grade & Hairpin Bends
352.7,51.7,8.5,30.16,0.421,350,Light Disaster Utility (4WD),408.9,608.5,199.5,0.34,Standard Mountain Traffic Flow
529.14,51.7,21.0,1.61,0.568,1650,Light Disaster Utility (4WD),613.5,973.5,360.0,0.4,Steep Mountain Grade & Hairpin Bends
805.01,33.8,21.0,10.96,0.608,1650,Heavy Supply Truck (16T),1431.1,2466.2,1035.1,0.442,Steep Mountain Grade & Hairpin Bends
407.75,45.0,18.0,58.55,0.695,1500,Refrigerated Medical Van,543.7,1154.9,611.3,0.574,Standard Mountain Traffic Flow
73.97,20.0,31.4,37.64,0.922,4170,4x4 Hill Freight Carrier,221.9,570.5,348.6,0.702,Steep Mountain Grade & Hairpin Bends
128.35,20.0,14.5,32.95,0.229,1550,Refrigerated Medical Van,385.0,491.8,106.8,0.21,Standard Mountain Traffic Flow
222.34,45.0,4.2,51.15,0.418,95,4x4 Hill Freight Carrier,296.5,470.9,174.4,0.369,Standard Mountain Traffic Flow
143.1,33.8,4.2,144.84,0.693,95,Heavy Supply Truck (16T),254.4,864.1,609.7,0.702,Active Landslide Clearance / Road Blockage
517.07,51.7,21.0,19.43,0.611,1650,Light Disaster Utility (4WD),599.5,1052.8,453.3,0.457,Steep Mountain Grade & Hairpin Bends
138.39,45.0,6.0,15.08,0.257,320,Refrigerated Medical Van,184.5,224.0,39.5,0.203,Standard Mountain Traffic Flow
573.17,51.7,21.0,149.6,1.0,1650,Light Disaster Utility (4WD),664.5,2463.9,1799.3,0.924,Active Landslide Clearance / Road Blockage
68.67,30.0,24.2,38.84,0.751,3200,4x4 Hill Freight Carrier,137.3,295.3,157.9,0.584,Steep Mountain Grade & Hairpin Bends
48.76,34.5,16.0,25.3,0.45,2100,Light Disaster Utility (4WD),84.8,152.7,67.9,0.353,Standard Mountain Traffic Flow
71.8,51.7,12.8,11.11,0.406,240,Light Disaster Utility (4WD),83.2,114.1,30.9,0.301,Standard Mountain Traffic Flow
46.43,30.0,16.0,46.81,0.598,2100,4x4 Hill Freight Carrier,92.9,225.2,132.3,0.489,Active Landslide Clearance / Road Blockage
541.8,45.0,21.0,12.45,0.647,1650,4x4 Hill Freight Carrier,722.4,1295.2,572.7,0.472,Steep Mountain Grade & Hairpin Bends
57.16,30.0,16.0,44.31,0.529,2100,Refrigerated Medical Van,114.3,197.7,83.4,0.436,Standard Mountain Traffic Flow
141.48,23.0,14.5,22.86,0.281,1550,Light Disaster Utility (4WD),369.1,471.4,102.3,0.231,Standard Mountain Traffic Flow
208.46,33.8,6.0,2.94,0.188,320,Heavy Supply Truck (16T),370.6,405.4,34.8,0.136,Standard Mountain Traffic Flow
142.73,45.0,6.0,0.37,0.268,320,4x4 Hill Freight Carrier,190.3,219.1,28.8,0.188,Standard Mountain Traffic Flow
68.55,45.0,12.8,120.59,0.844,240,Refrigerated Medical Van,91.4,311.5,220.1,0.771,Active Landslide Clearance / Road Blockage
77.33,45.0,12.8,50.47,0.582,240,Refrigerated Medical Van,103.1,246.1,143.0,0.483,Active Landslide Clearance / Road Blockage
236.8,45.0,4.2,24.87,0.203,95,4x4 Hill Freight Carrier,315.7,383.6,67.9,0.179,Standard Mountain Traffic Flow
190.06,51.7,22.0,22.78,0.8,1400,Light Disaster Utility (4WD),220.4,481.4,261.0,0.594,Steep Mountain Grade & Hairpin Bends
71.86,33.8,12.8,72.44,0.611,240,Heavy Supply Truck (16T),127.7,273.9,146.1,0.536,Torrential Rainfall & Reduced Visibility
243.21,33.8,4.2,83.64,0.435,95,Heavy Supply Truck (16T),432.4,786.4,354.0,0.43,Torrential Rainfall & Reduced Visibility
260.67,33.8,8.5,29.73,0.414,350,Heavy Supply Truck (16T),463.4,684.1,220.7,0.335,Standard Mountain Traffic Flow
397.05,45.0,8.5,130.09,0.718,350,Refrigerated Medical Van,529.4,1340.0,810.6,0.698,Torrential Rainfall & Reduced Visibility
265.98,45.0,22.0,52.39,0.809,1400,Refrigerated Medical Van,354.6,835.4,480.8,0.645,Steep Mountain Grade & Hairpin Bends
113.55,30.0,24.2,48.76,0.91,3200,Refrigerated Medical Van,227.1,589.4,362.3,0.71,Steep Mountain Grade & Hairpin Bends
109.15,30.0,24.2,20.24,0.649,3200,Refrigerated Medical Van,218.3,400.8,182.5,0.485,Steep Mountain Grade & Hairpin Bends
74.23,34.5,24.2,5.58,0.628,3200,Light Disaster Utility (4WD),129.1,222.0,92.9,0.448,Steep Mountain Grade & Hairpin Bends
179.52,45.0,4.2,24.66,0.196,95,Refrigerated Medical Van,239.4,289.3,50.0,0.174,Standard Mountain Traffic Flow
84.13,22.5,24.2,33.69,0.649,3200,Heavy Supply Truck (16T),224.3,455.2,230.9,0.505,Steep Mountain Grade & Hairpin Bends
457.34,51.7,21.0,67.82,0.871,1650,Light Disaster Utility (4WD),530.2,1371.4,841.1,0.711,Torrential Rainfall & Reduced Visibility
123.29,22.5,26.5,3.89,0.556,2450,Heavy Supply Truck (16T),328.8,517.9,189.1,0.395,Steep Mountain Grade & Hairpin Bends
413.19,45.0,8.5,42.36,0.537,350,Refrigerated Medical Van,550.9,955.2,404.3,0.439,Standard Mountain Traffic Flow
56.53,30.0,16.0,19.5,0.447,2100,Refrigerated Medical Van,113.1,166.6,53.5,0.342,Standard Mountain Traffic Flow
224.53,51.7,6.0,27.74,0.329,320,Light Disaster Utility (4WD),260.3,352.9,92.5,0.272,Standard Mountain Traffic Flow
301.51,51.7,8.5,75.62,0.614,350,Light Disaster Utility (4WD),349.6,714.5,364.9,0.543,Torrential Rainfall & Reduced Visibility
244.95,45.0,4.2,7.88,0.128,95,Refrigerated Medical Van,326.6,352.3,25.7,0.101,Standard Mountain Traffic Flow
154.67,45.0,4.2,116.5,0.622,95,Refrigerated Medical Van,206.2,466.6,260.4,0.61,Torrential Rainfall & Reduced Visibility
433.56,45.0,21.0,0.64,0.583,1650,Refrigerated Medical Van,578.1,930.0,351.9,0.409,Steep Mountain Grade & Hairpin Bends
47.3,34.5,16.0,8.18,0.444,2100,Light Disaster Utility (4WD),82.3,116.1,33.9,0.323,Standard Mountain Traffic Flow
294.71,33.8,18.0,5.32,0.632,1500,Heavy Supply Truck (16T),523.9,904.5,380.5,0.45,Standard Mountain Traffic Flow
230.4,33.8,22.0,6.16,0.655,1400,Heavy Supply Truck (16T),409.6,728.4,318.8,0.468,Steep Mountain Grade & Hairpin Bends
53.65,20.0,31.4,19.87,0.867,4170,4x4 Hill Freight Carrier,161.0,376.3,215.3,0.637,Steep Mountain Grade & Hairpin Bends
276.35,33.8,8.5,4.14,0.324,350,Heavy Supply Truck (16T),491.3,605.1,113.8,0.233,Standard Mountain Traffic Flow
138.93,34.5,26.5,52.51,0.77,2450,Light Disaster Utility (4WD),241.6,546.5,304.8,0.618,Steep Mountain Grade & Hairpin Bends
64.1,23.0,31.4,9.54,0.845,4170,Light Disaster Utility (4WD),167.2,611.4,444.2,0.606,Active Landslide Clearance / Road Blockage
191.8,33.8,22.0,1.52,0.675,1400,Heavy Supply Truck (16T),341.0,793.1,452.1,0.475,Active Landslide Clearance / Road Blockage
442.42,45.0,8.5,56.19,0.519,350,4x4 Hill Freight Carrier,589.9,1083.9,494.0,0.448,Active Landslide Clearance / Road Blockage
138.21,22.5,26.5,103.08,0.998,2450,Heavy Supply Truck (16T),368.6,1356.4,987.8,0.853,Active Landslide Clearance / Road Blockage
549.09,33.8,21.0,6.55,0.527,1650,Heavy Supply Truck (16T),976.2,1556.1,580.0,0.379,Active Landslide Clearance / Road Blockage
67.86,34.5,24.2,8.94,0.757,3200,Light Disaster Utility (4WD),118.0,237.7,119.7,0.543,Steep Mountain Grade & Hairpin Bends
55.7,30.0,16.0,2.99,0.343,2100,Refrigerated Medical Van,111.4,139.0,27.6,0.244,Standard Mountain Traffic Flow
191.55,51.7,6.0,5.16,0.162,320,Light Disaster Utility (4WD),222.1,241.3,19.2,0.121,Standard Mountain Traffic Flow
217.38,33.8,6.0,17.8,0.288,320,Heavy Supply Truck (16T),386.4,486.6,100.2,0.228,Standard Mountain Traffic Flow
153.84,45.0,6.0,4.59,0.28,320,4x4 Hill Freight Carrier,205.1,243.1,38.0,0.203,Standard Mountain Traffic Flow
256.84,51.7,8.5,22.79,0.359,350,Light Disaster Utility (4WD),297.8,448.7,150.9,0.286,Active Landslide Clearance / Road Blockage
536.21,45.0,21.0,5.78,0.58,1650,Refrigerated Medical Van,714.9,1164.1,449.1,0.414,Steep Mountain Grade & Hairpin Bends
463.1,33.8,18.0,88.01,0.853,1500,Heavy Supply Truck (16T),823.3,2174.8,1351.6,0.729,Torrential Rainfall & Reduced Visibility
142.79,23.0,14.5,11.44,0.263,1550,Light Disaster Utility (4WD),372.5,447.5,75.1,0.201,Standard Mountain Traffic Flow
194.99,51.7,6.0,2.5,0.269,320,Light Disaster Utility (4WD),226.1,262.9,36.8,0.192,Standard Mountain Traffic Flow
49.14,30.0,16.0,78.92,0.659,2100,4x4 Hill Freight Carrier,98.3,339.9,241.6,0.58,Active Landslide Clearance / Road Blockage
87.35,15.0,31.4,17.88,0.829,4170,Heavy Supply Truck (16T),349.4,989.9,640.5,0.607,Active Landslide Clearance / Road Blockage
73.9,30.0,24.2,29.37,0.721,3200,4x4 Hill Freight Carrier,147.8,300.7,152.9,0.549,Steep Mountain Grade & Hairpin Bends
45.95,45.0,12.8,54.37,0.639,240,Refrigerated Medical Van,61.3,175.2,113.9,0.529,Active Landslide Clearance / Road Blockage
115.59,34.5,24.2,17.37,0.596,3200,Light Disaster Utility (4WD),201.0,345.4,144.4,0.444,Steep Mountain Grade & Hairpin Bends
149.93,45.0,4.2,41.48,0.202,95,Refrigerated Medical Van,199.9,259.4,59.5,0.204,Standard Mountain Traffic Flow
180.93,45.0,4.2,20.94,0.308,95,4x4 Hill Freight Carrier,241.2,312.9,71.7,0.247,Standard Mountain Traffic Flow
101.63,23.0,14.5,42.44,0.402,1550,Light Disaster Utility (4WD),265.1,403.6,138.5,0.345,Standard Mountain Traffic Flow
92.08,30.0,24.2,8.16,0.659,3200,4x4 Hill Freight Carrier,184.2,541.6,357.5,0.473,Active Landslide Clearance / Road Blockage
410.57,45.0,18.0,6.95,0.473,1500,4x4 Hill Freight Carrier,547.4,847.2,299.8,0.342,Active Landslide Clearance / Road Blockage
198.88,51.7,4.2,38.89,0.34,95,Light Disaster Utility (4WD),230.6,328.4,97.8,0.297,Standard Mountain Traffic Flow
67.62,30.0,24.2,15.13,0.656,3200,4x4 Hill Freight Carrier,135.2,246.6,111.4,0.482,Steep Mountain Grade & Hairpin Bends
63.91,20.0,31.4,31.53,0.808,4170,4x4 Hill Freight Carrier,191.7,623.6,431.8,0.613,Active Landslide Clearance / Road Blockage
284.8,45.0,22.0,21.39,0.722,1400,4x4 Hill Freight Carrier,379.7,758.6,378.8,0.538,Steep Mountain Grade & Hairpin Bends
85.12,22.5,26.5,24.93,0.746,2450,Heavy Supply Truck (16T),227.0,700.3,473.3,0.56,Active Landslide Clearance / Road Blockage
84.02,15.0,31.4,25.93,0.853,4170,Heavy Supply Truck (16T),336.1,911.9,575.8,0.636,Active Landslide Clearance / Road Blockage
557.27,51.7,21.0,113.48,1.0,1650,Light Disaster Utility (4WD),646.1,2046.5,1400.4,0.87,Torrential Rainfall & Reduced Visibility
58.99,34.5,16.0,11.7,0.307,2100,Light Disaster Utility (4WD),102.6,128.2,25.6,0.233,Standard Mountain Traffic Flow
56.07,23.0,31.4,94.97,1.0,4170,Light Disaster Utility (4WD),146.3,573.6,427.3,0.842,Active Landslide Clearance / Road Blockage
110.19,30.0,24.2,6.3,0.624,3200,4x4 Hill Freight Carrier,220.4,378.3,158.0,0.446,Steep Mountain Grade & Hairpin Bends
56.07,30.0,16.0,26.09,0.486,2100,4x4 Hill Freight Carrier,112.1,175.8,63.7,0.38,Standard Mountain Traffic Flow
220.35,45.0,4.2,1.59,0.17,95,4x4 Hill Freight Carrier,293.8,315.5,21.7,0.121,Standard Mountain Traffic Flow
257.21,51.7,22.0,28.41,0.692,1400,Light Disaster Utility (4WD),298.2,738.4,440.2,0.527,Active Landslide Clearance / Road Blockage
153.62,45.0,6.0,8.41,0.194,320,4x4 Hill Freight Carrier,204.8,230.6,25.8,0.149,Standard Mountain Traffic Flow
164.48,51.7,4.2,61.92,0.39,95,Light Disaster Utility (4WD),190.7,305.7,115.0,0.366,Torrential Rainfall & Reduced Visibility
204.59,51.7,6.0,32.31,0.273,320,Light Disaster Utility (4WD),237.2,312.2,75.0,0.24,Standard Mountain Traffic Flow
115.88,34.5,24.2,47.87,0.782,3200,Light Disaster Utility (4WD),201.5,560.6,359.0,0.619,Active Landslide Clearance / Road Blockage
445.85,45.0,8.5,42.68,0.42,350,Refrigerated Medical Van,594.5,920.5,326.0,0.358,Standard Mountain Traffic Flow
39.07,34.5,16.0,3.53,0.308,2100,Light Disaster Utility (4WD),67.9,82.2,14.2,0.221,Standard Mountain Traffic Flow
70.52,45.0,12.8,9.34,0.385,240,4x4 Hill Freight Carrier,94.0,125.4,31.4,0.283,Standard Mountain Traffic Flow
469.7,33.8,18.0,46.67,0.666,1500,Heavy Supply Truck (16T),835.0,1673.1,838.0,0.536,Standard Mountain Traffic Flow
719.28,45.0,21.0,12.88,0.764,1650,Refrigerated Medical Van,959.0,2200.2,1241.1,0.554,Active Landslide Clearance / Road Blockage
98.81,30.0,26.5,76.97,0.833,2450,4x4 Hill Freight Carrier,197.6,599.0,401.4,0.699,Active Landslide Clearance / Road Blockage
320.86,45.0,22.0,33.28,0.897,1400,Refrigerated Medical Van,427.8,1062.0,634.2,0.678,Steep Mountain Grade & Hairpin Bends
41.61,30.0,16.0,9.61,0.382,2100,4x4 Hill Freight Carrier,83.2,110.8,27.5,0.282,Standard Mountain Traffic Flow
36.94,22.5,16.0,3.63,0.456,2100,Heavy Supply Truck (16T),98.5,138.6,40.1,0.324,Standard Mountain Traffic Flow
422.83,33.8,18.0,3.25,0.498,1500,Heavy Supply Truck (16T),751.7,1106.3,354.6,0.353,Standard Mountain Traffic Flow
134.07,34.5,26.5,27.59,0.695,2450,Light Disaster Utility (4WD),233.2,459.1,225.9,0.528,Steep Mountain Grade & Hairpin Bends
90.42,20.0,14.5,19.26,0.269,1550,4x4 Hill Freight Carrier,271.3,338.3,67.1,0.218,Standard Mountain Traffic Flow
223.2,33.8,4.2,0.86,0.101,95,Heavy Supply Truck (16T),396.8,408.8,12.0,0.072,Standard Mountain Traffic Flow
89.01,34.5,24.2,4.46,0.56,3200,Light Disaster Utility (4WD),154.8,290.7,135.9,0.398,Active Landslide Clearance / Road Blockage
216.68,33.8,4.2,10.46,0.108,95,Heavy Supply Truck (16T),385.2,416.5,31.3,0.091,Standard Mountain Traffic Flow
340.41,45.0,8.5,29.68,0.382,350,Refrigerated Medical Van,453.9,649.6,195.7,0.312,Standard Mountain Traffic Flow
113.57,34.5,26.5,7.89,0.669,2450,Light Disaster Utility (4WD),197.5,571.5,373.9,0.48,Active Landslide Clearance / Road Blockage
71.67,45.0,12.8,24.18,0.368,240,4x4 Hill Freight Carrier,95.6,132.4,36.8,0.294,Standard Mountain Traffic Flow
65.32,20.0,31.4,13.63,0.766,4170,4x4 Hill Freight Carrier,196.0,403.6,207.6,0.557,Steep Mountain Grade & Hairpin Bends
119.94,15.0,14.5,19.89,0.263,1550,Heavy Supply Truck (16T),479.8,596.7,117.0,0.214,Standard Mountain Traffic Flow
187.92,51.7,22.0,9.77,0.695,1400,Light Disaster Utility (4WD),217.9,535.4,317.5,0.501,Active Landslide Clearance / Road Blockage
131.89,51.7,6.0,37.57,0.419,320,Light Disaster Utility (4WD),152.9,232.7,79.8,0.35,Standard Mountain Traffic Flow
69.77,33.8,12.8,28.56,0.324,240,Heavy Supply Truck (16T),124.0,167.9,43.8,0.27,Standard Mountain Traffic Flow
65.63,33.8,12.8,7.97,0.404,240,Heavy Supply Truck (16T),116.7,157.8,41.1,0.294,Standard Mountain Traffic Flow
226.13,45.0,6.0,26.66,0.302,320,4x4 Hill Freight Carrier,301.5,397.5,96.0,0.251,Standard Mountain Traffic Flow
242.79,51.7,4.2,5.29,0.05,95,Light Disaster Utility (4WD),281.5,291.0,9.5,0.05,Standard Mountain Traffic Flow
62.31,15.0,31.4,34.14,0.908,4170,Heavy Supply Truck (16T),249.2,626.9,377.7,0.687,Steep Mountain Grade & Hairpin Bends
85.57,34.5,26.5,43.15,0.72,2450,Light Disaster Utility (4WD),148.8,371.1,222.3,0.569,Active Landslide Clearance / Road Blockage
125.37,51.7,6.0,68.55,0.403,320,Light Disaster Utility (4WD),145.4,240.5,95.1,0.385,Torrential Rainfall & Reduced Visibility
92.43,22.5,26.5,28.78,0.745,2450,Heavy Supply Truck (16T),246.5,658.5,412.0,0.565,Active Landslide Clearance / Road Blockage
806.82,45.0,21.0,122.62,1.0,1650,4x4 Hill Freight Carrier,1075.8,3597.3,2521.5,0.884,Active Landslide Clearance / Road Blockage
689.98,33.8,21.0,3.21,0.715,1650,Heavy Supply Truck (16T),1226.6,2427.9,1201.3,0.505,Active Landslide Clearance / Road Blockage
272.86,51.7,8.5,2.29,0.286,350,Light Disaster Utility (4WD),316.4,373.1,56.7,0.203,Standard Mountain Traffic Flow
72.86,33.8,12.8,19.94,0.359,240,Heavy Supply Truck (16T),129.5,175.3,45.8,0.281,Standard Mountain Traffic Flow
43.46,22.5,16.0,2.58,0.305,2100,Heavy Supply Truck (16T),115.9,139.3,23.4,0.218,Standard Mountain Traffic Flow
118.12,30.0,26.5,113.41,1.0,2450,4x4 Hill Freight Carrier,236.2,814.9,578.7,0.87,Active Landslide Clearance / Road Blockage
203.92,45.0,22.0,19.22,0.712,1400,Refrigerated Medical Van,271.9,772.6,500.7,0.527,Active Landslide Clearance / Road Blockage
83.71,30.0,26.5,1.63,0.622,2450,4x4 Hill Freight Carrier,167.4,282.7,115.3,0.438,Steep Mountain Grade & Hairpin Bends
75.54,45.0,12.8,78.63,0.721,240,Refrigerated Medical Van,100.7,229.7,129.0,0.622,Torrential Rainfall & Reduced Visibility
239.11,33.8,4.2,22.98,0.246,95,Heavy Supply Truck (16T),425.1,528.3,103.2,0.206,Standard Mountain Traffic Flow
73.35,45.0,12.8,27.18,0.489,240,Refrigerated Medical Van,97.8,154.3,56.5,0.383,Standard Mountain Traffic Flow
375.51,45.0,8.5,52.03,0.396,350,4x4 Hill Freight Carrier,500.7,782.1,281.4,0.355,Standard Mountain Traffic Flow
230.52,33.8,6.0,15.88,0.266,320,Heavy Supply Truck (16T),409.8,502.9,93.1,0.21,Standard Mountain Traffic Flow
56.44,30.0,16.0,13.93,0.447,2100,Refrigerated Medical Van,112.9,179.9,67.0,0.334,Standard Mountain Traffic Flow
337.37,45.0,8.5,28.3,0.343,350,Refrigerated Medical Van,449.8,618.4,168.6,0.283,Standard Mountain Traffic Flow
166.4,51.7,6.0,40.51,0.443,320,Light Disaster Utility (4WD),192.9,345.4,152.4,0.371,Active Landslide Clearance / Road Blockage
273.08,45.0,22.0,14.79,0.723,1400,Refrigerated Medical Van,364.1,803.0,438.9,0.529,Active Landslide Clearance / Road Blockage
85.21,30.0,24.2,10.35,0.661,3200,4x4 Hill Freight Carrier,170.4,308.7,138.3,0.478,Steep Mountain Grade & Hairpin Bends
207.01,33.8,6.0,43.32,0.37,320,Heavy Supply Truck (16T),368.0,561.6,193.6,0.324,Standard Mountain Traffic Flow
46.17,30.0,16.0,15.85,0.432,2100,4x4 Hill Freight Carrier,92.3,132.2,39.9,0.326,Standard Mountain Traffic Flow
62.66,30.0,16.0,19.04,0.48,2100,4x4 Hill Freight Carrier,125.3,190.8,65.5,0.365,Standard Mountain Traffic Flow
48.04,30.0,16.0,27.43,0.475,2100,Refrigerated Medical Van,96.1,149.4,53.4,0.373,Standard Mountain Traffic Flow
468.16,51.7,21.0,14.48,0.664,1650,Light Disaster Utility (4WD),542.8,1110.0,567.2,0.487,Active Landslide Clearance / Road Blockage
76.75,20.0,31.4,72.38,1.0,4170,Refrigerated Medical Van,230.3,780.4,550.2,0.809,Active Landslide Clearance / Road Blockage
110.74,34.5,26.5,95.6,0.99,2450,Light Disaster Utility (4WD),192.6,751.9,559.3,0.836,Active Landslide Clearance / Road Blockage
79.1,23.0,31.4,12.98,0.731,4170,Light Disaster Utility (4WD),206.3,407.8,201.4,0.531,Steep Mountain Grade & Hairpin Bends
97.89,30.0,26.5,34.58,0.699,2450,4x4 Hill Freight Carrier,195.8,475.6,279.8,0.541,Active Landslide Clearance / Road Blockage
435.14,45.0,21.0,105.25,0.951,1650,Refrigerated Medical Van,580.2,1733.9,1153.8,0.824,Torrential Rainfall & Reduced Visibility
595.18,45.0,21.0,104.55,1.0,1650,4x4 Hill Freight Carrier,793.6,2478.2,1684.6,0.857,Torrential Rainfall & Reduced Visibility
324.54,45.0,18.0,46.83,0.654,1500,4x4 Hill Freight Carrier,432.7,1054.3,621.5,0.528,Active Landslide Clearance / Road Blockage
84.37,30.0,26.5,72.93,0.894,2450,Refrigerated Medical Van,168.7,451.1,282.4,0.736,Torrential Rainfall & Reduced Visibility
146.01,23.0,14.5,64.21,0.375,1550,Light Disaster Utility (4WD),380.9,665.7,284.8,0.359,Active Landslide Clearance / Road Blockage
358.74,45.0,18.0,3.35,0.533,1500,4x4 Hill Freight Carrier,478.3,784.0,305.7,0.378,Active Landslide Clearance / Road Blockage
48.88,33.8,12.8,32.34,0.411,240,Heavy Supply Truck (16T),86.9,128.9,42.1,0.336,Standard Mountain Traffic Flow
100.6,15.0,14.5,12.52,0.209,1550,Heavy Supply Truck (16T),402.4,466.1,63.7,0.165,Standard Mountain Traffic Flow
106.74,22.5,24.2,5.09,0.743,3200,Heavy Supply Truck (16T),284.6,758.0,473.4,0.528,Active Landslide Clearance / Road Blockage
65.91,30.0,24.2,6.47,0.692,3200,Refrigerated Medical Van,131.8,339.1,207.3,0.494,Active Landslide Clearance / Road Blockage
43.22,30.0,16.0,23.11,0.493,2100,Refrigerated Medical Van,86.4,159.6,73.2,0.38,Standard Mountain Traffic Flow
134.05,20.0,14.5,44.57,0.352,1550,4x4 Hill Freight Carrier,402.1,590.2,188.0,0.314,Standard Mountain Traffic Flow
72.49,33.8,12.8,12.34,0.342,240,Heavy Supply Truck (16T),128.9,166.6,37.8,0.258,Standard Mountain Traffic Flow
119.34,30.0,26.5,1.55,0.532,2450,Refrigerated Medical Van,238.7,363.3,124.6,0.375,Steep Mountain Grade & Hairpin Bends
297.0,33.8,22.0,13.18,0.72,1400,Heavy Supply Truck (16T),528.0,1129.8,601.8,0.523,Active Landslide Clearance / Road Blockage
749.86,45.0,21.0,1.54,0.524,1650,Refrigerated Medical Van,999.8,1507.4,507.6,0.369,Steep Mountain Grade & Hairpin Bends
344.78,33.8,18.0,72.83,0.746,1500,Heavy Supply Truck (16T),612.9,1414.8,801.9,0.631,Torrential Rainfall & Reduced Visibility
127.26,30.0,26.5,1.98,0.599,2450,Refrigerated Medical Van,254.5,419.2,164.6,0.423,Steep Mountain Grade & Hairpin Bends
140.2,20.0,14.5,11.26,0.316,1550,4x4 Hill Freight Carrier,420.6,528.8,108.2,0.238,Standard Mountain Traffic Flow
93.75,34.5,24.2,20.84,0.552,3200,Light Disaster Utility (4WD),163.0,269.7,106.6,0.418,Steep Mountain Grade & Hairpin Bends
90.62,30.0,26.5,42.28,0.713,2450,Refrigerated Medical Van,181.2,510.4,329.2,0.563,Active Landslide Clearance / Road Blockage
470.71,45.0,8.5,9.07,0.336,350,4x4 Hill Freight Carrier,627.6,797.3,169.6,0.249,Standard Mountain Traffic Flow
195.99,45.0,6.0,61.5,0.474,320,4x4 Hill Freight Carrier,261.3,503.1,241.8,0.424,Active Landslide Clearance / Road Blockage
362.97,45.0,18.0,27.5,0.636,1500,Refrigerated Medical Van,484.0,919.0,435.0,0.487,Standard Mountain Traffic Flow
713.13,45.0,21.0,22.53,0.63,1650,Refrigerated Medical Van,950.8,1719.6,768.7,0.475,Steep Mountain Grade & Hairpin Bends
45.69,34.5,16.0,9.39,0.459,2100,Light Disaster Utility (4WD),79.5,114.5,35.0,0.335,Standard Mountain Traffic Flow
91.18,34.5,26.5,107.31,1.0,2450,Light Disaster Utility (4WD),158.6,497.4,338.8,0.861,Torrential Rainfall & Reduced Visibility
193.49,45.0,22.0,3.2,0.672,1400,Refrigerated Medical Van,258.0,661.1,403.1,0.475,Active Landslide Clearance / Road Blockage
103.55,20.0,14.5,114.36,0.59,1550,4x4 Hill Freight Carrier,310.7,680.4,369.7,0.584,Torrential Rainfall & Reduced Visibility
59.62,45.0,12.8,4.89,0.468,240,Refrigerated Medical Van,79.5,113.9,34.4,0.335,Standard Mountain Traffic Flow
107.84,22.5,24.2,18.42,0.675,3200,Heavy Supply Truck (16T),287.6,540.8,253.2,0.5,Steep Mountain Grade & Hairpin Bends
65.64,45.0,12.8,9.33,0.308,240,4x4 Hill Freight Carrier,87.5,108.4,20.9,0.23,Standard Mountain Traffic Flow
79.29,45.0,12.8,19.81,0.449,240,4x4 Hill Freight Carrier,105.7,156.3,50.5,0.344,Standard Mountain Traffic Flow
55.74,45.0,12.8,6.01,0.407,240,Refrigerated Medical Van,74.3,100.2,25.8,0.294,Standard Mountain Traffic Flow
264.47,33.8,22.0,73.34,0.918,1400,Heavy Supply Truck (16T),470.2,1287.3,817.1,0.753,Torrential Rainfall & Reduced Visibility
94.31,20.0,14.5,3.87,0.196,1550,4x4 Hill Freight Carrier,282.9,312.4,29.5,0.143,Standard Mountain Traffic Flow
322.25,51.7,22.0,35.62,0.781,1400,Light Disaster Utility (4WD),373.6,928.8,555.2,0.6,Active Landslide Clearance / Road Blockage
219.14,33.8,6.0,45.66,0.362,320,Heavy Supply Truck (16T),389.6,578.8,189.2,0.322,Standard Mountain Traffic Flow
330.66,45.0,18.0,18.97,0.573,1500,4x4 Hill Freight Carrier,440.9,741.5,300.6,0.429,Standard Mountain Traffic Flow
592.6,33.8,21.0,10.23,0.667,1650,Heavy Supply Truck (16T),1053.5,1920.6,867.1,0.482,Steep Mountain Grade & Hairpin Bends
806.26,45.0,21.0,45.12,0.748,1650,Refrigerated Medical Van,1075.0,2439.8,1364.8,0.591,Active Landslide Clearance / Road Blockage
524.54,33.8,21.0,7.36,0.637,1650,Heavy Supply Truck (16T),932.5,1629.9,697.3,0.457,Steep Mountain Grade & Hairpin Bends
117.48,30.0,26.5,36.67,0.672,2450,4x4 Hill Freight Carrier,235.0,639.3,404.4,0.525,Active Landslide Clearance / Road Blockage
78.36,30.0,24.2,12.03,0.613,3200,4x4 Hill Freight Carrier,156.7,270.0,113.3,0.447,Steep Mountain Grade & Hairpin Bends
168.89,51.7,4.2,14.07,0.243,95,Light Disaster Utility (4WD),195.8,234.1,38.3,0.191,Standard Mountain Traffic Flow
212.95,51.7,22.0,2.77,0.675,1400,Light Disaster Utility (4WD),246.9,532.6,285.7,0.476,Active Landslide Clearance / Road Blockage
45.65,45.0,12.8,40.28,0.524,240,Refrigerated Medical Van,60.9,103.5,42.6,0.427,Standard Mountain Traffic Flow
39.82,22.5,16.0,15.0,0.47,2100,Heavy Supply Truck (16T),106.2,157.7,51.5,0.351,Standard Mountain Traffic Flow
203.17,45.0,22.0,12.28,0.728,1400,Refrigerated Medical Van,270.9,603.2,332.3,0.528,Active Landslide Clearance / Road Blockage
151.64,51.7,4.2,145.5,0.73,95,Light Disaster Utility (4WD),175.8,657.6,481.7,0.729,Active Landslide Clearance / Road Blockage
86.06,15.0,31.4,49.31,1.0,4170,Heavy Supply Truck (16T),344.2,979.9,635.6,0.774,Steep Mountain Grade & Hairpin Bends
279.99,51.7,18.0,6.2,0.485,1500,Light Disaster Utility (4WD),324.6,535.0,210.3,0.349,Active Landslide Clearance / Road Blockage
225.31,51.7,4.2,94.08,0.571,95,Light Disaster Utility (4WD),261.2,536.7,275.5,0.541,Torrential Rainfall & Reduced Visibility
73.4,22.5,24.2,59.84,0.862,3200,Heavy Supply Truck (16T),195.7,693.8,498.0,0.693,Active Landslide Clearance / Road Blockage
595.54,45.0,21.0,18.94,0.614,1650,4x4 Hill Freight Carrier,794.1,1397.8,603.8,0.458,Steep Mountain Grade & Hairpin Bends
265.3,33.8,4.2,16.62,0.157,95,Heavy Supply Truck (16T),471.6,537.9,66.3,0.135,Standard Mountain Traffic Flow
136.18,23.0,14.5,31.34,0.312,1550,Light Disaster Utility (4WD),355.2,480.8,125.6,0.266,Standard Mountain Traffic Flow
45.48,22.5,16.0,0.49,0.373,2100,Heavy Supply Truck (16T),121.3,154.5,33.2,0.262,Standard Mountain Traffic Flow
76.88,34.5,26.5,28.72,0.697,2450,Light Disaster Utility (4WD),133.7,346.3,212.6,0.531,Active Landslide Clearance / Road Blockage
200.88,33.8,22.0,31.78,0.77,1400,Heavy Supply Truck (16T),357.1,845.0,487.9,0.587,Active Landslide Clearance / Road Blockage
186.95,45.0,6.0,32.52,0.333,320,Refrigerated Medical Van,249.3,345.0,95.7,0.282,Standard Mountain Traffic Flow
54.8,34.5,16.0,8.84,0.447,2100,Light Disaster Utility (4WD),95.3,135.3,40.0,0.326,Standard Mountain Traffic Flow
59.05,20.0,31.4,8.9,0.75,4170,Refrigerated Medical Van,177.1,418.7,241.6,0.539,Active Landslide Clearance / Road Blockage
117.49,30.0,26.5,34.17,0.763,2450,Refrigerated Medical Van,235.0,646.3,411.3,0.586,Active Landslide Clearance / Road Blockage
192.24,51.7,22.0,10.25,0.709,1400,Light Disaster Utility (4WD),222.9,600.7,377.9,0.512,Active Landslide Clearance / Road Blockage
95.88,34.5,24.2,22.71,0.764,3200,Light Disaster Utility (4WD),166.7,566.9,400.1,0.569,Active Landslide Clearance / Road Blockage
653.51,45.0,21.0,45.23,0.852,1650,4x4 Hill Freight Carrier,871.4,2206.1,1334.7,0.664,Active Landslide Clearance / Road Blockage
79.03,15.0,31.4,69.74,1.0,4170,Heavy Supply Truck (16T),316.1,1118.5,802.4,0.805,Active Landslide Clearance / Road Blockage
82.48,20.0,14.5,26.13,0.258,1550,Refrigerated Medical Van,247.5,314.2,66.8,0.22,Standard Mountain Traffic Flow
158.62,45.0,4.2,102.63,0.528,95,4x4 Hill Freight Carrier,211.5,427.1,215.6,0.523,Torrential Rainfall & Reduced Visibility
190.32,45.0,22.0,27.08,0.761,1400,Refrigerated Medical Van,253.8,648.5,394.7,0.573,Active Landslide Clearance / Road Blockage
177.25,51.7,22.0,23.4,0.702,1400,Light Disaster Utility (4WD),205.5,403.4,197.9,0.526,Steep Mountain Grade & Hairpin Bends
735.13,45.0,21.0,73.98,0.884,1650,4x4 Hill Freight Carrier,980.2,2791.9,1811.7,0.73,Active Landslide Clearance / Road Blockage
134.82,23.0,14.5,7.32,0.168,1550,Light Disaster Utility (4WD),351.7,387.2,35.5,0.128,Standard Mountain Traffic Flow
128.21,22.5,26.5,88.65,0.901,2450,Heavy Supply Truck (16T),341.9,946.7,604.8,0.764,Torrential Rainfall & Reduced Visibility
231.72,45.0,4.2,63.98,0.312,95,4x4 Hill Freight Carrier,309.0,468.5,159.6,0.314,Torrential Rainfall & Reduced Visibility
105.41,30.0,26.5,2.35,0.668,2450,Refrigerated Medical Van,210.8,427.7,216.9,0.471,Active Landslide Clearance / Road Blockage
199.46,45.0,6.0,17.31,0.39,320,4x4 Hill Freight Carrier,265.9,394.7,128.8,0.299,Standard Mountain Traffic Flow
88.38,34.5,24.2,19.09,0.788,3200,Light Disaster Utility (4WD),153.7,328.5,174.8,0.58,Steep Mountain Grade & Hairpin Bends
578.83,33.8,21.0,51.56,0.916,1650,Heavy Supply Truck (16T),1029.0,2919.9,1890.9,0.719,Active Landslide Clearance / Road Blockage
87.19,20.0,31.4,66.33,0.934,4170,Refrigerated Medical Van,261.6,815.8,554.3,0.753,Active Landslide Clearance / Road Blockage
80.8,20.0,14.5,9.08,0.24,1550,4x4 Hill Freight Carrier,242.4,283.1,40.7,0.182,Standard Mountain Traffic Flow
432.79,45.0,18.0,2.56,0.517,1500,4x4 Hill Freight Carrier,577.1,866.5,289.4,0.366,Standard Mountain Traffic Flow
85.9,30.0,26.5,5.08,0.669,2450,4x4 Hill Freight Carrier,171.8,522.2,350.4,0.476,Active Landslide Clearance / Road Blockage
78.76,45.0,12.8,6.76,0.415,240,Refrigerated Medical Van,105.0,143.1,38.1,0.301,Standard Mountain Traffic Flow
42.71,34.5,16.0,8.25,0.447,2100,Light Disaster Utility (4WD),74.3,146.2,71.9,0.326,Active Landslide Clearance / Road Blockage
711.04,33.8,21.0,20.21,0.669,1650,Heavy Supply Truck (16T),1264.1,2373.0,1109.0,0.499,Steep Mountain Grade & Hairpin Bends
262.46,45.0,8.5,1.99,0.377,350,4x4 Hill Freight Carrier,350.0,474.7,124.8,0.267,Standard Mountain Traffic Flow
450.34,45.0,18.0,49.93,0.735,1500,4x4 Hill Freight Carrier,600.5,1427.8,827.3,0.589,Active Landslide Clearance / Road Blockage
126.96,34.5,26.5,15.53,0.698,2450,Light Disaster Utility (4WD),220.8,661.2,440.4,0.512,Active Landslide Clearance / Road Blockage
43.75,30.0,16.0,15.88,0.481,2100,4x4 Hill Freight Carrier,87.5,132.0,44.5,0.361,Standard Mountain Traffic Flow
316.0,45.0,18.0,6.85,0.574,1500,4x4 Hill Freight Carrier,421.3,716.5,295.1,0.412,Active Landslide Clearance / Road Blockage
164.81,51.7,4.2,10.07,0.172,95,Light Disaster Utility (4WD),191.1,213.6,22.5,0.136,Standard Mountain Traffic Flow
109.62,20.0,14.5,10.3,0.26,1550,Refrigerated Medical Van,328.8,392.3,63.5,0.197,Standard Mountain Traffic Flow
434.97,45.0,21.0,23.25,0.649,1650,4x4 Hill Freight Carrier,580.0,1124.6,544.7,0.489,Active Landslide Clearance / Road Blockage
96.66,23.0,14.5,27.74,0.351,1550,Light Disaster Utility (4WD),252.2,383.4,131.2,0.287,Active Landslide Clearance / Road Blockage
102.18,15.0,14.5,54.22,0.462,1550,Heavy Supply Truck (16T),408.7,682.4,273.7,0.405,Standard Mountain Traffic Flow
82.52,20.0,31.4,11.63,0.775,4170,Refrigerated Medical Van,247.5,567.5,319.9,0.56,Active Landslide Clearance / Road Blockage
80.8,34.5,24.2,41.98,0.745,3200,Light Disaster Utility (4WD),140.5,404.9,264.4,0.585,Active Landslide Clearance / Road Blockage
237.51,45.0,4.2,41.05,0.325,95,4x4 Hill Freight Carrier,316.7,448.8,132.2,0.289,Standard Mountain Traffic Flow
235.57,33.8,4.2,15.2,0.135,95,Heavy Supply Truck (16T),418.8,468.8,50.0,0.117,Standard Mountain Traffic Flow
168.62,45.0,4.2,22.1,0.219,95,Refrigerated Medical Van,224.8,273.1,48.3,0.187,Standard Mountain Traffic Flow
38.68,30.0,16.0,34.44,0.551,2100,Refrigerated Medical Van,77.4,133.0,55.6,0.437,Standard Mountain Traffic Flow
379.17,33.8,18.0,26.86,0.633,1500,Heavy Supply Truck (16T),674.1,1238.1,564.0,0.483,Standard Mountain Traffic Flow
84.93,23.0,31.4,38.42,0.961,4170,Light Disaster Utility (4WD),221.5,758.7,537.2,0.73,Active Landslide Clearance / Road Blockage
56.14,15.0,31.4,54.23,0.852,4170,Heavy Supply Truck (16T),224.6,746.7,522.2,0.678,Active Landslide Clearance / Road Blockage
232.32,45.0,4.2,4.56,0.134,95,4x4 Hill Freight Carrier,309.8,330.1,20.4,0.101,Standard Mountain Traffic Flow
110.29,30.0,24.2,5.99,0.634,3200,Refrigerated Medical Van,220.6,382.5,161.9,0.453,Steep Mountain Grade & Hairpin Bends
80.32,30.0,24.2,5.17,0.711,3200,Refrigerated Medical Van,160.6,381.7,221.1,0.506,Active Landslide Clearance / Road Blockage
78.33,20.0,31.4,23.98,0.822,4170,4x4 Hill Freight Carrier,235.0,711.2,476.3,0.611,Active Landslide Clearance / Road Blockage
45.41,33.8,12.8,24.65,0.438,240,Heavy Supply Truck (16T),80.7,138.7,58.0,0.343,Standard Mountain Traffic Flow
773.62,33.8,21.0,71.29,0.908,1650,Heavy Supply Truck (16T),1375.3,3917.3,2542.0,0.742,Active Landslide Clearance / Road Blockage
213.9,45.0,6.0,25.3,0.332,320,4x4 Hill Freight Carrier,285.2,383.9,98.7,0.27,Standard Mountain Traffic Flow
42.6,34.5,16.0,7.37,0.464,2100,Light Disaster Utility (4WD),74.1,106.6,32.5,0.336,Standard Mountain Traffic Flow
49.73,45.0,12.8,8.98,0.312,240,Refrigerated Medical Van,66.3,82.3,16.0,0.232,Standard Mountain Traffic Flow
69.91,23.0,31.4,7.96,0.789,4170,Light Disaster Utility (4WD),182.4,380.2,197.8,0.564,Steep Mountain Grade & Hairpin Bends
55.59,30.0,16.0,32.94,0.52,2100,4x4 Hill Freight Carrier,111.2,225.5,114.3,0.413,Active Landslide Clearance / Road Blockage
47.95,34.5,16.0,6.19,0.391,2100,Light Disaster Utility (4WD),83.4,110.6,27.2,0.283,Standard Mountain Traffic Flow
53.56,20.0,31.4,41.59,0.908,4170,Refrigerated Medical Van,160.7,410.2,249.5,0.698,Steep Mountain Grade & Hairpin Bends
198.43,33.8,22.0,13.95,0.755,1400,Heavy Supply Truck (16T),352.8,717.9,365.1,0.55,Steep Mountain Grade & Hairpin Bends
57.31,51.7,12.8,62.28,0.622,240,Light Disaster Utility (4WD),66.4,132.4,65.9,0.529,Torrential Rainfall & Reduced Visibility
303.79,33.8,8.5,11.81,0.345,350,Heavy Supply Truck (16T),540.1,699.3,159.3,0.259,Standard Mountain Traffic Flow
105.02,30.0,26.5,28.5,0.642,2450,Refrigerated Medical Van,210.0,391.3,181.3,0.492,Steep Mountain Grade & Hairpin Bends
127.98,30.0,26.5,23.67,0.705,2450,Refrigerated Medical Van,256.0,607.7,351.7,0.529,Active Landslide Clearance / Road Blockage
362.74,33.8,18.0,37.94,0.681,1500,Heavy Supply Truck (16T),644.9,1283.3,638.5,0.533,Standard Mountain Traffic Flow
663.07,45.0,21.0,5.9,0.594,1650,4x4 Hill Freight Carrier,884.1,1464.5,580.4,0.425,Steep Mountain Grade & Hairpin Bends
107.17,23.0,14.5,5.89,0.091,1550,Light Disaster Utility (4WD),279.6,293.7,14.2,0.072,Standard Mountain Traffic Flow
224.3,33.8,6.0,43.1,0.493,320,Heavy Supply Truck (16T),398.8,718.5,319.7,0.41,Active Landslide Clearance / Road Blockage
286.5,51.7,8.5,8.65,0.304,350,Light Disaster Utility (4WD),332.2,408.9,76.8,0.226,Standard Mountain Traffic Flow
377.57,51.7,8.5,48.14,0.367,350,Light Disaster Utility (4WD),437.8,658.6,220.9,0.329,Standard Mountain Traffic Flow
62.3,20.0,31.4,5.75,0.709,4170,4x4 Hill Freight Carrier,186.9,552.8,365.9,0.505,Active Landslide Clearance / Road Blockage
141.0,30.0,26.5,16.01,0.746,2450,4x4 Hill Freight Carrier,282.0,700.6,418.6,0.546,Active Landslide Clearance / Road Blockage
212.02,51.7,4.2,1.79,0.116,95,Light Disaster Utility (4WD),245.8,256.2,10.4,0.084,Standard Mountain Traffic Flow
411.96,45.0,8.5,1.63,0.309,350,Refrigerated Medical Van,549.3,659.7,110.4,0.219,Standard Mountain Traffic Flow
59.89,20.0,31.4,11.73,0.789,4170,4x4 Hill Freight Carrier,179.7,516.5,336.9,0.57,Active Landslide Clearance / Road Blockage
75.5,15.0,31.4,10.16,0.679,4170,Heavy Supply Truck (16T),302.0,613.7,311.7,0.49,Active Landslide Clearance / Road Blockage
142.71,45.0,4.2,3.2,0.17,95,4x4 Hill Freight Carrier,190.3,205.9,15.6,0.124,Standard Mountain Traffic Flow
83.98,15.0,31.4,97.66,1.0,4170,Heavy Supply Truck (16T),335.9,1037.5,701.5,0.846,Torrential Rainfall & Reduced Visibility
55.97,20.0,31.4,24.02,0.68,4170,4x4 Hill Freight Carrier,167.9,395.5,227.6,0.512,Active Landslide Clearance / Road Blockage
218.56,45.0,4.2,81.21,0.475,95,4x4 Hill Freight Carrier,291.4,531.9,240.5,0.454,Torrential Rainfall & Reduced Visibility
34.29,22.5,16.0,14.12,0.401,2100,Heavy Supply Truck (16T),91.4,146.2,54.7,0.302,Standard Mountain Traffic Flow
81.65,30.0,24.2,5.72,0.583,3200,Refrigerated Medical Van,163.3,266.9,103.7,0.417,Steep Mountain Grade & Hairpin Bends
545.62,45.0,21.0,32.07,0.637,1650,Refrigerated Medical Van,727.5,1360.5,633.0,0.494,Steep Mountain Grade & Hairpin Bends
141.43,20.0,14.5,15.35,0.211,1550,Refrigerated Medical Van,424.3,498.0,73.7,0.171,Standard Mountain Traffic Flow
109.03,22.5,24.2,25.43,0.68,3200,Heavy Supply Truck (16T),290.7,560.4,269.6,0.514,Steep Mountain Grade & Hairpin Bends
199.09,45.0,4.2,4.86,0.053,95,Refrigerated Medical Van,265.5,274.0,8.6,0.05,Standard Mountain Traffic Flow
61.33,30.0,16.0,64.64,0.619,2100,Refrigerated Medical Van,122.7,263.8,141.2,0.53,Torrential Rainfall & Reduced Visibility
206.78,33.8,4.2,7.65,0.2,95,Heavy Supply Truck (16T),367.6,414.1,46.5,0.151,Standard Mountain Traffic Flow
631.4,51.7,21.0,12.2,0.637,1650,Light Disaster Utility (4WD),732.1,1297.1,565.1,0.464,Steep Mountain Grade & Hairpin Bends
58.62,20.0,31.4,48.33,0.884,4170,4x4 Hill Freight Carrier,175.9,443.9,268.1,0.692,Steep Mountain Grade & Hairpin Bends
39.99,30.0,16.0,12.21,0.542,2100,Refrigerated Medical Van,80.0,127.3,47.3,0.398,Standard Mountain Traffic Flow
507.8,51.7,18.0,22.02,0.635,1500,Light Disaster Utility (4WD),588.8,1119.3,530.5,0.477,Active Landslide Clearance / Road Blockage
43.6,34.5,16.0,5.91,0.28,2100,Light Disaster Utility (4WD),75.8,90.4,14.5,0.205,Standard Mountain Traffic Flow
94.34,30.0,24.2,32.83,0.783,3200,4x4 Hill Freight Carrier,188.7,414.1,225.5,0.598,Steep Mountain Grade & Hairpin Bends
57.23,51.7,12.8,2.35,0.377,240,Light Disaster Utility (4WD),66.4,143.6,77.3,0.268,Active Landslide Clearance / Road Blockage
106.03,30.0,26.5,29.29,0.725,2450,4x4 Hill Freight Carrier,212.1,518.3,306.2,0.551,Active Landslide Clearance / Road Blockage
285.65,45.0,22.0,48.85,0.945,1400,4x4 Hill Freight Carrier,380.9,1024.0,643.1,0.735,Steep Mountain Grade & Hairpin Bends
211.3,45.0,4.2,20.12,0.137,95,Refrigerated Medical Van,281.7,322.6,40.9,0.126,Standard Mountain Traffic Flow
140.89,30.0,26.5,45.92,0.71,2450,4x4 Hill Freight Carrier,281.8,589.6,307.8,0.566,Steep Mountain Grade & Hairpin Bends
195.6,45.0,6.0,21.87,0.266,320,4x4 Hill Freight Carrier,260.8,327.7,66.9,0.219,Standard Mountain Traffic Flow
61.87,45.0,12.8,62.14,0.585,240,4x4 Hill Freight Carrier,82.5,213.4,130.9,0.503,Active Landslide Clearance / Road Blockage
33.92,34.5,16.0,65.22,0.714,2100,Light Disaster Utility (4WD),59.0,129.7,70.7,0.597,Torrential Rainfall & Reduced Visibility
134.18,15.0,14.5,46.3,0.459,1550,Heavy Supply Truck (16T),536.7,872.6,335.8,0.391,Standard Mountain Traffic Flow
136.62,22.5,26.5,24.14,0.554,2450,Heavy Supply Truck (16T),364.3,609.9,245.6,0.424,Steep Mountain Grade & Hairpin Bends
120.46,23.0,14.5,1.73,0.187,1550,Light Disaster Utility (4WD),314.2,341.5,27.2,0.133,Standard Mountain Traffic Flow
205.51,33.8,4.2,61.41,0.348,95,Heavy Supply Truck (16T),365.3,564.8,199.4,0.335,Torrential Rainfall & Reduced Visibility
259.46,33.8,4.2,16.79,0.117,95,Heavy Supply Truck (16T),461.3,515.5,54.2,0.107,Standard Mountain Traffic Flow
100.88,30.0,26.5,17.42,0.763,2450,4x4 Hill Freight Carrier,201.8,417.9,216.2,0.561,Steep Mountain Grade & Hairpin Bends
84.35,20.0,31.4,18.05,0.809,4170,4x4 Hill Freight Carrier,253.1,552.3,299.3,0.593,Steep Mountain Grade & Hairpin Bends
473.42,33.8,18.0,22.89,0.674,1500,Heavy Supply Truck (16T),841.6,1599.7,758.1,0.506,Standard Mountain Traffic Flow
231.83,33.8,4.2,24.5,0.154,95,Heavy Supply Truck (16T),412.1,485.4,73.3,0.145,Standard Mountain Traffic Flow
268.68,45.0,8.5,5.59,0.252,350,Refrigerated Medical Van,358.2,416.3,58.1,0.185,Standard Mountain Traffic Flow
686.55,33.8,21.0,0.56,0.553,1650,Heavy Supply Truck (16T),1220.5,1945.0,724.5,0.388,Active Landslide Clearance / Road Blockage
211.93,51.7,22.0,11.13,0.62,1400,Light Disaster Utility (4WD),245.7,425.7,180.0,0.451,Steep Mountain Grade & Hairpin Bends
87.99,20.0,31.4,2.68,0.738,4170,Refrigerated Medical Van,264.0,643.6,379.6,0.521,Active Landslide Clearance / Road Blockage
58.57,22.5,16.0,28.7,0.463,2100,Heavy Supply Truck (16T),156.2,241.0,84.8,0.367,Standard Mountain Traffic Flow
80.27,15.0,31.4,108.65,1.0,4170,Heavy Supply Truck (16T),321.1,1228.4,907.3,0.863,Active Landslide Clearance / Road Blockage
185.07,33.8,4.2,189.56,0.854,95,Heavy Supply Truck (16T),329.0,1094.2,765.2,0.882,Active Landslide Clearance / Road Blockage
52.16,51.7,12.8,16.66,0.442,240,Light Disaster Utility (4WD),60.5,135.7,75.2,0.335,Active Landslide Clearance / Road Blockage
51.96,22.5,16.0,8.14,0.453,2100,Heavy Supply Truck (16T),138.5,249.1,110.5,0.329,Active Landslide Clearance / Road Blockage
100.57,20.0,14.5,120.97,0.664,1550,4x4 Hill Freight Carrier,301.7,898.5,596.8,0.646,Active Landslide Clearance / Road Blockage
52.31,20.0,31.4,1.07,0.751,4170,4x4 Hill Freight Carrier,156.9,307.6,150.7,0.527,Steep Mountain Grade & Hairpin Bends
143.94,51.7,6.0,21.49,0.268,320,Light Disaster Utility (4WD),166.9,209.7,42.8,0.22,Standard Mountain Traffic Flow
134.12,33.8,6.0,76.11,0.559,320,Heavy Supply Truck (16T),238.4,463.0,224.5,0.505,Torrential Rainfall & Reduced Visibility
78.92,45.0,12.8,0.18,0.338,240,4x4 Hill Freight Carrier,105.2,129.2,23.9,0.237,Standard Mountain Traffic Flow
60.74,45.0,12.8,0.75,0.355,240,Refrigerated Medical Van,81.0,101.4,20.4,0.25,Standard Mountain Traffic Flow
294.1,45.0,18.0,3.51,0.579,1500,Refrigerated Medical Van,392.1,665.7,273.6,0.41,Active Landslide Clearance / Road Blockage
78.74,33.8,12.8,35.42,0.475,240,Heavy Supply Truck (16T),140.0,223.4,83.4,0.385,Standard Mountain Traffic Flow
79.7,34.5,26.5,109.86,1.0,2450,Light Disaster Utility (4WD),138.6,484.9,346.3,0.865,Active Landslide Clearance / Road Blockage
504.86,45.0,18.0,13.8,0.557,1500,4x4 Hill Freight Carrier,673.1,1095.0,421.9,0.41,Standard Mountain Traffic Flow
114.8,30.0,26.5,30.43,0.682,2450,Refrigerated Medical Van,229.6,449.1,219.5,0.523,Steep Mountain Grade & Hairpin Bends
81.69,20.0,31.4,5.99,0.75,4170,Refrigerated Medical Van,245.1,486.0,240.9,0.534,Steep Mountain Grade & Hairpin Bends
86.36,23.0,31.4,23.3,0.833,4170,Light Disaster Utility (4WD),225.3,510.8,285.6,0.618,Steep Mountain Grade & Hairpin Bends
67.58,15.0,31.4,113.41,1.0,4170,Heavy Supply Truck (16T),270.3,856.1,585.8,0.87,Torrential Rainfall & Reduced Visibility
140.86,30.0,26.5,33.75,0.727,2450,4x4 Hill Freight Carrier,281.7,735.0,453.3,0.559,Active Landslide Clearance / Road Blockage
78.64,23.0,14.5,1.23,0.158,1550,Light Disaster Utility (4WD),205.2,218.2,13.1,0.112,Standard Mountain Traffic Flow
528.3,51.7,21.0,10.91,0.618,1650,Light Disaster Utility (4WD),612.5,1057.6,445.1,0.449,Steep Mountain Grade & Hairpin Bends
56.81,51.7,12.8,16.37,0.437,240,Light Disaster Utility (4WD),65.9,95.0,29.1,0.33,Standard Mountain Traffic Flow
68.88,20.0,31.4,30.19,0.94,4170,4x4 Hill Freight Carrier,206.6,740.1,533.4,0.703,Active Landslide Clearance / Road Blockage
105.54,30.0,26.5,30.74,0.797,2450,4x4 Hill Freight Carrier,211.1,468.2,257.1,0.604,Steep Mountain Grade & Hairpin Bends
72.07,30.0,24.2,24.67,0.67,3200,Refrigerated Medical Van,144.1,510.5,366.4,0.506,Active Landslide Clearance / Road Blockage
250.01,51.7,22.0,78.78,0.938,1400,Light Disaster Utility (4WD),289.9,817.7,527.8,0.775,Torrential Rainfall & Reduced Visibility
187.66,45.0,6.0,9.63,0.263,320,Refrigerated Medical Van,250.2,298.5,48.3,0.199,Standard Mountain Traffic Flow
78.98,30.0,26.5,51.59,0.83,2450,4x4 Hill Freight Carrier,158.0,480.5,322.6,0.658,Active Landslide Clearance / Road Blockage
299.53,51.7,8.5,109.42,0.685,350,Light Disaster Utility (4WD),347.3,933.9,586.6,0.644,Active Landslide Clearance / Road Blockage
262.51,45.0,22.0,28.25,0.805,1400,4x4 Hill Freight Carrier,350.0,954.6,604.6,0.606,Active Landslide Clearance / Road Blockage
373.5,51.7,18.0,59.5,0.764,1500,Light Disaster Utility (4WD),433.0,1069.0,636.0,0.624,Active Landslide Clearance / Road Blockage
637.72,45.0,21.0,90.2,1.0,1650,4x4 Hill Freight Carrier,850.3,2594.3,1744.0,0.835,Torrential Rainfall & Reduced Visibility
52.81,30.0,16.0,54.86,0.622,2100,Refrigerated Medical Van,105.6,264.0,158.4,0.518,Active Landslide Clearance / Road Blockage
176.41,45.0,4.2,5.58,0.237,95,Refrigerated Medical Van,235.2,270.0,34.8,0.174,Standard Mountain Traffic Flow
306.89,51.7,8.5,0.12,0.273,350,Light Disaster Utility (4WD),355.8,411.0,55.2,0.191,Standard Mountain Traffic Flow
99.85,22.5,26.5,104.08,0.955,2450,Heavy Supply Truck (16T),266.3,879.7,613.4,0.825,Active Landslide Clearance / Road Blockage
81.84,30.0,24.2,5.58,0.724,3200,Refrigerated Medical Van,163.7,314.5,150.8,0.515,Steep Mountain Grade & Hairpin Bends
83.94,30.0,26.5,71.17,0.857,2450,Refrigerated Medical Van,167.9,566.1,398.2,0.707,Active Landslide Clearance / Road Blockage
301.88,51.7,8.5,10.76,0.303,350,Light Disaster Utility (4WD),350.0,434.0,84.0,0.228,Standard Mountain Traffic Flow
39.51,30.0,16.0,44.65,0.603,2100,4x4 Hill Freight Carrier,79.0,147.5,68.5,0.489,Standard Mountain Traffic Flow
190.65,45.0,4.2,71.92,0.478,95,4x4 Hill Freight Carrier,254.2,511.8,257.6,0.442,Active Landslide Clearance / Road Blockage
497.64,45.0,21.0,7.57,0.586,1650,4x4 Hill Freight Carrier,663.5,1093.9,430.4,0.421,Steep Mountain Grade & Hairpin Bends
196.78,51.7,4.2,26.15,0.227,95,Light Disaster Utility (4WD),228.2,283.4,55.2,0.198,Standard Mountain Traffic Flow
90.91,22.5,24.2,12.06,0.697,3200,Heavy Supply Truck (16T),242.4,459.4,217.0,0.506,Steep Mountain Grade & Hairpin Bends
146.35,33.8,6.0,31.91,0.35,320,Heavy Supply Truck (16T),260.2,364.7,104.5,0.293,Standard Mountain Traffic Flow
286.48,45.0,18.0,2.06,0.481,1500,4x4 Hill Freight Carrier,382.0,565.6,183.6,0.34,Standard Mountain Traffic Flow
71.76,30.0,24.2,24.96,0.726,3200,4x4 Hill Freight Carrier,143.5,472.7,329.1,0.546,Active Landslide Clearance / Road Blockage
50.85,33.8,12.8,33.1,0.504,240,Heavy Supply Truck (16T),90.4,147.4,57.0,0.402,Standard Mountain Traffic Flow
106.66,20.0,14.5,31.82,0.248,1550,4x4 Hill Freight Carrier,320.0,412.6,92.6,0.221,Standard Mountain Traffic Flow
143.67,34.5,26.5,83.33,0.873,2450,Light Disaster Utility (4WD),249.9,667.3,417.5,0.736,Torrential Rainfall & Reduced Visibility
466.64,45.0,21.0,3.57,0.541,1650,Refrigerated Medical Van,622.2,962.4,340.2,0.384,Steep Mountain Grade & Hairpin Bends
706.71,45.0,21.0,86.65,1.0,1650,Refrigerated Medical Van,942.3,3051.7,2109.5,0.83,Active Landslide Clearance / Road Blockage
152.52,33.8,6.0,1.39,0.264,320,Heavy Supply Truck (16T),271.1,312.6,41.4,0.187,Standard Mountain Traffic Flow
49.68,15.0,31.4,12.95,0.763,4170,Heavy Supply Truck (16T),198.7,630.5,431.8,0.554,Active Landslide Clearance / Road Blockage
139.22,33.8,6.0,23.14,0.305,320,Heavy Supply Truck (16T),247.5,322.9,75.4,0.248,Standard Mountain Traffic Flow
419.24,45.0,18.0,23.52,0.599,1500,4x4 Hill Freight Carrier,559.0,980.7,421.7,0.455,Standard Mountain Traffic Flow
148.79,51.7,4.2,15.11,0.148,95,Light Disaster Utility (4WD),172.5,194.4,21.9,0.126,Standard Mountain Traffic Flow
91.34,23.0,14.5,24.74,0.295,1550,Light Disaster Utility (4WD),238.3,310.1,71.8,0.244,Standard Mountain Traffic Flow
353.27,45.0,8.5,14.7,0.434,350,Refrigerated Medical Van,471.0,673.7,202.6,0.326,Standard Mountain Traffic Flow
444.54,45.0,8.5,7.43,0.354,350,Refrigerated Medical Van,592.7,761.2,168.5,0.259,Standard Mountain Traffic Flow
107.16,20.0,14.5,10.58,0.263,1550,4x4 Hill Freight Carrier,321.5,384.9,63.4,0.2,Standard Mountain Traffic Flow
70.02,15.0,31.4,2.94,0.733,4170,Heavy Supply Truck (16T),280.1,750.8,470.7,0.517,Active Landslide Clearance / Road Blockage
92.64,30.0,26.5,82.08,0.84,2450,4x4 Hill Freight Carrier,185.3,709.0,523.8,0.711,Active Landslide Clearance / Road Blockage
261.88,45.0,4.2,54.52,0.307,95,4x4 Hill Freight Carrier,349.2,510.9,161.7,0.296,Standard Mountain Traffic Flow
117.42,20.0,14.5,24.54,0.268,1550,4x4 Hill Freight Carrier,352.3,448.2,96.0,0.225,Standard Mountain Traffic Flow
753.29,33.8,21.0,165.58,1.0,1650,Heavy Supply Truck (16T),1339.2,4590.6,3251.4,0.948,Torrential Rainfall & Reduced Visibility
199.98,51.7,22.0,0.14,0.656,1400,Light Disaster Utility (4WD),231.9,550.1,318.3,0.46,Active Landslide Clearance / Road Blockage
184.27,51.7,6.0,52.28,0.472,320,Light Disaster Utility (4WD),213.7,357.9,144.3,0.409,Standard Mountain Traffic Flow
119.01,22.5,26.5,55.04,0.801,2450,Heavy Supply Truck (16T),317.4,745.0,427.6,0.643,Steep Mountain Grade & Hairpin Bends
140.09,51.7,6.0,58.0,0.404,320,Light Disaster Utility (4WD),162.4,284.0,121.6,0.37,Standard Mountain Traffic Flow
78.22,33.8,12.8,0.98,0.379,240,Heavy Supply Truck (16T),139.1,214.4,75.4,0.267,Active Landslide Clearance / Road Blockage
351.7,45.0,18.0,32.82,0.63,1500,Refrigerated Medical Van,468.9,906.8,437.9,0.49,Active Landslide Clearance / Road Blockage
92.22,20.0,31.4,45.96,0.955,4170,4x4 Hill Freight Carrier,276.6,967.8,691.1,0.738,Active Landslide Clearance / Road Blockage
59.79,45.0,12.8,8.0,0.463,240,4x4 Hill Freight Carrier,79.7,114.8,35.1,0.336,Standard Mountain Traffic Flow
54.35,20.0,31.4,9.46,0.725,4170,4x4 Hill Freight Carrier,163.0,371.0,208.0,0.522,Active Landslide Clearance / Road Blockage
170.91,33.8,6.0,52.71,0.484,320,Heavy Supply Truck (16T),303.8,560.7,256.9,0.418,Active Landslide Clearance / Road Blockage
55.9,33.8,12.8,5.58,0.42,240,Heavy Supply Truck (16T),99.4,135.5,36.1,0.302,Standard Mountain Traffic Flow
259.4,33.8,22.0,19.83,0.708,1400,Heavy Supply Truck (16T),461.2,1014.1,552.9,0.525,Active Landslide Clearance / Road Blockage
54.29,45.0,12.8,7.13,0.462,240,Refrigerated Medical Van,72.4,130.8,58.4,0.334,Standard Mountain Traffic Flow
67.58,30.0,24.2,12.78,0.63,3200,Refrigerated Medical Van,135.2,238.0,102.8,0.46,Steep Mountain Grade & Hairpin Bends
405.69,45.0,8.5,37.86,0.489,350,4x4 Hill Freight Carrier,540.9,882.4,341.5,0.399,Standard Mountain Traffic Flow
118.27,20.0,14.5,95.61,0.538,1550,Refrigerated Medical Van,354.8,710.2,355.3,0.52,Torrential Rainfall & Reduced Visibility
497.19,33.8,21.0,27.59,0.663,1650,Heavy Supply Truck (16T),883.9,1864.0,980.1,0.505,Active Landslide Clearance / Road Blockage
551.85,33.8,21.0,23.26,0.657,1650,Heavy Supply Truck (16T),981.1,2044.1,1063.1,0.495,Active Landslide Clearance / Road Blockage
128.65,22.5,26.5,2.01,0.675,2450,Heavy Supply Truck (16T),343.1,783.1,440.1,0.475,Active Landslide Clearance / Road Blockage
94.54,23.0,14.5,24.46,0.198,1550,Light Disaster Utility (4WD),246.6,298.1,51.5,0.175,Standard Mountain Traffic Flow
332.61,33.8,18.0,22.81,0.574,1500,Heavy Supply Truck (16T),591.3,1007.6,416.3,0.436,Standard Mountain Traffic Flow
84.48,34.5,26.5,23.91,0.633,2450,Light Disaster Utility (4WD),146.9,286.8,139.8,0.479,Steep Mountain Grade & Hairpin Bends
180.07,33.8,6.0,7.2,0.314,320,Heavy Supply Truck (16T),320.1,395.3,75.1,0.23,Standard Mountain Traffic Flow
634.77,45.0,21.0,54.12,0.894,1650,4x4 Hill Freight Carrier,846.4,2181.2,1334.9,0.707,Steep Mountain Grade & Hairpin Bends
182.7,45.0,6.0,78.63,0.601,320,4x4 Hill Freight Carrier,243.6,495.3,251.7,0.539,Torrential Rainfall & Reduced Visibility
139.42,30.0,26.5,21.57,0.647,2450,Refrigerated Medical Van,278.8,512.5,233.7,0.485,Steep Mountain Grade & Hairpin Bends
89.34,30.0,26.5,30.35,0.607,2450,Refrigerated Medical Van,178.7,322.3,143.6,0.471,Steep Mountain Grade & Hairpin Bends
396.77,51.7,18.0,3.27,0.528,1500,Light Disaster Utility (4WD),460.0,755.9,295.9,0.375,Active Landslide Clearance / Road Blockage
646.1,51.7,21.0,34.33,0.667,1650,Light Disaster Utility (4WD),749.1,1566.5,817.4,0.518,Active Landslide Clearance / Road Blockage
414.0,33.8,18.0,17.79,0.571,1500,Heavy Supply Truck (16T),736.0,1230.4,494.4,0.426,Standard Mountain Traffic Flow
395.13,51.7,18.0,10.53,0.569,1500,Light Disaster Utility (4WD),458.1,777.9,319.8,0.414,Standard Mountain Traffic Flow
262.13,45.0,4.2,6.05,0.149,95,4x4 Hill Freight Carrier,349.5,378.3,28.8,0.114,Standard Mountain Traffic Flow
87.06,15.0,31.4,16.17,0.686,4170,Heavy Supply Truck (16T),348.2,849.3,501.1,0.505,Active Landslide Clearance / Road Blockage
300.88,45.0,22.0,11.13,0.613,1400,Refrigerated Medical Van,401.2,742.3,341.1,0.446,Active Landslide Clearance / Road Blockage
51.52,20.0,31.4,11.06,0.704,4170,4x4 Hill Freight Carrier,154.6,472.0,317.4,0.509,Active Landslide Clearance / Road Blockage
412.55,45.0,18.0,17.2,0.519,1500,Refrigerated Medical Van,550.1,867.8,317.7,0.389,Standard Mountain Traffic Flow
59.48,45.0,12.8,20.9,0.443,240,4x4 Hill Freight Carrier,79.3,116.9,37.6,0.341,Standard Mountain Traffic Flow
307.63,45.0,22.0,9.07,0.704,1400,Refrigerated Medical Van,410.2,777.7,367.5,0.506,Steep Mountain Grade & Hairpin Bends
50.48,23.0,31.4,38.69,0.92,4170,Light Disaster Utility (4WD),131.7,338.5,206.8,0.702,Steep Mountain Grade & Hairpin Bends
79.19,22.5,26.5,178.35,1.0,2450,Heavy Supply Truck (16T),211.2,737.4,526.2,0.968,Torrential Rainfall & Reduced Visibility
210.74,33.8,22.0,14.41,0.743,1400,Heavy Supply Truck (16T),374.6,867.5,492.9,0.542,Active Landslide Clearance / Road Blockage
65.76,23.0,31.4,11.49,0.711,4170,Light Disaster Utility (4WD),171.5,540.1,368.5,0.515,Active Landslide Clearance / Road Blockage
472.2,45.0,18.0,19.42,0.617,1500,4x4 Hill Freight Carrier,629.6,1113.5,483.9,0.461,Standard Mountain Traffic Flow
447.01,45.0,8.5,8.52,0.316,350,Refrigerated Medical Van,596.0,741.3,145.2,0.234,Standard Mountain Traffic Flow
87.4,22.5,24.2,25.12,0.713,3200,Heavy Supply Truck (16T),233.1,465.1,232.1,0.537,Steep Mountain Grade & Hairpin Bends
457.45,51.7,8.5,105.12,0.765,350,Light Disaster Utility (4WD),530.4,1394.4,864.0,0.693,Active Landslide Clearance / Road Blockage
141.44,33.8,6.0,39.64,0.411,320,Heavy Supply Truck (16T),251.4,382.6,131.2,0.347,Standard Mountain Traffic Flow
170.8,33.8,6.0,17.72,0.335,320,Heavy Supply Truck (16T),303.7,398.5,94.8,0.261,Standard Mountain Traffic Flow
501.99,45.0,21.0,29.58,0.639,1650,4x4 Hill Freight Carrier,669.3,1246.8,577.5,0.492,Steep Mountain Grade & Hairpin Bends
294.93,33.8,8.5,1.98,0.231,350,Heavy Supply Truck (16T),524.3,589.5,65.2,0.165,Standard Mountain Traffic Flow
136.54,22.5,26.5,1.7,0.551,2450,Heavy Supply Truck (16T),364.1,566.4,202.3,0.388,Steep Mountain Grade & Hairpin Bends
88.67,34.5,26.5,23.87,0.645,2450,Light Disaster Utility (4WD),154.2,284.6,130.3,0.487,Steep Mountain Grade & Hairpin Bends
33.81,34.5,16.0,132.86,0.91,2100,Light Disaster Utility (4WD),58.8,177.3,118.5,0.836,Torrential Rainfall & Reduced Visibility
195.48,33.8,6.0,13.64,0.188,320,Heavy Supply Truck (16T),347.5,398.8,51.3,0.152,Standard Mountain Traffic Flow
81.23,34.5,24.2,31.41,0.735,3200,Light Disaster Utility (4WD),141.3,510.4,369.1,0.561,Active Landslide Clearance / Road Blockage
297.25,51.7,8.5,55.05,0.486,350,Light Disaster Utility (4WD),344.6,606.7,262.1,0.423,Standard Mountain Traffic Flow
86.26,22.5,26.5,74.78,0.861,2450,Heavy Supply Truck (16T),230.0,596.9,366.9,0.715,Torrential Rainfall & Reduced Visibility
109.92,23.0,14.5,2.43,0.218,1550,Light Disaster Utility (4WD),286.7,319.7,33.0,0.156,Standard Mountain Traffic Flow
53.89,34.5,16.0,61.15,0.601,2100,Light Disaster Utility (4WD),93.7,182.4,88.7,0.513,Torrential Rainfall & Reduced Visibility
105.91,30.0,24.2,12.76,0.634,3200,Refrigerated Medical Van,211.8,374.6,162.7,0.463,Steep Mountain Grade & Hairpin Bends
221.45,45.0,22.0,3.43,0.706,1400,4x4 Hill Freight Carrier,295.3,553.1,257.8,0.5,Steep Mountain Grade & Hairpin Bends
312.73,33.8,22.0,10.32,0.571,1400,Heavy Supply Truck (16T),556.0,908.7,352.7,0.415,Steep Mountain Grade & Hairpin Bends
262.01,45.0,4.2,12.24,0.192,95,4x4 Hill Freight Carrier,349.3,399.4,50.0,0.153,Standard Mountain Traffic Flow
289.17,45.0,22.0,58.02,0.782,1400,4x4 Hill Freight Carrier,385.6,893.4,507.8,0.634,Steep Mountain Grade & Hairpin Bends
103.23,22.5,24.2,73.22,0.86,3200,Heavy Supply Truck (16T),275.3,711.6,436.4,0.712,Torrential Rainfall & Reduced Visibility
130.19,15.0,14.5,7.73,0.198,1550,Heavy Supply Truck (16T),520.8,586.1,65.3,0.15,Standard Mountain Traffic Flow
93.86,34.5,24.2,53.41,0.878,3200,Light Disaster Utility (4WD),163.2,413.5,250.2,0.695,Steep Mountain Grade & Hairpin Bends
39.14,22.5,16.0,46.05,0.609,2100,Heavy Supply Truck (16T),104.4,219.5,115.1,0.495,Standard Mountain Traffic Flow
194.82,51.7,4.2,53.66,0.346,95,Light Disaster Utility (4WD),225.9,339.9,114.0,0.322,Standard Mountain Traffic Flow
50.43,20.0,31.4,3.57,0.799,4170,Refrigerated Medical Van,151.3,315.7,164.4,0.565,Steep Mountain Grade & Hairpin Bends
68.06,45.0,12.8,26.11,0.419,240,4x4 Hill Freight Carrier,90.8,171.7,81.0,0.332,Active Landslide Clearance / Road Blockage
136.26,15.0,14.5,8.03,0.153,1550,Heavy Supply Truck (16T),545.0,596.7,51.6,0.119,Standard Mountain Traffic Flow
75.46,23.0,31.4,8.65,0.745,4170,Light Disaster Utility (4WD),196.9,390.7,193.8,0.534,Steep Mountain Grade & Hairpin Bends
330.78,45.0,8.5,19.12,0.322,350,4x4 Hill Freight Carrier,441.0,575.1,134.0,0.254,Standard Mountain Traffic Flow
217.83,45.0,6.0,35.59,0.452,320,Refrigerated Medical Van,290.4,468.8,178.3,0.37,Standard Mountain Traffic Flow
219.24,33.8,4.2,2.95,0.23,95,Heavy Supply Truck (16T),389.8,439.8,50.0,0.165,Standard Mountain Traffic Flow
94.68,20.0,14.5,17.27,0.266,1550,Refrigerated Medical Van,284.0,350.4,66.4,0.212,Standard Mountain Traffic Flow
86.75,20.0,31.4,5.5,0.723,4170,4x4 Hill Freight Carrier,260.3,683.3,423.1,0.514,Active Landslide Clearance / Road Blockage
104.19,23.0,14.5,78.82,0.412,1550,Light Disaster Utility (4WD),271.8,467.0,195.3,0.407,Torrential Rainfall & Reduced Visibility
467.7,45.0,21.0,13.9,0.607,1650,4x4 Hill Freight Carrier,623.6,1073.3,449.7,0.446,Steep Mountain Grade & Hairpin Bends
123.43,20.0,14.5,5.38,0.239,1550,Refrigerated Medical Van,370.3,425.2,54.9,0.175,Standard Mountain Traffic Flow
453.16,51.7,21.0,3.87,0.62,1650,Light Disaster Utility (4WD),525.4,891.1,365.7,0.44,Steep Mountain Grade & Hairpin Bends
434.38,45.0,8.5,12.13,0.366,350,4x4 Hill Freight Carrier,579.2,807.9,228.7,0.275,Active Landslide Clearance / Road Blockage
177.7,45.0,6.0,87.42,0.612,320,4x4 Hill Freight Carrier,236.9,497.3,260.3,0.56,Torrential Rainfall & Reduced Visibility
449.52,45.0,21.0,23.93,0.741,1650,Refrigerated Medical Van,599.4,1366.9,767.5,0.555,Active Landslide Clearance / Road Blockage
311.64,45.0,22.0,8.93,0.655,1400,4x4 Hill Freight Carrier,415.5,837.4,421.8,0.472,Active Landslide Clearance / Road Blockage
69.45,22.5,24.2,58.43,0.775,3200,Heavy Supply Truck (16T),185.2,426.7,241.5,0.63,Steep Mountain Grade & Hairpin Bends
184.57,51.7,6.0,59.28,0.431,320,Light Disaster Utility (4WD),214.0,352.6,138.6,0.39,Standard Mountain Traffic Flow
639.04,33.8,21.0,2.61,0.651,1650,Heavy Supply Truck (16T),1136.1,1989.5,853.4,0.459,Steep Mountain Grade & Hairpin Bends
138.3,34.5,26.5,15.54,0.563,2450,Light Disaster Utility (4WD),240.5,396.2,155.7,0.418,Steep Mountain Grade & Hairpin Bends
387.25,33.8,18.0,8.7,0.512,1500,Heavy Supply Truck (16T),688.4,1080.7,392.3,0.372,Active Landslide Clearance / Road Blockage
734.38,45.0,21.0,53.92,0.801,1650,4x4 Hill Freight Carrier,979.2,2508.5,1529.3,0.641,Active Landslide Clearance / Road Blockage
267.8,45.0,8.5,65.99,0.449,350,4x4 Hill Freight Carrier,357.1,610.0,253.0,0.413,Torrential Rainfall & Reduced Visibility
40.04,30.0,16.0,34.05,0.585,2100,Refrigerated Medical Van,80.1,196.2,116.1,0.461,Active Landslide Clearance / Road Blockage
36.59,22.5,16.0,12.79,0.539,2100,Heavy Supply Truck (16T),97.6,155.0,57.5,0.396,Standard Mountain Traffic Flow
91.79,22.5,24.2,50.03,0.852,3200,Heavy Supply Truck (16T),244.8,722.2,477.5,0.671,Active Landslide Clearance / Road Blockage
57.8,15.0,31.4,42.69,0.861,4170,Heavy Supply Truck (16T),231.2,563.2,332.0,0.667,Steep Mountain Grade & Hairpin Bends
133.86,51.7,6.0,21.69,0.298,320,Light Disaster Utility (4WD),155.2,200.1,44.9,0.241,Standard Mountain Traffic Flow
119.63,23.0,14.5,24.37,0.25,1550,Light Disaster Utility (4WD),312.1,391.2,79.1,0.211,Standard Mountain Traffic Flow
84.49,30.0,24.2,16.81,0.675,3200,Refrigerated Medical Van,169.0,316.5,147.5,0.498,Steep Mountain Grade & Hairpin Bends
143.79,20.0,14.5,57.0,0.332,1550,Refrigerated Medical Van,431.4,649.2,217.9,0.318,Standard Mountain Traffic Flow
48.69,45.0,12.8,0.91,0.356,240,4x4 Hill Freight Carrier,64.9,81.4,16.5,0.251,Standard Mountain Traffic Flow
91.77,30.0,24.2,45.52,0.84,3200,4x4 Hill Freight Carrier,183.5,546.0,362.5,0.656,Active Landslide Clearance / Road Blockage
109.18,34.5,26.5,103.89,0.95,2450,Light Disaster Utility (4WD),189.9,636.6,446.7,0.821,Active Landslide Clearance / Road Blockage
146.16,51.7,6.0,43.66,0.417,320,Light Disaster Utility (4WD),169.5,262.7,93.2,0.358,Standard Mountain Traffic Flow
543.65,33.8,21.0,0.65,0.581,1650,Heavy Supply Truck (16T),966.5,1551.2,584.7,0.408,Steep Mountain Grade & Hairpin Bends
77.99,33.8,12.8,63.4,0.53,240,Heavy Supply Truck (16T),138.7,253.3,114.6,0.466,Torrential Rainfall & Reduced Visibility
386.34,51.7,18.0,15.87,0.505,1500,Light Disaster Utility (4WD),447.9,710.4,262.4,0.377,Standard Mountain Traffic Flow
787.03,33.8,21.0,6.2,0.642,1650,Heavy Supply Truck (16T),1399.2,2449.7,1050.5,0.458,Steep Mountain Grade & Hairpin Bends
300.44,33.8,8.5,19.19,0.337,350,Heavy Supply Truck (16T),534.1,706.3,172.1,0.265,Standard Mountain Traffic Flow
140.05,45.0,6.0,14.25,0.277,320,Refrigerated Medical Van,186.7,229.6,42.9,0.215,Standard Mountain Traffic Flow
125.3,20.0,14.5,7.78,0.288,1550,4x4 Hill Freight Carrier,375.9,454.5,78.6,0.213,Standard Mountain Traffic Flow
59.72,34.5,16.0,11.84,0.324,2100,Light Disaster Utility (4WD),103.9,131.9,28.0,0.245,Standard Mountain Traffic Flow
285.92,51.7,8.5,20.16,0.337,350,Light Disaster Utility (4WD),331.5,439.7,108.2,0.266,Standard Mountain Traffic Flow
59.25,45.0,12.8,0.54,0.367,240,4x4 Hill Freight Carrier,79.0,100.0,21.0,0.258,Standard Mountain Traffic Flow
44.47,45.0,12.8,19.79,0.47,240,Refrigerated Medical Van,59.3,89.5,30.2,0.359,Standard Mountain Traffic Flow
262.62,51.7,22.0,18.15,0.699,1400,Light Disaster Utility (4WD),304.5,587.7,283.2,0.516,Steep Mountain Grade & Hairpin Bends
168.26,51.7,6.0,20.63,0.365,320,Light Disaster Utility (4WD),195.1,319.3,124.2,0.287,Active Landslide Clearance / Road Blockage
103.45,30.0,24.2,17.92,0.754,3200,4x4 Hill Freight Carrier,206.9,589.2,382.3,0.555,Active Landslide Clearance / Road Blockage
79.47,20.0,31.4,21.57,0.915,4170,Refrigerated Medical Van,238.4,743.2,504.7,0.673,Active Landslide Clearance / Road Blockage
122.57,20.0,14.5,28.47,0.276,1550,4x4 Hill Freight Carrier,367.7,477.9,110.2,0.236,Standard Mountain Traffic Flow
232.01,51.7,4.2,30.88,0.343,95,Light Disaster Utility (4WD),269.0,373.3,104.3,0.287,Standard Mountain Traffic Flow
198.41,33.8,4.2,8.3,0.164,95,Heavy Supply Truck (16T),352.7,389.2,36.4,0.127,Standard Mountain Traffic Flow
142.58,45.0,4.2,24.63,0.238,95,4x4 Hill Freight Carrier,190.1,236.5,46.4,0.204,Standard Mountain Traffic Flow
82.14,30.0,24.2,15.03,0.684,3200,Refrigerated Medical Van,164.3,393.6,229.3,0.501,Active Landslide Clearance / Road Blockage
293.03,51.7,18.0,44.46,0.729,1500,Light Disaster Utility (4WD),339.7,902.0,562.3,0.577,Active Landslide Clearance / Road Blockage
110.73,20.0,14.5,62.71,0.36,1550,4x4 Hill Freight Carrier,332.2,520.6,188.4,0.346,Torrential Rainfall & Reduced Visibility
108.84,15.0,14.5,10.06,0.207,1550,Heavy Supply Truck (16T),435.4,498.3,62.9,0.16,Standard Mountain Traffic Flow
510.8,51.7,18.0,24.53,0.593,1500,Light Disaster Utility (4WD),592.2,1066.9,474.6,0.452,Active Landslide Clearance / Road Blockage
220.43,51.7,6.0,18.11,0.312,320,Light Disaster Utility (4WD),255.6,328.9,73.3,0.245,Standard Mountain Traffic Flow
753.12,45.0,21.0,55.67,0.815,1650,4x4 Hill Freight Carrier,1004.2,2539.3,1535.1,0.654,Active Landslide Clearance / Road Blockage
105.5,30.0,24.2,5.93,0.658,3200,4x4 Hill Freight Carrier,211.0,478.0,267.0,0.47,Active Landslide Clearance / Road Blockage
73.23,45.0,12.8,20.23,0.433,240,4x4 Hill Freight Carrier,97.6,142.2,44.5,0.334,Standard Mountain Traffic Flow
128.32,51.7,6.0,43.19,0.414,320,Light Disaster Utility (4WD),148.8,229.6,80.8,0.355,Standard Mountain Traffic Flow
133.29,45.0,6.0,88.05,0.518,320,Refrigerated Medical Van,177.7,343.0,165.3,0.495,Torrential Rainfall & Reduced Visibility
96.4,30.0,26.5,7.7,0.661,2450,Refrigerated Medical Van,192.8,489.0,296.2,0.474,Active Landslide Clearance / Road Blockage
61.14,33.8,12.8,3.5,0.408,240,Heavy Supply Truck (16T),108.7,145.2,36.5,0.291,Standard Mountain Traffic Flow
184.74,45.0,6.0,8.51,0.198,320,4x4 Hill Freight Carrier,246.3,278.2,31.9,0.152,Standard Mountain Traffic Flow
240.25,33.8,4.2,3.91,0.122,95,Heavy Supply Truck (16T),427.1,450.9,23.8,0.091,Standard Mountain Traffic Flow
321.72,51.7,18.0,7.13,0.62,1500,Light Disaster Utility (4WD),373.0,668.1,295.1,0.445,Standard Mountain Traffic Flow
464.01,45.0,21.0,18.74,0.689,1650,4x4 Hill Freight Carrier,618.7,1183.1,564.5,0.511,Steep Mountain Grade & Hairpin Bends
205.17,45.0,6.0,7.52,0.224,320,Refrigerated Medical Van,273.6,313.5,39.9,0.168,Standard Mountain Traffic Flow
91.05,30.0,26.5,12.48,0.655,2450,4x4 Hill Freight Carrier,182.1,329.6,147.6,0.478,Steep Mountain Grade & Hairpin Bends
42.95,30.0,16.0,94.07,0.791,2100,Refrigerated Medical Van,85.9,297.6,211.7,0.694,Active Landslide Clearance / Road Blockage
60.34,34.5,16.0,52.79,0.635,2100,Light Disaster Utility (4WD),104.9,206.8,101.9,0.524,Standard Mountain Traffic Flow
141.76,33.8,6.0,61.48,0.447,320,Heavy Supply Truck (16T),252.0,424.1,172.1,0.405,Torrential Rainfall & Reduced Visibility
120.94,22.5,26.5,31.82,0.697,2450,Heavy Supply Truck (16T),322.5,643.2,320.7,0.536,Steep Mountain Grade & Hairpin Bends
298.93,33.8,18.0,11.52,0.523,1500,Heavy Supply Truck (16T),531.4,845.2,313.8,0.383,Standard Mountain Traffic Flow
342.87,33.8,18.0,8.59,0.589,1500,Heavy Supply Truck (16T),609.5,1037.4,427.8,0.425,Standard Mountain Traffic Flow
57.97,20.0,31.4,25.65,0.872,4170,Refrigerated Medical Van,173.9,413.8,239.9,0.649,Steep Mountain Grade & Hairpin Bends
50.15,33.8,12.8,18.74,0.398,240,Heavy Supply Truck (16T),89.2,124.7,35.6,0.307,Standard Mountain Traffic Flow
63.15,30.0,24.2,19.72,0.696,3200,4x4 Hill Freight Carrier,126.3,306.0,179.7,0.517,Active Landslide Clearance / Road Blockage
261.16,33.8,22.0,42.66,0.894,1400,Heavy Supply Truck (16T),464.3,1253.0,788.7,0.69,Active Landslide Clearance / Road Blockage
257.52,33.8,22.0,50.49,0.886,1400,Heavy Supply Truck (16T),457.8,1379.4,921.6,0.696,Active Landslide Clearance / Road Blockage
142.72,23.0,14.5,15.6,0.273,1550,Light Disaster Utility (4WD),372.3,458.9,86.6,0.214,Standard Mountain Traffic Flow
93.45,34.5,24.2,46.91,0.759,3200,Light Disaster Utility (4WD),162.5,359.0,196.5,0.602,Steep Mountain Grade & Hairpin Bends
91.75,30.0,26.5,37.05,0.683,2450,Refrigerated Medical Van,183.5,427.0,243.5,0.534,Active Landslide Clearance / Road Blockage
126.64,22.5,26.5,35.47,0.68,2450,Heavy Supply Truck (16T),337.7,835.1,497.4,0.529,Active Landslide Clearance / Road Blockage
104.01,30.0,24.2,62.74,0.829,3200,Refrigerated Medical Van,208.0,721.8,513.8,0.674,Active Landslide Clearance / Road Blockage
509.02,33.8,18.0,26.12,0.623,1500,Heavy Supply Truck (16T),904.9,1691.8,786.9,0.475,Active Landslide Clearance / Road Blockage
480.08,45.0,21.0,15.12,0.687,1650,Refrigerated Medical Van,640.1,1209.2,569.1,0.503,Steep Mountain Grade & Hairpin Bends
41.58,22.5,16.0,10.34,0.432,2100,Heavy Supply Truck (16T),110.9,155.8,44.9,0.318,Standard Mountain Traffic Flow
258.07,45.0,8.5,11.24,0.312,350,4x4 Hill Freight Carrier,344.1,430.9,86.8,0.235,Standard Mountain Traffic Flow
38.73,30.0,16.0,26.68,0.444,2100,Refrigerated Medical Van,77.5,153.5,76.0,0.351,Active Landslide Clearance / Road Blockage
52.79,22.5,16.0,3.88,0.352,2100,Heavy Supply Truck (16T),140.8,177.9,37.1,0.252,Standard Mountain Traffic Flow
38.76,22.5,16.0,8.52,0.41,2100,Heavy Supply Truck (16T),103.4,141.0,37.7,0.3,Standard Mountain Traffic Flow
117.05,30.0,26.5,8.29,0.63,2450,Refrigerated Medical Van,234.1,407.0,172.9,0.454,Steep Mountain Grade & Hairpin Bends
48.02,22.5,16.0,2.31,0.387,2100,Heavy Supply Truck (16T),128.1,166.7,38.7,0.275,Standard Mountain Traffic Flow
345.3,45.0,8.5,4.42,0.271,350,Refrigerated Medical Van,460.4,541.0,80.6,0.197,Standard Mountain Traffic Flow
275.48,51.7,22.0,148.44,1.0,1400,Light Disaster Utility (4WD),319.4,1300.3,980.9,0.923,Active Landslide Clearance / Road Blockage
135.44,20.0,14.5,18.68,0.187,1550,4x4 Hill Freight Carrier,406.3,476.0,69.6,0.159,Standard Mountain Traffic Flow
81.61,20.0,31.4,4.11,0.646,4170,4x4 Hill Freight Carrier,244.8,450.7,205.8,0.459,Steep Mountain Grade & Hairpin Bends
593.13,45.0,21.0,4.21,0.622,1650,Refrigerated Medical Van,790.8,1345.5,554.6,0.442,Steep Mountain Grade & Hairpin Bends
69.62,45.0,12.8,18.28,0.365,240,Refrigerated Medical Van,92.8,146.8,54.0,0.283,Standard Mountain Traffic Flow
50.75,34.5,16.0,126.01,0.889,2100,Light Disaster Utility (4WD),88.3,322.0,233.7,0.811,Active Landslide Clearance / Road Blockage
215.0,51.7,22.0,61.08,0.77,1400,Light Disaster Utility (4WD),249.3,679.8,430.5,0.63,Active Landslide Clearance / Road Blockage
62.49,20.0,31.4,10.95,0.797,4170,Refrigerated Medical Van,187.5,397.0,209.6,0.574,Steep Mountain Grade & Hairpin Bends
489.68,51.7,18.0,38.6,0.728,1500,Light Disaster Utility (4WD),567.7,1285.0,717.3,0.567,Active Landslide Clearance / Road Blockage
425.26,45.0,18.0,18.49,0.624,1500,Refrigerated Medical Van,567.0,1007.9,440.8,0.465,Standard Mountain Traffic Flow
208.89,33.8,6.0,11.1,0.307,320,Heavy Supply Truck (16T),371.4,462.7,91.4,0.231,Standard Mountain Traffic Flow
232.52,45.0,22.0,2.07,0.674,1400,4x4 Hill Freight Carrier,310.0,557.1,247.1,0.475,Steep Mountain Grade & Hairpin Bends
371.6,45.0,8.5,12.74,0.348,350,Refrigerated Medical Van,495.5,645.9,150.4,0.263,Standard Mountain Traffic Flow
393.27,51.7,18.0,18.83,0.602,1500,Light Disaster Utility (4WD),456.0,791.5,335.6,0.45,Standard Mountain Traffic Flow
195.02,45.0,6.0,3.28,0.248,320,Refrigerated Medical Van,260.0,298.0,38.0,0.178,Standard Mountain Traffic Flow
124.36,15.0,14.5,0.41,0.173,1550,Heavy Supply Truck (16T),497.4,532.3,34.9,0.122,Standard Mountain Traffic Flow
50.93,45.0,12.8,34.45,0.518,240,4x4 Hill Freight Carrier,67.9,112.9,45.0,0.414,Standard Mountain Traffic Flow
98.44,20.0,14.5,80.22,0.525,1550,4x4 Hill Freight Carrier,295.3,561.8,266.4,0.488,Torrential Rainfall & Reduced Visibility
64.1,45.0,12.8,35.78,0.445,240,4x4 Hill Freight Carrier,85.5,132.6,47.1,0.365,Standard Mountain Traffic Flow
114.99,30.0,24.2,3.93,0.648,3200,4x4 Hill Freight Carrier,230.0,403.1,173.1,0.46,Steep Mountain Grade & Hairpin Bends
52.83,33.8,12.8,50.4,0.606,240,Heavy Supply Truck (16T),93.9,178.6,84.7,0.5,Standard Mountain Traffic Flow
206.66,45.0,4.2,14.2,0.196,95,Refrigerated Medical Van,275.5,318.5,43.0,0.158,Standard Mountain Traffic Flow
60.7,34.5,16.0,1.11,0.364,2100,Light Disaster Utility (4WD),105.6,133.6,28.0,0.257,Standard Mountain Traffic Flow
108.74,30.0,24.2,4.5,0.665,3200,4x4 Hill Freight Carrier,217.5,547.4,329.9,0.472,Active Landslide Clearance / Road Blockage
139.32,20.0,14.5,19.25,0.295,1550,Refrigerated Medical Van,418.0,532.6,114.7,0.236,Standard Mountain Traffic Flow
453.86,45.0,18.0,77.84,0.862,1500,4x4 Hill Freight Carrier,605.2,1714.6,1109.4,0.72,Active Landslide Clearance / Road Blockage
49.74,45.0,12.8,1.47,0.326,240,Refrigerated Medical Van,66.3,80.9,14.6,0.231,Standard Mountain Traffic Flow
642.9,33.8,21.0,6.14,0.603,1650,Heavy Supply Truck (16T),1142.9,1914.6,771.7,0.432,Steep Mountain Grade & Hairpin Bends
128.22,51.7,6.0,1.1,0.241,320,Light Disaster Utility (4WD),148.7,167.8,19.1,0.17,Standard Mountain Traffic Flow
162.85,51.7,6.0,67.39,0.549,320,Light Disaster Utility (4WD),188.8,354.9,166.1,0.485,Torrential Rainfall & Reduced Visibility
66.23,30.0,24.2,117.85,1.0,3200,4x4 Hill Freight Carrier,132.5,599.9,467.4,0.877,Active Landslide Clearance / Road Blockage
286.89,51.7,22.0,16.83,0.739,1400,Light Disaster Utility (4WD),332.6,882.4,549.7,0.543,Active Landslide Clearance / Road Blockage
56.14,23.0,31.4,9.81,0.756,4170,Light Disaster Utility (4WD),146.5,387.0,240.5,0.544,Active Landslide Clearance / Road Blockage
310.1,45.0,22.0,2.44,0.656,1400,4x4 Hill Freight Carrier,413.5,728.1,314.6,0.463,Steep Mountain Grade & Hairpin Bends
379.22,51.7,18.0,22.8,0.588,1500,Light Disaster Utility (4WD),439.7,793.7,354.0,0.446,Active Landslide Clearance / Road Blockage
222.97,45.0,4.2,12.96,0.183,95,Refrigerated Medical Van,297.3,338.9,41.7,0.148,Standard Mountain Traffic Flow
176.46,33.8,4.2,25.84,0.262,95,Heavy Supply Truck (16T),313.7,399.1,85.4,0.222,Standard Mountain Traffic Flow
317.07,45.0,22.0,80.08,1.0,1400,Refrigerated Medical Van,422.8,1462.1,1039.3,0.82,Active Landslide Clearance / Road Blockage
114.1,15.0,14.5,6.85,0.285,1550,Heavy Supply Truck (16T),456.4,548.3,91.9,0.21,Standard Mountain Traffic Flow
456.63,33.8,8.5,46.78,0.48,350,Heavy Supply Truck (16T),811.8,1348.7,536.9,0.406,Standard Mountain Traffic Flow
166.73,33.8,4.2,27.47,0.218,95,Heavy Supply Truck (16T),296.4,367.7,71.3,0.194,Standard Mountain Traffic Flow
298.83,33.8,22.0,8.97,0.677,1400,Heavy Supply Truck (16T),531.3,976.2,444.9,0.487,Steep Mountain Grade & Hairpin Bends
97.93,20.0,14.5,96.52,0.534,1550,Refrigerated Medical Van,293.8,587.7,293.9,0.519,Torrential Rainfall & Reduced Visibility
68.01,34.5,24.2,2.42,0.612,3200,Light Disaster Utility (4WD),118.3,239.5,121.3,0.432,Active Landslide Clearance / Road Blockage
72.74,34.5,24.2,13.45,0.663,3200,Light Disaster Utility (4WD),126.5,231.5,105.0,0.484,Steep Mountain Grade & Hairpin Bends
141.22,20.0,14.5,20.67,0.316,1550,Refrigerated Medical Van,423.6,552.9,129.2,0.253,Standard Mountain Traffic Flow
582.76,51.7,21.0,41.64,0.757,1650,Light Disaster Utility (4WD),675.7,1670.8,995.1,0.593,Active Landslide Clearance / Road Blockage
223.42,33.8,6.0,14.75,0.388,320,Heavy Supply Truck (16T),397.2,541.8,144.7,0.293,Standard Mountain Traffic Flow
420.03,33.8,18.0,20.84,0.593,1500,Heavy Supply Truck (16T),746.7,1340.5,593.8,0.446,Active Landslide Clearance / Road Blockage
175.48,33.8,4.2,7.02,0.166,95,Heavy Supply Truck (16T),312.0,342.5,30.6,0.127,Standard Mountain Traffic Flow
140.25,22.5,26.5,0.58,0.554,2450,Heavy Supply Truck (16T),374.0,581.6,207.6,0.388,Steep Mountain Grade & Hairpin Bends
564.57,51.7,21.0,7.33,0.67,1650,Light Disaster Utility (4WD),654.6,1347.2,692.6,0.48,Active Landslide Clearance / Road Blockage
56.36,45.0,12.8,32.14,0.47,240,4x4 Hill Freight Carrier,75.1,118.1,42.9,0.377,Standard Mountain Traffic Flow
106.89,22.5,24.2,65.73,0.839,3200,Heavy Supply Truck (16T),285.0,711.1,426.0,0.686,Torrential Rainfall & Reduced Visibility
172.9,45.0,4.2,25.63,0.184,95,Refrigerated Medical Van,230.5,277.7,47.1,0.167,Standard Mountain Traffic Flow
193.36,33.8,4.2,22.27,0.258,95,Heavy Supply Truck (16T),343.8,429.9,86.1,0.214,Standard Mountain Traffic Flow
159.21,45.0,4.2,0.79,0.142,95,Refrigerated Medical Van,212.3,223.2,11.0,0.101,Standard Mountain Traffic Flow
45.98,45.0,12.8,6.31,0.324,240,Refrigerated Medical Van,61.3,76.1,14.8,0.236,Standard Mountain Traffic Flow
80.85,34.5,24.2,2.43,0.708,3200,Light Disaster Utility (4WD),140.6,422.8,282.2,0.499,Active Landslide Clearance / Road Blockage
91.82,30.0,26.5,56.36,0.753,2450,4x4 Hill Freight Carrier,183.6,552.8,369.1,0.612,Active Landslide Clearance / Road Blockage
74.29,45.0,12.8,15.63,0.413,240,4x4 Hill Freight Carrier,99.1,139.1,40.0,0.313,Standard Mountain Traffic Flow
108.63,34.5,26.5,42.25,0.775,2450,Light Disaster Utility (4WD),188.9,420.1,231.2,0.606,Steep Mountain Grade & Hairpin Bends
219.51,33.8,6.0,99.85,0.672,320,Heavy Supply Truck (16T),390.2,976.1,585.9,0.62,Active Landslide Clearance / Road Blockage
49.64,34.5,16.0,5.95,0.373,2100,Light Disaster Utility (4WD),86.3,112.3,26.0,0.27,Standard Mountain Traffic Flow
64.68,20.0,31.4,80.37,1.0,4170,Refrigerated Medical Van,194.0,582.4,388.4,0.821,Torrential Rainfall & Reduced Visibility
261.24,45.0,22.0,3.86,0.616,1400,4x4 Hill Freight Carrier,348.3,617.6,269.3,0.437,Steep Mountain Grade & Hairpin Bends
74.03,15.0,31.4,6.22,0.715,4170,Heavy Supply Truck (16T),296.1,697.9,401.8,0.51,Active Landslide Clearance / Road Blockage
55.58,30.0,16.0,9.92,0.392,2100,4x4 Hill Freight Carrier,111.2,149.7,38.5,0.289,Standard Mountain Traffic Flow
43.95,51.7,12.8,23.38,0.438,240,Light Disaster Utility (4WD),51.0,109.2,58.3,0.341,Active Landslide Clearance / Road Blockage
263.13,45.0,4.2,35.58,0.287,95,4x4 Hill Freight Carrier,350.8,472.5,121.7,0.254,Standard Mountain Traffic Flow
280.24,51.7,22.0,24.81,0.765,1400,Light Disaster Utility (4WD),324.9,874.6,549.6,0.573,Active Landslide Clearance / Road Blockage
54.18,45.0,12.8,10.85,0.425,240,Refrigerated Medical Van,72.2,151.1,78.9,0.313,Active Landslide Clearance / Road Blockage
347.65,45.0,18.0,24.82,0.655,1500,Refrigerated Medical Van,463.5,867.8,404.3,0.496,Standard Mountain Traffic Flow
54.4,23.0,31.4,53.06,0.904,4170,Light Disaster Utility (4WD),141.9,368.7,226.8,0.712,Steep Mountain Grade & Hairpin Bends
391.01,33.8,8.5,6.21,0.216,350,Heavy Supply Truck (16T),695.1,787.4,92.2,0.161,Standard Mountain Traffic Flow
98.54,30.0,26.5,12.99,0.649,2450,4x4 Hill Freight Carrier,197.1,354.7,157.7,0.474,Steep Mountain Grade & Hairpin Bends
82.74,23.0,14.5,127.98,0.695,1550,Light Disaster Utility (4WD),215.9,533.3,317.5,0.678,Torrential Rainfall & Reduced Visibility
339.15,45.0,8.5,31.15,0.396,350,4x4 Hill Freight Carrier,452.2,659.2,207.0,0.324,Standard Mountain Traffic Flow
44.07,22.5,16.0,33.6,0.56,2100,Heavy Supply Truck (16T),117.5,203.6,86.1,0.443,Standard Mountain Traffic Flow
84.46,30.0,26.5,32.09,0.764,2450,Refrigerated Medical Van,168.9,362.4,193.5,0.583,Steep Mountain Grade & Hairpin Bends
343.62,33.8,18.0,0.88,0.447,1500,Heavy Supply Truck (16T),610.9,879.3,268.4,0.314,Active Landslide Clearance / Road Blockage
69.84,33.8,12.8,11.08,0.297,240,Heavy Supply Truck (16T),124.2,153.3,29.2,0.224,Standard Mountain Traffic Flow
42.87,22.5,16.0,1.87,0.42,2100,Heavy Supply Truck (16T),114.3,153.8,39.5,0.297,Standard Mountain Traffic Flow
100.28,30.0,26.5,36.64,0.817,2450,Refrigerated Medical Van,200.6,610.1,409.5,0.627,Active Landslide Clearance / Road Blockage
174.91,51.7,6.0,21.48,0.377,320,Light Disaster Utility (4WD),202.8,280.6,77.8,0.296,Standard Mountain Traffic Flow
54.12,33.8,12.8,4.55,0.429,240,Heavy Supply Truck (16T),96.2,131.9,35.7,0.307,Standard Mountain Traffic Flow
38.21,30.0,16.0,30.6,0.49,2100,4x4 Hill Freight Carrier,76.4,122.0,45.6,0.389,Standard Mountain Traffic Flow
90.03,20.0,14.5,42.39,0.4,1550,Refrigerated Medical Van,270.1,462.7,192.6,0.343,Active Landslide Clearance / Road Blockage
87.82,20.0,31.4,28.01,0.814,4170,Refrigerated Medical Van,263.5,733.1,469.7,0.612,Active Landslide Clearance / Road Blockage
175.29,51.7,6.0,11.16,0.274,320,Light Disaster Utility (4WD),203.2,246.1,42.9,0.208,Standard Mountain Traffic Flow
761.01,51.7,21.0,5.61,0.683,1650,Light Disaster Utility (4WD),882.3,1668.8,786.5,0.487,Active Landslide Clearance / Road Blockage
53.38,34.5,16.0,50.85,0.551,2100,Light Disaster Utility (4WD),92.8,224.2,131.3,0.462,Active Landslide Clearance / Road Blockage
87.63,23.0,31.4,11.54,0.729,4170,Light Disaster Utility (4WD),228.6,543.9,315.3,0.527,Active Landslide Clearance / Road Blockage
46.76,33.8,12.8,11.36,0.403,240,Heavy Supply Truck (16T),83.1,113.8,30.6,0.299,Standard Mountain Traffic Flow
76.28,45.0,12.8,12.79,0.306,240,4x4 Hill Freight Carrier,101.7,127.5,25.8,0.233,Standard Mountain Traffic Flow
60.55,33.8,12.8,104.77,0.858,240,Heavy Supply Truck (16T),107.6,294.7,187.1,0.758,Torrential Rainfall & Reduced Visibility
347.52,45.0,18.0,29.61,0.605,1500,Refrigerated Medical Van,463.4,869.2,405.9,0.468,Active Landslide Clearance / Road Blockage
438.19,33.8,8.5,3.12,0.286,350,Heavy Supply Truck (16T),779.0,922.5,143.5,0.205,Standard Mountain Traffic Flow
52.62,20.0,31.4,5.0,0.779,4170,4x4 Hill Freight Carrier,157.9,323.0,165.1,0.553,Steep Mountain Grade & Hairpin Bends
645.58,51.7,21.0,18.95,0.722,1650,Light Disaster Utility (4WD),748.5,1703.9,955.4,0.534,Active Landslide Clearance / Road Blockage
72.18,45.0,12.8,50.13,0.576,240,4x4 Hill Freight Carrier,96.2,177.4,81.1,0.478,Standard Mountain Traffic Flow
605.13,45.0,21.0,60.0,0.896,1650,Refrigerated Medical Van,806.8,2333.0,1526.2,0.717,Active Landslide Clearance / Road Blockage
78.4,30.0,26.5,1.59,0.572,2450,4x4 Hill Freight Carrier,156.8,249.9,93.1,0.403,Steep Mountain Grade & Hairpin Bends
54.77,20.0,31.4,2.52,0.778,4170,Refrigerated Medical Van,164.3,333.7,169.4,0.548,Steep Mountain Grade & Hairpin Bends
49.12,45.0,12.8,8.63,0.48,240,4x4 Hill Freight Carrier,65.5,96.2,30.7,0.349,Standard Mountain Traffic Flow
804.86,51.7,21.0,17.48,0.664,1650,Light Disaster Utility (4WD),933.2,1730.1,796.9,0.491,Steep Mountain Grade & Hairpin Bends
627.87,45.0,21.0,22.13,0.753,1650,4x4 Hill Freight Carrier,837.2,1779.8,942.6,0.56,Active Landslide Clearance / Road Blockage
124.19,33.8,6.0,3.08,0.375,320,Heavy Supply Truck (16T),220.8,304.2,83.4,0.267,Standard Mountain Traffic Flow
100.89,34.5,24.2,6.88,0.651,3200,Light Disaster Utility (4WD),175.5,390.5,215.0,0.466,Active Landslide Clearance / Road Blockage
242.85,51.7,4.2,65.79,0.295,95,Light Disaster Utility (4WD),281.6,424.2,142.6,0.305,Torrential Rainfall & Reduced Visibility
136.8,20.0,14.5,17.04,0.23,1550,Refrigerated Medical Van,410.4,492.1,81.7,0.187,Standard Mountain Traffic Flow
147.41,45.0,4.2,41.98,0.299,95,4x4 Hill Freight Carrier,196.6,273.7,77.1,0.272,Standard Mountain Traffic Flow
68.06,15.0,31.4,162.44,1.0,4170,Heavy Supply Truck (16T),272.2,1133.3,861.0,0.944,Active Landslide Clearance / Road Blockage
256.53,45.0,4.2,10.61,0.158,95,Refrigerated Medical Van,342.0,380.1,38.0,0.127,Standard Mountain Traffic Flow
314.94,33.8,22.0,4.93,0.663,1400,Heavy Supply Truck (16T),559.9,1207.9,648.0,0.472,Active Landslide Clearance / Road Blockage
47.52,34.5,16.0,53.03,0.552,2100,Light Disaster Utility (4WD),82.6,197.8,115.1,0.466,Active Landslide Clearance / Road Blockage
168.49,45.0,4.2,89.21,0.477,95,Refrigerated Medical Van,224.7,419.7,195.0,0.468,Torrential Rainfall & Reduced Visibility
350.61,45.0,8.5,5.66,0.206,350,4x4 Hill Freight Carrier,467.5,524.1,56.7,0.152,Standard Mountain Traffic Flow
100.87,22.5,26.5,6.43,0.578,2450,Heavy Supply Truck (16T),269.0,474.9,205.9,0.414,Active Landslide Clearance / Road Blockage
733.62,45.0,21.0,25.25,0.674,1650,Refrigerated Medical Van,978.2,2091.1,1113.0,0.51,Active Landslide Clearance / Road Blockage
672.61,45.0,21.0,35.07,0.711,1650,Refrigerated Medical Van,896.8,1830.1,933.3,0.55,Steep Mountain Grade & Hairpin Bends
79.52,23.0,31.4,2.17,0.827,4170,Light Disaster Utility (4WD),207.4,658.0,450.6,0.582,Active Landslide Clearance / Road Blockage
289.06,33.8,22.0,8.44,0.719,1400,Heavy Supply Truck (16T),513.9,989.8,475.9,0.516,Steep Mountain Grade & Hairpin Bends
84.91,20.0,31.4,0.13,0.759,4170,Refrigerated Medical Van,254.7,503.2,248.5,0.532,Steep Mountain Grade & Hairpin Bends
178.38,51.7,6.0,36.61,0.388,320,Light Disaster Utility (4WD),206.8,323.6,116.8,0.326,Standard Mountain Traffic Flow
143.67,33.8,6.0,19.38,0.248,320,Heavy Supply Truck (16T),255.4,313.5,58.1,0.203,Standard Mountain Traffic Flow
120.72,34.5,26.5,4.73,0.573,2450,Light Disaster Utility (4WD),209.9,338.1,128.1,0.408,Steep Mountain Grade & Hairpin Bends
149.9,45.0,6.0,7.71,0.223,320,4x4 Hill Freight Carrier,199.9,229.0,29.2,0.168,Standard Mountain Traffic Flow
83.98,34.5,24.2,31.82,0.821,3200,Light Disaster Utility (4WD),146.0,518.4,372.3,0.622,Active Landslide Clearance / Road Blockage
306.56,51.7,18.0,1.5,0.509,1500,Light Disaster Utility (4WD),355.4,527.0,171.6,0.359,Standard Mountain Traffic Flow
763.86,33.8,21.0,2.5,0.669,1650,Heavy Supply Truck (16T),1358.0,2665.8,1307.8,0.472,Active Landslide Clearance / Road Blockage
139.24,15.0,14.5,15.87,0.335,1550,Heavy Supply Truck (16T),557.0,725.8,168.8,0.258,Standard Mountain Traffic Flow
65.73,23.0,31.4,10.57,0.723,4170,Light Disaster Utility (4WD),171.5,333.5,162.0,0.522,Steep Mountain Grade & Hairpin Bends
471.39,45.0,8.5,25.92,0.331,350,4x4 Hill Freight Carrier,628.5,847.2,218.7,0.27,Standard Mountain Traffic Flow
92.46,20.0,31.4,13.98,0.678,4170,Refrigerated Medical Van,277.4,517.2,239.8,0.495,Steep Mountain Grade & Hairpin Bends
90.95,23.0,14.5,4.64,0.175,1550,Light Disaster Utility (4WD),237.3,259.2,21.9,0.129,Standard Mountain Traffic Flow
90.62,20.0,31.4,129.85,1.0,4170,Refrigerated Medical Van,271.8,999.3,727.4,0.895,Active Landslide Clearance / Road Blockage
307.18,45.0,18.0,18.29,0.578,1500,Refrigerated Medical Van,409.6,690.9,281.4,0.432,Standard Mountain Traffic Flow
53.47,51.7,12.8,13.01,0.394,240,Light Disaster Utility (4WD),62.0,84.6,22.6,0.296,Standard Mountain Traffic Flow
513.46,45.0,18.0,11.96,0.525,1500,Refrigerated Medical Van,684.6,1068.4,383.8,0.385,Standard Mountain Traffic Flow
251.6,51.7,4.2,55.58,0.388,95,Light Disaster Utility (4WD),291.7,457.6,165.9,0.355,Standard Mountain Traffic Flow
81.88,34.5,26.5,18.64,0.675,2450,Light Disaster Utility (4WD),142.4,267.9,125.5,0.5,Steep Mountain Grade & Hairpin Bends
477.59,45.0,8.5,44.04,0.475,350,Refrigerated Medical Van,636.8,1044.0,407.2,0.399,Standard Mountain Traffic Flow
206.51,45.0,6.0,22.22,0.343,320,4x4 Hill Freight Carrier,275.4,370.3,94.9,0.274,Standard Mountain Traffic Flow
89.71,23.0,31.4,52.3,0.952,4170,Light Disaster Utility (4WD),234.0,742.4,508.4,0.745,Active Landslide Clearance / Road Blockage
51.15,15.0,31.4,82.3,1.0,4170,Heavy Supply Truck (16T),204.6,775.4,570.8,0.823,Active Landslide Clearance / Road Blockage
42.37,30.0,16.0,4.85,0.417,2100,Refrigerated Medical Van,84.7,114.8,30.1,0.299,Standard Mountain Traffic Flow
73.99,33.8,12.8,31.08,0.491,240,Heavy Supply Truck (16T),131.5,210.6,79.0,0.391,Standard Mountain Traffic Flow
188.01,51.7,4.2,10.88,0.175,95,Light Disaster Utility (4WD),218.0,245.0,27.0,0.139,Standard Mountain Traffic Flow
89.92,22.5,24.2,22.44,0.674,3200,Heavy Supply Truck (16T),239.8,680.8,441.0,0.505,Active Landslide Clearance / Road Blockage
78.92,30.0,26.5,44.54,0.724,2450,Refrigerated Medical Van,157.8,334.1,176.2,0.573,Steep Mountain Grade & Hairpin Bends
432.77,45.0,8.5,22.62,0.365,350,4x4 Hill Freight Carrier,577.0,792.7,215.7,0.289,Standard Mountain Traffic Flow
442.98,45.0,21.0,1.24,0.666,1650,Refrigerated Medical Van,590.6,1179.7,589.1,0.468,Active Landslide Clearance / Road Blockage
641.63,45.0,21.0,48.26,0.816,1650,4x4 Hill Freight Carrier,855.5,2174.4,1318.9,0.643,Active Landslide Clearance / Road Blockage
51.7,45.0,12.8,28.48,0.533,240,Refrigerated Medical Van,68.9,157.3,88.3,0.416,Active Landslide Clearance / Road Blockage
317.87,45.0,22.0,6.59,0.714,1400,Refrigerated Medical Van,423.8,1038.5,614.6,0.51,Active Landslide Clearance / Road Blockage
182.41,51.7,6.0,33.44,0.342,320,Light Disaster Utility (4WD),211.5,295.8,84.3,0.289,Standard Mountain Traffic Flow
131.18,23.0,14.5,36.82,0.287,1550,Light Disaster Utility (4WD),342.2,463.0,120.8,0.256,Standard Mountain Traffic Flow
44.72,45.0,12.8,23.73,0.511,240,Refrigerated Medical Van,59.6,95.2,35.6,0.394,Standard Mountain Traffic Flow
382.77,45.0,18.0,31.95,0.603,1500,Refrigerated Medical Van,510.4,951.1,440.8,0.47,Active Landslide Clearance / Road Blockage
100.53,20.0,14.5,16.57,0.258,1550,Refrigerated Medical Van,301.6,368.7,67.2,0.206,Standard Mountain Traffic Flow
360.21,45.0,18.0,15.33,0.569,1500,4x4 Hill Freight Carrier,480.3,795.2,315.0,0.421,Standard Mountain Traffic Flow
59.89,30.0,16.0,20.59,0.492,2100,Refrigerated Medical Van,119.8,240.4,120.6,0.375,Active Landslide Clearance / Road Blockage
293.96,45.0,8.5,19.23,0.36,350,4x4 Hill Freight Carrier,391.9,529.2,137.3,0.281,Standard Mountain Traffic Flow
79.91,45.0,12.8,13.97,0.347,240,Refrigerated Medical Van,106.6,139.3,32.8,0.264,Standard Mountain Traffic Flow
303.61,51.7,18.0,40.45,0.657,1500,Light Disaster Utility (4WD),352.0,882.7,530.7,0.52,Active Landslide Clearance / Road Blockage
144.87,23.0,14.5,44.54,0.388,1550,Light Disaster Utility (4WD),377.9,613.6,235.7,0.339,Active Landslide Clearance / Road Blockage
304.13,51.7,8.5,65.97,0.53,350,Light Disaster Utility (4WD),352.6,648.8,296.2,0.47,Torrential Rainfall & Reduced Visibility
478.51,45.0,8.5,2.72,0.276,350,Refrigerated Medical Van,638.0,747.0,109.0,0.197,Standard Mountain Traffic Flow
250.87,45.0,22.0,73.89,0.996,1400,Refrigerated Medical Van,334.5,1224.3,889.8,0.808,Active Landslide Clearance / Road Blockage
96.38,23.0,14.5,7.18,0.215,1550,Light Disaster Utility (4WD),251.4,285.7,34.2,0.161,Standard Mountain Traffic Flow
174.05,33.8,22.0,15.93,0.674,1400,Heavy Supply Truck (16T),309.4,577.1,267.7,0.495,Steep Mountain Grade & Hairpin Bends
151.54,51.7,4.2,15.59,0.15,95,Light Disaster Utility (4WD),175.7,198.7,23.0,0.129,Standard Mountain Traffic Flow
76.09,45.0,12.8,41.14,0.461,240,4x4 Hill Freight Carrier,101.5,162.5,61.1,0.384,Standard Mountain Traffic Flow
59.11,20.0,31.4,2.24,0.69,4170,4x4 Hill Freight Carrier,177.3,519.3,342.0,0.487,Active Landslide Clearance / Road Blockage
86.71,30.0,24.2,12.74,0.747,3200,4x4 Hill Freight Carrier,173.4,348.6,175.2,0.542,Steep Mountain Grade & Hairpin Bends
384.97,45.0,18.0,41.42,0.66,1500,Refrigerated Medical Van,513.3,1144.5,631.3,0.524,Active Landslide Clearance / Road Blockage
139.13,20.0,14.5,13.46,0.235,1550,4x4 Hill Freight Carrier,417.4,494.8,77.4,0.185,Standard Mountain Traffic Flow
142.37,15.0,14.5,29.88,0.288,1550,Heavy Supply Truck (16T),569.5,751.4,182.0,0.246,Standard Mountain Traffic Flow
231.32,51.7,22.0,5.59,0.655,1400,Light Disaster Utility (4WD),268.2,476.2,208.0,0.467,Steep Mountain Grade & Hairpin Bends
61.91,33.8,12.8,19.12,0.422,240,Heavy Supply Truck (16T),110.1,157.9,47.9,0.324,Standard Mountain Traffic Flow
209.24,33.8,6.0,85.37,0.59,320,Heavy Supply Truck (16T),372.0,760.8,388.8,0.541,Torrential Rainfall & Reduced Visibility
76.35,45.0,12.8,7.02,0.269,240,Refrigerated Medical Van,101.8,120.7,18.9,0.199,Standard Mountain Traffic Flow
372.57,51.7,18.0,13.43,0.571,1500,Light Disaster Utility (4WD),432.0,712.9,281.0,0.42,Standard Mountain Traffic Flow
245.36,33.8,4.2,18.05,0.211,95,Heavy Supply Truck (16T),436.2,517.9,81.7,0.175,Standard Mountain Traffic Flow
454.67,33.8,21.0,20.08,0.681,1650,Heavy Supply Truck (16T),808.3,1537.5,729.2,0.507,Steep Mountain Grade & Hairpin Bends
429.39,45.0,8.5,4.92,0.23,350,4x4 Hill Freight Carrier,572.5,651.8,79.3,0.169,Standard Mountain Traffic Flow
450.3,51.7,8.5,11.88,0.357,350,Light Disaster Utility (4WD),522.1,713.9,191.8,0.268,Standard Mountain Traffic Flow
188.9,45.0,6.0,6.08,0.213,320,4x4 Hill Freight Carrier,251.9,284.4,32.5,0.158,Standard Mountain Traffic Flow
64.95,20.0,31.4,22.33,0.727,4170,Refrigerated Medical Van,194.8,392.3,197.5,0.543,Steep Mountain Grade & Hairpin Bends
217.12,51.7,4.2,25.09,0.155,95,Light Disaster Utility (4WD),251.7,297.3,45.6,0.146,Standard Mountain Traffic Flow
306.53,45.0,18.0,42.91,0.744,1500,4x4 Hill Freight Carrier,408.7,1091.6,682.9,0.585,Active Landslide Clearance / Road Blockage
174.42,45.0,4.2,15.68,0.347,95,4x4 Hill Freight Carrier,232.6,306.2,73.6,0.267,Standard Mountain Traffic Flow
435.27,33.8,18.0,1.27,0.518,1500,Heavy Supply Truck (16T),773.8,1157.7,383.9,0.365,Standard Mountain Traffic Flow
54.81,30.0,16.0,1.92,0.452,2100,4x4 Hill Freight Carrier,109.6,188.0,78.4,0.319,Active Landslide Clearance / Road Blockage
160.98,51.7,4.2,126.06,0.618,95,Light Disaster Utility (4WD),186.6,429.9,243.2,0.622,Torrential Rainfall & Reduced Visibility
76.81,45.0,12.8,44.26,0.465,240,Refrigerated Medical Van,102.4,166.3,63.9,0.392,Standard Mountain Traffic Flow
140.06,30.0,26.5,22.8,0.654,2450,4x4 Hill Freight Carrier,280.1,520.6,240.5,0.492,Steep Mountain Grade & Hairpin Bends
446.93,45.0,8.5,12.56,0.273,350,Refrigerated Medical Van,595.9,725.5,129.6,0.21,Standard Mountain Traffic Flow
329.05,51.7,18.0,19.73,0.602,1500,Light Disaster Utility (4WD),381.5,664.3,282.8,0.451,Standard Mountain Traffic Flow
286.26,33.8,18.0,18.63,0.665,1500,Heavy Supply Truck (16T),508.9,1061.4,552.5,0.494,Active Landslide Clearance / Road Blockage
230.61,33.8,6.0,5.98,0.223,320,Heavy Supply Truck (16T),410.0,466.4,56.4,0.165,Standard Mountain Traffic Flow
116.51,30.0,26.5,2.82,0.603,2450,4x4 Hill Freight Carrier,233.0,386.1,153.1,0.426,Steep Mountain Grade & Hairpin Bends
176.59,45.0,6.0,54.06,0.501,320,4x4 Hill Freight Carrier,235.5,464.9,229.4,0.432,Active Landslide Clearance / Road Blockage
805.92,45.0,21.0,15.15,0.643,1650,4x4 Hill Freight Carrier,1074.6,1932.3,857.8,0.473,Steep Mountain Grade & Hairpin Bends
61.39,20.0,31.4,43.82,0.885,4170,Refrigerated Medical Van,184.2,460.9,276.7,0.685,Steep Mountain Grade & Hairpin Bends
481.98,51.7,18.0,45.27,0.713,1500,Light Disaster Utility (4WD),558.8,1355.3,796.5,0.567,Active Landslide Clearance / Road Blockage
66.56,23.0,31.4,55.22,1.0,4170,Light Disaster Utility (4WD),173.6,676.5,502.8,0.783,Active Landslide Clearance / Road Blockage
69.58,51.7,12.8,23.03,0.426,240,Light Disaster Utility (4WD),80.7,117.8,37.1,0.333,Standard Mountain Traffic Flow
104.55,20.0,14.5,45.1,0.385,1550,4x4 Hill Freight Carrier,313.6,511.7,198.1,0.337,Active Landslide Clearance / Road Blockage
305.83,33.8,22.0,12.76,0.743,1400,Heavy Supply Truck (16T),543.7,1223.8,680.1,0.539,Active Landslide Clearance / Road Blockage
206.71,45.0,4.2,12.14,0.154,95,Refrigerated Medical Van,275.6,307.6,32.0,0.126,Standard Mountain Traffic Flow
176.87,51.7,4.2,32.01,0.216,95,Light Disaster Utility (4WD),205.1,258.7,53.7,0.199,Standard Mountain Traffic Flow
228.87,45.0,4.2,27.69,0.259,95,Refrigerated Medical Van,305.2,390.4,85.3,0.223,Standard Mountain Traffic Flow
89.2,34.5,26.5,9.57,0.701,2450,Light Disaster Utility (4WD),155.1,293.5,138.4,0.505,Steep Mountain Grade & Hairpin Bends
268.13,45.0,22.0,22.79,0.703,1400,Refrigerated Medical Van,357.5,896.8,539.2,0.527,Active Landslide Clearance / Road Blockage
127.73,30.0,26.5,28.86,0.663,2450,Refrigerated Medical Van,255.5,704.4,449.0,0.508,Active Landslide Clearance / Road Blockage
393.74,45.0,8.5,51.84,0.543,350,4x4 Hill Freight Carrier,525.0,940.8,415.8,0.458,Standard Mountain Traffic Flow
638.49,51.7,21.0,7.39,0.521,1650,Light Disaster Utility (4WD),740.3,1134.1,393.8,0.376,Steep Mountain Grade & Hairpin Bends
123.67,30.0,26.5,19.38,0.693,2450,4x4 Hill Freight Carrier,247.3,684.0,436.6,0.514,Active Landslide Clearance / Road Blockage
688.31,45.0,21.0,34.61,0.76,1650,Refrigerated Medical Van,917.7,2081.9,1164.1,0.584,Active Landslide Clearance / Road Blockage
112.79,30.0,26.5,4.42,0.623,2450,Refrigerated Medical Van,225.6,384.6,159.0,0.443,Steep Mountain Grade & Hairpin Bends
182.42,45.0,6.0,4.73,0.34,320,Refrigerated Medical Van,243.2,304.8,61.6,0.245,Standard Mountain Traffic Flow
105.17,15.0,14.5,20.71,0.299,1550,Heavy Supply Truck (16T),420.7,540.8,120.1,0.24,Standard Mountain Traffic Flow
219.01,51.7,6.0,3.45,0.207,320,Light Disaster Utility (4WD),253.9,282.2,28.2,0.15,Standard Mountain Traffic Flow
80.92,23.0,14.5,6.16,0.228,1550,Light Disaster Utility (4WD),211.1,241.3,30.2,0.169,Standard Mountain Traffic Flow
460.76,45.0,18.0,15.58,0.586,1500,4x4 Hill Freight Carrier,614.3,1037.7,423.4,0.434,Standard Mountain Traffic Flow
260.98,45.0,8.5,37.84,0.485,350,Refrigerated Medical Van,348.0,585.3,237.3,0.396,Standard Mountain Traffic Flow
105.5,30.0,24.2,5.52,0.703,3200,Refrigerated Medical Van,211.0,626.9,415.9,0.5,Active Landslide Clearance / Road Blockage
103.88,15.0,14.5,53.05,0.356,1550,Heavy Supply Truck (16T),415.5,653.1,237.5,0.329,Standard Mountain Traffic Flow
737.11,45.0,21.0,32.14,0.698,1650,4x4 Hill Freight Carrier,982.8,2035.3,1052.5,0.537,Active Landslide Clearance / Road Blockage
165.55,33.8,6.0,6.83,0.2,320,Heavy Supply Truck (16T),294.3,330.4,36.1,0.15,Standard Mountain Traffic Flow
268.92,51.7,22.0,156.12,1.0,1400,Light Disaster Utility (4WD),311.8,1210.9,899.1,0.934,Active Landslide Clearance / Road Blockage
60.48,30.0,16.0,21.16,0.45,2100,4x4 Hill Freight Carrier,121.0,219.2,98.3,0.347,Active Landslide Clearance / Road Blockage
108.5,34.5,26.5,9.4,0.611,2450,Light Disaster Utility (4WD),188.7,322.0,133.3,0.442,Steep Mountain Grade & Hairpin Bends
82.01,15.0,14.5,23.99,0.245,1550,Heavy Supply Truck (16T),328.0,409.2,81.2,0.208,Standard Mountain Traffic Flow
180.69,45.0,4.2,22.88,0.269,95,Refrigerated Medical Van,240.9,304.7,63.8,0.222,Standard Mountain Traffic Flow
46.82,33.8,12.8,13.14,0.324,240,Heavy Supply Truck (16T),83.2,106.2,22.9,0.246,Standard Mountain Traffic Flow
526.92,33.8,21.0,74.14,0.909,1650,Heavy Supply Truck (16T),936.7,2693.1,1756.3,0.748,Active Landslide Clearance / Road Blockage
113.22,22.5,24.2,80.84,0.999,3200,Heavy Supply Truck (16T),301.9,906.1,604.1,0.82,Torrential Rainfall & Reduced Visibility
115.33,22.5,24.2,4.02,0.66,3200,Heavy Supply Truck (16T),307.5,546.6,239.1,0.468,Steep Mountain Grade & Hairpin Bends
115.54,20.0,14.5,0.56,0.136,1550,4x4 Hill Freight Carrier,346.6,363.0,16.3,0.096,Standard Mountain Traffic Flow
130.72,45.0,6.0,65.7,0.465,320,4x4 Hill Freight Carrier,174.3,357.0,182.7,0.424,Active Landslide Clearance / Road Blockage
261.35,51.7,22.0,49.18,0.892,1400,Light Disaster Utility (4WD),303.0,772.1,469.1,0.698,Steep Mountain Grade & Hairpin Bends
46.17,30.0,16.0,3.61,0.321,2100,4x4 Hill Freight Carrier,92.3,113.1,20.8,0.23,Standard Mountain Traffic Flow
640.26,45.0,21.0,3.35,0.499,1650,4x4 Hill Freight Carrier,853.7,1259.0,405.3,0.354,Steep Mountain Grade & Hairpin Bends
478.07,45.0,8.5,8.4,0.32,350,4x4 Hill Freight Carrier,637.4,795.3,157.8,0.236,Standard Mountain Traffic Flow
63.51,33.8,12.8,17.38,0.349,240,Heavy Supply Truck (16T),112.9,149.9,37.0,0.27,Standard Mountain Traffic Flow
207.75,33.8,6.0,21.81,0.382,320,Heavy Supply Truck (16T),369.3,530.4,161.0,0.3,Standard Mountain Traffic Flow
115.15,22.5,26.5,64.68,0.875,2450,Heavy Supply Truck (16T),307.1,841.4,534.4,0.71,Active Landslide Clearance / Road Blockage
106.2,15.0,14.5,78.2,0.463,1550,Heavy Supply Truck (16T),424.8,761.1,336.3,0.442,Torrential Rainfall & Reduced Visibility
230.5,51.7,6.0,6.67,0.142,320,Light Disaster Utility (4WD),267.2,288.9,21.6,0.109,Standard Mountain Traffic Flow
35.52,30.0,16.0,58.86,0.611,2100,4x4 Hill Freight Carrier,71.0,138.8,67.8,0.516,Standard Mountain Traffic Flow
249.39,45.0,22.0,54.2,0.922,1400,Refrigerated Medical Van,332.5,1071.0,738.5,0.726,Active Landslide Clearance / Road Blockage
315.39,45.0,8.5,0.51,0.339,350,4x4 Hill Freight Carrier,420.5,517.8,97.3,0.238,Standard Mountain Traffic Flow
77.06,51.7,12.8,93.86,0.722,240,Light Disaster Utility (4WD),89.3,427.4,338.0,0.646,Active Landslide Clearance / Road Blockage
118.19,15.0,14.5,17.64,0.287,1550,Heavy Supply Truck (16T),472.8,594.7,121.9,0.228,Standard Mountain Traffic Flow
405.96,33.8,18.0,2.74,0.573,1500,Heavy Supply Truck (16T),721.7,1212.4,490.7,0.405,Active Landslide Clearance / Road Blockage
358.05,45.0,8.5,13.55,0.407,350,Refrigerated Medical Van,477.4,686.0,208.6,0.306,Standard Mountain Traffic Flow
297.96,45.0,22.0,10.27,0.746,1400,4x4 Hill Freight Carrier,397.3,873.9,476.6,0.537,Active Landslide Clearance / Road Blockage
347.03,45.0,8.5,39.34,0.442,350,Refrigerated Medical Van,462.7,752.4,289.7,0.369,Standard Mountain Traffic Flow
85.54,20.0,31.4,33.44,0.816,4170,Refrigerated Medical Van,256.6,818.6,562.0,0.621,Active Landslide Clearance / Road Blockage
76.31,22.5,24.2,19.95,0.619,3200,Heavy Supply Truck (16T),203.5,361.2,157.7,0.463,Steep Mountain Grade & Hairpin Bends
116.45,30.0,26.5,17.57,0.651,2450,Refrigerated Medical Van,232.9,557.4,324.5,0.482,Active Landslide Clearance / Road Blockage
363.6,45.0,18.0,0.51,0.418,1500,4x4 Hill Freight Carrier,484.8,647.4,162.6,0.293,Standard Mountain Traffic Flow
276.32,45.0,18.0,11.04,0.578,1500,Refrigerated Medical Van,368.4,608.6,240.2,0.421,Standard Mountain Traffic Flow
177.12,33.8,4.2,15.0,0.181,95,Heavy Supply Truck (16T),314.9,361.8,46.9,0.149,Standard Mountain Traffic Flow
443.22,51.7,18.0,29.84,0.584,1500,Light Disaster Utility (4WD),513.9,902.9,389.0,0.454,Standard Mountain Traffic Flow
84.48,15.0,31.4,18.04,0.861,4170,Heavy Supply Truck (16T),337.9,909.8,571.9,0.63,Active Landslide Clearance / Road Blockage
126.53,20.0,14.5,17.11,0.253,1550,Refrigerated Medical Van,379.6,463.1,83.5,0.203,Standard Mountain Traffic Flow
45.88,30.0,16.0,42.84,0.526,2100,Refrigerated Medical Van,91.8,157.6,65.9,0.433,Standard Mountain Traffic Flow
170.33,45.0,4.2,13.35,0.123,95,4x4 Hill Freight Carrier,227.1,250.6,23.5,0.106,Standard Mountain Traffic Flow
40.37,30.0,16.0,25.98,0.514,2100,Refrigerated Medical Van,80.7,130.2,49.5,0.399,Standard Mountain Traffic Flow
163.55,33.8,6.0,134.65,0.79,320,Heavy Supply Truck (16T),290.8,951.7,660.9,0.755,Active Landslide Clearance / Road Blockage
58.3,33.8,12.8,54.15,0.612,240,Heavy Supply Truck (16T),103.6,200.3,96.7,0.51,Standard Mountain Traffic Flow
50.61,51.7,12.8,18.95,0.468,240,Light Disaster Utility (4WD),58.7,88.2,29.5,0.356,Standard Mountain Traffic Flow
484.13,33.8,18.0,21.04,0.645,1500,Heavy Supply Truck (16T),860.7,1576.9,716.2,0.483,Standard Mountain Traffic Flow
298.77,45.0,22.0,10.05,0.776,1400,4x4 Hill Freight Carrier,398.4,979.1,580.7,0.558,Active Landslide Clearance / Road Blockage
157.76,33.8,4.2,35.16,0.218,95,Heavy Supply Truck (16T),280.5,358.7,78.3,0.206,Standard Mountain Traffic Flow
157.86,51.7,4.2,16.34,0.273,95,Light Disaster Utility (4WD),183.0,226.2,43.2,0.215,Standard Mountain Traffic Flow
299.51,45.0,8.5,16.11,0.416,350,4x4 Hill Freight Carrier,399.3,563.4,164.0,0.315,Standard Mountain Traffic Flow
131.51,23.0,14.5,28.02,0.257,1550,Light Disaster Utility (4WD),343.1,438.8,95.7,0.222,Standard Mountain Traffic Flow
50.58,20.0,31.4,80.22,1.0,4170,4x4 Hill Freight Carrier,151.8,613.4,461.6,0.82,Active Landslide Clearance / Road Blockage
200.54,33.8,4.2,16.33,0.212,95,Heavy Supply Truck (16T),356.5,420.6,64.1,0.173,Standard Mountain Traffic Flow
59.76,34.5,16.0,17.25,0.461,2100,Light Disaster Utility (4WD),103.9,154.1,50.2,0.348,Standard Mountain Traffic Flow
608.86,33.8,21.0,2.92,0.638,1650,Heavy Supply Truck (16T),1082.4,1870.4,788.0,0.451,Steep Mountain Grade & Hairpin Bends
240.93,51.7,4.2,2.35,0.133,95,Light Disaster Utility (4WD),279.3,294.4,15.1,0.096,Standard Mountain Traffic Flow
89.38,20.0,14.5,0.23,0.143,1550,4x4 Hill Freight Carrier,268.2,281.4,13.3,0.101,Standard Mountain Traffic Flow
107.43,23.0,14.5,4.43,0.231,1550,Light Disaster Utility (4WD),280.2,318.5,38.2,0.168,Standard Mountain Traffic Flow
437.2,45.0,8.5,18.07,0.307,350,4x4 Hill Freight Carrier,582.9,747.0,164.0,0.242,Standard Mountain Traffic Flow
62.35,51.7,12.8,1.0,0.349,240,Light Disaster Utility (4WD),72.3,90.0,17.7,0.246,Standard Mountain Traffic Flow
63.76,45.0,12.8,40.36,0.502,240,Refrigerated Medical Van,85.0,141.5,56.5,0.412,Standard Mountain Traffic Flow
95.43,34.5,24.2,14.93,0.693,3200,Light Disaster Utility (4WD),166.0,315.8,149.8,0.508,Steep Mountain Grade & Hairpin Bends
44.3,30.0,16.0,39.96,0.521,2100,4x4 Hill Freight Carrier,88.6,188.2,99.6,0.425,Active Landslide Clearance / Road Blockage
234.44,45.0,4.2,71.35,0.409,95,4x4 Hill Freight Carrier,312.6,524.1,211.5,0.393,Torrential Rainfall & Reduced Visibility
370.58,33.8,8.5,9.26,0.358,350,Heavy Supply Truck (16T),658.8,855.2,196.4,0.264,Standard Mountain Traffic Flow
259.0,45.0,4.2,18.37,0.184,95,4x4 Hill Freight Carrier,345.3,403.3,58.0,0.156,Standard Mountain Traffic Flow
158.23,33.8,4.2,20.95,0.152,95,Heavy Supply Truck (16T),281.3,325.9,44.6,0.138,Standard Mountain Traffic Flow
212.33,45.0,4.2,12.36,0.198,95,4x4 Hill Freight Carrier,283.1,325.3,42.1,0.157,Standard Mountain Traffic Flow
227.21,45.0,22.0,42.92,0.845,1400,4x4 Hill Freight Carrier,303.0,865.6,562.6,0.656,Active Landslide Clearance / Road Blockage
73.38,30.0,24.2,3.99,0.591,3200,Refrigerated Medical Van,146.8,240.8,94.1,0.42,Steep Mountain Grade & Hairpin Bends
62.95,30.0,16.0,1.51,0.367,2100,Refrigerated Medical Van,125.9,194.8,68.9,0.259,Active Landslide Clearance / Road Blockage
109.41,23.0,14.5,10.73,0.166,1550,Light Disaster Utility (4WD),285.4,318.8,33.3,0.132,Standard Mountain Traffic Flow
209.05,33.8,6.0,12.12,0.28,320,Heavy Supply Truck (16T),371.7,454.3,82.7,0.214,Standard Mountain Traffic Flow
188.16,33.8,6.0,37.73,0.293,320,Heavy Supply Truck (16T),334.5,456.5,122.0,0.262,Standard Mountain Traffic Flow
62.22,45.0,12.8,43.93,0.601,240,Refrigerated Medical Van,83.0,154.3,71.3,0.487,Standard Mountain Traffic Flow
59.4,34.5,16.0,3.29,0.459,2100,Light Disaster Utility (4WD),103.3,145.7,42.4,0.326,Standard Mountain Traffic Flow
85.97,30.0,24.2,12.11,0.641,3200,4x4 Hill Freight Carrier,171.9,305.9,133.9,0.467,Steep Mountain Grade & Hairpin Bends
67.45,20.0,31.4,27.7,0.831,4170,Refrigerated Medical Van,202.4,462.3,259.9,0.623,Steep Mountain Grade & Hairpin Bends
58.65,20.0,31.4,5.33,0.743,4170,4x4 Hill Freight Carrier,175.9,398.8,222.9,0.528,Active Landslide Clearance / Road Blockage
73.85,20.0,31.4,23.6,0.847,4170,Refrigerated Medical Van,221.6,510.5,289.0,0.628,Steep Mountain Grade & Hairpin Bends
422.01,33.8,8.5,9.0,0.267,350,Heavy Supply Truck (16T),750.2,895.4,145.1,0.2,Standard Mountain Traffic Flow
185.27,45.0,4.2,139.6,0.745,95,Refrigerated Medical Van,247.0,652.1,405.1,0.731,Torrential Rainfall & Reduced Visibility
603.13,51.7,21.0,47.3,0.757,1650,Light Disaster Utility (4WD),699.3,1737.7,1038.4,0.601,Active Landslide Clearance / Road Blockage
53.23,30.0,16.0,57.88,0.618,2100,4x4 Hill Freight Carrier,106.5,208.8,102.4,0.519,Standard Mountain Traffic Flow
309.19,45.0,8.5,15.26,0.374,350,4x4 Hill Freight Carrier,412.3,556.1,143.8,0.285,Standard Mountain Traffic Flow
425.86,45.0,8.5,31.57,0.35,350,4x4 Hill Freight Carrier,567.8,832.5,264.7,0.293,Active Landslide Clearance / Road Blockage
714.27,45.0,21.0,24.81,0.74,1650,4x4 Hill Freight Carrier,952.4,2018.7,1066.3,0.555,Active Landslide Clearance / Road Blockage
39.06,34.5,16.0,7.43,0.431,2100,Light Disaster Utility (4WD),67.9,94.4,26.4,0.313,Standard Mountain Traffic Flow
247.85,33.8,22.0,6.81,0.597,1400,Heavy Supply Truck (16T),440.6,752.3,311.7,0.428,Steep Mountain Grade & Hairpin Bends
163.76,45.0,4.2,124.78,0.674,95,Refrigerated Medical Van,218.3,736.9,518.5,0.659,Active Landslide Clearance / Road Blockage
113.49,20.0,14.5,36.8,0.322,1550,Refrigerated Medical Van,340.5,474.1,133.7,0.281,Standard Mountain Traffic Flow
50.49,33.8,12.8,34.98,0.528,240,Heavy Supply Truck (16T),89.8,151.0,61.2,0.422,Standard Mountain Traffic Flow
296.22,51.7,18.0,44.5,0.672,1500,Light Disaster Utility (4WD),343.4,752.8,409.4,0.537,Active Landslide Clearance / Road Blockage
138.85,23.0,14.5,10.88,0.215,1550,Light Disaster Utility (4WD),362.2,418.3,56.1,0.167,Standard Mountain Traffic Flow
227.13,33.8,22.0,31.11,0.882,1400,Heavy Supply Truck (16T),403.8,1212.1,808.3,0.664,Active Landslide Clearance / Road Blockage
81.23,20.0,14.5,75.34,0.543,1550,4x4 Hill Freight Carrier,243.7,465.4,221.7,0.493,Torrential Rainfall & Reduced Visibility
341.99,33.8,8.5,19.15,0.378,350,Heavy Supply Truck (16T),608.0,835.4,227.4,0.294,Standard Mountain Traffic Flow
250.66,45.0,4.2,16.08,0.165,95,Refrigerated Medical Van,334.2,381.9,47.7,0.139,Standard Mountain Traffic Flow
162.16,45.0,4.2,30.79,0.245,95,Refrigerated Medical Van,216.2,276.9,60.7,0.217,Standard Mountain Traffic Flow
80.72,20.0,31.4,26.21,0.816,4170,4x4 Hill Freight Carrier,242.2,542.7,300.5,0.611,Steep Mountain Grade & Hairpin Bends
81.79,34.5,24.2,20.54,0.646,3200,Light Disaster Utility (4WD),142.2,260.4,118.2,0.483,Steep Mountain Grade & Hairpin Bends
760.98,33.8,21.0,44.86,0.863,1650,Heavy Supply Truck (16T),1352.9,3317.5,1964.6,0.672,Steep Mountain Grade & Hairpin Bends
287.37,51.7,8.5,33.33,0.404,350,Light Disaster Utility (4WD),333.2,492.8,159.6,0.333,Standard Mountain Traffic Flow
149.64,45.0,6.0,17.31,0.279,320,Refrigerated Medical Van,199.5,249.0,49.4,0.222,Standard Mountain Traffic Flow
278.4,51.7,8.5,35.32,0.406,350,Light Disaster Utility (4WD),322.8,481.8,159.0,0.337,Standard Mountain Traffic Flow
442.98,45.0,21.0,28.85,0.699,1650,Refrigerated Medical Van,590.6,1398.3,807.7,0.532,Active Landslide Clearance / Road Blockage
114.28,23.0,14.5,1.33,0.189,1550,Light Disaster Utility (4WD),298.1,323.9,25.8,0.135,Standard Mountain Traffic Flow
561.46,45.0,21.0,2.4,0.69,1650,4x4 Hill Freight Carrier,748.6,1509.1,760.4,0.487,Active Landslide Clearance / Road Blockage
190.21,45.0,4.2,3.81,0.084,95,Refrigerated Medical Van,253.6,263.2,9.6,0.065,Standard Mountain Traffic Flow
150.58,45.0,6.0,3.17,0.216,320,Refrigerated Medical Van,200.8,224.3,23.6,0.156,Standard Mountain Traffic Flow
65.71,45.0,12.8,12.59,0.414,240,4x4 Hill Freight Carrier,87.6,121.8,34.2,0.309,Standard Mountain Traffic Flow
59.41,20.0,31.4,30.61,0.729,4170,Refrigerated Medical Van,178.2,527.5,349.3,0.556,Active Landslide Clearance / Road Blockage
203.61,45.0,4.2,10.85,0.115,95,Refrigerated Medical Van,271.5,295.0,23.5,0.096,Standard Mountain Traffic Flow
92.92,30.0,24.2,33.21,0.751,3200,Refrigerated Medical Van,185.8,394.4,208.6,0.576,Steep Mountain Grade & Hairpin Bends
130.26,33.8,6.0,6.19,0.222,320,Heavy Supply Truck (16T),231.6,263.4,31.8,0.165,Standard Mountain Traffic Flow
64.39,45.0,12.8,60.34,0.678,240,Refrigerated Medical Van,85.8,253.7,167.8,0.565,Active Landslide Clearance / Road Blockage
104.19,30.0,24.2,40.9,0.699,3200,Refrigerated Medical Van,208.4,426.1,217.7,0.551,Steep Mountain Grade & Hairpin Bends
307.95,51.7,22.0,0.26,0.68,1400,Light Disaster Utility (4WD),357.0,818.4,461.4,0.476,Active Landslide Clearance / Road Blockage
253.84,51.7,4.2,1.77,0.102,95,Light Disaster Utility (4WD),294.3,304.7,10.4,0.074,Standard Mountain Traffic Flow
216.78,45.0,4.2,25.25,0.222,95,Refrigerated Medical Van,289.0,356.3,67.2,0.193,Standard Mountain Traffic Flow
263.73,45.0,22.0,6.37,0.648,1400,4x4 Hill Freight Carrier,351.6,620.8,269.1,0.463,Steep Mountain Grade & Hairpin Bends
342.01,33.8,18.0,30.68,0.7,1500,Heavy Supply Truck (16T),608.0,1324.9,716.9,0.536,Active Landslide Clearance / Road Blockage
340.4,45.0,18.0,125.72,1.0,1500,Refrigerated Medical Van,453.9,1465.4,1011.5,0.889,Torrential Rainfall & Reduced Visibility
309.13,45.0,22.0,0.88,0.635,1400,4x4 Hill Freight Carrier,412.2,705.0,292.8,0.446,Steep Mountain Grade & Hairpin Bends
50.79,20.0,31.4,9.59,0.771,4170,Refrigerated Medical Van,152.4,312.5,160.1,0.554,Steep Mountain Grade & Hairpin Bends
94.9,30.0,26.5,51.33,0.753,2450,4x4 Hill Freight Carrier,189.8,420.9,231.1,0.604,Steep Mountain Grade & Hairpin Bends
123.77,22.5,26.5,225.67,1.0,2450,Heavy Supply Truck (16T),330.0,1414.0,1084.0,0.98,Active Landslide Clearance / Road Blockage
206.64,33.8,6.0,83.6,0.572,320,Heavy Supply Truck (16T),367.4,788.9,421.6,0.525,Active Landslide Clearance / Road Blockage
469.78,51.7,8.5,7.11,0.276,350,Light Disaster Utility (4WD),544.7,650.0,105.3,0.204,Standard Mountain Traffic Flow
397.7,45.0,18.0,34.24,0.686,1500,Refrigerated Medical Van,530.3,1146.6,616.3,0.531,Active Landslide Clearance / Road Blockage
558.05,45.0,21.0,17.48,0.597,1650,4x4 Hill Freight Carrier,744.1,1318.8,574.8,0.444,Active Landslide Clearance / Road Blockage
601.86,45.0,21.0,20.39,0.64,1650,Refrigerated Medical Van,802.5,1459.3,656.8,0.479,Steep Mountain Grade & Hairpin Bends
148.3,45.0,4.2,6.54,0.122,95,Refrigerated Medical Van,197.7,211.3,13.6,0.095,Standard Mountain Traffic Flow
386.36,33.8,8.5,46.27,0.423,350,Heavy Supply Truck (16T),686.9,1079.7,392.9,0.366,Standard Mountain Traffic Flow
114.35,22.5,24.2,37.59,0.824,3200,Heavy Supply Truck (16T),304.9,815.0,510.1,0.633,Active Landslide Clearance / Road Blockage
215.58,33.8,22.0,22.25,0.765,1400,Heavy Supply Truck (16T),383.2,949.8,566.5,0.569,Active Landslide Clearance / Road Blockage
33.91,30.0,16.0,33.58,0.484,2100,4x4 Hill Freight Carrier,67.8,108.6,40.7,0.389,Standard Mountain Traffic Flow
85.53,34.5,24.2,21.45,0.719,3200,Light Disaster Utility (4WD),148.8,532.1,383.3,0.535,Active Landslide Clearance / Road Blockage
83.44,20.0,14.5,10.02,0.148,1550,Refrigerated Medical Van,250.3,275.6,25.3,0.118,Standard Mountain Traffic Flow
93.13,22.5,26.5,8.57,0.672,2450,Heavy Supply Truck (16T),248.3,676.4,428.1,0.483,Active Landslide Clearance / Road Blockage
73.44,30.0,24.2,23.49,0.692,3200,Refrigerated Medical Van,146.9,285.2,138.3,0.52,Steep Mountain Grade & Hairpin Bends
193.1,45.0,6.0,22.13,0.242,320,Refrigerated Medical Van,257.5,318.0,60.6,0.203,Standard Mountain Traffic Flow
245.48,45.0,22.0,15.39,0.697,1400,Refrigerated Medical Van,327.3,626.2,298.9,0.511,Steep Mountain Grade & Hairpin Bends
130.26,30.0,26.5,43.27,0.757,2450,Refrigerated Medical Van,260.5,781.7,521.1,0.595,Active Landslide Clearance / Road Blockage
80.71,22.5,26.5,22.43,0.714,2450,Heavy Supply Truck (16T),215.2,577.4,362.2,0.534,Active Landslide Clearance / Road Blockage
58.9,30.0,16.0,3.08,0.366,2100,Refrigerated Medical Van,117.8,150.5,32.7,0.261,Standard Mountain Traffic Flow
759.29,45.0,21.0,83.85,0.863,1650,Refrigerated Medical Van,1012.4,2678.9,1666.5,0.73,Torrential Rainfall & Reduced Visibility
146.5,15.0,14.5,95.97,0.544,1550,Heavy Supply Truck (16T),586.0,1180.1,594.1,0.524,Torrential Rainfall & Reduced Visibility
132.57,34.5,26.5,66.95,0.8,2450,Light Disaster Utility (4WD),230.6,554.9,324.3,0.661,Torrential Rainfall & Reduced Visibility
144.27,33.8,6.0,29.0,0.332,320,Heavy Supply Truck (16T),256.5,350.2,93.7,0.276,Standard Mountain Traffic Flow
47.11,45.0,12.8,18.36,0.465,240,4x4 Hill Freight Carrier,62.8,94.0,31.1,0.353,Standard Mountain Traffic Flow
366.75,51.7,18.0,25.86,0.607,1500,Light Disaster Utility (4WD),425.2,757.2,332.0,0.464,Standard Mountain Traffic Flow
80.77,33.8,12.8,23.53,0.442,240,Heavy Supply Truck (16T),143.6,213.3,69.7,0.345,Standard Mountain Traffic Flow
175.39,51.7,6.0,92.78,0.573,320,Light Disaster Utility (4WD),203.3,417.0,213.6,0.54,Torrential Rainfall & Reduced Visibility
57.36,30.0,16.0,9.07,0.396,2100,Refrigerated Medical Van,114.7,154.5,39.8,0.291,Standard Mountain Traffic Flow
106.04,30.0,24.2,9.5,0.659,3200,4x4 Hill Freight Carrier,212.1,382.3,170.2,0.476,Steep Mountain Grade & Hairpin Bends
73.14,30.0,24.2,42.55,0.764,3200,4x4 Hill Freight Carrier,146.3,491.6,345.4,0.599,Active Landslide Clearance / Road Blockage
781.12,33.8,21.0,45.83,0.808,1650,Heavy Supply Truck (16T),1388.7,3221.4,1832.8,0.635,Steep Mountain Grade & Hairpin Bends
268.58,51.7,22.0,33.16,0.756,1400,Light Disaster Utility (4WD),311.4,871.6,560.2,0.579,Active Landslide Clearance / Road Blockage
93.73,22.5,24.2,18.82,0.625,3200,Heavy Supply Truck (16T),249.9,445.1,195.2,0.466,Steep Mountain Grade & Hairpin Bends
143.81,51.7,6.0,28.76,0.383,320,Light Disaster Utility (4WD),166.7,238.0,71.3,0.311,Standard Mountain Traffic Flow
207.19,51.7,22.0,2.5,0.725,1400,Light Disaster Utility (4WD),240.2,577.0,336.8,0.511,Active Landslide Clearance / Road Blockage
109.46,30.0,26.5,15.68,0.607,2450,4x4 Hill Freight Carrier,218.9,378.7,159.8,0.448,Steep Mountain Grade & Hairpin Bends
123.03,20.0,14.5,13.21,0.317,1550,4x4 Hill Freight Carrier,369.1,468.0,99.0,0.242,Standard Mountain Traffic Flow
455.22,45.0,18.0,35.74,0.546,1500,Refrigerated Medical Van,607.0,1041.9,434.9,0.436,Standard Mountain Traffic Flow
111.03,30.0,24.2,37.8,0.797,3200,Refrigerated Medical Van,222.1,680.0,458.0,0.615,Active Landslide Clearance / Road Blockage
100.75,23.0,14.5,46.2,0.408,1550,Light Disaster Utility (4WD),262.8,407.4,144.6,0.355,Standard Mountain Traffic Flow
137.31,34.5,26.5,7.4,0.541,2450,Light Disaster Utility (4WD),238.8,374.1,135.3,0.39,Steep Mountain Grade & Hairpin Bends
62.69,30.0,16.0,19.55,0.538,2100,4x4 Hill Freight Carrier,125.4,203.4,78.0,0.406,Standard Mountain Traffic Flow
170.85,45.0,4.2,14.43,0.148,95,4x4 Hill Freight Carrier,227.8,255.9,28.1,0.125,Standard Mountain Traffic Flow
66.02,51.7,12.8,80.31,0.682,240,Light Disaster Utility (4WD),76.5,379.6,303.1,0.598,Active Landslide Clearance / Road Blockage
271.16,51.7,8.5,150.57,0.84,350,Light Disaster Utility (4WD),314.4,918.4,604.0,0.814,Torrential Rainfall & Reduced Visibility
77.63,22.5,26.5,5.64,0.628,2450,Heavy Supply Truck (16T),207.0,356.1,149.0,0.448,Steep Mountain Grade & Hairpin Bends
246.84,45.0,4.2,0.66,0.161,95,4x4 Hill Freight Carrier,329.1,349.8,20.7,0.113,Standard Mountain Traffic Flow
65.35,45.0,12.8,45.8,0.494,240,4x4 Hill Freight Carrier,87.1,146.2,59.1,0.414,Standard Mountain Traffic Flow
423.14,51.7,8.5,1.56,0.274,350,Light Disaster Utility (4WD),490.6,570.8,80.2,0.194,Standard Mountain Traffic Flow
116.36,20.0,14.5,31.01,0.321,1550,Refrigerated Medical Van,349.1,475.6,126.5,0.272,Standard Mountain Traffic Flow
88.13,34.5,26.5,112.18,0.994,2450,Light Disaster Utility (4WD),153.3,481.7,328.5,0.864,Torrential Rainfall & Reduced Visibility
61.16,30.0,16.0,26.48,0.485,2100,Refrigerated Medical Van,122.3,238.2,115.9,0.379,Active Landslide Clearance / Road Blockage
91.07,22.5,24.2,54.01,0.796,3200,Heavy Supply Truck (16T),242.9,566.0,323.1,0.638,Steep Mountain Grade & Hairpin Bends
230.36,33.8,4.2,15.01,0.177,95,Heavy Supply Truck (16T),409.5,469.3,59.8,0.147,Standard Mountain Traffic Flow
535.07,45.0,21.0,0.1,0.64,1650,Refrigerated Medical Van,713.4,1224.9,511.5,0.448,Steep Mountain Grade & Hairpin Bends
105.5,23.0,14.5,24.92,0.306,1550,Light Disaster Utility (4WD),275.2,361.7,86.4,0.251,Standard Mountain Traffic Flow
518.07,51.7,21.0,29.2,0.716,1650,Light Disaster Utility (4WD),600.7,1386.3,785.6,0.545,Active Landslide Clearance / Road Blockage
310.19,45.0,22.0,14.41,0.692,1400,4x4 Hill Freight Carrier,413.6,784.5,370.9,0.506,Steep Mountain Grade & Hairpin Bends
721.24,33.8,21.0,27.32,0.701,1650,Heavy Supply Truck (16T),1282.2,2646.7,1364.4,0.532,Active Landslide Clearance / Road Blockage
252.94,45.0,4.2,1.51,0.161,95,Refrigerated Medical Van,337.3,360.0,22.7,0.115,Standard Mountain Traffic Flow
138.8,51.7,6.0,2.58,0.223,320,Light Disaster Utility (4WD),160.9,180.3,19.3,0.16,Standard Mountain Traffic Flow
78.68,20.0,14.5,15.41,0.297,1550,Refrigerated Medical Van,236.0,296.7,60.7,0.231,Standard Mountain Traffic Flow
200.11,45.0,22.0,29.38,0.76,1400,4x4 Hill Freight Carrier,266.8,619.7,352.9,0.576,Active Landslide Clearance / Road Blockage
434.46,45.0,18.0,55.36,0.842,1500,Refrigerated Medical Van,579.3,1420.2,840.9,0.673,Standard Mountain Traffic Flow
70.43,45.0,12.8,53.15,0.573,240,4x4 Hill Freight Carrier,93.9,174.1,80.2,0.481,Standard Mountain Traffic Flow
79.99,22.5,24.2,0.4,0.613,3200,Heavy Supply Truck (16T),213.3,355.3,142.0,0.43,Steep Mountain Grade & Hairpin Bends
444.92,51.7,8.5,85.33,0.562,350,Light Disaster Utility (4WD),515.8,1028.0,512.2,0.521,Torrential Rainfall & Reduced Visibility
95.67,20.0,14.5,18.85,0.29,1550,Refrigerated Medical Van,287.0,363.5,76.5,0.231,Standard Mountain Traffic Flow
137.13,30.0,26.5,4.86,0.572,2450,4x4 Hill Freight Carrier,274.3,493.0,218.7,0.408,Active Landslide Clearance / Road Blockage
779.86,45.0,21.0,16.73,0.71,1650,4x4 Hill Freight Carrier,1039.8,2140.1,1100.3,0.522,Active Landslide Clearance / Road Blockage
84.42,20.0,31.4,22.62,0.86,4170,Refrigerated Medical Van,253.2,665.9,412.6,0.636,Active Landslide Clearance / Road Blockage
86.26,20.0,31.4,6.54,0.821,4170,4x4 Hill Freight Carrier,258.8,784.5,525.7,0.585,Active Landslide Clearance / Road Blockage
60.47,23.0,31.4,39.71,0.83,4170,Light Disaster Utility (4WD),157.8,475.0,317.3,0.641,Active Landslide Clearance / Road Blockage
127.06,30.0,26.5,24.41,0.62,2450,Refrigerated Medical Van,254.1,457.1,202.9,0.471,Steep Mountain Grade & Hairpin Bends
87.92,15.0,31.4,11.02,0.818,4170,Heavy Supply Truck (16T),351.7,762.8,411.1,0.589,Steep Mountain Grade & Hairpin Bends
140.44,45.0,6.0,15.35,0.322,320,Refrigerated Medical Van,187.2,240.6,53.4,0.249,Standard Mountain Traffic Flow
109.25,22.5,26.5,13.19,0.692,2450,Heavy Supply Truck (16T),291.3,637.7,346.3,0.504,Active Landslide Clearance / Road Blockage
414.9,45.0,8.5,82.02,0.552,350,4x4 Hill Freight Carrier,553.2,1124.1,570.9,0.509,Active Landslide Clearance / Road Blockage
218.58,45.0,4.2,2.14,0.108,95,4x4 Hill Freight Carrier,291.4,303.0,11.6,0.079,Standard Mountain Traffic Flow
219.04,51.7,4.2,116.06,0.619,95,Light Disaster Utility (4WD),254.0,572.9,319.0,0.608,Torrential Rainfall & Reduced Visibility
216.6,45.0,4.2,38.7,0.24,95,Refrigerated Medical Van,288.8,380.2,91.4,0.226,Standard Mountain Traffic Flow
57.05,30.0,16.0,1.07,0.38,2100,Refrigerated Medical Van,114.1,146.7,32.6,0.268,Standard Mountain Traffic Flow
445.21,51.7,18.0,0.7,0.519,1500,Light Disaster Utility (4WD),516.2,771.6,255.4,0.364,Standard Mountain Traffic Flow
371.2,45.0,8.5,27.28,0.393,350,4x4 Hill Freight Carrier,494.9,709.9,215.0,0.316,Standard Mountain Traffic Flow
69.46,15.0,31.4,12.5,0.673,4170,Heavy Supply Truck (16T),277.8,513.4,235.5,0.49,Steep Mountain Grade & Hairpin Bends
59.76,51.7,12.8,13.34,0.387,240,Light Disaster Utility (4WD),69.3,94.0,24.7,0.291,Standard Mountain Traffic Flow
257.21,45.0,22.0,8.15,0.683,1400,Refrigerated Medical Van,343.0,715.8,372.8,0.49,Active Landslide Clearance / Road Blockage
108.86,30.0,26.5,60.39,0.837,2450,Refrigerated Medical Van,217.7,536.2,318.5,0.676,Torrential Rainfall & Reduced Visibility
44.02,45.0,12.8,34.14,0.424,240,Refrigerated Medical Van,58.7,88.7,30.0,0.348,Standard Mountain Traffic Flow
741.01,45.0,21.0,13.81,0.664,1650,4x4 Hill Freight Carrier,988.0,1813.4,825.4,0.486,Steep Mountain Grade & Hairpin Bends
78.44,30.0,24.2,52.83,0.87,3200,4x4 Hill Freight Carrier,156.9,561.6,404.7,0.688,Active Landslide Clearance / Road Blockage
81.75,23.0,31.4,54.32,0.951,4170,Light Disaster Utility (4WD),213.3,582.8,369.5,0.747,Steep Mountain Grade & Hairpin Bends
268.26,33.8,8.5,44.89,0.427,350,Heavy Supply Truck (16T),476.9,748.6,271.7,0.366,Standard Mountain Traffic Flow
90.17,22.5,24.2,2.58,0.639,3200,Heavy Supply Truck (16T),240.4,415.4,174.9,0.451,Steep Mountain Grade & Hairpin Bends
710.19,45.0,21.0,23.72,0.629,1650,Refrigerated Medical Van,946.9,1760.3,813.4,0.476,Active Landslide Clearance / Road Blockage
417.87,33.8,8.5,38.44,0.458,350,Heavy Supply Truck (16T),742.9,1176.9,434.0,0.378,Standard Mountain Traffic Flow
212.44,33.8,6.0,57.63,0.439,320,Heavy Supply Truck (16T),377.7,669.9,292.2,0.394,Active Landslide Clearance / Road Blockage
396.41,51.7,18.0,6.35,0.515,1500,Light Disaster Utility (4WD),459.6,697.1,237.5,0.37,Standard Mountain Traffic Flow
49.85,30.0,16.0,15.7,0.504,2100,4x4 Hill Freight Carrier,99.7,154.0,54.3,0.376,Standard Mountain Traffic Flow
104.19,34.5,26.5,0.8,0.562,2450,Light Disaster Utility (4WD),181.2,284.5,103.3,0.394,Steep Mountain Grade & Hairpin Bends
453.95,51.7,21.0,58.19,0.835,1650,Light Disaster Utility (4WD),526.3,1404.7,878.3,0.672,Active Landslide Clearance / Road Blockage
61.19,22.5,16.0,32.61,0.517,2100,Heavy Supply Truck (16T),163.2,269.4,106.2,0.411,Standard Mountain Traffic Flow
751.16,45.0,21.0,43.55,0.754,1650,4x4 Hill Freight Carrier,1001.5,2264.1,1262.6,0.593,Active Landslide Clearance / Road Blockage
54.24,51.7,12.8,45.17,0.414,240,Light Disaster Utility (4WD),62.9,97.7,34.8,0.358,Standard Mountain Traffic Flow
59.88,30.0,16.0,38.67,0.492,2100,4x4 Hill Freight Carrier,119.8,213.9,94.1,0.402,Standard Mountain Traffic Flow
573.5,45.0,21.0,18.7,0.671,1650,Refrigerated Medical Van,764.7,1433.0,668.4,0.498,Steep Mountain Grade & Hairpin Bends
190.09,45.0,6.0,0.2,0.227,320,4x4 Hill Freight Carrier,253.5,281.8,28.3,0.159,Standard Mountain Traffic Flow
138.15,45.0,6.0,47.92,0.471,320,Refrigerated Medical Van,184.2,304.4,120.2,0.402,Standard Mountain Traffic Flow
201.02,45.0,6.0,22.49,0.266,320,4x4 Hill Freight Carrier,268.0,337.8,69.7,0.22,Standard Mountain Traffic Flow
78.06,20.0,31.4,72.66,1.0,4170,4x4 Hill Freight Carrier,234.2,694.0,459.8,0.809,Torrential Rainfall & Reduced Visibility
134.12,51.7,6.0,9.18,0.242,320,Light Disaster Utility (4WD),155.5,182.0,26.5,0.183,Standard Mountain Traffic Flow
270.42,51.7,22.0,22.96,0.768,1400,Light Disaster Utility (4WD),313.5,823.1,509.5,0.572,Active Landslide Clearance / Road Blockage
349.14,51.7,8.5,10.7,0.364,350,Light Disaster Utility (4WD),404.8,531.3,126.5,0.271,Standard Mountain Traffic Flow
52.52,22.5,16.0,8.38,0.472,2100,Heavy Supply Truck (16T),140.1,204.0,64.0,0.343,Standard Mountain Traffic Flow
50.57,23.0,31.4,49.62,0.821,4170,Light Disaster Utility (4WD),131.9,312.7,180.8,0.649,Steep Mountain Grade & Hairpin Bends
67.97,30.0,24.2,1.94,0.623,3200,4x4 Hill Freight Carrier,135.9,230.1,94.2,0.439,Steep Mountain Grade & Hairpin Bends
56.39,45.0,12.8,49.0,0.471,240,4x4 Hill Freight Carrier,75.2,124.6,49.4,0.403,Standard Mountain Traffic Flow
105.97,22.5,24.2,7.21,0.656,3200,Heavy Supply Truck (16T),282.6,601.7,319.1,0.47,Active Landslide Clearance / Road Blockage
94.4,20.0,14.5,21.71,0.222,1550,4x4 Hill Freight Carrier,283.2,344.2,61.0,0.188,Standard Mountain Traffic Flow
240.2,51.7,22.0,62.12,0.876,1400,Light Disaster Utility (4WD),278.5,715.8,437.3,0.706,Torrential Rainfall & Reduced Visibility
185.9,45.0,6.0,63.19,0.449,320,4x4 Hill Freight Carrier,247.9,461.0,213.1,0.409,Active Landslide Clearance / Road Blockage
69.71,20.0,31.4,32.38,0.828,4170,4x4 Hill Freight Carrier,209.1,481.1,272.0,0.628,Steep Mountain Grade & Hairpin Bends
132.91,15.0,14.5,41.75,0.34,1550,Heavy Supply Truck (16T),531.6,764.6,233.0,0.301,Standard Mountain Traffic Flow
302.23,45.0,8.5,24.02,0.406,350,Refrigerated Medical Van,403.0,578.9,175.9,0.321,Standard Mountain Traffic Flow
68.45,34.5,24.2,10.23,0.638,3200,Light Disaster Utility (4WD),119.0,209.9,90.9,0.462,Steep Mountain Grade & Hairpin Bends
188.74,51.7,22.0,0.97,0.589,1400,Light Disaster Utility (4WD),218.8,354.8,136.0,0.414,Steep Mountain Grade & Hairpin Bends
224.24,45.0,4.2,28.27,0.282,95,Refrigerated Medical Van,299.0,390.2,91.2,0.24,Standard Mountain Traffic Flow
189.2,45.0,22.0,10.32,0.755,1400,4x4 Hill Freight Carrier,252.3,578.8,326.5,0.544,Active Landslide Clearance / Road Blockage
247.43,45.0,4.2,41.22,0.256,95,Refrigerated Medical Van,329.9,443.2,113.3,0.241,Standard Mountain Traffic Flow
317.48,51.7,22.0,27.05,0.703,1400,Light Disaster Utility (4WD),368.1,931.4,563.3,0.533,Active Landslide Clearance / Road Blockage
94.58,30.0,26.5,7.07,0.642,2450,4x4 Hill Freight Carrier,189.2,332.3,143.1,0.46,Steep Mountain Grade & Hairpin Bends
68.94,45.0,12.8,24.13,0.499,240,Refrigerated Medical Van,91.9,185.4,93.5,0.385,Active Landslide Clearance / Road Blockage
420.8,33.8,8.5,9.44,0.362,350,Heavy Supply Truck (16T),748.1,975.4,227.3,0.267,Standard Mountain Traffic Flow
180.88,51.7,4.2,23.71,0.197,95,Light Disaster Utility (4WD),209.7,252.7,43.0,0.174,Standard Mountain Traffic Flow
69.76,45.0,12.8,284.87,1.0,240,Refrigerated Medical Van,93.0,374.3,281.3,0.98,Torrential Rainfall & Reduced Visibility
444.74,33.8,8.5,49.12,0.391,350,Heavy Supply Truck (16T),790.6,1217.9,427.3,0.347,Standard Mountain Traffic Flow
419.76,45.0,8.5,18.67,0.404,350,4x4 Hill Freight Carrier,559.7,787.1,227.5,0.311,Standard Mountain Traffic Flow
59.36,30.0,16.0,64.57,0.558,2100,4x4 Hill Freight Carrier,118.7,223.6,104.9,0.488,Torrential Rainfall & Reduced Visibility
85.84,20.0,14.5,16.78,0.268,1550,4x4 Hill Freight Carrier,257.5,317.6,60.1,0.213,Standard Mountain Traffic Flow
79.03,20.0,31.4,15.69,0.781,4170,4x4 Hill Freight Carrier,237.1,498.9,261.8,0.57,Steep Mountain Grade & Hairpin Bends
63.82,34.5,24.2,25.0,0.707,3200,Light Disaster Utility (4WD),111.0,348.8,237.8,0.533,Active Landslide Clearance / Road Blockage
771.19,45.0,21.0,10.21,0.722,1650,4x4 Hill Freight Carrier,1028.3,1995.6,967.3,0.521,Steep Mountain Grade & Hairpin Bends
173.43,33.8,4.2,84.0,0.48,95,Heavy Supply Truck (16T),308.3,569.7,261.4,0.462,Torrential Rainfall & Reduced Visibility
299.72,33.8,8.5,4.64,0.322,350,Heavy Supply Truck (16T),532.8,656.2,123.3,0.232,Standard Mountain Traffic Flow
261.83,51.7,8.5,8.12,0.276,350,Light Disaster Utility (4WD),303.6,363.8,60.2,0.205,Standard Mountain Traffic Flow
281.73,33.8,22.0,8.71,0.723,1400,Heavy Supply Truck (16T),500.9,1092.0,591.1,0.519,Active Landslide Clearance / Road Blockage
92.27,15.0,31.4,8.42,0.68,4170,Heavy Supply Truck (16T),369.1,745.7,376.7,0.488,Active Landslide Clearance / Road Blockage
617.18,45.0,21.0,14.28,0.611,1650,4x4 Hill Freight Carrier,822.9,1470.6,647.7,0.449,Active Landslide Clearance / Road Blockage
741.05,33.8,21.0,23.57,0.699,1650,Heavy Supply Truck (16T),1317.4,2578.9,1261.4,0.525,Steep Mountain Grade & Hairpin Bends
82.2,23.0,14.5,28.74,0.277,1550,Light Disaster Utility (4WD),214.4,279.2,64.8,0.237,Standard Mountain Traffic Flow
122.83,30.0,26.5,6.61,0.577,2450,Refrigerated Medical Van,245.7,400.0,154.3,0.414,Steep Mountain Grade & Hairpin Bends
65.38,33.8,12.8,73.89,0.692,240,Heavy Supply Truck (16T),116.2,362.6,246.4,0.596,Active Landslide Clearance / Road Blockage
741.97,51.7,21.0,0.29,0.638,1650,Light Disaster Utility (4WD),860.3,1531.6,671.3,0.447,Active Landslide Clearance / Road Blockage
476.57,45.0,21.0,7.92,0.665,1650,4x4 Hill Freight Carrier,635.4,1369.9,734.4,0.477,Active Landslide Clearance / Road Blockage
318.8,51.7,18.0,34.39,0.615,1500,Light Disaster Utility (4WD),369.6,707.8,338.2,0.482,Standard Mountain Traffic Flow
401.67,45.0,18.0,57.39,0.753,1500,Refrigerated Medical Van,535.6,1203.0,667.5,0.613,Standard Mountain Traffic Flow
126.94,15.0,14.5,29.18,0.201,1550,Heavy Supply Truck (16T),507.7,627.2,119.5,0.185,Standard Mountain Traffic Flow
54.78,20.0,31.4,15.78,0.781,4170,Refrigerated Medical Van,164.3,396.4,232.1,0.571,Active Landslide Clearance / Road Blockage
51.18,45.0,12.8,16.99,0.391,240,Refrigerated Medical Van,68.2,94.1,25.9,0.299,Standard Mountain Traffic Flow
418.26,51.7,18.0,23.93,0.611,1500,Light Disaster Utility (4WD),484.9,862.5,377.6,0.464,Standard Mountain Traffic Flow
83.76,15.0,14.5,86.03,0.591,1550,Heavy Supply Truck (16T),335.0,720.1,385.1,0.543,Active Landslide Clearance / Road Blockage
83.26,20.0,14.5,43.77,0.316,1550,Refrigerated Medical Van,249.8,354.8,105.0,0.287,Standard Mountain Traffic Flow
182.72,45.0,22.0,76.58,0.955,1400,Refrigerated Medical Van,243.6,695.6,452.0,0.783,Torrential Rainfall & Reduced Visibility
417.96,45.0,8.5,14.99,0.307,350,4x4 Hill Freight Carrier,557.3,705.7,148.4,0.238,Standard Mountain Traffic Flow
93.3,15.0,14.5,42.7,0.357,1550,Heavy Supply Truck (16T),373.2,546.3,173.1,0.314,Standard Mountain Traffic Flow
569.26,51.7,21.0,8.92,0.518,1650,Light Disaster Utility (4WD),660.0,1012.3,352.3,0.376,Steep Mountain Grade & Hairpin Bends
424.23,33.8,8.5,12.45,0.234,350,Heavy Supply Truck (16T),754.2,889.5,135.4,0.183,Standard Mountain Traffic Flow
279.26,45.0,22.0,74.96,0.878,1400,4x4 Hill Freight Carrier,372.3,1158.7,786.3,0.727,Active Landslide Clearance / Road Blockage
201.16,51.7,4.2,45.32,0.274,95,Light Disaster Utility (4WD),233.2,322.4,89.2,0.26,Standard Mountain Traffic Flow
36.41,34.5,16.0,1.16,0.393,2100,Light Disaster Utility (4WD),63.3,82.6,19.3,0.277,Standard Mountain Traffic Flow
386.32,33.8,18.0,52.44,0.682,1500,Heavy Supply Truck (16T),686.8,1418.6,731.8,0.556,Standard Mountain Traffic Flow
112.06,30.0,24.2,54.4,0.761,3200,4x4 Hill Freight Carrier,224.1,504.2,280.1,0.614,Steep Mountain Grade & Hairpin Bends
68.34,33.8,12.8,9.31,0.371,240,Heavy Supply Truck (16T),121.5,159.8,38.3,0.274,Standard Mountain Traffic Flow
49.82,34.5,16.0,1.98,0.358,2100,Light Disaster Utility (4WD),86.6,109.3,22.6,0.253,Standard Mountain Traffic Flow
48.35,45.0,12.8,5.99,0.441,240,4x4 Hill Freight Carrier,64.5,90.1,25.6,0.318,Standard Mountain Traffic Flow
254.89,45.0,22.0,8.65,0.762,1400,4x4 Hill Freight Carrier,339.9,804.9,465.0,0.546,Active Landslide Clearance / Road Blockage
186.55,45.0,22.0,7.7,0.714,1400,Refrigerated Medical Van,248.7,645.6,396.9,0.511,Active Landslide Clearance / Road Blockage
444.55,45.0,21.0,171.99,1.0,1650,Refrigerated Medical Van,592.7,2050.8,1458.1,0.958,Torrential Rainfall & Reduced Visibility
154.73,45.0,4.2,34.43,0.226,95,Refrigerated Medical Van,206.3,264.6,58.3,0.21,Standard Mountain Traffic Flow
676.16,51.7,21.0,17.21,0.597,1650,Light Disaster Utility (4WD),784.0,1346.8,562.9,0.444,Steep Mountain Grade & Hairpin Bends
60.47,20.0,31.4,12.21,0.785,4170,4x4 Hill Freight Carrier,181.4,380.2,198.8,0.568,Steep Mountain Grade & Hairpin Bends
292.19,51.7,22.0,18.41,0.718,1400,Light Disaster Utility (4WD),338.8,752.6,413.8,0.53,Active Landslide Clearance / Road Blockage
212.0,45.0,6.0,5.13,0.212,320,4x4 Hill Freight Carrier,282.7,317.7,35.1,0.156,Standard Mountain Traffic Flow
110.47,34.5,24.2,4.24,0.576,3200,Light Disaster Utility (4WD),192.1,310.1,118.0,0.41,Steep Mountain Grade & Hairpin Bends
283.38,33.8,8.5,20.44,0.387,350,Heavy Supply Truck (16T),503.8,701.5,197.7,0.302,Standard Mountain Traffic Flow
109.38,15.0,14.5,17.13,0.165,1550,Heavy Supply Truck (16T),437.5,502.4,64.8,0.141,Standard Mountain Traffic Flow
86.08,20.0,14.5,4.56,0.177,1550,4x4 Hill Freight Carrier,258.2,282.5,24.3,0.131,Standard Mountain Traffic Flow
149.06,45.0,4.2,28.12,0.218,95,4x4 Hill Freight Carrier,198.7,247.2,48.5,0.195,Standard Mountain Traffic Flow
416.24,33.8,8.5,14.0,0.394,350,Heavy Supply Truck (16T),740.0,1070.7,330.7,0.297,Active Landslide Clearance / Road Blockage
181.76,33.8,22.0,6.41,0.725,1400,Heavy Supply Truck (16T),323.1,681.6,358.5,0.517,Active Landslide Clearance / Road Blockage
137.94,23.0,14.5,47.19,0.329,1550,Light Disaster Utility (4WD),359.9,522.4,162.5,0.301,Standard Mountain Traffic Flow
95.17,34.5,26.5,10.6,0.63,2450,Light Disaster Utility (4WD),165.5,329.7,164.2,0.457,Active Landslide Clearance / Road Blockage
313.8,51.7,8.5,2.27,0.243,350,Light Disaster Utility (4WD),363.8,413.6,49.8,0.174,Standard Mountain Traffic Flow
109.43,15.0,14.5,4.1,0.249,1550,Heavy Supply Truck (16T),437.7,504.1,66.4,0.181,Standard Mountain Traffic Flow
84.43,15.0,31.4,25.01,0.82,4170,Heavy Supply Truck (16T),337.7,986.2,648.4,0.611,Active Landslide Clearance / Road Blockage
88.31,20.0,31.4,25.77,0.87,4170,Refrigerated Medical Van,264.9,856.0,591.1,0.648,Active Landslide Clearance / Road Blockage
354.03,45.0,18.0,13.65,0.58,1500,Refrigerated Medical Van,472.0,787.5,315.5,0.426,Standard Mountain Traffic Flow
125.31,30.0,26.5,44.55,0.731,2450,4x4 Hill Freight Carrier,250.6,608.9,358.2,0.579,Active Landslide Clearance / Road Blockage
172.19,45.0,6.0,5.84,0.196,320,4x4 Hill Freight Carrier,229.6,255.8,26.2,0.146,Standard Mountain Traffic Flow
494.36,45.0,18.0,7.87,0.574,1500,Refrigerated Medical Van,659.1,1073.4,414.3,0.414,Standard Mountain Traffic Flow
62.25,23.0,31.4,57.1,0.927,4170,Light Disaster Utility (4WD),162.4,576.9,414.5,0.735,Active Landslide Clearance / Road Blockage
67.02,30.0,24.2,126.69,1.0,3200,4x4 Hill Freight Carrier,134.0,593.1,459.0,0.89,Active Landslide Clearance / Road Blockage
528.97,51.7,21.0,24.88,0.635,1650,Light Disaster Utility (4WD),613.3,1139.8,526.5,0.482,Steep Mountain Grade & Hairpin Bends
123.09,20.0,14.5,22.97,0.214,1550,4x4 Hill Freight Carrier,369.3,448.3,79.1,0.184,Standard Mountain Traffic Flow
107.67,34.5,26.5,71.46,0.866,2450,Light Disaster Utility (4WD),187.2,591.6,404.4,0.713,Active Landslide Clearance / Road Blockage
164.89,45.0,4.2,41.6,0.26,95,Refrigerated Medical Van,219.9,296.7,76.9,0.245,Standard Mountain Traffic Flow
509.28,45.0,21.0,34.9,0.748,1650,4x4 Hill Freight Carrier,679.0,1669.2,990.1,0.576,Active Landslide Clearance / Road Blockage
44.61,51.7,12.8,20.81,0.324,240,Light Disaster Utility (4WD),51.7,68.0,16.3,0.258,Standard Mountain Traffic Flow
109.05,22.5,24.2,26.6,0.691,3200,Heavy Supply Truck (16T),290.8,746.5,455.7,0.524,Active Landslide Clearance / Road Blockage
306.07,45.0,22.0,1.26,0.578,1400,4x4 Hill Freight Carrier,408.1,672.6,264.5,0.407,Steep Mountain Grade & Hairpin Bends
159.27,45.0,6.0,7.95,0.209,320,4x4 Hill Freight Carrier,212.4,241.1,28.7,0.158,Standard Mountain Traffic Flow
73.09,22.5,24.2,4.2,0.601,3200,Heavy Supply Truck (16T),194.9,323.6,128.7,0.427,Steep Mountain Grade & Hairpin Bends
90.13,20.0,31.4,4.67,0.706,4170,Refrigerated Medical Van,270.4,508.0,237.6,0.501,Steep Mountain Grade & Hairpin Bends
142.4,20.0,14.5,42.28,0.311,1550,Refrigerated Medical Van,427.2,601.1,173.9,0.281,Standard Mountain Traffic Flow
105.52,34.5,24.2,3.32,0.617,3200,Light Disaster Utility (4WD),183.5,309.8,126.3,0.437,Steep Mountain Grade & Hairpin Bends
314.87,45.0,8.5,25.72,0.441,350,4x4 Hill Freight Carrier,419.8,679.6,259.8,0.347,Active Landslide Clearance / Road Blockage
129.13,22.5,26.5,66.22,0.832,2450,Heavy Supply Truck (16T),344.3,853.8,509.5,0.682,Torrential Rainfall & Reduced Visibility
87.76,20.0,31.4,5.04,0.738,4170,4x4 Hill Freight Carrier,263.3,726.8,463.5,0.524,Active Landslide Clearance / Road Blockage
55.65,45.0,12.8,13.77,0.401,240,4x4 Hill Freight Carrier,74.2,102.2,28.0,0.301,Standard Mountain Traffic Flow
490.54,51.7,18.0,0.78,0.511,1500,Light Disaster Utility (4WD),568.7,843.1,274.4,0.359,Standard Mountain Traffic Flow
374.13,45.0,18.0,0.96,0.469,1500,Refrigerated Medical Van,498.8,705.2,206.4,0.33,Standard Mountain Traffic Flow
527.34,51.7,21.0,63.01,0.83,1650,Light Disaster Utility (4WD),611.4,1634.1,1022.6,0.676,Active Landslide Clearance / Road Blockage
176.52,45.0,4.2,26.7,0.205,95,4x4 Hill Freight Carrier,235.4,288.6,53.2,0.184,Standard Mountain Traffic Flow
49.66,22.5,16.0,8.14,0.381,2100,Heavy Supply Truck (16T),132.4,175.1,42.6,0.279,Standard Mountain Traffic Flow
440.01,45.0,18.0,20.29,0.584,1500,4x4 Hill Freight Carrier,586.7,1032.6,445.9,0.44,Standard Mountain Traffic Flow
194.75,33.8,22.0,49.87,0.811,1400,Heavy Supply Truck (16T),346.2,1005.4,659.2,0.642,Active Landslide Clearance / Road Blockage
202.76,45.0,4.2,23.15,0.217,95,4x4 Hill Freight Carrier,270.3,329.3,58.9,0.187,Standard Mountain Traffic Flow
433.26,51.7,8.5,25.59,0.348,350,Light Disaster Utility (4WD),502.3,686.9,184.6,0.282,Standard Mountain Traffic Flow
96.6,23.0,14.5,33.04,0.346,1550,Light Disaster Utility (4WD),252.0,353.4,101.4,0.292,Standard Mountain Traffic Flow
89.02,30.0,24.2,14.4,0.572,3200,Refrigerated Medical Van,178.0,295.1,117.0,0.422,Steep Mountain Grade & Hairpin Bends
70.37,45.0,12.8,64.59,0.704,240,4x4 Hill Freight Carrier,93.8,415.7,321.9,0.589,Active Landslide Clearance / Road Blockage
110.44,23.0,14.5,54.05,0.402,1550,Light Disaster Utility (4WD),288.1,455.2,167.1,0.362,Standard Mountain Traffic Flow
72.1,30.0,24.2,5.2,0.684,3200,Refrigerated Medical Van,144.2,264.3,120.1,0.486,Steep Mountain Grade & Hairpin Bends
111.13,22.5,24.2,30.96,0.762,3200,Heavy Supply Truck (16T),296.3,633.0,336.6,0.58,Steep Mountain Grade & Hairpin Bends
49.05,30.0,16.0,12.08,0.439,2100,4x4 Hill Freight Carrier,98.1,139.7,41.6,0.326,Standard Mountain Traffic Flow
76.01,20.0,31.4,15.0,0.863,4170,4x4 Hill Freight Carrier,228.0,525.2,297.2,0.627,Steep Mountain Grade & Hairpin Bends
472.12,51.7,8.5,25.44,0.466,350,Light Disaster Utility (4WD),547.4,838.2,290.8,0.364,Standard Mountain Traffic Flow
81.94,15.0,31.4,70.61,1.0,4170,Heavy Supply Truck (16T),327.7,1013.7,686.0,0.806,Active Landslide Clearance / Road Blockage
78.42,20.0,14.5,19.17,0.249,1550,Refrigerated Medical Van,235.3,288.7,53.4,0.203,Standard Mountain Traffic Flow
80.91,22.5,26.5,22.15,0.593,2450,Heavy Supply Truck (16T),215.8,374.3,158.5,0.448,Steep Mountain Grade & Hairpin Bends
229.18,45.0,22.0,1.37,0.602,1400,Refrigerated Medical Van,305.6,504.1,198.5,0.424,Steep Mountain Grade & Hairpin Bends
62.7,30.0,16.0,6.99,0.327,2100,4x4 Hill Freight Carrier,125.4,156.7,31.3,0.24,Standard Mountain Traffic Flow
115.77,20.0,14.5,131.02,0.704,1550,Refrigerated Medical Van,347.3,1050.7,703.4,0.689,Active Landslide Clearance / Road Blockage
473.75,33.8,21.0,17.46,0.695,1650,Heavy Supply Truck (16T),842.2,1819.2,977.0,0.513,Active Landslide Clearance / Road Blockage
89.99,30.0,24.2,36.39,0.723,3200,4x4 Hill Freight Carrier,180.0,589.1,409.1,0.561,Active Landslide Clearance / Road Blockage
69.56,20.0,31.4,7.08,0.791,4170,Refrigerated Medical Van,208.7,648.6,440.0,0.564,Active Landslide Clearance / Road Blockage
85.21,30.0,24.2,41.63,0.678,3200,Refrigerated Medical Van,170.4,544.4,374.0,0.537,Active Landslide Clearance / Road Blockage
215.22,45.0,4.2,14.86,0.223,95,Refrigerated Medical Van,287.0,339.2,52.3,0.179,Standard Mountain Traffic Flow
156.06,45.0,4.2,67.74,0.459,95,Refrigerated Medical Van,208.1,360.5,152.4,0.423,Torrential Rainfall & Reduced Visibility
141.66,15.0,14.5,4.94,0.131,1550,Heavy Supply Truck (16T),566.7,604.1,37.5,0.099,Standard Mountain Traffic Flow
646.31,45.0,21.0,43.37,0.782,1650,Refrigerated Medical Van,861.7,2100.1,1238.4,0.612,Active Landslide Clearance / Road Blockage
236.79,33.8,4.2,55.17,0.421,95,Heavy Supply Truck (16T),421.0,679.3,258.3,0.378,Standard Mountain Traffic Flow
286.65,51.7,22.0,13.11,0.7,1400,Light Disaster Utility (4WD),332.4,703.6,371.3,0.509,Active Landslide Clearance / Road Blockage
190.28,33.8,22.0,9.92,0.68,1400,Heavy Supply Truck (16T),338.3,680.8,342.5,0.491,Active Landslide Clearance / Road Blockage
228.19,45.0,4.2,2.31,0.124,95,4x4 Hill Freight Carrier,304.3,319.2,14.9,0.091,Standard Mountain Traffic Flow
648.18,45.0,21.0,100.3,0.992,1650,4x4 Hill Freight Carrier,864.2,2660.9,1796.7,0.845,Torrential Rainfall & Reduced Visibility
135.64,22.5,26.5,62.61,0.803,2450,Heavy Supply Truck (16T),361.7,924.5,562.8,0.656,Active Landslide Clearance / Road Blockage
72.63,33.8,12.8,2.17,0.321,240,Heavy Supply Truck (16T),129.1,157.2,28.0,0.228,Standard Mountain Traffic Flow
255.78,33.8,22.0,8.55,0.717,1400,Heavy Supply Truck (16T),454.7,1030.0,575.3,0.514,Active Landslide Clearance / Road Blockage
451.11,45.0,8.5,31.11,0.429,350,Refrigerated Medical Van,601.5,904.9,303.4,0.347,Standard Mountain Traffic Flow
61.42,22.5,16.0,9.91,0.502,2100,Heavy Supply Truck (16T),163.8,247.8,84.0,0.366,Standard Mountain Traffic Flow
166.63,45.0,6.0,63.53,0.516,320,Refrigerated Medical Van,222.2,400.6,178.5,0.456,Torrential Rainfall & Reduced Visibility
142.64,30.0,26.5,20.42,0.631,2450,Refrigerated Medical Van,285.3,513.9,228.6,0.473,Steep Mountain Grade & Hairpin Bends
216.52,51.7,6.0,31.11,0.226,320,Light Disaster Utility (4WD),251.0,317.8,66.7,0.205,Standard Mountain Traffic Flow
81.47,15.0,14.5,23.44,0.257,1550,Heavy Supply Truck (16T),325.9,409.3,83.5,0.215,Standard Mountain Traffic Flow
73.39,45.0,12.8,1.43,0.254,240,4x4 Hill Freight Carrier,97.9,111.9,14.0,0.18,Standard Mountain Traffic Flow
291.51,45.0,8.5,15.22,0.306,350,4x4 Hill Freight Carrier,388.7,492.0,103.3,0.237,Standard Mountain Traffic Flow
809.31,45.0,21.0,52.36,0.751,1650,Refrigerated Medical Van,1079.1,2610.5,1531.4,0.604,Active Landslide Clearance / Road Blockage
313.03,33.8,22.0,12.51,0.65,1400,Heavy Supply Truck (16T),556.5,1000.9,444.4,0.474,Steep Mountain Grade & Hairpin Bends
58.01,34.5,16.0,34.14,0.478,2100,Light Disaster Utility (4WD),100.9,186.5,85.6,0.386,Standard Mountain Traffic Flow
574.5,33.8,21.0,21.2,0.735,1650,Heavy Supply Truck (16T),1021.3,2186.7,1165.4,0.546,Active Landslide Clearance / Road Blockage
459.51,45.0,8.5,17.47,0.353,350,Refrigerated Medical Van,612.7,865.6,252.9,0.274,Active Landslide Clearance / Road Blockage
312.0,33.8,22.0,71.44,0.804,1400,Heavy Supply Truck (16T),554.7,1522.0,967.3,0.67,Active Landslide Clearance / Road Blockage
314.18,33.8,22.0,3.58,0.62,1400,Heavy Supply Truck (16T),558.5,981.7,423.1,0.439,Active Landslide Clearance / Road Blockage
50.47,45.0,12.8,67.36,0.618,240,4x4 Hill Freight Carrier,67.3,135.3,68.0,0.534,Torrential Rainfall & Reduced Visibility
83.79,30.0,26.5,46.15,0.792,2450,Refrigerated Medical Van,167.6,563.2,395.6,0.623,Active Landslide Clearance / Road Blockage
186.59,45.0,4.2,65.52,0.385,95,4x4 Hill Freight Carrier,248.8,401.6,152.8,0.367,Torrential Rainfall & Reduced Visibility
50.23,30.0,16.0,10.59,0.443,2100,Refrigerated Medical Van,100.5,142.9,42.4,0.326,Standard Mountain Traffic Flow
652.94,45.0,21.0,17.38,0.649,1650,4x4 Hill Freight Carrier,870.6,1586.4,715.8,0.481,Steep Mountain Grade & Hairpin Bends
151.42,45.0,6.0,6.61,0.237,320,4x4 Hill Freight Carrier,201.9,232.8,30.9,0.176,Standard Mountain Traffic Flow
636.89,45.0,21.0,27.61,0.633,1650,4x4 Hill Freight Carrier,849.2,1563.0,713.8,0.485,Steep Mountain Grade & Hairpin Bends
107.3,20.0,14.5,53.92,0.471,1550,Refrigerated Medical Van,321.9,577.9,256.0,0.41,Active Landslide Clearance / Road Blockage
143.18,30.0,26.5,17.37,0.628,2450,Refrigerated Medical Van,286.4,509.3,222.9,0.465,Steep Mountain Grade & Hairpin Bends
52.81,30.0,16.0,57.2,0.616,2100,Refrigerated Medical Van,105.6,206.5,100.9,0.517,Standard Mountain Traffic Flow
140.13,30.0,26.5,177.67,1.0,2450,Refrigerated Medical Van,280.3,1110.6,830.3,0.966,Active Landslide Clearance / Road Blockage
256.85,45.0,22.0,5.14,0.587,1400,Refrigerated Medical Van,342.5,615.1,272.6,0.419,Active Landslide Clearance / Road Blockage
112.06,30.0,24.2,17.92,0.656,3200,Refrigerated Medical Van,224.1,590.6,366.4,0.486,Active Landslide Clearance / Road Blockage
157.88,51.7,6.0,72.08,0.487,320,Light Disaster Utility (4WD),183.0,329.1,146.1,0.449,Torrential Rainfall & Reduced Visibility
196.8,45.0,6.0,31.13,0.315,320,4x4 Hill Freight Carrier,262.4,355.8,93.4,0.267,Standard Mountain Traffic Flow
258.52,51.7,4.2,29.66,0.242,95,Light Disaster Utility (4WD),299.7,381.6,81.9,0.214,Standard Mountain Traffic Flow
143.6,30.0,26.5,23.12,0.66,2450,4x4 Hill Freight Carrier,287.2,538.1,250.9,0.497,Steep Mountain Grade & Hairpin Bends
121.74,20.0,14.5,43.4,0.359,1550,Refrigerated Medical Van,365.2,537.1,171.9,0.317,Standard Mountain Traffic Flow
208.47,45.0,6.0,44.1,0.389,320,Refrigerated Medical Van,278.0,466.5,188.5,0.338,Active Landslide Clearance / Road Blockage
559.81,45.0,21.0,103.03,1.0,1650,Refrigerated Medical Van,746.4,2390.0,1643.6,0.855,Active Landslide Clearance / Road Blockage
48.23,30.0,16.0,16.76,0.504,2100,Refrigerated Medical Van,96.5,170.4,74.0,0.378,Standard Mountain Traffic Flow
80.7,15.0,31.4,118.26,1.0,4170,Heavy Supply Truck (16T),322.8,1030.2,707.4,0.877,Torrential Rainfall & Reduced Visibility
436.22,45.0,8.5,58.99,0.446,350,4x4 Hill Freight Carrier,581.6,970.8,389.2,0.401,Standard Mountain Traffic Flow
249.82,45.0,22.0,1.4,0.6,1400,Refrigerated Medical Van,333.1,547.7,214.6,0.422,Steep Mountain Grade & Hairpin Bends
143.25,15.0,14.5,4.66,0.182,1550,Heavy Supply Truck (16T),573.0,629.0,56.0,0.134,Standard Mountain Traffic Flow
64.48,22.5,24.2,38.13,0.788,3200,Heavy Supply Truck (16T),172.0,383.9,212.0,0.609,Steep Mountain Grade & Hairpin Bends
177.32,45.0,4.2,37.6,0.222,95,4x4 Hill Freight Carrier,236.4,306.1,69.7,0.212,Standard Mountain Traffic Flow
142.34,23.0,14.5,18.06,0.259,1550,Light Disaster Utility (4WD),371.3,457.1,85.8,0.208,Standard Mountain Traffic Flow
102.5,30.0,24.2,20.86,0.624,3200,Refrigerated Medical Van,205.0,366.7,161.7,0.468,Steep Mountain Grade & Hairpin Bends
50.77,45.0,12.8,23.46,0.486,240,4x4 Hill Freight Carrier,67.7,105.2,37.5,0.375,Standard Mountain Traffic Flow
68.71,20.0,31.4,14.83,0.84,4170,4x4 Hill Freight Carrier,206.1,516.2,310.1,0.61,Active Landslide Clearance / Road Blockage
99.56,22.5,26.5,15.92,0.698,2450,Heavy Supply Truck (16T),265.5,573.2,307.7,0.513,Active Landslide Clearance / Road Blockage
332.97,51.7,18.0,1.59,0.503,1500,Light Disaster Utility (4WD),386.1,568.2,182.2,0.354,Standard Mountain Traffic Flow
729.41,51.7,21.0,77.1,0.994,1650,Light Disaster Utility (4WD),845.7,2510.0,1664.4,0.811,Torrential Rainfall & Reduced Visibility
262.19,45.0,22.0,6.21,0.763,1400,4x4 Hill Freight Carrier,349.6,814.8,465.2,0.543,Active Landslide Clearance / Road Blockage
83.23,30.0,24.2,39.8,0.818,3200,Refrigerated Medical Van,166.5,611.0,444.5,0.632,Active Landslide Clearance / Road Blockage
121.55,20.0,14.5,46.8,0.343,1550,Refrigerated Medical Van,364.6,535.0,170.3,0.31,Standard Mountain Traffic Flow
208.69,45.0,4.2,5.83,0.116,95,4x4 Hill Freight Carrier,278.3,295.5,17.3,0.09,Standard Mountain Traffic Flow
398.24,33.8,8.5,10.34,0.351,350,Heavy Supply Truck (16T),708.0,916.5,208.5,0.261,Standard Mountain Traffic Flow
69.73,23.0,31.4,5.98,0.772,4170,Light Disaster Utility (4WD),181.9,541.0,359.1,0.549,Active Landslide Clearance / Road Blockage
143.52,30.0,26.5,29.23,0.646,2450,4x4 Hill Freight Carrier,287.0,538.2,251.2,0.496,Steep Mountain Grade & Hairpin Bends
472.35,45.0,18.0,55.89,0.714,1500,4x4 Hill Freight Carrier,629.8,1354.8,725.0,0.583,Standard Mountain Traffic Flow
338.46,45.0,18.0,11.82,0.581,1500,4x4 Hill Freight Carrier,451.3,787.6,336.3,0.425,Active Landslide Clearance / Road Blockage
98.23,22.5,24.2,16.11,0.675,3200,Heavy Supply Truck (16T),261.9,489.8,227.9,0.497,Steep Mountain Grade & Hairpin Bends
76.99,20.0,31.4,14.63,0.838,4170,4x4 Hill Freight Carrier,231.0,517.0,286.0,0.609,Steep Mountain Grade & Hairpin Bends
260.95,51.7,22.0,10.42,0.62,1400,Light Disaster Utility (4WD),302.6,544.9,242.4,0.45,Steep Mountain Grade & Hairpin Bends
188.32,45.0,4.2,16.09,0.22,95,4x4 Hill Freight Carrier,251.1,297.7,46.6,0.178,Standard Mountain Traffic Flow
34.66,30.0,16.0,8.38,0.425,2100,4x4 Hill Freight Carrier,69.3,96.0,26.6,0.31,Standard Mountain Traffic Flow
50.52,45.0,12.8,20.93,0.516,240,4x4 Hill Freight Carrier,67.4,133.0,65.7,0.392,Standard Mountain Traffic Flow
51.08,34.5,16.0,64.59,0.613,2100,Light Disaster Utility (4WD),88.8,232.4,143.6,0.526,Active Landslide Clearance / Road Blockage
61.79,30.0,16.0,44.52,0.549,2100,4x4 Hill Freight Carrier,123.6,218.2,94.6,0.451,Standard Mountain Traffic Flow
73.19,22.5,24.2,0.2,0.635,3200,Heavy Supply Truck (16T),195.2,333.4,138.2,0.445,Steep Mountain Grade & Hairpin Bends
100.99,22.5,24.2,83.16,0.977,3200,Heavy Supply Truck (16T),269.3,985.4,716.1,0.809,Active Landslide Clearance / Road Blockage
224.65,51.7,6.0,31.23,0.288,320,Light Disaster Utility (4WD),260.5,345.6,85.1,0.249,Standard Mountain Traffic Flow
798.77,45.0,21.0,12.68,0.68,1650,4x4 Hill Freight Carrier,1065.0,1984.7,919.6,0.495,Steep Mountain Grade & Hairpin Bends
165.61,51.7,6.0,0.04,0.116,320,Light Disaster Utility (4WD),192.0,198.5,6.4,0.082,Standard Mountain Traffic Flow
282.13,45.0,22.0,41.8,0.778,1400,4x4 Hill Freight Carrier,376.2,838.0,461.8,0.607,Steep Mountain Grade & Hairpin Bends
62.94,51.7,12.8,13.39,0.466,240,Light Disaster Utility (4WD),73.0,123.1,50.1,0.346,Standard Mountain Traffic Flow
114.6,34.5,26.5,3.96,0.603,2450,Light Disaster Utility (4WD),199.3,331.4,132.1,0.428,Steep Mountain Grade & Hairpin Bends
50.01,23.0,31.4,95.83,1.0,4170,Light Disaster Utility (4WD),130.5,547.2,416.7,0.844,Active Landslide Clearance / Road Blockage
476.2,33.8,8.5,1.79,0.197,350,Heavy Supply Truck (16T),846.6,926.8,80.3,0.141,Standard Mountain Traffic Flow
108.45,34.5,24.2,13.45,0.724,3200,Light Disaster Utility (4WD),188.6,370.0,181.4,0.527,Steep Mountain Grade & Hairpin Bends
338.91,33.8,18.0,58.46,0.75,1500,Heavy Supply Truck (16T),602.5,1473.9,871.4,0.613,Active Landslide Clearance / Road Blockage
434.07,45.0,18.0,8.81,0.554,1500,4x4 Hill Freight Carrier,578.8,924.3,345.5,0.401,Standard Mountain Traffic Flow
85.99,30.0,24.2,1.75,0.701,3200,Refrigerated Medical Van,172.0,444.2,272.3,0.493,Active Landslide Clearance / Road Blockage
194.76,51.7,4.2,2.77,0.157,95,Light Disaster Utility (4WD),225.8,241.8,16.0,0.114,Standard Mountain Traffic Flow
50.83,45.0,12.8,5.04,0.509,240,4x4 Hill Freight Carrier,67.8,159.3,91.5,0.364,Active Landslide Clearance / Road Blockage
35.75,22.5,16.0,27.48,0.403,2100,Heavy Supply Truck (16T),95.3,176.9,81.5,0.323,Active Landslide Clearance / Road Blockage
113.81,15.0,14.5,61.94,0.369,1550,Heavy Supply Truck (16T),455.3,717.4,262.2,0.351,Torrential Rainfall & Reduced Visibility
125.91,45.0,6.0,8.69,0.32,320,4x4 Hill Freight Carrier,167.9,209.7,41.8,0.237,Standard Mountain Traffic Flow
99.62,20.0,14.5,28.78,0.279,1550,4x4 Hill Freight Carrier,298.9,389.9,91.1,0.239,Standard Mountain Traffic Flow
70.54,20.0,31.4,18.44,0.733,4170,Refrigerated Medical Van,211.6,659.9,448.2,0.541,Active Landslide Clearance / Road Blockage
178.85,33.8,22.0,90.46,1.0,1400,Heavy Supply Truck (16T),318.0,1099.4,781.5,0.836,Active Landslide Clearance / Road Blockage
109.53,20.0,14.5,63.44,0.452,1550,4x4 Hill Freight Carrier,328.6,614.3,285.7,0.412,Active Landslide Clearance / Road Blockage
149.9,33.8,6.0,6.67,0.294,320,Heavy Supply Truck (16T),266.5,322.4,55.9,0.216,Standard Mountain Traffic Flow
220.51,33.8,22.0,31.67,0.776,1400,Heavy Supply Truck (16T),392.0,1034.8,642.7,0.591,Active Landslide Clearance / Road Blockage
726.34,33.8,21.0,24.9,0.721,1650,Heavy Supply Truck (16T),1291.3,2598.0,1306.8,0.542,Steep Mountain Grade & Hairpin Bends
120.34,15.0,14.5,39.12,0.332,1550,Heavy Supply Truck (16T),481.3,681.4,200.0,0.291,Standard Mountain Traffic Flow
99.98,30.0,26.5,33.26,0.67,2450,Refrigerated Medical Van,200.0,573.2,373.2,0.519,Active Landslide Clearance / Road Blockage
372.79,51.7,8.5,34.49,0.377,350,Light Disaster Utility (4WD),432.2,626.3,194.1,0.316,Standard Mountain Traffic Flow
175.97,51.7,4.2,27.39,0.335,95,Light Disaster Utility (4WD),204.0,277.7,73.6,0.276,Standard Mountain Traffic Flow
155.56,51.7,6.0,37.71,0.31,320,Light Disaster Utility (4WD),180.4,249.3,69.0,0.273,Standard Mountain Traffic Flow
133.69,15.0,14.5,9.03,0.267,1550,Heavy Supply Truck (16T),534.7,638.6,103.8,0.201,Standard Mountain Traffic Flow
79.79,23.0,31.4,36.53,0.803,4170,Light Disaster Utility (4WD),208.1,648.4,440.3,0.617,Active Landslide Clearance / Road Blockage
166.62,33.8,6.0,15.07,0.247,320,Heavy Supply Truck (16T),296.2,356.7,60.5,0.195,Standard Mountain Traffic Flow
443.26,51.7,18.0,2.93,0.508,1500,Light Disaster Utility (4WD),513.9,764.2,250.3,0.36,Standard Mountain Traffic Flow
313.14,45.0,22.0,52.58,0.916,1400,Refrigerated Medical Van,417.5,1097.8,680.3,0.72,Steep Mountain Grade & Hairpin Bends
71.03,22.5,24.2,0.66,0.608,3200,Heavy Supply Truck (16T),189.4,313.8,124.3,0.427,Steep Mountain Grade & Hairpin Bends
132.24,23.0,14.5,2.33,0.149,1550,Light Disaster Utility (4WD),345.0,366.8,21.9,0.107,Standard Mountain Traffic Flow
197.11,33.8,6.0,1.33,0.266,320,Heavy Supply Truck (16T),350.4,404.4,54.0,0.188,Standard Mountain Traffic Flow
133.1,22.5,26.5,5.58,0.552,2450,Heavy Supply Truck (16T),354.9,559.5,204.5,0.394,Steep Mountain Grade & Hairpin Bends
457.88,45.0,21.0,19.7,0.715,1650,Refrigerated Medical Van,610.5,1282.9,672.4,0.53,Active Landslide Clearance / Road Blockage
452.16,51.7,18.0,8.14,0.593,1500,Light Disaster Utility (4WD),524.2,873.3,349.1,0.427,Standard Mountain Traffic Flow
214.89,45.0,22.0,14.24,0.612,1400,Refrigerated Medical Van,286.5,548.0,261.4,0.45,Active Landslide Clearance / Road Blockage
198.97,51.7,22.0,2.57,0.62,1400,Light Disaster Utility (4WD),230.7,389.9,159.3,0.438,Steep Mountain Grade & Hairpin Bends
407.05,45.0,18.0,13.98,0.485,1500,Refrigerated Medical Van,542.7,817.0,274.3,0.361,Standard Mountain Traffic Flow
105.53,30.0,24.2,1.2,0.526,3200,Refrigerated Medical Van,211.1,318.6,107.6,0.37,Steep Mountain Grade & Hairpin Bends
223.09,45.0,4.2,101.69,0.47,95,Refrigerated Medical Van,297.5,608.7,311.3,0.481,Active Landslide Clearance / Road Blockage
116.28,34.5,24.2,10.8,0.583,3200,Light Disaster Utility (4WD),202.2,354.9,152.7,0.424,Steep Mountain Grade & Hairpin Bends
86.02,30.0,24.2,12.38,0.624,3200,Refrigerated Medical Van,172.0,300.3,128.3,0.455,Steep Mountain Grade & Hairpin Bends
305.61,33.8,18.0,10.53,0.545,1500,Heavy Supply Truck (16T),543.3,863.5,320.2,0.397,Standard Mountain Traffic Flow
231.36,51.7,4.2,28.41,0.267,95,Light Disaster Utility (4WD),268.2,346.2,78.0,0.23,Standard Mountain Traffic Flow
46.16,30.0,16.0,8.19,0.474,2100,4x4 Hill Freight Carrier,92.3,165.4,73.1,0.344,Active Landslide Clearance / Road Blockage
51.32,45.0,12.8,3.71,0.278,240,4x4 Hill Freight Carrier,68.4,80.6,12.2,0.2,Standard Mountain Traffic Flow
764.55,45.0,21.0,17.41,0.661,1650,4x4 Hill Freight Carrier,1019.4,1881.6,862.2,0.489,Steep Mountain Grade & Hairpin Bends
138.26,20.0,14.5,23.75,0.392,1550,Refrigerated Medical Van,414.8,587.1,172.4,0.31,Standard Mountain Traffic Flow
244.36,45.0,22.0,77.55,0.931,1400,4x4 Hill Freight Carrier,325.8,910.4,584.5,0.768,Torrential Rainfall & Reduced Visibility
499.17,51.7,21.0,46.41,0.802,1650,Light Disaster Utility (4WD),578.8,1543.9,965.1,0.631,Active Landslide Clearance / Road Blockage
92.17,30.0,24.2,24.25,0.67,3200,Refrigerated Medical Van,184.3,527.9,343.6,0.506,Active Landslide Clearance / Road Blockage
302.2,33.8,18.0,97.54,1.0,1500,Heavy Supply Truck (16T),537.2,1850.1,1312.9,0.846,Active Landslide Clearance / Road Blockage
670.58,33.8,21.0,11.41,0.63,1650,Heavy Supply Truck (16T),1192.1,2091.1,899.0,0.458,Steep Mountain Grade & Hairpin Bends
195.78,45.0,6.0,30.13,0.283,320,Refrigerated Medical Van,261.0,343.4,82.4,0.243,Standard Mountain Traffic Flow
104.65,23.0,14.5,28.5,0.373,1550,Light Disaster Utility (4WD),273.0,425.4,152.4,0.304,Active Landslide Clearance / Road Blockage
678.26,45.0,21.0,21.81,0.672,1650,Refrigerated Medical Van,904.3,1710.9,806.5,0.503,Steep Mountain Grade & Hairpin Bends
806.93,33.8,21.0,1.69,0.562,1650,Heavy Supply Truck (16T),1434.5,2259.7,825.2,0.396,Steep Mountain Grade & Hairpin Bends
89.36,15.0,14.5,14.49,0.237,1550,Heavy Supply Truck (16T),357.4,426.2,68.7,0.188,Standard Mountain Traffic Flow
38.17,30.0,16.0,99.47,0.77,2100,Refrigerated Medical Van,76.3,190.7,114.3,0.688,Torrential Rainfall & Reduced Visibility
430.5,45.0,18.0,22.89,0.632,1500,4x4 Hill Freight Carrier,574.0,1042.3,468.3,0.477,Standard Mountain Traffic Flow
244.02,45.0,4.2,29.62,0.242,95,Refrigerated Medical Van,325.4,414.0,88.6,0.214,Standard Mountain Traffic Flow
494.05,51.7,18.0,71.72,0.891,1500,Light Disaster Utility (4WD),572.8,1669.7,1096.9,0.731,Active Landslide Clearance / Road Blockage
120.11,20.0,14.5,169.84,0.807,1550,Refrigerated Medical Van,360.3,1058.5,698.2,0.82,Torrential Rainfall & Reduced Visibility
89.08,30.0,26.5,67.86,0.792,2450,Refrigerated Medical Van,178.2,616.0,437.9,0.656,Active Landslide Clearance / Road Blockage
155.56,51.7,4.2,120.14,0.635,95,Light Disaster Utility (4WD),180.4,416.3,235.9,0.625,Torrential Rainfall & Reduced Visibility
129.22,45.0,6.0,21.09,0.327,320,Refrigerated Medical Van,172.3,227.4,55.1,0.261,Standard Mountain Traffic Flow
79.92,15.0,31.4,23.49,0.865,4170,Heavy Supply Truck (16T),319.7,869.1,549.5,0.641,Active Landslide Clearance / Road Blockage
248.14,51.7,4.2,5.33,0.168,95,Light Disaster Utility (4WD),287.7,314.0,26.3,0.126,Standard Mountain Traffic Flow
153.39,45.0,6.0,1.33,0.158,320,4x4 Hill Freight Carrier,204.5,217.8,13.2,0.113,Standard Mountain Traffic Flow
84.55,20.0,31.4,31.76,0.772,4170,Refrigerated Medical Van,253.6,678.6,424.9,0.588,Active Landslide Clearance / Road Blockage
194.75,45.0,6.0,1.63,0.249,320,Refrigerated Medical Van,259.7,295.8,36.1,0.177,Standard Mountain Traffic Flow
67.44,45.0,12.8,44.63,0.472,240,4x4 Hill Freight Carrier,89.9,180.3,90.4,0.397,Active Landslide Clearance / Road Blockage
705.13,45.0,21.0,34.56,0.847,1650,Refrigerated Medical Van,940.2,2457.0,1516.9,0.644,Active Landslide Clearance / Road Blockage
324.59,45.0,18.0,22.22,0.664,1500,Refrigerated Medical Van,432.8,812.1,379.4,0.498,Standard Mountain Traffic Flow
359.6,51.7,18.0,22.39,0.517,1500,Light Disaster Utility (4WD),416.9,667.0,250.1,0.395,Standard Mountain Traffic Flow
143.74,45.0,6.0,11.74,0.308,320,Refrigerated Medical Van,191.7,239.7,48.0,0.233,Standard Mountain Traffic Flow
267.04,51.7,8.5,90.14,0.704,350,Light Disaster Utility (4WD),309.6,840.1,530.5,0.628,Active Landslide Clearance / Road Blockage
458.34,33.8,8.5,19.81,0.376,350,Heavy Supply Truck (16T),814.8,1119.3,304.4,0.293,Standard Mountain Traffic Flow
93.74,30.0,24.2,20.31,0.725,3200,Refrigerated Medical Van,187.5,374.5,187.0,0.538,Steep Mountain Grade & Hairpin Bends
95.05,34.5,26.5,4.72,0.681,2450,Light Disaster Utility (4WD),165.3,301.5,136.2,0.484,Steep Mountain Grade & Hairpin Bends
263.22,45.0,22.0,20.15,0.72,1400,4x4 Hill Freight Carrier,351.0,842.6,491.6,0.534,Active Landslide Clearance / Road Blockage
132.37,34.5,26.5,2.37,0.548,2450,Light Disaster Utility (4WD),230.2,357.8,127.6,0.387,Steep Mountain Grade & Hairpin Bends
185.82,33.8,4.2,51.89,0.261,95,Heavy Supply Truck (16T),330.4,463.2,132.8,0.261,Standard Mountain Traffic Flow
215.72,51.7,6.0,20.39,0.349,320,Light Disaster Utility (4WD),250.1,335.7,85.6,0.275,Standard Mountain Traffic Flow
367.63,45.0,8.5,112.63,0.723,350,Refrigerated Medical Van,490.2,1276.0,785.8,0.675,Active Landslide Clearance / Road Blockage
555.1,45.0,21.0,0.93,0.628,1650,Refrigerated Medical Van,740.1,1255.9,515.8,0.441,Steep Mountain Grade & Hairpin Bends
63.53,34.5,24.2,15.1,0.82,3200,Light Disaster Utility (4WD),110.5,242.6,132.2,0.597,Steep Mountain Grade & Hairpin Bends
143.14,45.0,4.2,7.28,0.174,95,4x4 Hill Freight Carrier,190.9,210.9,20.0,0.133,Standard Mountain Traffic Flow
281.98,45.0,18.0,42.14,0.627,1500,4x4 Hill Freight Carrier,376.0,714.6,338.6,0.502,Standard Mountain Traffic Flow
314.09,51.7,18.0,29.64,0.671,1500,Light Disaster Utility (4WD),364.2,923.2,559.0,0.514,Active Landslide Clearance / Road Blockage
231.91,45.0,4.2,12.86,0.087,95,Refrigerated Medical Van,309.2,335.1,25.9,0.08,Standard Mountain Traffic Flow
479.81,51.7,8.5,41.45,0.485,350,Light Disaster Utility (4WD),556.3,913.6,357.3,0.402,Standard Mountain Traffic Flow
120.55,20.0,14.5,16.51,0.169,1550,4x4 Hill Freight Carrier,361.6,415.0,53.4,0.143,Standard Mountain Traffic Flow
80.38,15.0,14.5,15.08,0.298,1550,Heavy Supply Truck (16T),321.5,403.9,82.4,0.231,Standard Mountain Traffic Flow
78.37,51.7,12.8,29.53,0.423,240,Light Disaster Utility (4WD),90.9,163.5,72.7,0.34,Standard Mountain Traffic Flow
65.02,45.0,12.8,23.6,0.404,240,Refrigerated Medical Van,86.7,161.1,74.4,0.318,Active Landslide Clearance / Road Blockage
125.02,34.5,26.5,11.42,0.596,2450,Light Disaster Utility (4WD),217.4,367.0,149.6,0.435,Steep Mountain Grade & Hairpin Bends
105.13,30.0,24.2,32.7,0.776,3200,4x4 Hill Freight Carrier,210.3,636.1,425.9,0.592,Active Landslide Clearance / Road Blockage
392.3,45.0,18.0,32.99,0.731,1500,Refrigerated Medical Van,523.1,1145.2,622.2,0.561,Active Landslide Clearance / Road Blockage
112.67,22.5,24.2,109.04,1.0,3200,Heavy Supply Truck (16T),300.5,945.0,644.6,0.864,Torrential Rainfall & Reduced Visibility
189.75,45.0,6.0,19.69,0.257,320,Refrigerated Medical Van,253.0,312.9,59.9,0.209,Standard Mountain Traffic Flow
366.49,51.7,8.5,74.36,0.636,350,Light Disaster Utility (4WD),424.9,942.3,517.4,0.557,Active Landslide Clearance / Road Blockage
142.0,23.0,14.5,9.13,0.178,1550,Light Disaster Utility (4WD),370.4,414.0,43.5,0.139,Standard Mountain Traffic Flow
238.42,45.0,22.0,11.31,0.645,1400,Refrigerated Medical Van,317.9,566.8,248.9,0.468,Steep Mountain Grade & Hairpin Bends
228.32,45.0,22.0,29.08,0.806,1400,4x4 Hill Freight Carrier,304.4,678.9,374.5,0.608,Steep Mountain Grade & Hairpin Bends
131.53,34.5,26.5,0.98,0.628,2450,Light Disaster Utility (4WD),228.7,388.2,159.5,0.441,Steep Mountain Grade & Hairpin Bends
266.69,45.0,8.5,46.73,0.59,350,Refrigerated Medical Van,355.6,658.5,302.9,0.483,Standard Mountain Traffic Flow
129.71,45.0,6.0,8.84,0.307,320,4x4 Hill Freight Carrier,172.9,213.7,40.7,0.228,Standard Mountain Traffic Flow
193.26,33.8,6.0,58.81,0.455,320,Heavy Supply Truck (16T),343.6,578.0,234.4,0.407,Standard Mountain Traffic Flow
183.18,51.7,6.0,53.7,0.477,320,Light Disaster Utility (4WD),212.4,359.2,146.8,0.415,Standard Mountain Traffic Flow
115.28,20.0,14.5,21.82,0.271,1550,4x4 Hill Freight Carrier,345.8,436.3,90.4,0.222,Standard Mountain Traffic Flow
222.63,33.8,6.0,7.39,0.254,320,Heavy Supply Truck (16T),395.8,464.3,68.5,0.189,Standard Mountain Traffic Flow
402.64,45.0,18.0,55.44,0.751,1500,4x4 Hill Freight Carrier,536.8,1279.7,742.8,0.609,Active Landslide Clearance / Road Blockage
471.16,33.8,18.0,28.4,0.621,1500,Heavy Supply Truck (16T),837.6,1525.3,687.7,0.477,Standard Mountain Traffic Flow
505.04,51.7,21.0,19.24,0.73,1650,Light Disaster Utility (4WD),585.6,1173.3,587.7,0.54,Steep Mountain Grade & Hairpin Bends
85.73,30.0,24.2,68.89,0.967,3200,4x4 Hill Freight Carrier,171.5,635.2,463.7,0.78,Active Landslide Clearance / Road Blockage
178.89,51.7,6.0,1.93,0.298,320,Light Disaster Utility (4WD),207.4,246.9,39.5,0.211,Standard Mountain Traffic Flow
147.38,33.8,6.0,22.48,0.316,320,Heavy Supply Truck (16T),262.0,344.3,82.3,0.255,Standard Mountain Traffic Flow
75.54,22.5,24.2,42.78,0.847,3200,Heavy Supply Truck (16T),201.4,483.6,282.2,0.657,Steep Mountain Grade & Hairpin Bends
221.06,51.7,6.0,31.39,0.356,320,Light Disaster Utility (4WD),256.3,360.3,104.0,0.296,Standard Mountain Traffic Flow
54.93,30.0,16.0,23.9,0.554,2100,4x4 Hill Freight Carrier,109.9,183.6,73.8,0.423,Standard Mountain Traffic Flow
775.33,45.0,21.0,16.17,0.604,1650,4x4 Hill Freight Carrier,1033.8,1813.6,779.8,0.447,Steep Mountain Grade & Hairpin Bends
578.83,45.0,21.0,17.15,0.668,1650,4x4 Hill Freight Carrier,771.8,1577.4,805.6,0.494,Active Landslide Clearance / Road Blockage
75.14,15.0,31.4,13.52,0.734,4170,Heavy Supply Truck (16T),300.6,596.6,296.1,0.534,Steep Mountain Grade & Hairpin Bends
51.63,34.5,16.0,63.17,0.638,2100,Light Disaster Utility (4WD),89.8,182.1,92.3,0.541,Torrential Rainfall & Reduced Visibility
128.62,51.7,6.0,104.44,0.665,320,Light Disaster Utility (4WD),149.1,341.5,192.4,0.622,Torrential Rainfall & Reduced Visibility
124.23,34.5,26.5,12.28,0.634,2450,Light Disaster Utility (4WD),216.1,381.4,165.4,0.462,Steep Mountain Grade & Hairpin Bends
69.66,45.0,12.8,52.83,0.607,240,Refrigerated Medical Van,92.9,177.9,85.1,0.504,Standard Mountain Traffic Flow
129.99,30.0,26.5,64.27,0.834,2450,4x4 Hill Freight Carrier,260.0,873.8,613.8,0.68,Active Landslide Clearance / Road Blockage
70.54,33.8,12.8,2.2,0.383,240,Heavy Supply Truck (16T),125.4,162.4,37.0,0.271,Standard Mountain Traffic Flow
197.97,51.7,6.0,34.82,0.347,320,Light Disaster Utility (4WD),229.5,324.2,94.7,0.295,Standard Mountain Traffic Flow
387.02,51.7,8.5,0.37,0.32,350,Light Disaster Utility (4WD),448.7,541.8,93.1,0.224,Standard Mountain Traffic Flow
101.18,15.0,14.5,1.93,0.255,1550,Heavy Supply Truck (16T),404.7,463.9,59.2,0.181,Standard Mountain Traffic Flow
92.56,20.0,14.5,22.49,0.275,1550,Refrigerated Medical Van,277.7,352.3,74.6,0.226,Standard Mountain Traffic Flow
509.12,33.8,21.0,3.86,0.574,1650,Heavy Supply Truck (16T),905.1,1455.7,550.6,0.408,Steep Mountain Grade & Hairpin Bends
417.85,33.8,18.0,0.96,0.525,1500,Heavy Supply Truck (16T),742.8,1118.9,376.1,0.369,Standard Mountain Traffic Flow
472.34,33.8,21.0,23.96,0.676,1650,Heavy Supply Truck (16T),839.7,1760.9,921.2,0.509,Active Landslide Clearance / Road Blockage
135.92,15.0,14.5,38.44,0.338,1550,Heavy Supply Truck (16T),543.7,771.4,227.7,0.294,Standard Mountain Traffic Flow
69.56,34.5,24.2,26.93,0.717,3200,Light Disaster Utility (4WD),121.0,243.7,122.7,0.542,Steep Mountain Grade & Hairpin Bends
447.6,51.7,8.5,71.02,0.568,350,Light Disaster Utility (4WD),519.0,1003.2,484.2,0.504,Torrential Rainfall & Reduced Visibility
75.35,33.8,12.8,52.23,0.595,240,Heavy Supply Truck (16T),134.0,298.8,164.8,0.495,Active Landslide Clearance / Road Blockage
84.6,15.0,31.4,32.59,0.917,4170,Heavy Supply Truck (16T),338.4,857.1,518.8,0.691,Steep Mountain Grade & Hairpin Bends
80.29,34.5,24.2,14.15,0.684,3200,Light Disaster Utility (4WD),139.6,262.4,122.8,0.5,Steep Mountain Grade & Hairpin Bends
124.26,30.0,26.5,153.04,1.0,2450,4x4 Hill Freight Carrier,248.5,836.3,587.8,0.93,Torrential Rainfall & Reduced Visibility
53.81,30.0,16.0,1.05,0.357,2100,Refrigerated Medical Van,107.6,170.2,62.6,0.251,Active Landslide Clearance / Road Blockage
157.86,33.8,6.0,9.38,0.299,320,Heavy Supply Truck (16T),280.6,344.9,64.2,0.223,Standard Mountain Traffic Flow
236.93,51.7,22.0,14.28,0.764,1400,Light Disaster Utility (4WD),274.7,565.2,290.5,0.556,Steep Mountain Grade & Hairpin Bends
62.49,20.0,31.4,7.21,0.773,4170,Refrigerated Medical Van,187.5,558.1,370.6,0.552,Active Landslide Clearance / Road Blockage
272.88,45.0,22.0,69.42,1.0,1400,Refrigerated Medical Van,363.8,1072.3,708.4,0.804,Torrential Rainfall & Reduced Visibility
466.54,45.0,21.0,17.0,0.688,1650,Refrigerated Medical Van,622.1,1272.2,650.2,0.507,Active Landslide Clearance / Road Blockage
337.4,33.8,18.0,21.04,0.634,1500,Heavy Supply Truck (16T),599.8,1085.3,485.5,0.475,Standard Mountain Traffic Flow
116.52,30.0,26.5,23.26,0.711,2450,Refrigerated Medical Van,233.0,590.3,357.2,0.533,Active Landslide Clearance / Road Blockage
115.51,30.0,24.2,24.64,0.677,3200,Refrigerated Medical Van,231.0,442.7,211.7,0.511,Steep Mountain Grade & Hairpin Bends
76.13,20.0,31.4,22.2,0.771,4170,4x4 Hill Freight Carrier,228.4,529.1,300.7,0.573,Active Landslide Clearance / Road Blockage
85.62,23.0,31.4,36.53,0.839,4170,Light Disaster Utility (4WD),223.4,524.9,301.5,0.642,Steep Mountain Grade & Hairpin Bends
163.28,45.0,6.0,82.18,0.559,320,Refrigerated Medical Van,217.7,483.2,265.5,0.514,Active Landslide Clearance / Road Blockage
539.94,45.0,21.0,5.13,0.518,1650,4x4 Hill Freight Carrier,719.9,1136.4,416.5,0.37,Active Landslide Clearance / Road Blockage
91.54,23.0,31.4,13.53,0.738,4170,Light Disaster Utility (4WD),238.8,533.2,294.4,0.537,Active Landslide Clearance / Road Blockage
59.99,22.5,16.0,1.16,0.391,2100,Heavy Supply Truck (16T),160.0,208.2,48.2,0.276,Standard Mountain Traffic Flow
503.42,45.0,18.0,6.68,0.565,1500,Refrigerated Medical Van,671.2,1094.6,423.4,0.405,Standard Mountain Traffic Flow
203.23,45.0,4.2,17.97,0.207,95,Refrigerated Medical Van,271.0,320.7,49.7,0.172,Standard Mountain Traffic Flow
107.31,34.5,24.2,32.5,0.745,3200,Light Disaster Utility (4WD),186.6,469.3,282.7,0.57,Active Landslide Clearance / Road Blockage
126.15,30.0,26.5,38.95,0.774,2450,Refrigerated Medical Van,252.3,555.8,303.5,0.6,Steep Mountain Grade & Hairpin Bends
316.33,45.0,18.0,9.33,0.551,1500,Refrigerated Medical Van,421.8,672.0,250.2,0.399,Standard Mountain Traffic Flow
82.74,23.0,14.5,47.61,0.295,1550,Light Disaster Utility (4WD),215.8,305.6,89.8,0.278,Standard Mountain Traffic Flow
141.77,45.0,6.0,1.23,0.275,320,4x4 Hill Freight Carrier,189.0,219.7,30.7,0.194,Standard Mountain Traffic Flow
293.35,51.7,8.5,18.11,0.311,350,Light Disaster Utility (4WD),340.1,437.5,97.3,0.245,Standard Mountain Traffic Flow
135.64,34.5,26.5,21.72,0.624,2450,Light Disaster Utility (4WD),235.9,422.8,186.9,0.469,Steep Mountain Grade & Hairpin Bends
233.26,33.8,4.2,1.09,0.107,95,Heavy Supply Truck (16T),414.7,428.8,14.1,0.077,Standard Mountain Traffic Flow
72.58,30.0,24.2,3.84,0.523,3200,4x4 Hill Freight Carrier,145.2,220.2,75.0,0.372,Steep Mountain Grade & Hairpin Bends
59.19,30.0,16.0,84.12,0.705,2100,4x4 Hill Freight Carrier,118.4,501.0,382.7,0.62,Active Landslide Clearance / Road Blockage
463.44,33.8,21.0,30.95,0.692,1650,Heavy Supply Truck (16T),823.9,1631.7,807.8,0.531,Steep Mountain Grade & Hairpin Bends
115.48,34.5,24.2,114.81,1.0,3200,Light Disaster Utility (4WD),200.8,721.9,521.0,0.872,Active Landslide Clearance / Road Blockage
220.52,33.8,6.0,72.8,0.506,320,Heavy Supply Truck (16T),392.0,718.7,326.7,0.463,Torrential Rainfall & Reduced Visibility
392.17,45.0,8.5,43.6,0.496,350,4x4 Hill Freight Carrier,522.9,873.4,350.6,0.412,Standard Mountain Traffic Flow
107.57,22.5,24.2,34.69,0.82,3200,Heavy Supply Truck (16T),286.9,806.9,520.1,0.626,Active Landslide Clearance / Road Blockage
52.16,45.0,12.8,40.86,0.42,240,Refrigerated Medical Van,69.5,107.1,37.6,0.356,Standard Mountain Traffic Flow
84.4,15.0,31.4,35.79,0.851,4170,Heavy Supply Truck (16T),337.6,802.2,464.6,0.649,Steep Mountain Grade & Hairpin Bends
259.19,51.7,4.2,5.43,0.079,95,Light Disaster Utility (4WD),300.5,313.7,13.2,0.064,Standard Mountain Traffic Flow
494.22,45.0,18.0,3.14,0.569,1500,4x4 Hill Freight Carrier,659.0,1096.0,437.0,0.403,Active Landslide Clearance / Road Blockage
731.03,45.0,21.0,13.15,0.6,1650,4x4 Hill Freight Carrier,974.7,1660.7,686.0,0.44,Steep Mountain Grade & Hairpin Bends
220.56,45.0,6.0,102.45,0.581,320,4x4 Hill Freight Carrier,294.1,639.9,345.8,0.56,Torrential Rainfall & Reduced Visibility
610.15,51.7,21.0,23.84,0.684,1650,Light Disaster Utility (4WD),707.4,1469.6,762.2,0.514,Active Landslide Clearance / Road Blockage
405.46,45.0,18.0,32.47,0.611,1500,Refrigerated Medical Van,540.6,985.1,444.4,0.477,Standard Mountain Traffic Flow
69.79,45.0,12.8,4.41,0.396,240,4x4 Hill Freight Carrier,93.1,123.2,30.2,0.284,Standard Mountain Traffic Flow
76.81,45.0,12.8,17.9,0.471,240,4x4 Hill Freight Carrier,102.4,153.9,51.5,0.357,Standard Mountain Traffic Flow
253.78,45.0,4.2,60.25,0.259,95,4x4 Hill Freight Carrier,338.4,487.9,149.5,0.272,Torrential Rainfall & Reduced Visibility
61.02,30.0,16.0,37.68,0.478,2100,4x4 Hill Freight Carrier,122.0,196.7,74.7,0.391,Standard Mountain Traffic Flow
500.17,51.7,18.0,47.83,0.666,1500,Light Disaster Utility (4WD),579.9,1266.5,686.6,0.538,Active Landslide Clearance / Road Blockage
473.02,33.8,8.5,11.54,0.339,350,Heavy Supply Truck (16T),840.9,1081.6,240.7,0.255,Standard Mountain Traffic Flow
67.49,22.5,24.2,36.88,0.722,3200,Heavy Supply Truck (16T),180.0,476.4,296.5,0.561,Active Landslide Clearance / Road Blockage
60.92,51.7,12.8,0.66,0.402,240,Light Disaster Utility (4WD),70.6,143.3,72.7,0.283,Active Landslide Clearance / Road Blockage
42.92,22.5,16.0,57.68,0.64,2100,Heavy Supply Truck (16T),114.5,229.4,114.9,0.534,Standard Mountain Traffic Flow
43.15,34.5,16.0,21.79,0.521,2100,Light Disaster Utility (4WD),75.0,120.4,45.4,0.398,Standard Mountain Traffic Flow
197.83,51.7,4.2,12.41,0.167,95,Light Disaster Utility (4WD),229.4,258.2,28.8,0.135,Standard Mountain Traffic Flow
74.68,51.7,12.8,3.34,0.423,240,Light Disaster Utility (4WD),86.6,117.5,30.9,0.301,Standard Mountain Traffic Flow
37.75,34.5,16.0,113.59,0.849,2100,Light Disaster Utility (4WD),65.6,181.1,115.5,0.765,Torrential Rainfall & Reduced Visibility
72.3,23.0,31.4,7.27,0.88,4170,Light Disaster Utility (4WD),188.6,435.2,246.6,0.627,Steep Mountain Grade & Hairpin Bends
280.16,45.0,22.0,2.66,0.748,1400,4x4 Hill Freight Carrier,373.6,956.4,582.8,0.528,Active Landslide Clearance / Road Blockage
251.19,45.0,22.0,4.42,0.758,1400,Refrigerated Medical Van,334.9,668.1,333.2,0.538,Steep Mountain Grade & Hairpin Bends
74.46,20.0,31.4,2.87,0.689,4170,Refrigerated Medical Van,223.4,409.1,185.8,0.486,Steep Mountain Grade & Hairpin Bends
47.4,30.0,16.0,81.07,0.706,2100,Refrigerated Medical Van,94.8,399.6,304.8,0.616,Active Landslide Clearance / Road Blockage
273.34,45.0,8.5,7.62,0.346,350,Refrigerated Medical Van,364.5,464.5,100.1,0.253,Standard Mountain Traffic Flow
127.57,51.7,6.0,50.21,0.436,320,Light Disaster Utility (4WD),147.9,278.5,130.6,0.381,Active Landslide Clearance / Road Blockage
113.5,34.5,26.5,94.97,0.992,2450,Light Disaster Utility (4WD),197.4,716.4,519.0,0.837,Active Landslide Clearance / Road Blockage
380.18,51.7,8.5,28.67,0.417,350,Light Disaster Utility (4WD),440.8,650.2,209.4,0.335,Standard Mountain Traffic Flow
98.41,22.5,26.5,25.34,0.653,2450,Heavy Supply Truck (16T),262.4,490.9,228.5,0.495,Steep Mountain Grade & Hairpin Bends
164.58,45.0,6.0,40.33,0.361,320,Refrigerated Medical Van,219.4,375.9,156.5,0.313,Active Landslide Clearance / Road Blockage
240.89,45.0,22.0,30.89,0.846,1400,Refrigerated Medical Van,321.2,750.7,429.5,0.638,Steep Mountain Grade & Hairpin Bends
433.95,45.0,8.5,8.89,0.333,350,4x4 Hill Freight Carrier,578.6,732.4,153.8,0.247,Standard Mountain Traffic Flow
49.16,22.5,16.0,96.93,0.781,2100,Heavy Supply Truck (16T),131.1,329.0,198.0,0.692,Torrential Rainfall & Reduced Visibility
61.89,30.0,16.0,10.72,0.393,2100,Refrigerated Medical Van,123.8,167.3,43.5,0.291,Standard Mountain Traffic Flow
109.44,34.5,24.2,81.39,0.904,3200,Light Disaster Utility (4WD),190.3,632.0,441.6,0.755,Active Landslide Clearance / Road Blockage
51.15,20.0,31.4,53.42,0.972,4170,4x4 Hill Freight Carrier,153.5,638.3,484.8,0.76,Active Landslide Clearance / Road Blockage
119.32,30.0,26.5,13.04,0.638,2450,Refrigerated Medical Van,238.6,472.0,233.4,0.466,Active Landslide Clearance / Road Blockage
141.0,20.0,14.5,39.34,0.327,1550,4x4 Hill Freight Carrier,423.0,596.8,173.8,0.288,Standard Mountain Traffic Flow
132.49,30.0,26.5,41.11,0.691,2450,4x4 Hill Freight Carrier,265.0,758.2,493.3,0.545,Active Landslide Clearance / Road Blockage
401.82,51.7,8.5,15.24,0.437,350,Light Disaster Utility (4WD),465.9,669.2,203.4,0.329,Standard Mountain Traffic Flow
84.13,20.0,14.5,10.3,0.134,1550,Refrigerated Medical Van,252.4,276.3,23.9,0.11,Standard Mountain Traffic Flow
40.1,30.0,16.0,22.48,0.487,2100,Refrigerated Medical Van,80.2,124.4,44.1,0.375,Standard Mountain Traffic Flow
56.97,20.0,31.4,48.34,1.0,4170,Refrigerated Medical Van,170.9,559.4,388.5,0.773,Active Landslide Clearance / Road Blockage
80.12,30.0,24.2,15.83,0.655,3200,Refrigerated Medical Van,160.2,292.6,132.4,0.482,Steep Mountain Grade & Hairpin Bends
106.53,34.5,24.2,44.11,0.824,3200,Light Disaster Utility (4WD),185.3,527.8,342.6,0.643,Active Landslide Clearance / Road Blockage
514.66,51.7,18.0,91.17,0.819,1500,Light Disaster Utility (4WD),596.7,1535.0,938.3,0.71,Torrential Rainfall & Reduced Visibility
212.58,51.7,4.2,36.01,0.296,95,Light Disaster Utility (4WD),246.5,334.9,88.4,0.261,Standard Mountain Traffic Flow
229.6,51.7,4.2,95.5,0.546,95,Light Disaster Utility (4WD),266.2,536.4,270.2,0.525,Torrential Rainfall & Reduced Visibility
116.88,34.5,26.5,30.34,0.723,2450,Light Disaster Utility (4WD),203.3,415.7,212.4,0.552,Steep Mountain Grade & Hairpin Bends
233.72,45.0,4.2,8.0,0.197,95,4x4 Hill Freight Carrier,311.6,350.9,39.3,0.15,Standard Mountain Traffic Flow
44.52,30.0,16.0,4.78,0.245,2100,Refrigerated Medical Van,89.0,102.5,13.5,0.179,Standard Mountain Traffic Flow
92.88,20.0,31.4,28.34,0.853,4170,Refrigerated Medical Van,278.6,851.6,573.0,0.64,Active Landslide Clearance / Road Blockage
101.31,23.0,14.5,53.43,0.47,1550,Light Disaster Utility (4WD),264.3,443.6,179.3,0.409,Standard Mountain Traffic Flow
321.95,45.0,8.5,23.86,0.42,350,4x4 Hill Freight Carrier,429.3,624.7,195.4,0.33,Standard Mountain Traffic Flow
429.12,51.7,18.0,26.68,0.627,1500,Light Disaster Utility (4WD),497.5,907.8,410.2,0.479,Standard Mountain Traffic Flow
79.94,33.8,12.8,53.6,0.566,240,Heavy Supply Truck (16T),142.1,289.0,146.9,0.477,Standard Mountain Traffic Flow
85.74,34.5,24.2,8.17,0.564,3200,Light Disaster Utility (4WD),149.1,240.3,91.2,0.407,Steep Mountain Grade & Hairpin Bends
459.96,51.7,18.0,53.6,0.699,1500,Light Disaster Utility (4WD),533.3,1124.3,591.0,0.57,Standard Mountain Traffic Flow
263.92,51.7,4.2,30.82,0.149,95,Light Disaster Utility (4WD),306.0,369.0,63.1,0.151,Standard Mountain Traffic Flow
516.04,51.7,21.0,7.18,0.61,1650,Light Disaster Utility (4WD),598.3,1046.5,448.2,0.438,Active Landslide Clearance / Road Blockage
515.52,51.7,18.0,0.03,0.493,1500,Light Disaster Utility (4WD),597.7,913.0,315.3,0.345,Active Landslide Clearance / Road Blockage
186.32,45.0,4.2,18.33,0.167,95,Refrigerated Medical Van,248.4,287.1,38.7,0.145,Standard Mountain Traffic Flow
56.05,20.0,31.4,15.58,0.786,4170,Refrigerated Medical Van,168.2,419.9,251.7,0.574,Active Landslide Clearance / Road Blockage
83.91,15.0,31.4,25.08,0.773,4170,Heavy Supply Truck (16T),335.6,901.6,565.9,0.579,Active Landslide Clearance / Road Blockage
590.2,33.8,21.0,14.41,0.66,1650,Heavy Supply Truck (16T),1049.2,2065.7,1016.5,0.484,Active Landslide Clearance / Road Blockage
608.94,51.7,21.0,40.47,0.715,1650,Light Disaster Utility (4WD),706.0,1467.1,761.1,0.561,Steep Mountain Grade & Hairpin Bends
132.74,30.0,26.5,41.68,0.764,2450,Refrigerated Medical Van,265.5,643.1,377.7,0.597,Active Landslide Clearance / Road Blockage
411.6,33.8,8.5,14.43,0.287,350,Heavy Supply Truck (16T),731.7,908.6,176.8,0.223,Standard Mountain Traffic Flow
191.94,45.0,22.0,59.43,0.809,1400,4x4 Hill Freight Carrier,255.9,662.7,406.8,0.656,Active Landslide Clearance / Road Blockage
376.36,45.0,8.5,77.01,0.65,350,Refrigerated Medical Van,501.8,1064.4,562.6,0.57,Torrential Rainfall & Reduced Visibility
75.48,15.0,31.4,106.89,1.0,4170,Heavy Supply Truck (16T),301.9,1147.0,845.1,0.86,Active Landslide Clearance / Road Blockage
63.07,45.0,12.8,2.86,0.308,240,Refrigerated Medical Van,84.1,101.4,17.3,0.22,Standard Mountain Traffic Flow
94.23,34.5,24.2,28.38,0.779,3200,Light Disaster Utility (4WD),163.9,354.4,190.5,0.588,Steep Mountain Grade & Hairpin Bends
56.26,30.0,16.0,32.67,0.55,2100,4x4 Hill Freight Carrier,112.5,192.4,79.9,0.434,Standard Mountain Traffic Flow
39.94,34.5,16.0,15.54,0.446,2100,Light Disaster Utility (4WD),69.5,100.8,31.3,0.335,Standard Mountain Traffic Flow
42.79,30.0,16.0,7.66,0.37,2100,Refrigerated Medical Van,85.6,111.7,26.1,0.27,Standard Mountain Traffic Flow
623.2,33.8,21.0,27.95,0.73,1650,Heavy Supply Truck (16T),1107.9,2396.7,1288.8,0.553,Active Landslide Clearance / Road Blockage
160.33,51.7,6.0,25.02,0.259,320,Light Disaster Utility (4WD),185.9,235.3,49.4,0.219,Standard Mountain Traffic Flow
132.07,23.0,14.5,0.7,0.224,1550,Light Disaster Utility (4WD),344.5,383.0,38.4,0.158,Standard Mountain Traffic Flow
230.55,33.8,22.0,41.78,0.857,1400,Heavy Supply Truck (16T),409.9,991.9,582.0,0.662,Steep Mountain Grade & Hairpin Bends
190.59,45.0,4.2,68.69,0.367,95,Refrigerated Medical Van,254.1,448.1,194.0,0.36,Active Landslide Clearance / Road Blockage
100.3,15.0,14.5,16.56,0.203,1550,Heavy Supply Truck (16T),401.2,470.8,69.6,0.167,Standard Mountain Traffic Flow
366.3,45.0,8.5,58.21,0.401,350,Refrigerated Medical Van,488.4,781.7,293.3,0.368,Standard Mountain Traffic Flow
209.28,45.0,22.0,15.76,0.732,1400,Refrigerated Medical Van,279.0,701.1,422.1,0.536,Active Landslide Clearance / Road Blockage
204.95,33.8,6.0,3.87,0.207,320,Heavy Supply Truck (16T),364.4,405.8,41.4,0.151,Standard Mountain Traffic Flow
568.23,33.8,21.0,14.91,0.595,1650,Heavy Supply Truck (16T),1010.2,1719.9,709.7,0.439,Steep Mountain Grade & Hairpin Bends
433.75,33.8,8.5,11.75,0.445,350,Heavy Supply Truck (16T),771.1,1103.8,332.7,0.329,Standard Mountain Traffic Flow
308.01,33.8,8.5,38.05,0.434,350,Heavy Supply Truck (16T),547.6,846.8,299.2,0.361,Standard Mountain Traffic Flow
254.34,45.0,22.0,17.76,0.691,1400,4x4 Hill Freight Carrier,339.1,648.4,309.3,0.511,Steep Mountain Grade & Hairpin Bends
219.82,51.7,6.0,24.7,0.355,320,Light Disaster Utility (4WD),254.9,349.5,94.6,0.285,Standard Mountain Traffic Flow
263.68,51.7,22.0,62.4,0.919,1400,Light Disaster Utility (4WD),305.7,821.2,515.5,0.737,Torrential Rainfall & Reduced Visibility
716.7,45.0,21.0,17.04,0.729,1650,4x4 Hill Freight Carrier,955.6,1902.1,946.5,0.536,Steep Mountain Grade & Hairpin Bends
63.89,45.0,12.8,1.92,0.389,240,4x4 Hill Freight Carrier,85.2,110.9,25.7,0.275,Standard Mountain Traffic Flow
94.91,34.5,24.2,45.04,0.719,3200,Light Disaster Utility (4WD),165.1,491.6,326.6,0.571,Active Landslide Clearance / Road Blockage
624.55,51.7,21.0,38.76,0.879,1650,Light Disaster Utility (4WD),724.1,1782.4,1058.3,0.673,Steep Mountain Grade & Hairpin Bends
139.99,20.0,14.5,15.4,0.24,1550,Refrigerated Medical Van,420.0,503.8,83.8,0.191,Standard Mountain Traffic Flow
190.39,51.7,4.2,0.11,0.103,95,Light Disaster Utility (4WD),220.7,226.7,6.0,0.072,Standard Mountain Traffic Flow
205.22,33.8,4.2,48.93,0.32,95,Heavy Supply Truck (16T),364.8,529.1,164.3,0.297,Standard Mountain Traffic Flow
49.77,30.0,16.0,9.43,0.383,2100,Refrigerated Medical Van,99.5,132.5,33.0,0.282,Standard Mountain Traffic Flow
81.41,20.0,31.4,28.27,0.876,4170,4x4 Hill Freight Carrier,244.2,665.0,420.8,0.656,Active Landslide Clearance / Road Blockage
111.82,34.5,24.2,6.72,0.606,3200,Light Disaster Utility (4WD),194.5,327.4,132.9,0.434,Steep Mountain Grade & Hairpin Bends
34.01,30.0,16.0,39.54,0.506,2100,Refrigerated Medical Van,68.0,113.4,45.4,0.414,Standard Mountain Traffic Flow
694.11,45.0,21.0,47.16,0.77,1650,4x4 Hill Freight Carrier,925.5,2242.4,1316.9,0.61,Active Landslide Clearance / Road Blockage
106.35,30.0,26.5,35.85,0.642,2450,4x4 Hill Freight Carrier,212.7,404.2,191.5,0.503,Steep Mountain Grade & Hairpin Bends
67.16,33.8,12.8,3.65,0.4,240,Heavy Supply Truck (16T),119.4,158.4,39.0,0.286,Standard Mountain Traffic Flow
224.12,45.0,4.2,5.06,0.186,95,4x4 Hill Freight Carrier,298.8,329.5,30.7,0.138,Standard Mountain Traffic Flow
316.03,45.0,8.5,14.99,0.294,350,Refrigerated Medical Van,421.4,527.2,105.8,0.228,Standard Mountain Traffic Flow
73.64,45.0,12.8,30.5,0.434,240,Refrigerated Medical Van,98.2,148.2,50.0,0.35,Standard Mountain Traffic Flow
50.22,30.0,16.0,7.68,0.352,2100,4x4 Hill Freight Carrier,100.4,153.0,52.6,0.258,Standard Mountain Traffic Flow
98.61,34.5,26.5,0.21,0.612,2450,Light Disaster Utility (4WD),171.5,285.2,113.7,0.429,Steep Mountain Grade & Hairpin Bends
53.64,30.0,16.0,9.39,0.393,2100,4x4 Hill Freight Carrier,107.3,144.2,37.0,0.289,Standard Mountain Traffic Flow
202.2,45.0,4.2,101.17,0.58,95,4x4 Hill Freight Carrier,269.6,567.9,298.3,0.558,Torrential Rainfall & Reduced Visibility
208.45,33.8,22.0,38.32,0.764,1400,Heavy Supply Truck (16T),370.6,807.0,436.5,0.592,Steep Mountain Grade & Hairpin Bends
112.77,15.0,14.5,12.93,0.267,1550,Heavy Supply Truck (16T),451.1,547.4,96.4,0.207,Standard Mountain Traffic Flow
288.17,45.0,22.0,29.22,0.843,1400,4x4 Hill Freight Carrier,384.2,983.0,598.7,0.634,Active Landslide Clearance / Road Blockage
285.42,51.7,22.0,60.16,0.884,1400,Light Disaster Utility (4WD),330.9,1071.0,740.1,0.709,Active Landslide Clearance / Road Blockage
56.64,34.5,16.0,15.73,0.441,2100,Light Disaster Utility (4WD),98.5,142.3,43.8,0.332,Standard Mountain Traffic Flow
67.34,33.8,12.8,5.27,0.379,240,Heavy Supply Truck (16T),119.7,156.3,36.6,0.273,Standard Mountain Traffic Flow
475.62,33.8,8.5,36.52,0.464,350,Heavy Supply Truck (16T),845.5,1384.5,539.0,0.379,Active Landslide Clearance / Road Blockage
42.18,22.5,16.0,20.18,0.497,2100,Heavy Supply Truck (16T),112.5,174.9,62.5,0.378,Standard Mountain Traffic Flow
473.74,45.0,21.0,19.14,0.64,1650,Refrigerated Medical Van,631.7,1144.6,513.0,0.477,Steep Mountain Grade & Hairpin Bends
71.28,34.5,24.2,7.84,0.589,3200,Light Disaster Utility (4WD),124.0,223.8,99.9,0.424,Steep Mountain Grade & Hairpin Bends
77.97,45.0,12.8,22.68,0.48,240,Refrigerated Medical Van,104.0,160.2,56.2,0.37,Standard Mountain Traffic Flow
396.74,33.8,8.5,76.48,0.469,350,Heavy Supply Truck (16T),705.3,1263.9,558.6,0.443,Torrential Rainfall & Reduced Visibility
164.67,33.8,4.2,10.51,0.159,95,Heavy Supply Truck (16T),292.7,325.2,32.5,0.127,Standard Mountain Traffic Flow
79.95,23.0,14.5,4.79,0.211,1550,Light Disaster Utility (4WD),208.6,233.8,25.2,0.155,Standard Mountain Traffic Flow
80.21,15.0,14.5,137.93,0.751,1550,Heavy Supply Truck (16T),320.8,1087.6,766.7,0.732,Active Landslide Clearance / Road Blockage
75.63,15.0,31.4,1.01,0.714,4170,Heavy Supply Truck (16T),302.5,629.1,326.5,0.501,Active Landslide Clearance / Road Blockage
176.25,45.0,6.0,15.63,0.223,320,Refrigerated Medical Van,235.0,278.7,43.7,0.18,Standard Mountain Traffic Flow
61.06,22.5,16.0,22.95,0.575,2100,Heavy Supply Truck (16T),162.8,277.6,114.8,0.437,Standard Mountain Traffic Flow
125.99,23.0,14.5,68.04,0.431,1550,Light Disaster Utility (4WD),328.7,576.1,247.4,0.404,Torrential Rainfall & Reduced Visibility
55.66,20.0,31.4,21.56,0.779,4170,Refrigerated Medical Van,167.0,463.1,296.1,0.578,Active Landslide Clearance / Road Blockage
46.04,30.0,16.0,121.35,0.873,2100,4x4 Hill Freight Carrier,92.1,327.5,235.4,0.793,Active Landslide Clearance / Road Blockage
98.2,30.0,26.5,22.49,0.61,2450,4x4 Hill Freight Carrier,196.4,405.0,208.6,0.46,Active Landslide Clearance / Road Blockage
230.88,33.8,22.0,2.01,0.606,1400,Heavy Supply Truck (16T),410.5,706.6,296.1,0.427,Steep Mountain Grade & Hairpin Bends
51.77,30.0,16.0,2.09,0.372,2100,Refrigerated Medical Van,103.5,132.6,29.0,0.264,Standard Mountain Traffic Flow
110.28,20.0,14.5,28.21,0.277,1550,4x4 Hill Freight Carrier,330.8,430.0,99.1,0.236,Standard Mountain Traffic Flow
146.01,20.0,14.5,13.72,0.232,1550,4x4 Hill Freight Carrier,438.0,518.7,80.7,0.183,Standard Mountain Traffic Flow
129.12,30.0,26.5,11.82,0.509,2450,4x4 Hill Freight Carrier,258.2,395.9,137.7,0.374,Steep Mountain Grade & Hairpin Bends
161.17,45.0,6.0,0.66,0.196,320,4x4 Hill Freight Carrier,214.9,233.9,19.0,0.138,Standard Mountain Traffic Flow
82.06,22.5,24.2,66.08,0.843,3200,Heavy Supply Truck (16T),218.8,548.7,329.9,0.689,Torrential Rainfall & Reduced Visibility
216.06,51.7,4.2,66.83,0.409,95,Light Disaster Utility (4WD),250.5,461.0,210.5,0.387,Active Landslide Clearance / Road Blockage
88.6,20.0,14.5,60.71,0.401,1550,Refrigerated Medical Van,265.8,428.8,163.0,0.372,Torrential Rainfall & Reduced Visibility
72.43,20.0,31.4,57.02,0.856,4170,Refrigerated Medical Van,217.3,768.6,551.3,0.685,Active Landslide Clearance / Road Blockage
258.23,45.0,4.2,0.24,0.127,95,Refrigerated Medical Van,344.3,358.1,13.7,0.089,Standard Mountain Traffic Flow
202.2,51.7,4.2,27.84,0.145,95,Light Disaster Utility (4WD),234.4,278.6,44.2,0.143,Standard Mountain Traffic Flow
202.14,45.0,4.2,81.71,0.407,95,4x4 Hill Freight Carrier,269.5,465.0,195.5,0.407,Torrential Rainfall & Reduced Visibility
257.12,51.7,4.2,2.4,0.083,95,Light Disaster Utility (4WD),298.1,307.1,9.0,0.062,Standard Mountain Traffic Flow
423.21,45.0,18.0,34.35,0.755,1500,4x4 Hill Freight Carrier,564.3,1283.7,719.4,0.58,Active Landslide Clearance / Road Blockage
248.64,45.0,4.2,4.53,0.141,95,Refrigerated Medical Van,331.5,354.6,23.1,0.105,Standard Mountain Traffic Flow
45.38,22.5,16.0,2.35,0.488,2100,Heavy Supply Truck (16T),121.0,175.7,54.7,0.345,Standard Mountain Traffic Flow
78.78,33.8,12.8,40.34,0.538,240,Heavy Supply Truck (16T),140.1,241.6,101.6,0.437,Standard Mountain Traffic Flow
253.44,51.7,22.0,80.92,1.0,1400,Light Disaster Utility (4WD),293.8,882.9,589.0,0.821,Torrential Rainfall & Reduced Visibility
389.53,51.7,8.5,15.83,0.296,350,Light Disaster Utility (4WD),451.6,568.0,116.4,0.231,Standard Mountain Traffic Flow
133.15,22.5,26.5,6.14,0.69,2450,Heavy Supply Truck (16T),355.1,878.8,523.8,0.492,Active Landslide Clearance / Road Blockage
305.03,45.0,22.0,21.32,0.756,1400,Refrigerated Medical Van,406.7,1014.2,607.5,0.562,Active Landslide Clearance / Road Blockage
166.77,45.0,6.0,18.94,0.311,320,Refrigerated Medical Van,222.4,286.8,64.5,0.246,Standard Mountain Traffic Flow
464.15,33.8,18.0,24.77,0.507,1500,Heavy Supply Truck (16T),825.2,1316.5,491.3,0.392,Standard Mountain Traffic Flow
807.54,45.0,21.0,18.25,0.719,1650,4x4 Hill Freight Carrier,1076.7,2267.1,1190.4,0.531,Active Landslide Clearance / Road Blockage
447.96,45.0,8.5,23.7,0.408,350,4x4 Hill Freight Carrier,597.3,858.6,261.3,0.321,Standard Mountain Traffic Flow
104.46,30.0,26.5,3.42,0.668,2450,4x4 Hill Freight Carrier,208.9,374.2,165.2,0.473,Steep Mountain Grade & Hairpin Bends
780.25,33.8,21.0,8.7,0.601,1650,Heavy Supply Truck (16T),1387.1,2334.9,947.8,0.434,Steep Mountain Grade & Hairpin Bends
65.02,15.0,31.4,5.02,0.746,4170,Heavy Supply Truck (16T),260.1,681.9,421.9,0.53,Active Landslide Clearance / Road Blockage
76.38,20.0,31.4,24.19,0.819,4170,4x4 Hill Freight Carrier,229.1,512.8,283.7,0.61,Steep Mountain Grade & Hairpin Bends
53.44,20.0,31.4,39.22,0.96,4170,Refrigerated Medical Van,160.3,430.0,269.7,0.731,Steep Mountain Grade & Hairpin Bends
307.27,45.0,22.0,45.97,0.886,1400,Refrigerated Medical Van,409.7,1031.3,621.6,0.689,Steep Mountain Grade & Hairpin Bends
129.28,30.0,26.5,78.59,0.896,2450,Refrigerated Medical Van,258.6,765.7,507.1,0.745,Active Landslide Clearance / Road Blockage
173.82,45.0,6.0,46.48,0.414,320,4x4 Hill Freight Carrier,231.8,361.4,129.7,0.36,Standard Mountain Traffic Flow
145.85,51.7,4.2,1.76,0.134,95,Light Disaster Utility (4WD),169.1,177.8,8.7,0.096,Standard Mountain Traffic Flow
178.38,33.8,6.0,13.81,0.263,320,Heavy Supply Truck (16T),317.1,384.9,67.8,0.205,Standard Mountain Traffic Flow
36.71,30.0,16.0,39.53,0.48,2100,4x4 Hill Freight Carrier,73.4,163.7,90.3,0.396,Active Landslide Clearance / Road Blockage
184.65,33.8,6.0,13.5,0.23,320,Heavy Supply Truck (16T),328.3,387.7,59.4,0.181,Standard Mountain Traffic Flow
52.46,30.0,16.0,9.49,0.386,2100,4x4 Hill Freight Carrier,104.9,140.2,35.2,0.284,Standard Mountain Traffic Flow
162.19,51.7,4.2,45.76,0.338,95,Light Disaster Utility (4WD),188.0,273.7,85.7,0.305,Standard Mountain Traffic Flow
278.54,45.0,22.0,6.05,0.64,1400,Refrigerated Medical Van,371.4,693.0,321.6,0.457,Active Landslide Clearance / Road Blockage
305.98,51.7,18.0,21.22,0.66,1500,Light Disaster Utility (4WD),354.8,710.0,355.2,0.494,Active Landslide Clearance / Road Blockage
45.11,34.5,16.0,2.33,0.261,2100,Light Disaster Utility (4WD),78.5,90.6,12.1,0.186,Standard Mountain Traffic Flow
383.32,45.0,18.0,1.39,0.485,1500,Refrigerated Medical Van,511.1,736.9,225.8,0.342,Standard Mountain Traffic Flow
56.87,45.0,12.8,42.38,0.59,240,Refrigerated Medical Van,75.8,138.9,63.0,0.477,Standard Mountain Traffic Flow
338.76,45.0,8.5,16.51,0.303,350,Refrigerated Medical Van,451.7,573.2,121.5,0.237,Standard Mountain Traffic Flow
93.19,30.0,24.2,90.28,1.0,3200,4x4 Hill Freight Carrier,186.4,806.7,620.3,0.835,Active Landslide Clearance / Road Blockage
244.87,51.7,22.0,18.94,0.732,1400,Light Disaster Utility (4WD),283.9,570.1,286.2,0.541,Steep Mountain Grade & Hairpin Bends
193.98,45.0,6.0,24.33,0.362,320,Refrigerated Medical Van,258.6,356.7,98.1,0.29,Standard Mountain Traffic Flow
81.99,15.0,31.4,20.61,0.819,4170,Heavy Supply Truck (16T),328.0,727.8,399.8,0.604,Steep Mountain Grade & Hairpin Bends
110.08,15.0,14.5,30.62,0.202,1550,Heavy Supply Truck (16T),440.3,547.5,107.2,0.188,Standard Mountain Traffic Flow
259.65,45.0,8.5,5.74,0.198,350,4x4 Hill Freight Carrier,346.2,386.2,40.0,0.147,Standard Mountain Traffic Flow
61.67,45.0,12.8,51.89,0.567,240,4x4 Hill Freight Carrier,82.2,150.9,68.7,0.475,Standard Mountain Traffic Flow
56.24,33.8,12.8,3.32,0.274,240,Heavy Supply Truck (16T),100.0,117.2,17.2,0.197,Standard Mountain Traffic Flow
470.66,45.0,8.5,57.86,0.522,350,Refrigerated Medical Van,627.5,1151.2,523.6,0.452,Active Landslide Clearance / Road Blockage
116.72,30.0,24.2,10.8,0.643,3200,Refrigerated Medical Van,233.4,414.9,181.4,0.467,Steep Mountain Grade & Hairpin Bends
309.48,33.8,8.5,25.17,0.36,350,Heavy Supply Truck (16T),550.2,759.3,209.1,0.29,Standard Mountain Traffic Flow
414.91,45.0,8.5,1.9,0.31,350,4x4 Hill Freight Carrier,553.2,666.2,112.9,0.22,Standard Mountain Traffic Flow
141.44,20.0,14.5,2.54,0.189,1550,4x4 Hill Freight Carrier,424.3,463.6,39.3,0.136,Standard Mountain Traffic Flow
106.91,30.0,26.5,108.7,1.0,2450,4x4 Hill Freight Carrier,213.8,672.2,458.3,0.863,Torrential Rainfall & Reduced Visibility
62.72,30.0,16.0,31.51,0.507,2100,Refrigerated Medical Van,125.4,204.3,78.8,0.402,Standard Mountain Traffic Flow
112.36,22.5,26.5,21.67,0.613,2450,Heavy Supply Truck (16T),299.6,530.5,230.9,0.461,Steep Mountain Grade & Hairpin Bends
93.49,30.0,24.2,0.57,0.673,3200,4x4 Hill Freight Carrier,187.0,334.2,147.2,0.472,Steep Mountain Grade & Hairpin Bends
281.87,45.0,8.5,25.34,0.432,350,4x4 Hill Freight Carrier,375.8,556.1,180.2,0.34,Standard Mountain Traffic Flow
64.68,45.0,12.8,34.41,0.499,240,4x4 Hill Freight Carrier,86.2,140.5,54.3,0.401,Standard Mountain Traffic Flow
343.8,45.0,18.0,21.22,0.569,1500,4x4 Hill Freight Carrier,458.4,772.6,314.2,0.43,Standard Mountain Traffic Flow
724.32,45.0,21.0,36.69,0.758,1650,4x4 Hill Freight Carrier,965.8,2315.8,1350.1,0.586,Active Landslide Clearance / Road Blockage
313.86,51.7,18.0,57.5,0.702,1500,Light Disaster Utility (4WD),363.9,776.5,412.6,0.578,Standard Mountain Traffic Flow
80.09,15.0,31.4,44.62,0.849,4170,Heavy Supply Truck (16T),320.4,773.8,453.5,0.661,Steep Mountain Grade & Hairpin Bends
140.55,20.0,14.5,13.38,0.183,1550,Refrigerated Medical Van,421.7,481.6,59.9,0.148,Standard Mountain Traffic Flow
82.72,23.0,14.5,27.53,0.303,1550,Light Disaster Utility (4WD),215.8,285.8,70.0,0.254,Standard Mountain Traffic Flow
268.58,51.7,22.0,62.32,0.883,1400,Light Disaster Utility (4WD),311.4,1004.5,693.1,0.711,Active Landslide Clearance / Road Blockage
474.38,45.0,21.0,14.39,0.636,1650,Refrigerated Medical Van,632.5,1185.0,552.5,0.467,Active Landslide Clearance / Road Blockage
81.53,20.0,31.4,0.47,0.793,4170,Refrigerated Medical Van,244.6,719.7,475.1,0.556,Active Landslide Clearance / Road Blockage
470.1,33.8,21.0,4.54,0.65,1650,Heavy Supply Truck (16T),835.7,1509.4,673.7,0.462,Active Landslide Clearance / Road Blockage
98.23,20.0,14.5,12.98,0.252,1550,4x4 Hill Freight Carrier,294.7,353.4,58.7,0.196,Standard Mountain Traffic Flow
99.84,34.5,26.5,11.87,0.657,2450,Light Disaster Utility (4WD),173.6,314.5,140.8,0.478,Steep Mountain Grade & Hairpin Bends
60.07,34.5,16.0,11.01,0.354,2100,Light Disaster Utility (4WD),104.5,136.0,31.5,0.264,Standard Mountain Traffic Flow
144.26,51.7,6.0,54.71,0.448,320,Light Disaster Utility (4WD),167.3,276.2,108.9,0.396,Standard Mountain Traffic Flow
38.47,30.0,16.0,4.67,0.404,2100,4x4 Hill Freight Carrier,76.9,102.8,25.9,0.29,Standard Mountain Traffic Flow
63.67,45.0,12.8,28.59,0.588,240,4x4 Hill Freight Carrier,84.9,149.3,64.4,0.455,Standard Mountain Traffic Flow
57.43,20.0,31.4,19.6,0.774,4170,4x4 Hill Freight Carrier,172.3,362.8,190.5,0.571,Steep Mountain Grade & Hairpin Bends
68.08,45.0,12.8,17.01,0.392,240,4x4 Hill Freight Carrier,90.8,155.4,64.6,0.3,Active Landslide Clearance / Road Blockage
97.2,30.0,26.5,15.87,0.739,2450,Refrigerated Medical Van,194.4,390.5,196.1,0.541,Steep Mountain Grade & Hairpin Bends
145.28,33.8,4.2,33.13,0.232,95,Heavy Supply Truck (16T),258.3,330.8,72.5,0.212,Standard Mountain Traffic Flow
266.31,45.0,8.5,129.77,0.849,350,Refrigerated Medical Van,355.1,1104.7,749.6,0.789,Active Landslide Clearance / Road Blockage
137.74,51.7,6.0,13.85,0.231,320,Light Disaster Utility (4WD),159.7,189.0,29.3,0.182,Standard Mountain Traffic Flow
50.5,34.5,16.0,16.11,0.496,2100,Light Disaster Utility (4WD),87.8,134.6,46.8,0.371,Standard Mountain Traffic Flow
47.65,51.7,12.8,12.03,0.435,240,Light Disaster Utility (4WD),55.2,98.7,43.5,0.323,Standard Mountain Traffic Flow
493.74,45.0,21.0,30.71,0.797,1650,Refrigerated Medical Van,658.3,1459.7,801.4,0.604,Steep Mountain Grade & Hairpin Bends
243.75,51.7,4.2,12.9,0.113,95,Light Disaster Utility (4WD),282.6,309.7,27.1,0.098,Standard Mountain Traffic Flow
63.11,15.0,31.4,0.61,0.74,4170,Heavy Supply Truck (16T),252.5,487.9,235.4,0.519,Steep Mountain Grade & Hairpin Bends
131.1,20.0,14.5,15.38,0.271,1550,4x4 Hill Freight Carrier,393.3,483.4,90.1,0.212,Standard Mountain Traffic Flow
745.27,51.7,21.0,10.09,0.684,1650,Light Disaster Utility (4WD),864.1,1606.3,742.2,0.494,Steep Mountain Grade & Hairpin Bends
39.04,22.5,16.0,107.17,0.849,2100,Heavy Supply Truck (16T),104.1,331.4,227.3,0.755,Active Landslide Clearance / Road Blockage
565.99,45.0,21.0,40.74,0.789,1650,Refrigerated Medical Van,754.6,1756.6,1001.9,0.613,Active Landslide Clearance / Road Blockage
185.56,51.7,6.0,16.81,0.257,320,Light Disaster Utility (4WD),215.1,263.1,47.9,0.205,Standard Mountain Traffic Flow
670.72,51.7,21.0,8.33,0.617,1650,Light Disaster Utility (4WD),777.6,1331.1,553.4,0.444,Steep Mountain Grade & Hairpin Bends
154.12,33.8,6.0,68.55,0.377,320,Heavy Supply Truck (16T),274.0,443.8,169.8,0.367,Torrential Rainfall & Reduced Visibility
81.02,20.0,31.4,72.11,0.973,4170,Refrigerated Medical Van,243.0,700.8,457.7,0.789,Torrential Rainfall & Reduced Visibility
126.72,45.0,6.0,17.84,0.212,320,Refrigerated Medical Van,169.0,200.7,31.7,0.175,Standard Mountain Traffic Flow
131.39,20.0,14.5,106.71,0.655,1550,Refrigerated Medical Van,394.2,899.0,504.8,0.619,Torrential Rainfall & Reduced Visibility
78.86,33.8,12.8,9.28,0.315,240,Heavy Supply Truck (16T),140.2,174.8,34.6,0.234,Standard Mountain Traffic Flow
69.92,51.7,12.8,10.04,0.38,240,Light Disaster Utility (4WD),81.1,134.9,53.8,0.281,Standard Mountain Traffic Flow
304.33,45.0,22.0,5.32,0.666,1400,4x4 Hill Freight Carrier,405.8,892.0,486.3,0.474,Active Landslide Clearance / Road Blockage
137.36,45.0,6.0,19.14,0.286,320,Refrigerated Medical Van,183.1,231.5,48.3,0.229,Standard Mountain Traffic Flow
66.91,51.7,12.8,56.66,0.609,240,Light Disaster Utility (4WD),77.6,150.4,72.8,0.511,Standard Mountain Traffic Flow
332.73,51.7,18.0,33.88,0.628,1500,Light Disaster Utility (4WD),385.8,718.2,332.4,0.49,Standard Mountain Traffic Flow
170.73,51.7,6.0,3.65,0.188,320,Light Disaster Utility (4WD),197.9,217.2,19.2,0.137,Standard Mountain Traffic Flow
164.41,33.8,4.2,13.31,0.209,95,Heavy Supply Truck (16T),292.3,339.6,47.3,0.166,Standard Mountain Traffic Flow
433.77,33.8,18.0,8.0,0.425,1500,Heavy Supply Truck (16T),771.1,1066.2,295.1,0.309,Standard Mountain Traffic Flow
52.04,45.0,12.8,1.65,0.306,240,4x4 Hill Freight Carrier,69.4,83.1,13.8,0.217,Standard Mountain Traffic Flow
85.84,34.5,24.2,46.56,0.842,3200,Light Disaster Utility (4WD),149.3,359.3,210.0,0.659,Steep Mountain Grade & Hairpin Bends
435.62,33.8,21.0,101.81,1.0,1650,Heavy Supply Truck (16T),774.4,2519.4,1744.9,0.853,Active Landslide Clearance / Road Blockage
321.05,51.7,22.0,8.74,0.577,1400,Light Disaster Utility (4WD),372.2,609.8,237.5,0.417,Steep Mountain Grade & Hairpin Bends
335.69,33.8,8.5,55.41,0.481,350,Heavy Supply Truck (16T),596.8,1017.5,420.7,0.42,Standard Mountain Traffic Flow
204.99,51.7,6.0,145.42,0.765,320,Light Disaster Utility (4WD),237.7,645.2,407.5,0.754,Torrential Rainfall & Reduced Visibility
153.62,45.0,4.2,170.18,0.915,95,4x4 Hill Freight Carrier,204.8,810.8,605.9,0.895,Active Landslide Clearance / Road Blockage
229.68,45.0,4.2,15.66,0.217,95,Refrigerated Medical Van,306.2,361.4,55.2,0.175,Standard Mountain Traffic Flow
49.49,45.0,12.8,10.38,0.395,240,Refrigerated Medical Van,66.0,89.3,23.3,0.292,Standard Mountain Traffic Flow
161.35,51.7,4.2,47.14,0.315,95,Light Disaster Utility (4WD),187.1,268.6,81.6,0.291,Standard Mountain Traffic Flow
67.23,20.0,31.4,1.38,0.631,4170,Refrigerated Medical Van,201.7,343.8,142.1,0.443,Steep Mountain Grade & Hairpin Bends
114.68,30.0,24.2,91.65,1.0,3200,Refrigerated Medical Van,229.4,701.4,472.1,0.837,Torrential Rainfall & Reduced Visibility
50.61,30.0,16.0,8.13,0.366,2100,Refrigerated Medical Van,101.2,131.9,30.7,0.269,Standard Mountain Traffic Flow
175.07,45.0,4.2,20.27,0.117,95,Refrigerated Medical Van,233.4,265.0,31.6,0.113,Standard Mountain Traffic Flow
293.53,45.0,22.0,19.7,0.696,1400,Refrigerated Medical Van,391.4,756.5,365.1,0.517,Steep Mountain Grade & Hairpin Bends
120.81,30.0,26.5,6.29,0.507,2450,4x4 Hill Freight Carrier,241.6,363.1,121.5,0.364,Steep Mountain Grade & Hairpin Bends
373.92,45.0,8.5,45.54,0.48,350,Refrigerated Medical Van,498.6,825.1,326.5,0.404,Standard Mountain Traffic Flow
104.38,30.0,24.2,13.12,0.69,3200,4x4 Hill Freight Carrier,208.8,393.7,184.9,0.503,Steep Mountain Grade & Hairpin Bends
66.85,45.0,12.8,4.82,0.377,240,Refrigerated Medical Van,89.1,115.9,26.8,0.271,Standard Mountain Traffic Flow
408.25,45.0,8.5,3.32,0.296,350,4x4 Hill Freight Carrier,544.3,650.6,106.2,0.212,Standard Mountain Traffic Flow
83.43,30.0,24.2,1.76,0.681,3200,Refrigerated Medical Van,166.9,421.4,254.5,0.48,Active Landslide Clearance / Road Blockage
773.41,33.8,21.0,0.64,0.641,1650,Heavy Supply Truck (16T),1375.0,2366.6,991.6,0.449,Steep Mountain Grade & Hairpin Bends
83.96,34.5,24.2,16.77,0.685,3200,Light Disaster Utility (4WD),146.0,276.4,130.4,0.505,Steep Mountain Grade & Hairpin Bends
118.09,20.0,14.5,18.65,0.291,1550,4x4 Hill Freight Carrier,354.3,448.6,94.4,0.231,Standard Mountain Traffic Flow
54.22,23.0,31.4,7.11,0.758,4170,Light Disaster Utility (4WD),141.4,401.0,259.6,0.541,Active Landslide Clearance / Road Blockage
293.72,45.0,22.0,9.41,0.692,1400,Refrigerated Medical Van,391.6,733.3,341.7,0.499,Steep Mountain Grade & Hairpin Bends
121.07,30.0,26.5,13.75,0.669,2450,Refrigerated Medical Van,242.1,644.1,401.9,0.489,Active Landslide Clearance / Road Blockage
38.5,30.0,16.0,1.5,0.439,2100,Refrigerated Medical Van,77.0,105.6,28.6,0.31,Standard Mountain Traffic Flow
717.36,45.0,21.0,21.84,0.672,1650,Refrigerated Medical Van,956.5,1808.7,852.2,0.503,Steep Mountain Grade & Hairpin Bends
384.16,45.0,8.5,4.17,0.319,350,4x4 Hill Freight Carrier,512.2,627.5,115.3,0.229,Standard Mountain Traffic Flow
123.43,15.0,14.5,18.83,0.281,1550,Heavy Supply Truck (16T),493.7,620.8,127.1,0.225,Standard Mountain Traffic Flow
61.96,22.5,16.0,63.37,0.569,2100,Heavy Supply Truck (16T),165.2,356.1,190.9,0.493,Active Landslide Clearance / Road Blockage
414.97,51.7,18.0,15.04,0.653,1500,Light Disaster Utility (4WD),481.1,874.8,393.7,0.48,Standard Mountain Traffic Flow
97.41,30.0,26.5,15.68,0.555,2450,Refrigerated Medical Van,194.8,318.1,123.3,0.412,Steep Mountain Grade & Hairpin Bends
96.48,20.0,14.5,42.93,0.442,1550,4x4 Hill Freight Carrier,289.4,458.0,168.6,0.374,Standard Mountain Traffic Flow
63.29,45.0,12.8,2.1,0.401,240,Refrigerated Medical Van,84.4,111.4,27.0,0.284,Standard Mountain Traffic Flow
71.75,45.0,12.8,11.71,0.382,240,Refrigerated Medical Van,95.7,128.4,32.7,0.285,Standard Mountain Traffic Flow
313.2,33.8,22.0,2.39,0.658,1400,Heavy Supply Truck (16T),556.8,1098.2,541.4,0.464,Active Landslide Clearance / Road Blockage
113.03,30.0,26.5,47.8,0.762,2450,Refrigerated Medical Van,226.1,710.9,484.9,0.605,Active Landslide Clearance / Road Blockage
45.4,30.0,16.0,16.86,0.419,2100,4x4 Hill Freight Carrier,90.8,176.8,86.1,0.319,Active Landslide Clearance / Road Blockage
49.45,34.5,16.0,6.64,0.416,2100,Light Disaster Utility (4WD),86.0,117.2,31.2,0.301,Standard Mountain Traffic Flow
49.46,30.0,16.0,6.06,0.473,2100,4x4 Hill Freight Carrier,98.9,178.8,79.9,0.34,Active Landslide Clearance / Road Blockage
37.97,22.5,16.0,38.6,0.52,2100,Heavy Supply Truck (16T),101.3,170.8,69.5,0.422,Standard Mountain Traffic Flow
200.11,51.7,22.0,40.25,0.673,1400,Light Disaster Utility (4WD),232.0,671.6,439.6,0.531,Active Landslide Clearance / Road Blockage
414.73,45.0,8.5,1.0,0.222,350,4x4 Hill Freight Carrier,553.0,614.8,61.9,0.157,Standard Mountain Traffic Flow
98.72,20.0,14.5,61.42,0.427,1550,4x4 Hill Freight Carrier,296.2,489.7,193.5,0.391,Torrential Rainfall & Reduced Visibility
451.77,51.7,18.0,29.17,0.619,1500,Light Disaster Utility (4WD),523.8,953.3,429.5,0.477,Standard Mountain Traffic Flow
130.57,20.0,14.5,38.81,0.381,1550,Refrigerated Medical Van,391.7,578.3,186.5,0.325,Standard Mountain Traffic Flow
97.65,30.0,24.2,15.45,0.709,3200,Refrigerated Medical Van,195.3,515.8,320.5,0.52,Active Landslide Clearance / Road Blockage
101.53,30.0,24.2,62.7,0.827,3200,4x4 Hill Freight Carrier,203.1,724.1,521.0,0.673,Active Landslide Clearance / Road Blockage
93.99,22.5,24.2,5.92,0.581,3200,Heavy Supply Truck (16T),250.6,408.7,158.1,0.415,Steep Mountain Grade & Hairpin Bends
121.4,30.0,26.5,140.53,1.0,2450,Refrigerated Medical Van,242.8,801.9,559.1,0.911,Torrential Rainfall & Reduced Visibility
510.64,45.0,21.0,62.66,0.887,1650,4x4 Hill Freight Carrier,680.9,1771.9,1091.1,0.715,Torrential Rainfall & Reduced Visibility
402.98,45.0,18.0,66.03,0.761,1500,4x4 Hill Freight Carrier,537.3,1378.1,840.8,0.632,Active Landslide Clearance / Road Blockage
316.44,51.7,8.5,37.68,0.422,350,Light Disaster Utility (4WD),366.9,560.1,193.2,0.352,Standard Mountain Traffic Flow
79.38,45.0,12.8,35.23,0.485,240,4x4 Hill Freight Carrier,105.8,170.5,64.7,0.392,Standard Mountain Traffic Flow
723.68,45.0,21.0,55.55,0.872,1650,4x4 Hill Freight Carrier,964.9,2622.5,1657.6,0.694,Active Landslide Clearance / Road Blockage
398.63,33.8,18.0,29.49,0.586,1500,Heavy Supply Truck (16T),708.7,1246.2,537.5,0.454,Standard Mountain Traffic Flow
293.84,51.7,22.0,90.07,1.0,1400,Light Disaster Utility (4WD),340.7,1174.9,834.2,0.835,Active Landslide Clearance / Road Blockage
69.7,45.0,12.8,40.07,0.539,240,4x4 Hill Freight Carrier,92.9,215.2,122.2,0.438,Active Landslide Clearance / Road Blockage
239.56,33.8,22.0,1.89,0.758,1400,Heavy Supply Truck (16T),425.9,843.4,417.5,0.533,Steep Mountain Grade & Hairpin Bends
299.11,45.0,22.0,33.62,0.801,1400,4x4 Hill Freight Carrier,398.8,1099.5,700.7,0.611,Active Landslide Clearance / Road Blockage
101.1,22.5,24.2,4.22,0.618,3200,Heavy Supply Truck (16T),269.6,456.6,187.0,0.439,Steep Mountain Grade & Hairpin Bends
78.57,20.0,31.4,65.97,0.892,4170,Refrigerated Medical Van,235.7,620.3,384.6,0.723,Torrential Rainfall & Reduced Visibility
599.4,33.8,21.0,2.58,0.531,1650,Heavy Supply Truck (16T),1065.6,1624.9,559.3,0.376,Steep Mountain Grade & Hairpin Bends
306.25,51.7,22.0,61.02,0.856,1400,Light Disaster Utility (4WD),355.1,892.7,537.6,0.691,Torrential Rainfall & Reduced Visibility
121.66,34.5,26.5,31.47,0.738,2450,Light Disaster Utility (4WD),211.6,661.6,450.0,0.564,Active Landslide Clearance / Road Blockage
297.03,45.0,22.0,83.65,0.905,1400,Refrigerated Medical Van,396.0,1147.5,751.5,0.759,Active Landslide Clearance / Road Blockage
197.53,45.0,6.0,11.93,0.339,320,Refrigerated Medical Van,263.4,339.2,75.8,0.255,Standard Mountain Traffic Flow
87.94,30.0,24.2,34.35,0.649,3200,4x4 Hill Freight Carrier,175.9,335.3,159.4,0.506,Steep Mountain Grade & Hairpin Bends
309.71,51.7,8.5,13.98,0.288,350,Light Disaster Utility (4WD),359.1,445.4,86.3,0.223,Standard Mountain Traffic Flow
84.26,30.0,26.5,106.32,0.954,2450,Refrigerated Medical Van,168.5,505.7,337.2,0.827,Torrential Rainfall & Reduced Visibility
361.2,33.8,18.0,23.76,0.625,1500,Heavy Supply Truck (16T),642.1,1159.6,517.5,0.473,Standard Mountain Traffic Flow
91.5,22.5,24.2,1.08,0.571,3200,Heavy Supply Truck (16T),244.0,387.7,143.7,0.401,Steep Mountain Grade & Hairpin Bends
44.78,33.8,12.8,14.32,0.419,240,Heavy Supply Truck (16T),79.6,111.9,32.3,0.315,Standard Mountain Traffic Flow
667.4,45.0,21.0,3.56,0.576,1650,4x4 Hill Freight Carrier,889.9,1433.3,543.4,0.409,Steep Mountain Grade & Hairpin Bends
38.29,30.0,16.0,21.16,0.378,2100,4x4 Hill Freight Carrier,76.6,105.9,29.4,0.296,Standard Mountain Traffic Flow
153.02,51.7,4.2,1.43,0.05,95,Light Disaster Utility (4WD),177.4,180.0,2.6,0.05,Standard Mountain Traffic Flow
468.05,33.8,21.0,16.54,0.673,1650,Heavy Supply Truck (16T),832.1,1776.5,944.4,0.496,Active Landslide Clearance / Road Blockage
70.57,51.7,12.8,50.72,0.581,240,Light Disaster Utility (4WD),81.8,151.9,70.1,0.483,Standard Mountain Traffic Flow
163.65,51.7,6.0,6.01,0.313,320,Light Disaster Utility (4WD),189.7,233.1,43.3,0.228,Standard Mountain Traffic Flow
125.5,23.0,14.5,158.65,0.903,1550,Light Disaster Utility (4WD),327.4,1022.9,695.5,0.87,Torrential Rainfall & Reduced Visibility
110.07,30.0,26.5,16.97,0.635,2450,Refrigerated Medical Van,220.1,427.8,207.7,0.47,Active Landslide Clearance / Road Blockage
71.5,20.0,31.4,13.71,0.802,4170,Refrigerated Medical Van,214.5,677.1,462.6,0.582,Active Landslide Clearance / Road Blockage
94.02,20.0,14.5,67.87,0.47,1550,Refrigerated Medical Van,282.1,493.5,211.5,0.431,Torrential Rainfall & Reduced Visibility
99.75,30.0,26.5,11.1,0.578,2450,Refrigerated Medical Van,199.5,329.4,129.9,0.421,Steep Mountain Grade & Hairpin Bends
35.16,30.0,16.0,14.03,0.49,2100,Refrigerated Medical Van,70.3,106.5,36.1,0.364,Standard Mountain Traffic Flow
202.28,33.8,6.0,11.88,0.341,320,Heavy Supply Truck (16T),359.6,463.8,104.2,0.256,Standard Mountain Traffic Flow
102.46,34.5,24.2,68.23,0.952,3200,Light Disaster Utility (4WD),178.2,500.0,321.8,0.769,Torrential Rainfall & Reduced Visibility
352.89,45.0,8.5,5.46,0.268,350,Refrigerated Medical Van,470.5,553.6,83.0,0.196,Standard Mountain Traffic Flow
231.35,33.8,4.2,0.4,0.05,95,Heavy Supply Truck (16T),411.3,415.1,3.8,0.05,Standard Mountain Traffic Flow
326.74,33.8,8.5,45.4,0.521,350,Heavy Supply Truck (16T),580.9,1000.5,419.7,0.433,Standard Mountain Traffic Flow
73.89,45.0,12.8,45.87,0.578,240,4x4 Hill Freight Carrier,98.5,225.5,127.0,0.473,Active Landslide Clearance / Road Blockage
354.48,33.8,8.5,123.31,0.705,350,Heavy Supply Truck (16T),630.2,1658.0,1027.8,0.678,Active Landslide Clearance / Road Blockage
125.98,20.0,14.5,77.6,0.506,1550,Refrigerated Medical Van,377.9,725.2,347.3,0.471,Torrential Rainfall & Reduced Visibility
295.89,45.0,18.0,63.99,0.765,1500,Refrigerated Medical Van,394.5,910.0,515.5,0.631,Torrential Rainfall & Reduced Visibility
102.15,30.0,26.5,32.38,0.731,2450,4x4 Hill Freight Carrier,204.3,423.3,219.0,0.56,Steep Mountain Grade & Hairpin Bends
221.65,45.0,22.0,62.91,0.868,1400,4x4 Hill Freight Carrier,295.5,822.0,526.4,0.702,Active Landslide Clearance / Road Blockage
65.99,22.5,24.2,42.27,0.743,3200,Heavy Supply Truck (16T),176.0,378.2,202.2,0.584,Steep Mountain Grade & Hairpin Bends
87.84,30.0,26.5,73.58,0.947,2450,Refrigerated Medical Van,175.7,584.0,408.3,0.773,Active Landslide Clearance / Road Blockage
208.17,45.0,22.0,25.65,0.696,1400,4x4 Hill Freight Carrier,277.6,699.1,421.5,0.526,Active Landslide Clearance / Road Blockage
287.69,33.8,22.0,42.54,0.791,1400,Heavy Supply Truck (16T),511.5,1157.0,645.6,0.618,Steep Mountain Grade & Hairpin Bends
455.5,33.8,8.5,29.23,0.494,350,Heavy Supply Truck (16T),809.8,1292.6,482.8,0.39,Standard Mountain Traffic Flow
92.57,20.0,31.4,51.34,0.92,4170,Refrigerated Medical Van,277.7,888.0,610.3,0.721,Active Landslide Clearance / Road Blockage
202.28,45.0,6.0,23.98,0.303,320,4x4 Hill Freight Carrier,269.7,352.2,82.5,0.248,Standard Mountain Traffic Flow
465.85,45.0,18.0,9.97,0.649,1500,4x4 Hill Freight Carrier,621.1,1107.9,486.7,0.469,Standard Mountain Traffic Flow
221.09,45.0,22.0,28.53,0.799,1400,4x4 Hill Freight Carrier,294.8,651.4,356.7,0.602,Steep Mountain Grade & Hairpin Bends
288.6,45.0,18.0,3.14,0.486,1500,Refrigerated Medical Van,384.8,558.7,173.9,0.345,Standard Mountain Traffic Flow
196.84,51.7,6.0,53.46,0.505,320,Light Disaster Utility (4WD),228.2,396.1,167.9,0.434,Standard Mountain Traffic Flow
75.43,33.8,12.8,5.67,0.46,240,Heavy Supply Truck (16T),134.1,190.8,56.7,0.33,Standard Mountain Traffic Flow
104.66,30.0,24.2,46.07,0.799,3200,4x4 Hill Freight Carrier,209.3,570.7,361.4,0.629,Active Landslide Clearance / Road Blockage
200.98,45.0,22.0,26.75,0.714,1400,4x4 Hill Freight Carrier,268.0,537.8,269.8,0.54,Steep Mountain Grade & Hairpin Bends
155.45,45.0,4.2,37.84,0.328,95,Refrigerated Medical Van,207.3,291.1,83.9,0.287,Standard Mountain Traffic Flow
179.74,51.7,4.2,5.46,0.12,95,Light Disaster Utility (4WD),208.4,221.4,13.0,0.092,Standard Mountain Traffic Flow
188.31,33.8,6.0,13.31,0.231,320,Heavy Supply Truck (16T),334.8,395.4,60.6,0.182,Standard Mountain Traffic Flow
260.63,33.8,8.5,3.06,0.341,350,Heavy Supply Truck (16T),463.3,577.2,113.9,0.243,Standard Mountain Traffic Flow
134.69,45.0,6.0,24.67,0.255,320,Refrigerated Medical Van,179.6,226.3,46.7,0.216,Standard Mountain Traffic Flow
282.85,51.7,8.5,7.13,0.287,350,Light Disaster Utility (4WD),327.9,395.2,67.2,0.212,Standard Mountain Traffic Flow
442.16,45.0,8.5,3.12,0.393,350,4x4 Hill Freight Carrier,589.5,774.1,184.5,0.28,Standard Mountain Traffic Flow
86.53,34.5,26.5,10.98,0.586,2450,Light Disaster Utility (4WD),150.5,250.7,100.2,0.427,Steep Mountain Grade & Hairpin Bends
67.33,23.0,31.4,10.77,0.815,4170,Light Disaster Utility (4WD),175.6,440.3,264.7,0.587,Active Landslide Clearance / Road Blockage
142.85,15.0,14.5,23.86,0.307,1550,Heavy Supply Truck (16T),571.4,748.4,177.1,0.25,Standard Mountain Traffic Flow
249.4,33.8,22.0,2.82,0.718,1400,Heavy Supply Truck (16T),443.4,1010.8,567.4,0.507,Active Landslide Clearance / Road Blockage
70.88,34.5,24.2,16.05,0.747,3200,Light Disaster Utility (4WD),123.3,249.8,126.6,0.547,Steep Mountain Grade & Hairpin Bends
79.33,23.0,31.4,33.4,0.882,4170,Light Disaster Utility (4WD),207.0,505.8,298.9,0.668,Steep Mountain Grade & Hairpin Bends
56.07,15.0,31.4,12.75,0.768,4170,Heavy Supply Truck (16T),224.3,674.0,449.7,0.557,Active Landslide Clearance / Road Blockage
211.18,45.0,4.2,1.44,0.082,95,4x4 Hill Freight Carrier,281.6,288.6,7.0,0.06,Standard Mountain Traffic Flow
80.03,45.0,12.8,52.92,0.456,240,Refrigerated Medical Van,106.7,176.4,69.7,0.398,Standard Mountain Traffic Flow
606.28,45.0,21.0,53.98,0.775,1650,4x4 Hill Freight Carrier,808.4,1844.1,1035.8,0.624,Steep Mountain Grade & Hairpin Bends
681.28,33.8,21.0,1.83,0.644,1650,Heavy Supply Truck (16T),1211.2,2100.3,889.1,0.454,Steep Mountain Grade & Hairpin Bends
165.77,45.0,4.2,5.62,0.209,95,Refrigerated Medical Van,221.0,248.3,27.3,0.155,Standard Mountain Traffic Flow
138.1,20.0,14.5,16.33,0.248,1550,4x4 Hill Freight Carrier,414.3,502.1,87.8,0.198,Standard Mountain Traffic Flow
102.11,22.5,24.2,19.57,0.807,3200,Heavy Supply Truck (16T),272.3,594.9,322.6,0.594,Steep Mountain Grade & Hairpin Bends
155.18,51.7,6.0,13.55,0.269,320,Light Disaster Utility (4WD),179.9,219.2,39.3,0.209,Standard Mountain Traffic Flow
512.68,45.0,21.0,81.82,0.984,1650,4x4 Hill Freight Carrier,683.6,2226.5,1542.9,0.812,Active Landslide Clearance / Road Blockage
130.04,33.8,6.0,205.57,0.999,320,Heavy Supply Truck (16T),231.2,838.3,607.1,0.98,Torrential Rainfall & Reduced Visibility
52.16,51.7,12.8,35.37,0.516,240,Light Disaster Utility (4WD),60.5,100.6,40.1,0.414,Standard Mountain Traffic Flow
56.52,30.0,16.0,8.2,0.37,2100,Refrigerated Medical Van,113.0,189.8,76.7,0.271,Active Landslide Clearance / Road Blockage
38.65,34.5,16.0,3.3,0.339,2100,Light Disaster Utility (4WD),67.2,83.7,16.5,0.242,Standard Mountain Traffic Flow
53.56,22.5,16.0,45.3,0.447,2100,Heavy Supply Truck (16T),142.8,263.3,120.5,0.381,Active Landslide Clearance / Road Blockage
105.04,20.0,14.5,96.55,0.567,1550,4x4 Hill Freight Carrier,315.1,648.9,333.7,0.542,Torrential Rainfall & Reduced Visibility
72.23,45.0,12.8,7.0,0.42,240,Refrigerated Medical Van,96.3,174.6,78.3,0.304,Active Landslide Clearance / Road Blockage
47.36,30.0,16.0,49.84,0.469,2100,Refrigerated Medical Van,94.7,157.1,62.4,0.403,Standard Mountain Traffic Flow
131.06,20.0,14.5,21.11,0.286,1550,4x4 Hill Freight Carrier,393.2,500.8,107.6,0.232,Standard Mountain Traffic Flow
104.91,34.5,24.2,93.98,1.0,3200,Light Disaster Utility (4WD),182.5,657.1,474.6,0.841,Active Landslide Clearance / Road Blockage
94.79,30.0,26.5,65.93,0.852,2450,4x4 Hill Freight Carrier,189.6,479.6,290.0,0.696,Torrential Rainfall & Reduced Visibility
55.88,23.0,31.4,21.03,0.775,4170,Light Disaster Utility (4WD),145.8,308.4,162.6,0.574,Steep Mountain Grade & Hairpin Bends
490.87,45.0,21.0,4.11,0.577,1650,Refrigerated Medical Van,654.5,1086.6,432.1,0.41,Steep Mountain Grade & Hairpin Bends
142.33,45.0,6.0,85.26,0.547,320,Refrigerated Medical Van,189.8,373.2,183.4,0.511,Torrential Rainfall & Reduced Visibility
182.27,51.7,4.2,12.19,0.191,95,Light Disaster Utility (4WD),211.3,241.3,30.0,0.152,Standard Mountain Traffic Flow
127.12,23.0,14.5,30.32,0.351,1550,Light Disaster Utility (4WD),331.6,462.7,131.1,0.292,Standard Mountain Traffic Flow
61.42,34.5,16.0,6.96,0.495,2100,Light Disaster Utility (4WD),106.8,158.8,52.0,0.357,Standard Mountain Traffic Flow
223.24,51.7,4.2,1.81,0.175,95,Light Disaster Utility (4WD),258.8,279.2,20.3,0.125,Standard Mountain Traffic Flow
169.56,51.7,4.2,97.69,0.398,95,Light Disaster Utility (4WD),196.6,401.8,205.2,0.425,Active Landslide Clearance / Road Blockage
630.27,45.0,21.0,0.4,0.633,1650,4x4 Hill Freight Carrier,840.4,1481.3,640.9,0.444,Active Landslide Clearance / Road Blockage
70.88,33.8,12.8,5.42,0.321,240,Heavy Supply Truck (16T),126.0,155.6,29.6,0.233,Standard Mountain Traffic Flow
117.34,34.5,26.5,14.12,0.631,2450,Light Disaster Utility (4WD),204.1,391.9,187.8,0.463,Active Landslide Clearance / Road Blockage
441.24,45.0,8.5,0.29,0.297,350,Refrigerated Medical Van,588.3,695.3,107.0,0.209,Standard Mountain Traffic Flow
143.07,30.0,26.5,26.71,0.755,2450,Refrigerated Medical Van,286.1,600.3,314.2,0.568,Steep Mountain Grade & Hairpin Bends
452.93,51.7,21.0,1.56,0.665,1650,Light Disaster Utility (4WD),525.1,1073.3,548.1,0.468,Active Landslide Clearance / Road Blockage
91.57,20.0,31.4,89.85,1.0,4170,Refrigerated Medical Van,274.7,837.7,563.0,0.835,Torrential Rainfall & Reduced Visibility
92.3,15.0,31.4,60.4,0.958,4170,Heavy Supply Truck (16T),369.2,1027.2,658.0,0.761,Torrential Rainfall & Reduced Visibility
135.41,20.0,14.5,37.02,0.334,1550,4x4 Hill Freight Carrier,406.2,571.6,165.3,0.289,Standard Mountain Traffic Flow
79.59,51.7,12.8,25.41,0.461,240,Light Disaster Utility (4WD),92.3,186.5,94.2,0.361,Active Landslide Clearance / Road Blockage
305.35,33.8,8.5,15.03,0.301,350,Heavy Supply Truck (16T),542.8,683.8,141.0,0.233,Standard Mountain Traffic Flow
262.07,51.7,22.0,14.06,0.658,1400,Light Disaster Utility (4WD),303.9,782.8,479.0,0.482,Active Landslide Clearance / Road Blockage
55.66,22.5,16.0,0.04,0.364,2100,Heavy Supply Truck (16T),148.4,187.0,38.5,0.255,Standard Mountain Traffic Flow
128.25,22.5,26.5,40.39,0.693,2450,Heavy Supply Truck (16T),342.0,693.7,351.7,0.545,Steep Mountain Grade & Hairpin Bends
72.61,45.0,12.8,16.63,0.527,240,4x4 Hill Freight Carrier,96.8,153.7,56.9,0.394,Standard Mountain Traffic Flow
70.8,34.5,24.2,112.42,1.0,3200,Light Disaster Utility (4WD),123.1,389.4,266.2,0.869,Torrential Rainfall & Reduced Visibility
193.55,33.8,22.0,11.97,0.65,1400,Heavy Supply Truck (16T),344.1,618.2,274.1,0.473,Steep Mountain Grade & Hairpin Bends
355.01,45.0,8.5,6.4,0.246,350,4x4 Hill Freight Carrier,473.4,549.0,75.7,0.182,Standard Mountain Traffic Flow
50.03,30.0,16.0,32.69,0.502,2100,Refrigerated Medical Van,100.1,180.6,80.5,0.4,Standard Mountain Traffic Flow
250.94,45.0,4.2,6.14,0.179,95,4x4 Hill Freight Carrier,334.6,369.0,34.4,0.134,Standard Mountain Traffic Flow
87.99,30.0,24.2,20.76,0.645,3200,Refrigerated Medical Van,176.0,322.2,146.2,0.483,Steep Mountain Grade & Hairpin Bends
69.4,34.5,24.2,49.16,0.767,3200,Light Disaster Utility (4WD),120.7,388.2,267.5,0.611,Active Landslide Clearance / Road Blockage
211.93,33.8,6.0,25.2,0.337,320,Heavy Supply Truck (16T),376.8,509.2,132.4,0.273,Standard Mountain Traffic Flow
85.85,23.0,14.5,13.99,0.241,1550,Light Disaster Utility (4WD),224.0,267.4,43.4,0.19,Standard Mountain Traffic Flow
133.47,30.0,26.5,17.2,0.568,2450,Refrigerated Medical Van,266.9,444.0,177.1,0.423,Steep Mountain Grade & Hairpin Bends
46.34,30.0,16.0,70.73,0.746,2100,4x4 Hill Freight Carrier,92.7,212.9,120.3,0.628,Torrential Rainfall & Reduced Visibility
76.7,34.5,24.2,28.07,0.828,3200,Light Disaster Utility (4WD),133.4,461.3,327.9,0.622,Active Landslide Clearance / Road Blockage
231.73,33.8,22.0,140.32,1.0,1400,Heavy Supply Truck (16T),412.0,1360.1,948.2,0.91,Torrential Rainfall & Reduced Visibility
405.77,45.0,18.0,18.6,0.62,1500,Refrigerated Medical Van,541.0,957.2,416.2,0.462,Standard Mountain Traffic Flow
89.23,30.0,26.5,10.95,0.611,2450,Refrigerated Medical Van,178.5,360.6,182.1,0.444,Active Landslide Clearance / Road Blockage
140.05,33.8,6.0,21.3,0.381,320,Heavy Supply Truck (16T),249.0,345.6,96.6,0.298,Standard Mountain Traffic Flow
400.92,33.8,8.5,21.82,0.387,350,Heavy Supply Truck (16T),712.7,996.7,284.0,0.303,Standard Mountain Traffic Flow
101.84,30.0,26.5,39.65,0.699,2450,Refrigerated Medical Van,203.7,539.2,335.5,0.549,Active Landslide Clearance / Road Blockage
118.98,22.5,26.5,44.07,0.848,2450,Heavy Supply Truck (16T),317.3,764.2,447.0,0.66,Steep Mountain Grade & Hairpin Bends
153.39,51.7,4.2,15.87,0.295,95,Light Disaster Utility (4WD),177.8,223.6,45.7,0.23,Standard Mountain Traffic Flow
210.4,33.8,4.2,18.6,0.172,95,Heavy Supply Truck (16T),374.1,434.1,60.1,0.149,Standard Mountain Traffic Flow
127.61,15.0,14.5,15.09,0.297,1550,Heavy Supply Truck (16T),510.4,640.8,130.4,0.231,Standard Mountain Traffic Flow
40.44,22.5,16.0,12.6,0.42,2100,Heavy Supply Truck (16T),107.8,150.8,43.0,0.313,Standard Mountain Traffic Flow
60.62,33.8,12.8,93.36,0.697,240,Heavy Supply Truck (16T),107.8,248.1,140.3,0.628,Torrential Rainfall & Reduced Visibility
219.17,51.7,22.0,69.82,0.896,1400,Light Disaster Utility (4WD),254.1,822.7,568.6,0.732,Active Landslide Clearance / Road Blockage
438.41,51.7,18.0,1.36,0.496,1500,Light Disaster Utility (4WD),508.3,742.2,233.9,0.349,Standard Mountain Traffic Flow
515.56,45.0,21.0,18.25,0.734,1650,4x4 Hill Freight Carrier,687.4,1380.7,693.3,0.541,Steep Mountain Grade & Hairpin Bends
399.45,45.0,18.0,5.24,0.492,1500,Refrigerated Medical Van,532.6,784.6,252.0,0.353,Standard Mountain Traffic Flow
221.05,51.7,6.0,10.4,0.305,320,Light Disaster Utility (4WD),256.3,318.0,61.8,0.229,Standard Mountain Traffic Flow
316.96,45.0,22.0,20.7,0.769,1400,4x4 Hill Freight Carrier,422.6,1052.7,630.1,0.569,Active Landslide Clearance / Road Blockage
80.68,30.0,24.2,34.01,0.636,3200,4x4 Hill Freight Carrier,161.4,356.7,195.3,0.496,Active Landslide Clearance / Road Blockage
129.44,45.0,6.0,64.1,0.406,320,4x4 Hill Freight Carrier,172.6,282.4,109.8,0.38,Torrential Rainfall & Reduced Visibility
136.85,20.0,14.5,21.18,0.152,1550,Refrigerated Medical Van,410.6,476.1,65.5,0.138,Standard Mountain Traffic Flow
143.61,30.0,26.5,3.54,0.586,2450,Refrigerated Medical Van,287.2,468.0,180.8,0.416,Steep Mountain Grade & Hairpin Bends
118.89,20.0,14.5,34.34,0.275,1550,Refrigerated Medical Van,356.7,474.0,117.3,0.244,Standard Mountain Traffic Flow
101.91,22.5,26.5,4.48,0.614,2450,Heavy Supply Truck (16T),271.8,458.4,186.6,0.436,Steep Mountain Grade & Hairpin Bends
765.1,45.0,21.0,41.54,0.803,1650,4x4 Hill Freight Carrier,1020.1,2330.8,1310.7,0.624,Steep Mountain Grade & Hairpin Bends
110.87,30.0,26.5,4.87,0.661,2450,Refrigerated Medical Van,221.7,504.9,283.2,0.47,Active Landslide Clearance / Road Blockage
87.79,23.0,14.5,38.72,0.36,1550,Light Disaster Utility (4WD),229.0,331.5,102.5,0.31,Standard Mountain Traffic Flow
276.18,51.7,22.0,18.45,0.682,1400,Light Disaster Utility (4WD),320.2,678.5,358.3,0.505,Active Landslide Clearance / Road Blockage
100.0,23.0,14.5,11.57,0.193,1550,Light Disaster Utility (4WD),260.9,297.6,36.7,0.153,Standard Mountain Traffic Flow
107.67,30.0,24.2,42.94,0.809,3200,Refrigerated Medical Van,215.3,578.1,362.8,0.631,Active Landslide Clearance / Road Blockage
127.73,20.0,14.5,33.13,0.275,1550,4x4 Hill Freight Carrier,383.2,506.8,123.6,0.242,Standard Mountain Traffic Flow
491.57,45.0,21.0,8.09,0.662,1650,4x4 Hill Freight Carrier,655.4,1297.6,642.2,0.476,Active Landslide Clearance / Road Blockage
732.01,45.0,21.0,40.17,0.714,1650,4x4 Hill Freight Carrier,976.0,2176.1,1200.1,0.56,Active Landslide Clearance / Road Blockage
470.71,45.0,21.0,30.87,0.662,1650,Refrigerated Medical Van,627.6,1202.3,574.7,0.51,Steep Mountain Grade & Hairpin Bends
328.83,51.7,8.5,30.05,0.382,350,Light Disaster Utility (4WD),381.3,546.6,165.4,0.313,Standard Mountain Traffic Flow
90.0,20.0,31.4,22.69,0.829,4170,4x4 Hill Freight Carrier,270.0,833.8,563.8,0.614,Active Landslide Clearance / Road Blockage
203.26,33.8,22.0,27.83,0.831,1400,Heavy Supply Truck (16T),361.4,989.0,627.6,0.623,Active Landslide Clearance / Road Blockage
246.42,45.0,22.0,73.25,0.919,1400,Refrigerated Medical Van,328.6,900.1,571.6,0.753,Torrential Rainfall & Reduced Visibility
367.07,51.7,18.0,7.45,0.629,1500,Light Disaster Utility (4WD),425.6,772.0,346.5,0.452,Active Landslide Clearance / Road Blockage
47.91,30.0,16.0,96.23,0.834,2100,Refrigerated Medical Van,95.8,440.4,344.6,0.728,Active Landslide Clearance / Road Blockage
84.23,34.5,26.5,7.15,0.596,2450,Light Disaster Utility (4WD),146.5,244.1,97.6,0.428,Steep Mountain Grade & Hairpin Bends
129.29,20.0,14.5,37.55,0.357,1550,4x4 Hill Freight Carrier,387.9,557.7,169.8,0.306,Standard Mountain Traffic Flow
179.12,45.0,4.2,24.01,0.199,95,4x4 Hill Freight Carrier,238.8,288.4,49.6,0.175,Standard Mountain Traffic Flow
135.14,20.0,14.5,53.67,0.51,1550,4x4 Hill Freight Carrier,405.4,707.2,301.8,0.437,Standard Mountain Traffic Flow
753.53,45.0,21.0,48.8,0.676,1650,4x4 Hill Freight Carrier,1004.7,2044.4,1039.7,0.546,Steep Mountain Grade & Hairpin Bends
476.78,45.0,18.0,20.21,0.589,1500,4x4 Hill Freight Carrier,635.7,1118.1,482.4,0.443,Standard Mountain Traffic Flow
90.1,34.5,24.2,4.59,0.585,3200,Light Disaster Utility (4WD),156.7,282.4,125.7,0.416,Steep Mountain Grade & Hairpin Bends
793.56,45.0,21.0,45.0,0.843,1650,4x4 Hill Freight Carrier,1058.1,2540.6,1482.5,0.657,Steep Mountain Grade & Hairpin Bends
290.45,45.0,22.0,29.32,0.791,1400,Refrigerated Medical Van,387.3,850.8,463.5,0.598,Steep Mountain Grade & Hairpin Bends
420.6,33.8,18.0,97.42,0.941,1500,Heavy Supply Truck (16T),747.7,2184.9,1437.2,0.805,Torrential Rainfall & Reduced Visibility
50.44,33.8,12.8,86.14,0.729,240,Heavy Supply Truck (16T),89.7,278.5,188.9,0.64,Active Landslide Clearance / Road Blockage
209.7,45.0,4.2,28.34,0.112,95,Refrigerated Medical Van,279.6,328.0,48.4,0.121,Standard Mountain Traffic Flow
80.91,45.0,12.8,110.9,0.789,240,Refrigerated Medical Van,107.9,280.5,172.6,0.719,Torrential Rainfall & Reduced Visibility
116.52,30.0,24.2,18.24,0.706,3200,4x4 Hill Freight Carrier,233.0,453.6,220.6,0.522,Steep Mountain Grade & Hairpin Bends
58.64,30.0,16.0,7.31,0.436,2100,Refrigerated Medical Van,117.3,163.7,46.4,0.316,Standard Mountain Traffic Flow
114.11,30.0,24.2,34.54,0.758,3200,Refrigerated Medical Van,228.2,690.2,462.0,0.583,Active Landslide Clearance / Road Blockage
198.55,51.7,22.0,38.37,0.765,1400,Light Disaster Utility (4WD),230.2,568.7,338.5,0.593,Active Landslide Clearance / Road Blockage
84.09,30.0,26.5,38.66,0.746,2450,Refrigerated Medical Van,168.2,432.0,263.9,0.58,Active Landslide Clearance / Road Blockage
360.77,45.0,8.5,13.25,0.423,350,4x4 Hill Freight Carrier,481.0,676.3,195.3,0.316,Standard Mountain Traffic Flow
122.81,30.0,26.5,21.74,0.689,2450,4x4 Hill Freight Carrier,245.6,608.8,363.2,0.515,Active Landslide Clearance / Road Blockage
345.11,51.7,8.5,59.4,0.458,350,Light Disaster Utility (4WD),400.1,724.4,324.3,0.41,Active Landslide Clearance / Road Blockage
336.59,51.7,8.5,56.32,0.463,350,Light Disaster Utility (4WD),390.2,656.5,266.3,0.409,Standard Mountain Traffic Flow
63.83,20.0,31.4,36.31,0.859,4170,4x4 Hill Freight Carrier,191.5,459.4,267.9,0.656,Steep Mountain Grade & Hairpin Bends
161.24,45.0,6.0,50.9,0.399,320,4x4 Hill Freight Carrier,215.0,335.5,120.5,0.356,Standard Mountain Traffic Flow
79.75,33.8,12.8,18.53,0.451,240,Heavy Supply Truck (16T),141.8,267.7,125.9,0.344,Active Landslide Clearance / Road Blockage
134.04,23.0,14.5,2.42,0.234,1550,Light Disaster Utility (4WD),349.7,394.9,45.2,0.167,Standard Mountain Traffic Flow
127.33,23.0,14.5,23.0,0.266,1550,Light Disaster Utility (4WD),332.2,419.3,87.1,0.22,Standard Mountain Traffic Flow
110.64,22.5,26.5,56.42,0.796,2450,Heavy Supply Truck (16T),295.0,904.8,609.7,0.642,Active Landslide Clearance / Road Blockage
96.04,34.5,24.2,79.01,0.986,3200,Light Disaster Utility (4WD),167.0,627.2,460.1,0.809,Active Landslide Clearance / Road Blockage
95.43,34.5,26.5,74.46,0.878,2450,Light Disaster Utility (4WD),166.0,437.8,271.8,0.726,Torrential Rainfall & Reduced Visibility
230.38,45.0,22.0,21.0,0.794,1400,Refrigerated Medical Van,307.2,663.7,356.5,0.587,Steep Mountain Grade & Hairpin Bends
80.81,45.0,12.8,0.78,0.29,240,Refrigerated Medical Van,107.7,126.8,19.0,0.204,Standard Mountain Traffic Flow
77.21,45.0,12.8,0.12,0.297,240,4x4 Hill Freight Carrier,103.0,121.5,18.6,0.208,Standard Mountain Traffic Flow
127.69,30.0,26.5,1.56,0.564,2450,Refrigerated Medical Van,255.4,403.3,147.9,0.397,Steep Mountain Grade & Hairpin Bends
113.99,22.5,26.5,10.48,0.64,2450,Heavy Supply Truck (16T),304.0,537.7,233.7,0.464,Steep Mountain Grade & Hairpin Bends
147.59,45.0,6.0,7.6,0.226,320,4x4 Hill Freight Carrier,196.8,225.9,29.1,0.17,Standard Mountain Traffic Flow
153.85,45.0,6.0,26.51,0.306,320,Refrigerated Medical Van,205.1,271.2,66.0,0.254,Standard Mountain Traffic Flow
64.01,15.0,31.4,64.67,0.902,4170,Heavy Supply Truck (16T),256.0,877.8,621.8,0.729,Active Landslide Clearance / Road Blockage
266.2,33.8,22.0,12.38,0.741,1400,Heavy Supply Truck (16T),473.2,943.7,470.5,0.537,Steep Mountain Grade & Hairpin Bends
419.65,51.7,18.0,46.04,0.728,1500,Light Disaster Utility (4WD),486.6,1038.5,551.9,0.579,Standard Mountain Traffic Flow
103.3,30.0,24.2,25.44,0.777,3200,Refrigerated Medical Van,206.6,528.0,321.4,0.582,Active Landslide Clearance / Road Blockage
83.43,15.0,31.4,48.97,0.874,4170,Heavy Supply Truck (16T),333.7,1039.6,705.9,0.685,Active Landslide Clearance / Road Blockage
108.58,22.5,26.5,6.41,0.619,2450,Heavy Supply Truck (16T),289.5,494.2,204.6,0.443,Steep Mountain Grade & Hairpin Bends
767.01,45.0,21.0,31.57,0.704,1650,Refrigerated Medical Van,1022.7,2128.1,1105.5,0.54,Active Landslide Clearance / Road Blockage
142.53,20.0,14.5,135.58,0.821,1550,Refrigerated Medical Van,427.6,1394.0,966.4,0.778,Active Landslide Clearance / Road Blockage
710.36,51.7,21.0,103.06,0.943,1650,Light Disaster Utility (4WD),823.6,2433.1,1609.5,0.815,Torrential Rainfall & Reduced Visibility
68.67,22.5,24.2,26.08,0.758,3200,Heavy Supply Truck (16T),183.1,600.3,417.2,0.57,Active Landslide Clearance / Road Blockage
512.19,33.8,18.0,21.53,0.623,1500,Heavy Supply Truck (16T),910.6,1629.5,718.9,0.468,Standard Mountain Traffic Flow
245.91,45.0,4.2,16.72,0.109,95,Refrigerated Medical Van,327.9,365.1,37.2,0.102,Standard Mountain Traffic Flow
134.53,20.0,14.5,127.67,0.666,1550,4x4 Hill Freight Carrier,403.6,972.1,568.5,0.658,Torrential Rainfall & Reduced Visibility
95.99,23.0,14.5,1.73,0.209,1550,Light Disaster Utility (4WD),250.4,276.5,26.2,0.149,Standard Mountain Traffic Flow
261.98,45.0,4.2,8.72,0.213,95,Refrigerated Medical Van,349.3,399.2,49.9,0.162,Standard Mountain Traffic Flow
458.85,51.7,21.0,20.34,0.671,1650,Light Disaster Utility (4WD),532.0,1070.6,538.6,0.5,Active Landslide Clearance / Road Blockage
306.21,51.7,8.5,3.37,0.275,350,Light Disaster Utility (4WD),355.0,416.7,61.6,0.198,Standard Mountain Traffic Flow
143.84,20.0,14.5,9.8,0.265,1550,Refrigerated Medical Van,431.5,516.0,84.5,0.2,Standard Mountain Traffic Flow
122.32,30.0,26.5,28.87,0.689,2450,Refrigerated Medical Van,244.6,480.1,235.5,0.526,Steep Mountain Grade & Hairpin Bends
414.05,45.0,8.5,52.95,0.508,350,4x4 Hill Freight Carrier,552.1,959.4,407.3,0.435,Standard Mountain Traffic Flow
88.23,15.0,31.4,23.0,0.855,4170,Heavy Supply Truck (16T),352.9,819.6,466.7,0.633,Steep Mountain Grade & Hairpin Bends
154.09,33.8,6.0,63.63,0.519,320,Heavy Supply Truck (16T),273.9,495.8,221.9,0.459,Torrential Rainfall & Reduced Visibility
64.59,22.5,24.2,15.2,0.685,3200,Heavy Supply Truck (16T),172.2,554.8,382.5,0.503,Active Landslide Clearance / Road Blockage
93.58,22.5,26.5,85.18,1.0,2450,Heavy Supply Truck (16T),249.5,969.7,720.1,0.828,Active Landslide Clearance / Road Blockage
128.94,30.0,26.5,29.84,0.742,2450,Refrigerated Medical Van,257.9,773.9,516.0,0.564,Active Landslide Clearance / Road Blockage
441.59,45.0,18.0,111.25,0.856,1500,4x4 Hill Freight Carrier,588.8,1629.1,1040.3,0.766,Torrential Rainfall & Reduced Visibility
72.79,33.8,12.8,5.25,0.325,240,Heavy Supply Truck (16T),129.4,160.2,30.8,0.236,Standard Mountain Traffic Flow
800.96,33.8,21.0,11.35,0.563,1650,Heavy Supply Truck (16T),1423.9,2314.4,890.5,0.411,Steep Mountain Grade & Hairpin Bends
94.03,22.5,24.2,1.81,0.601,3200,Heavy Supply Truck (16T),250.8,435.3,184.6,0.424,Steep Mountain Grade & Hairpin Bends
204.92,51.7,6.0,6.19,0.281,320,Light Disaster Utility (4WD),237.6,283.6,46.0,0.206,Standard Mountain Traffic Flow
134.12,45.0,6.0,17.26,0.256,320,Refrigerated Medical Van,178.8,219.0,40.1,0.205,Standard Mountain Traffic Flow
126.5,33.8,6.0,12.78,0.244,320,Heavy Supply Truck (16T),224.9,267.6,42.7,0.19,Standard Mountain Traffic Flow
490.53,33.8,18.0,72.07,0.822,1500,Heavy Supply Truck (16T),872.1,2231.4,1359.3,0.683,Active Landslide Clearance / Road Blockage
143.38,30.0,26.5,10.59,0.71,2450,4x4 Hill Freight Carrier,286.8,549.6,262.8,0.513,Steep Mountain Grade & Hairpin Bends
55.76,45.0,12.8,54.37,0.506,240,4x4 Hill Freight Carrier,74.3,176.7,102.3,0.436,Active Landslide Clearance / Road Blockage
56.44,33.8,12.8,39.76,0.491,240,Heavy Supply Truck (16T),100.3,164.9,64.6,0.403,Standard Mountain Traffic Flow
178.03,45.0,6.0,23.44,0.219,320,4x4 Hill Freight Carrier,237.4,289.9,52.5,0.188,Standard Mountain Traffic Flow
42.44,22.5,16.0,33.01,0.562,2100,Heavy Supply Truck (16T),113.2,196.0,82.8,0.443,Standard Mountain Traffic Flow
86.2,20.0,14.5,19.44,0.351,1550,Refrigerated Medical Van,258.6,346.5,87.9,0.275,Standard Mountain Traffic Flow
44.07,34.5,16.0,20.26,0.459,2100,Light Disaster Utility (4WD),76.6,114.6,38.0,0.352,Standard Mountain Traffic Flow
437.28,51.7,21.0,17.33,0.71,1650,Light Disaster Utility (4WD),507.0,989.3,482.3,0.523,Steep Mountain Grade & Hairpin Bends
131.95,34.5,26.5,45.43,0.679,2450,Light Disaster Utility (4WD),229.5,600.1,370.6,0.543,Active Landslide Clearance / Road Blockage
185.16,33.8,6.0,268.77,1.0,320,Heavy Supply Truck (16T),329.2,1468.8,1139.7,0.98,Active Landslide Clearance / Road Blockage
411.52,33.8,8.5,20.29,0.416,350,Heavy Supply Truck (16T),731.6,1084.8,353.3,0.322,Active Landslide Clearance / Road Blockage
62.84,30.0,16.0,18.33,0.428,2100,Refrigerated Medical Van,125.7,198.9,73.2,0.327,Standard Mountain Traffic Flow
408.9,45.0,8.5,1.43,0.248,350,4x4 Hill Freight Carrier,545.2,620.2,75.0,0.176,Standard Mountain Traffic Flow
711.52,33.8,21.0,20.45,0.618,1650,Heavy Supply Truck (16T),1264.9,2245.3,980.3,0.463,Steep Mountain Grade & Hairpin Bends
44.28,45.0,12.8,28.78,0.503,240,4x4 Hill Freight Carrier,59.0,132.4,73.4,0.395,Active Landslide Clearance / Road Blockage
101.11,30.0,24.2,7.41,0.642,3200,4x4 Hill Freight Carrier,202.2,404.6,202.3,0.46,Active Landslide Clearance / Road Blockage
202.22,45.0,6.0,70.33,0.498,320,Refrigerated Medical Van,269.6,487.7,218.0,0.454,Torrential Rainfall & Reduced Visibility
408.13,45.0,8.5,3.0,0.267,350,Refrigerated Medical Van,544.2,633.1,88.9,0.191,Standard Mountain Traffic Flow
45.67,34.5,16.0,85.5,0.736,2100,Light Disaster Utility (4WD),79.4,242.7,163.3,0.644,Active Landslide Clearance / Road Blockage
101.59,30.0,24.2,26.1,0.722,3200,4x4 Hill Freight Carrier,203.2,553.4,350.2,0.545,Active Landslide Clearance / Road Blockage
229.34,45.0,6.0,4.17,0.252,320,Refrigerated Medical Van,305.8,353.2,47.4,0.183,Standard Mountain Traffic Flow
60.84,20.0,31.4,69.58,1.0,4170,4x4 Hill Freight Carrier,182.5,666.8,484.2,0.804,Active Landslide Clearance / Road Blockage
73.98,51.7,12.8,14.77,0.428,240,Light Disaster Utility (4WD),85.8,121.9,36.2,0.322,Standard Mountain Traffic Flow
485.32,33.8,21.0,31.47,0.775,1650,Heavy Supply Truck (16T),862.8,1872.0,1009.2,0.59,Steep Mountain Grade & Hairpin Bends
91.53,15.0,14.5,15.93,0.253,1550,Heavy Supply Truck (16T),366.1,444.6,78.5,0.201,Standard Mountain Traffic Flow
176.25,51.7,6.0,20.88,0.23,320,Light Disaster Utility (4WD),204.3,249.0,44.6,0.193,Standard Mountain Traffic Flow
173.26,33.8,4.2,34.67,0.211,95,Heavy Supply Truck (16T),308.0,391.4,83.3,0.2,Standard Mountain Traffic Flow
110.51,30.0,24.2,30.99,0.813,3200,Refrigerated Medical Van,221.0,498.6,277.6,0.615,Steep Mountain Grade & Hairpin Bends
448.2,33.8,18.0,9.74,0.552,1500,Heavy Supply Truck (16T),796.8,1273.3,476.5,0.401,Standard Mountain Traffic Flow
573.41,45.0,21.0,32.48,0.736,1650,Refrigerated Medical Van,764.5,1765.1,1000.6,0.564,Active Landslide Clearance / Road Blockage
757.21,51.7,21.0,4.53,0.574,1650,Light Disaster Utility (4WD),877.9,1414.9,536.9,0.409,Steep Mountain Grade & Hairpin Bends
66.51,23.0,31.4,0.46,0.714,4170,Light Disaster Utility (4WD),173.5,545.5,372.0,0.501,Active Landslide Clearance / Road Blockage
631.22,45.0,21.0,56.87,0.794,1650,4x4 Hill Freight Carrier,841.6,2170.8,1329.2,0.641,Active Landslide Clearance / Road Blockage
102.78,22.5,26.5,6.87,0.536,2450,Heavy Supply Truck (16T),274.1,426.0,151.9,0.385,Steep Mountain Grade & Hairpin Bends
82.86,23.0,14.5,2.48,0.173,1550,Light Disaster Utility (4WD),216.2,233.6,17.5,0.125,Standard Mountain Traffic Flow
281.29,45.0,22.0,34.4,0.865,1400,Refrigerated Medical Van,375.1,902.1,527.0,0.657,Steep Mountain Grade & Hairpin Bends
87.69,23.0,14.5,4.63,0.24,1550,Light Disaster Utility (4WD),228.7,262.0,33.2,0.175,Standard Mountain Traffic Flow
228.89,51.7,22.0,2.42,0.707,1400,Light Disaster Utility (4WD),265.4,543.4,278.0,0.499,Active Landslide Clearance / Road Blockage
540.92,51.7,21.0,0.28,0.579,1650,Light Disaster Utility (4WD),627.2,1003.8,376.7,0.406,Steep Mountain Grade & Hairpin Bends
157.53,45.0,4.2,3.3,0.061,95,4x4 Hill Freight Carrier,210.0,215.7,5.6,0.05,Standard Mountain Traffic Flow
111.35,34.5,24.2,26.42,0.716,3200,Light Disaster Utility (4WD),193.6,389.1,195.5,0.541,Steep Mountain Grade & Hairpin Bends
197.47,45.0,6.0,6.87,0.274,320,4x4 Hill Freight Carrier,263.3,313.4,50.1,0.202,Standard Mountain Traffic Flow
120.82,20.0,14.5,4.16,0.235,1550,Refrigerated Medical Van,362.5,412.8,50.3,0.171,Standard Mountain Traffic Flow
184.0,51.7,4.2,11.92,0.173,95,Light Disaster Utility (4WD),213.3,240.5,27.2,0.139,Standard Mountain Traffic Flow
167.47,45.0,6.0,36.73,0.405,320,4x4 Hill Freight Carrier,223.3,350.7,127.4,0.339,Standard Mountain Traffic Flow
124.39,30.0,26.5,12.03,0.634,2450,4x4 Hill Freight Carrier,248.8,462.1,213.4,0.462,Steep Mountain Grade & Hairpin Bends
113.41,23.0,14.5,21.1,0.249,1550,Light Disaster Utility (4WD),295.9,365.7,69.8,0.206,Standard Mountain Traffic Flow
104.23,30.0,26.5,15.77,0.624,2450,Refrigerated Medical Van,208.5,367.5,159.0,0.46,Steep Mountain Grade & Hairpin Bends
181.97,51.7,4.2,4.82,0.138,95,Light Disaster Utility (4WD),211.0,225.6,14.6,0.104,Standard Mountain Traffic Flow
146.66,20.0,14.5,33.59,0.349,1550,4x4 Hill Freight Carrier,440.0,619.7,179.7,0.295,Standard Mountain Traffic Flow
52.59,20.0,31.4,3.76,0.746,4170,Refrigerated Medical Van,157.8,519.1,361.4,0.528,Active Landslide Clearance / Road Blockage
307.19,51.7,22.0,17.82,0.757,1400,Light Disaster Utility (4WD),356.2,787.3,431.2,0.556,Active Landslide Clearance / Road Blockage
89.45,34.5,26.5,2.07,0.57,2450,Light Disaster Utility (4WD),155.6,247.7,92.1,0.402,Steep Mountain Grade & Hairpin Bends
157.13,45.0,4.2,5.47,0.079,95,Refrigerated Medical Van,209.5,218.7,9.2,0.063,Standard Mountain Traffic Flow
60.05,33.8,12.8,12.47,0.276,240,Heavy Supply Truck (16T),106.8,130.2,23.5,0.212,Standard Mountain Traffic Flow
97.59,34.5,24.2,83.03,0.895,3200,Light Disaster Utility (4WD),169.7,462.8,293.1,0.751,Torrential Rainfall & Reduced Visibility
84.05,30.0,26.5,3.14,0.594,2450,4x4 Hill Freight Carrier,168.1,275.9,107.8,0.42,Steep Mountain Grade & Hairpin Bends
287.34,45.0,22.0,7.28,0.738,1400,4x4 Hill Freight Carrier,383.1,958.6,575.5,0.528,Active Landslide Clearance / Road Blockage
257.51,45.0,4.2,30.28,0.274,95,Refrigerated Medical Van,343.3,448.9,105.5,0.237,Standard Mountain Traffic Flow
127.99,45.0,6.0,48.13,0.451,320,4x4 Hill Freight Carrier,170.6,276.9,106.3,0.388,Standard Mountain Traffic Flow
55.59,23.0,31.4,7.55,0.67,4170,Light Disaster Utility (4WD),145.0,263.5,118.5,0.481,Steep Mountain Grade & Hairpin Bends
435.72,45.0,18.0,28.1,0.659,1500,4x4 Hill Freight Carrier,581.0,1166.9,586.0,0.503,Active Landslide Clearance / Road Blockage
98.22,30.0,24.2,77.29,0.945,3200,Refrigerated Medical Van,196.4,556.5,360.0,0.778,Torrential Rainfall & Reduced Visibility
99.77,30.0,26.5,18.46,0.597,2450,Refrigerated Medical Van,199.5,344.1,144.6,0.446,Steep Mountain Grade & Hairpin Bends
215.19,33.8,22.0,13.11,0.703,1400,Heavy Supply Truck (16T),382.6,852.2,469.6,0.512,Active Landslide Clearance / Road Blockage
91.85,34.5,24.2,14.35,0.795,3200,Light Disaster Utility (4WD),159.7,455.6,295.8,0.578,Active Landslide Clearance / Road Blockage
87.73,30.0,24.2,9.69,0.67,3200,4x4 Hill Freight Carrier,175.5,320.6,145.1,0.484,Steep Mountain Grade & Hairpin Bends
108.41,34.5,24.2,4.98,0.575,3200,Light Disaster Utility (4WD),188.5,304.7,116.2,0.41,Steep Mountain Grade & Hairpin Bends
263.33,45.0,8.5,8.5,0.349,350,Refrigerated Medical Van,351.1,450.5,99.4,0.257,Standard Mountain Traffic Flow
383.53,45.0,18.0,122.74,1.0,1500,Refrigerated Medical Van,511.4,1643.4,1132.0,0.884,Torrential Rainfall & Reduced Visibility
96.71,30.0,26.5,8.25,0.547,2450,Refrigerated Medical Van,193.4,305.8,112.4,0.395,Steep Mountain Grade & Hairpin Bends
427.27,45.0,18.0,10.92,0.639,1500,4x4 Hill Freight Carrier,569.7,1007.4,437.7,0.463,Standard Mountain Traffic Flow
425.23,45.0,18.0,9.68,0.607,1500,4x4 Hill Freight Carrier,567.0,964.1,397.1,0.44,Standard Mountain Traffic Flow
50.03,34.5,16.0,4.04,0.454,2100,Light Disaster Utility (4WD),87.0,122.3,35.3,0.324,Standard Mountain Traffic Flow
165.98,45.0,4.2,10.25,0.163,95,Refrigerated Medical Van,221.3,246.2,24.9,0.13,Standard Mountain Traffic Flow
416.29,33.8,8.5,3.5,0.335,350,Heavy Supply Truck (16T),740.1,918.2,178.1,0.24,Standard Mountain Traffic Flow
96.86,20.0,14.5,95.48,0.517,1550,4x4 Hill Freight Carrier,290.6,570.8,280.3,0.505,Torrential Rainfall & Reduced Visibility
50.67,51.7,12.8,4.15,0.314,240,Light Disaster Utility (4WD),58.7,71.7,12.9,0.226,Standard Mountain Traffic Flow
207.11,45.0,22.0,30.84,0.881,1400,Refrigerated Medical Van,276.1,739.5,463.4,0.663,Active Landslide Clearance / Road Blockage
133.43,20.0,14.5,45.99,0.274,1550,4x4 Hill Freight Carrier,400.3,554.7,154.5,0.261,Standard Mountain Traffic Flow
50.54,20.0,31.4,14.51,0.801,4170,4x4 Hill Freight Carrier,151.6,416.3,264.7,0.582,Active Landslide Clearance / Road Blockage
199.25,51.7,4.2,6.12,0.158,95,Light Disaster Utility (4WD),231.0,251.4,20.4,0.12,Standard Mountain Traffic Flow
44.51,30.0,16.0,22.16,0.473,2100,4x4 Hill Freight Carrier,89.0,135.9,46.8,0.364,Standard Mountain Traffic Flow
92.06,30.0,24.2,52.98,0.823,3200,Refrigerated Medical Van,184.1,440.6,256.5,0.656,Steep Mountain Grade & Hairpin Bends
212.9,45.0,22.0,70.09,0.962,1400,4x4 Hill Freight Carrier,283.9,806.9,523.1,0.779,Torrential Rainfall & Reduced Visibility
93.73,34.5,24.2,6.33,0.673,3200,Light Disaster Utility (4WD),163.0,296.2,133.2,0.481,Steep Mountain Grade & Hairpin Bends
439.51,45.0,18.0,37.42,0.671,1500,4x4 Hill Freight Carrier,586.0,1152.9,566.9,0.526,Standard Mountain Traffic Flow
153.44,45.0,6.0,34.53,0.374,320,4x4 Hill Freight Carrier,204.6,295.7,91.1,0.314,Standard Mountain Traffic Flow
512.52,33.8,18.0,5.85,0.567,1500,Heavy Supply Truck (16T),911.1,1463.0,551.9,0.406,Standard Mountain Traffic Flow
163.61,45.0,4.2,0.67,0.05,95,4x4 Hill Freight Carrier,218.1,220.5,2.3,0.05,Standard Mountain Traffic Flow
331.48,45.0,8.5,60.16,0.516,350,Refrigerated Medical Van,442.0,839.4,397.4,0.452,Active Landslide Clearance / Road Blockage
143.79,23.0,14.5,126.96,0.66,1550,Light Disaster Utility (4WD),375.1,897.3,522.2,0.652,Torrential Rainfall & Reduced Visibility
194.98,45.0,4.2,90.1,0.416,95,Refrigerated Medical Van,260.0,462.9,202.9,0.426,Torrential Rainfall & Reduced Visibility
110.89,30.0,26.5,4.16,0.633,2450,Refrigerated Medical Van,221.8,436.6,214.8,0.45,Active Landslide Clearance / Road Blockage
162.83,51.7,6.0,29.51,0.317,320,Light Disaster Utility (4WD),188.8,254.8,66.0,0.266,Standard Mountain Traffic Flow
80.7,45.0,12.8,41.96,0.493,240,Refrigerated Medical Van,107.6,178.4,70.8,0.408,Standard Mountain Traffic Flow
141.44,34.5,26.5,10.52,0.623,2450,Light Disaster Utility (4WD),246.0,426.7,180.7,0.452,Steep Mountain Grade & Hairpin Bends
366.81,45.0,8.5,5.77,0.24,350,4x4 Hill Freight Carrier,489.1,563.1,74.0,0.177,Standard Mountain Traffic Flow
453.07,51.7,18.0,13.47,0.546,1500,Light Disaster Utility (4WD),525.3,843.8,318.5,0.403,Standard Mountain Traffic Flow
64.51,45.0,12.8,38.89,0.454,240,Refrigerated Medical Van,86.0,136.0,50.0,0.376,Standard Mountain Traffic Flow
47.77,34.5,16.0,22.37,0.48,2100,Light Disaster Utility (4WD),83.1,127.8,44.7,0.369,Standard Mountain Traffic Flow
280.26,45.0,18.0,23.11,0.637,1500,4x4 Hill Freight Carrier,373.7,682.1,308.4,0.48,Standard Mountain Traffic Flow
220.8,33.8,4.2,156.94,0.81,95,Heavy Supply Truck (16T),392.5,1254.8,862.3,0.802,Active Landslide Clearance / Road Blockage
79.85,34.5,24.2,18.67,0.718,3200,Light Disaster Utility (4WD),138.9,347.9,209.0,0.531,Active Landslide Clearance / Road Blockage
81.9,34.5,24.2,58.48,0.841,3200,Light Disaster Utility (4WD),142.4,590.4,448.0,0.677,Active Landslide Clearance / Road Blockage
142.81,51.7,6.0,4.72,0.19,320,Light Disaster Utility (4WD),165.6,182.8,17.2,0.14,Standard Mountain Traffic Flow
223.28,45.0,6.0,64.12,0.536,320,Refrigerated Medical Van,297.7,548.4,250.7,0.472,Torrential Rainfall & Reduced Visibility
89.4,22.5,24.2,142.61,1.0,3200,Heavy Supply Truck (16T),238.4,789.8,551.4,0.914,Torrential Rainfall & Reduced Visibility
64.79,22.5,24.2,8.01,0.599,3200,Heavy Supply Truck (16T),172.8,289.6,116.9,0.431,Steep Mountain Grade & Hairpin Bends
257.2,45.0,4.2,24.63,0.109,95,4x4 Hill Freight Carrier,342.9,395.4,52.5,0.114,Standard Mountain Traffic Flow
178.79,33.8,22.0,15.72,0.736,1400,Heavy Supply Truck (16T),317.8,635.8,318.0,0.539,Steep Mountain Grade & Hairpin Bends
117.07,30.0,26.5,30.29,0.697,2450,4x4 Hill Freight Carrier,234.1,649.3,415.2,0.533,Active Landslide Clearance / Road Blockage
128.55,30.0,26.5,30.24,0.725,2450,4x4 Hill Freight Carrier,257.1,714.6,457.5,0.553,Active Landslide Clearance / Road Blockage
102.91,30.0,24.2,170.14,1.0,3200,Refrigerated Medical Van,205.8,911.7,705.9,0.955,Active Landslide Clearance / Road Blockage
135.28,20.0,14.5,90.73,0.543,1550,Refrigerated Medical Van,405.8,805.9,400.1,0.516,Torrential Rainfall & Reduced Visibility
259.38,51.7,22.0,11.98,0.638,1400,Light Disaster Utility (4WD),300.7,533.0,232.3,0.465,Steep Mountain Grade & Hairpin Bends
444.03,51.7,8.5,43.12,0.496,350,Light Disaster Utility (4WD),514.8,859.3,344.5,0.412,Standard Mountain Traffic Flow
116.23,20.0,14.5,11.26,0.18,1550,4x4 Hill Freight Carrier,348.7,393.8,45.1,0.143,Standard Mountain Traffic Flow
291.97,33.8,8.5,67.87,0.611,350,Heavy Supply Truck (16T),519.1,1037.7,518.6,0.53,Torrential Rainfall & Reduced Visibility
254.07,45.0,22.0,7.45,0.697,1400,4x4 Hill Freight Carrier,338.8,745.5,406.8,0.499,Active Landslide Clearance / Road Blockage
66.16,20.0,31.4,108.29,1.0,4170,4x4 Hill Freight Carrier,198.5,745.6,547.2,0.862,Active Landslide Clearance / Road Blockage
126.85,33.8,6.0,7.62,0.249,320,Heavy Supply Truck (16T),225.5,263.7,38.2,0.186,Standard Mountain Traffic Flow
260.18,45.0,4.2,0.42,0.082,95,4x4 Hill Freight Carrier,346.9,353.8,6.9,0.058,Standard Mountain Traffic Flow
215.1,33.8,22.0,2.77,0.665,1400,Heavy Supply Truck (16T),382.4,894.2,511.8,0.47,Active Landslide Clearance / Road Blockage
50.98,30.0,16.0,69.72,0.772,2100,4x4 Hill Freight Carrier,102.0,239.8,137.9,0.645,Torrential Rainfall & Reduced Visibility
115.53,30.0,26.5,19.86,0.667,2450,Refrigerated Medical Van,231.1,642.6,411.5,0.497,Active Landslide Clearance / Road Blockage
193.93,51.7,6.0,48.48,0.384,320,Light Disaster Utility (4WD),224.8,387.7,162.9,0.341,Active Landslide Clearance / Road Blockage
58.26,23.0,31.4,26.26,0.853,4170,Light Disaster Utility (4WD),152.0,531.8,379.8,0.637,Active Landslide Clearance / Road Blockage
808.95,51.7,21.0,0.93,0.664,1650,Light Disaster Utility (4WD),937.9,1869.1,931.2,0.466,Active Landslide Clearance / Road Blockage
234.23,45.0,4.2,68.16,0.374,95,4x4 Hill Freight Carrier,312.3,503.7,191.4,0.364,Torrential Rainfall & Reduced Visibility
43.09,30.0,16.0,2.77,0.437,2100,4x4 Hill Freight Carrier,86.2,118.5,32.3,0.31,Standard Mountain Traffic Flow
184.72,45.0,4.2,14.34,0.231,95,Refrigerated Medical Van,246.3,292.1,45.8,0.183,Standard Mountain Traffic Flow
794.17,33.8,21.0,1.98,0.572,1650,Heavy Supply Truck (16T),1411.9,2251.2,839.3,0.403,Steep Mountain Grade & Hairpin Bends
64.53,30.0,24.2,40.71,0.835,3200,4x4 Hill Freight Carrier,129.1,414.2,285.1,0.646,Active Landslide Clearance / Road Blockage
125.33,22.5,26.5,36.89,0.803,2450,Heavy Supply Truck (16T),334.2,756.3,422.1,0.618,Steep Mountain Grade & Hairpin Bends
651.63,45.0,21.0,10.13,0.65,1650,Refrigerated Medical Van,868.8,1741.2,872.4,0.47,Active Landslide Clearance / Road Blockage
94.57,34.5,24.2,0.38,0.627,3200,Light Disaster Utility (4WD),164.5,332.4,167.9,0.439,Active Landslide Clearance / Road Blockage
59.55,30.0,16.0,17.66,0.496,2100,Refrigerated Medical Van,119.1,183.7,64.5,0.374,Standard Mountain Traffic Flow
90.12,30.0,24.2,16.12,0.732,3200,Refrigerated Medical Van,180.2,557.8,377.6,0.536,Active Landslide Clearance / Road Blockage
137.73,45.0,6.0,28.27,0.327,320,Refrigerated Medical Van,183.6,248.9,65.3,0.271,Standard Mountain Traffic Flow
321.88,33.8,22.0,27.16,0.792,1400,Heavy Supply Truck (16T),572.2,1365.4,793.2,0.595,Active Landslide Clearance / Road Blockage
164.35,51.7,6.0,38.63,0.41,320,Light Disaster Utility (4WD),190.5,326.2,135.6,0.345,Active Landslide Clearance / Road Blockage
64.77,33.8,12.8,37.44,0.463,240,Heavy Supply Truck (16T),115.1,182.8,67.7,0.38,Standard Mountain Traffic Flow
48.75,45.0,12.8,10.35,0.436,240,4x4 Hill Freight Carrier,65.0,129.5,64.5,0.321,Active Landslide Clearance / Road Blockage
358.63,45.0,18.0,25.21,0.622,1500,Refrigerated Medical Van,478.2,863.5,385.3,0.473,Standard Mountain Traffic Flow
163.93,45.0,6.0,22.95,0.278,320,4x4 Hill Freight Carrier,218.6,278.6,60.0,0.229,Standard Mountain Traffic Flow
378.04,45.0,18.0,10.03,0.586,1500,Refrigerated Medical Van,504.1,837.6,333.5,0.425,Standard Mountain Traffic Flow
209.52,45.0,4.2,62.72,0.382,95,4x4 Hill Freight Carrier,279.4,446.0,166.7,0.361,Torrential Rainfall & Reduced Visibility
55.02,20.0,31.4,20.42,0.791,4170,4x4 Hill Freight Carrier,165.1,486.3,321.3,0.584,Active Landslide Clearance / Road Blockage
65.62,15.0,31.4,33.24,0.852,4170,Heavy Supply Truck (16T),262.5,848.8,586.4,0.646,Active Landslide Clearance / Road Blockage
82.57,30.0,26.5,11.9,0.54,2450,Refrigerated Medical Van,165.1,312.1,147.0,0.396,Active Landslide Clearance / Road Blockage
599.6,51.7,21.0,0.83,0.495,1650,Light Disaster Utility (4WD),695.2,1011.2,316.0,0.347,Steep Mountain Grade & Hairpin Bends
278.87,51.7,22.0,64.84,1.0,1400,Light Disaster Utility (4WD),323.3,945.5,622.1,0.797,Torrential Rainfall & Reduced Visibility
87.75,34.5,26.5,7.48,0.633,2450,Light Disaster Utility (4WD),152.6,265.4,112.8,0.454,Steep Mountain Grade & Hairpin Bends
332.79,45.0,18.0,16.9,0.59,1500,Refrigerated Medical Van,443.7,755.5,311.8,0.438,Standard Mountain Traffic Flow
144.84,45.0,6.0,9.28,0.296,320,4x4 Hill Freight Carrier,193.1,236.7,43.6,0.221,Standard Mountain Traffic Flow
57.72,33.8,12.8,29.29,0.364,240,Heavy Supply Truck (16T),102.6,144.2,41.6,0.299,Standard Mountain Traffic Flow
212.77,33.8,4.2,8.31,0.096,95,Heavy Supply Truck (16T),378.2,402.8,24.5,0.079,Standard Mountain Traffic Flow
152.23,45.0,4.2,0.74,0.105,95,Refrigerated Medical Van,203.0,209.3,6.4,0.075,Standard Mountain Traffic Flow
184.31,45.0,4.2,44.48,0.287,95,Refrigerated Medical Van,245.7,341.9,96.2,0.268,Standard Mountain Traffic Flow
279.8,51.7,22.0,28.32,0.74,1400,Light Disaster Utility (4WD),324.4,672.6,348.2,0.561,Steep Mountain Grade & Hairpin Bends
136.28,22.5,26.5,15.29,0.678,2450,Heavy Supply Truck (16T),363.4,803.2,439.8,0.498,Active Landslide Clearance / Road Blockage
45.52,30.0,16.0,3.1,0.328,2100,4x4 Hill Freight Carrier,91.0,112.1,21.0,0.234,Standard Mountain Traffic Flow
83.52,20.0,14.5,4.96,0.143,1550,Refrigerated Medical Van,250.6,268.9,18.4,0.108,Standard Mountain Traffic Flow
44.9,45.0,12.8,10.38,0.373,240,Refrigerated Medical Van,59.9,79.2,19.3,0.276,Standard Mountain Traffic Flow
157.81,45.0,4.2,31.13,0.288,95,Refrigerated Medical Van,210.4,278.9,68.5,0.248,Standard Mountain Traffic Flow
266.58,33.8,4.2,7.93,0.154,95,Heavy Supply Truck (16T),473.9,518.9,45.0,0.12,Standard Mountain Traffic Flow
60.0,20.0,31.4,80.8,0.977,4170,4x4 Hill Freight Carrier,180.0,765.2,585.2,0.805,Active Landslide Clearance / Road Blockage
57.55,22.5,16.0,11.34,0.353,2100,Heavy Supply Truck (16T),153.5,199.9,46.4,0.264,Standard Mountain Traffic Flow
768.71,33.8,21.0,73.8,0.868,1650,Heavy Supply Truck (16T),1366.6,3565.9,2199.3,0.718,Torrential Rainfall & Reduced Visibility
235.04,45.0,22.0,32.06,0.766,1400,4x4 Hill Freight Carrier,313.4,842.4,529.0,0.585,Active Landslide Clearance / Road Blockage
57.77,45.0,12.8,13.28,0.342,240,4x4 Hill Freight Carrier,77.0,100.0,23.0,0.26,Standard Mountain Traffic Flow
172.15,45.0,22.0,48.93,0.865,1400,Refrigerated Medical Van,229.5,666.2,436.6,0.679,Active Landslide Clearance / Road Blockage
809.74,51.7,21.0,26.73,0.794,1650,Light Disaster Utility (4WD),938.8,2234.3,1295.5,0.596,Active Landslide Clearance / Road Blockage
689.95,45.0,21.0,55.98,0.86,1650,4x4 Hill Freight Carrier,919.9,2478.4,1558.5,0.686,Active Landslide Clearance / Road Blockage
106.77,23.0,14.5,13.46,0.249,1550,Light Disaster Utility (4WD),278.5,333.8,55.2,0.195,Standard Mountain Traffic Flow
234.35,33.8,4.2,40.56,0.205,95,Heavy Supply Truck (16T),416.6,539.5,122.9,0.204,Standard Mountain Traffic Flow
311.24,51.7,22.0,24.08,0.786,1400,Light Disaster Utility (4WD),360.9,778.7,417.8,0.586,Steep Mountain Grade & Hairpin Bends
132.63,20.0,14.5,7.24,0.251,1550,4x4 Hill Freight Carrier,397.9,465.2,67.3,0.187,Standard Mountain Traffic Flow
148.64,33.8,4.2,21.54,0.189,95,Heavy Supply Truck (16T),264.3,313.7,49.5,0.164,Standard Mountain Traffic Flow
176.27,33.8,6.0,41.74,0.341,320,Heavy Supply Truck (16T),313.4,451.0,137.6,0.301,Standard Mountain Traffic Flow
89.79,20.0,31.4,25.44,0.786,4170,Refrigerated Medical Van,269.4,583.0,313.7,0.588,Steep Mountain Grade & Hairpin Bends
36.68,30.0,16.0,6.43,0.339,2100,Refrigerated Medical Van,73.4,92.5,19.1,0.247,Standard Mountain Traffic Flow
252.75,45.0,4.2,42.22,0.381,95,Refrigerated Medical Van,337.0,503.2,166.2,0.33,Standard Mountain Traffic Flow
51.15,30.0,16.0,0.32,0.374,2100,4x4 Hill Freight Carrier,102.3,130.3,28.0,0.262,Standard Mountain Traffic Flow
258.47,33.8,4.2,20.53,0.253,95,Heavy Supply Truck (16T),459.5,568.6,109.1,0.208,Standard Mountain Traffic Flow
443.66,51.7,18.0,2.15,0.488,1500,Light Disaster Utility (4WD),514.4,746.5,232.1,0.345,Standard Mountain Traffic Flow
564.81,51.7,21.0,3.79,0.676,1650,Light Disaster Utility (4WD),654.9,1185.1,530.2,0.479,Steep Mountain Grade & Hairpin Bends
487.51,33.8,21.0,6.16,0.661,1650,Heavy Supply Truck (16T),866.7,1668.0,801.3,0.472,Active Landslide Clearance / Road Blockage
70.58,45.0,12.8,2.59,0.345,240,Refrigerated Medical Van,94.1,117.4,23.3,0.245,Standard Mountain Traffic Flow
260.96,51.7,22.0,19.73,0.804,1400,Light Disaster Utility (4WD),302.6,742.2,439.6,0.593,Active Landslide Clearance / Road Blockage
93.1,30.0,24.2,2.33,0.617,3200,Refrigerated Medical Van,186.2,313.3,127.1,0.435,Steep Mountain Grade & Hairpin Bends
333.97,45.0,8.5,7.68,0.307,350,4x4 Hill Freight Carrier,445.3,547.2,101.9,0.226,Standard Mountain Traffic Flow
103.41,30.0,24.2,21.73,0.798,3200,Refrigerated Medical Van,206.8,511.4,304.6,0.591,Active Landslide Clearance / Road Blockage
453.59,51.7,18.0,53.73,0.743,1500,Light Disaster Utility (4WD),525.9,1351.8,825.9,0.601,Active Landslide Clearance / Road Blockage
103.46,30.0,24.2,5.08,0.684,3200,Refrigerated Medical Van,206.9,456.4,249.5,0.487,Active Landslide Clearance / Road Blockage
131.69,51.7,6.0,11.57,0.272,320,Light Disaster Utility (4WD),152.7,184.9,32.2,0.207,Standard Mountain Traffic Flow
170.76,51.7,6.0,38.87,0.375,320,Light Disaster Utility (4WD),198.0,290.7,92.7,0.321,Standard Mountain Traffic Flow
125.97,15.0,14.5,6.86,0.211,1550,Heavy Supply Truck (16T),503.9,570.2,66.3,0.158,Standard Mountain Traffic Flow
445.12,45.0,18.0,190.47,1.0,1500,Refrigerated Medical Van,593.5,2108.3,1514.8,0.98,Torrential Rainfall & Reduced Visibility
81.98,30.0,24.2,68.01,0.968,3200,Refrigerated Medical Van,164.0,467.2,303.3,0.78,Torrential Rainfall & Reduced Visibility
262.04,45.0,22.0,1.63,0.609,1400,4x4 Hill Freight Carrier,349.4,581.2,231.8,0.429,Steep Mountain Grade & Hairpin Bends
66.68,30.0,24.2,0.63,0.69,3200,4x4 Hill Freight Carrier,133.4,322.0,188.6,0.484,Active Landslide Clearance / Road Blockage
391.71,45.0,8.5,10.23,0.285,350,4x4 Hill Freight Carrier,522.3,636.4,114.1,0.215,Standard Mountain Traffic Flow
468.47,45.0,18.0,48.04,0.719,1500,4x4 Hill Freight Carrier,624.6,1326.7,702.1,0.575,Standard Mountain Traffic Flow
41.97,34.5,16.0,49.73,0.656,2100,Light Disaster Utility (4WD),73.0,227.0,154.1,0.534,Active Landslide Clearance / Road Blockage
98.28,15.0,14.5,6.1,0.264,1550,Heavy Supply Truck (16T),393.1,462.4,69.3,0.194,Standard Mountain Traffic Flow
402.16,33.8,8.5,16.12,0.401,350,Heavy Supply Truck (16T),715.0,992.9,278.0,0.305,Standard Mountain Traffic Flow
300.19,33.8,18.0,72.63,0.681,1500,Heavy Supply Truck (16T),533.7,1315.4,781.7,0.586,Active Landslide Clearance / Road Blockage
299.19,45.0,8.5,4.27,0.308,350,4x4 Hill Freight Carrier,398.9,484.0,85.0,0.222,Standard Mountain Traffic Flow
585.29,45.0,21.0,7.73,0.652,1650,4x4 Hill Freight Carrier,780.4,1389.3,608.9,0.468,Steep Mountain Grade & Hairpin Bends
91.38,34.5,24.2,19.82,0.685,3200,Light Disaster Utility (4WD),158.9,482.9,324.0,0.509,Active Landslide Clearance / Road Blockage
791.69,45.0,21.0,3.57,0.629,1650,Refrigerated Medical Van,1055.6,1808.0,752.4,0.446,Steep Mountain Grade & Hairpin Bends
88.43,23.0,14.5,10.58,0.282,1550,Light Disaster Utility (4WD),230.7,280.6,49.9,0.213,Standard Mountain Traffic Flow
47.78,30.0,16.0,35.25,0.532,2100,Refrigerated Medical Van,95.6,161.5,65.9,0.425,Standard Mountain Traffic Flow
690.81,33.8,21.0,17.87,0.591,1650,Heavy Supply Truck (16T),1228.1,2154.7,926.6,0.441,Active Landslide Clearance / Road Blockage
218.34,51.7,6.0,19.09,0.379,320,Light Disaster Utility (4WD),253.1,384.5,131.4,0.294,Active Landslide Clearance / Road Blockage
479.21,45.0,21.0,5.61,0.687,1650,4x4 Hill Freight Carrier,638.9,1177.6,538.7,0.49,Steep Mountain Grade & Hairpin Bends
446.88,33.8,8.5,60.73,0.582,350,Heavy Supply Truck (16T),794.5,1515.3,720.8,0.498,Torrential Rainfall & Reduced Visibility
65.79,45.0,12.8,6.8,0.44,240,Refrigerated Medical Van,87.7,157.0,69.2,0.318,Active Landslide Clearance / Road Blockage
126.14,20.0,14.5,23.12,0.249,1550,Refrigerated Medical Van,378.4,471.6,93.2,0.209,Standard Mountain Traffic Flow
51.72,22.5,16.0,77.01,0.722,2100,Heavy Supply Truck (16T),137.9,313.9,176.0,0.621,Torrential Rainfall & Reduced Visibility
36.42,22.5,16.0,20.98,0.35,2100,Heavy Supply Truck (16T),97.1,130.8,33.7,0.276,Standard Mountain Traffic Flow
246.51,33.8,4.2,14.37,0.122,95,Heavy Supply Truck (16T),438.2,485.6,47.4,0.107,Standard Mountain Traffic Flow
52.36,15.0,31.4,2.04,0.723,4170,Heavy Supply Truck (16T),209.5,583.6,374.2,0.509,Active Landslide Clearance / Road Blockage
146.1,33.8,6.0,31.19,0.319,320,Heavy Supply Truck (16T),259.7,353.3,93.6,0.27,Standard Mountain Traffic Flow
69.17,45.0,12.8,8.84,0.467,240,Refrigerated Medical Van,92.2,133.8,41.6,0.34,Standard Mountain Traffic Flow
60.84,51.7,12.8,12.32,0.444,240,Light Disaster Utility (4WD),70.5,101.0,30.5,0.329,Standard Mountain Traffic Flow
191.18,51.7,6.0,114.29,0.581,320,Light Disaster Utility (4WD),221.7,517.7,296.1,0.578,Active Landslide Clearance / Road Blockage
294.41,45.0,18.0,24.17,0.552,1500,Refrigerated Medical Van,392.5,655.4,262.8,0.423,Standard Mountain Traffic Flow
80.35,30.0,24.2,3.88,0.629,3200,4x4 Hill Freight Carrier,160.7,275.4,114.7,0.446,Steep Mountain Grade & Hairpin Bends
373.03,51.7,18.0,3.35,0.533,1500,Light Disaster Utility (4WD),432.5,662.7,230.2,0.378,Standard Mountain Traffic Flow
281.87,33.8,18.0,52.2,0.641,1500,Heavy Supply Truck (16T),501.1,991.9,490.8,0.527,Standard Mountain Traffic Flow
203.9,51.7,4.2,17.21,0.204,95,Light Disaster Utility (4WD),236.4,278.5,42.1,0.169,Standard Mountain Traffic Flow
77.09,30.0,24.2,36.16,0.8,3200,Refrigerated Medical Van,154.2,489.5,335.3,0.615,Active Landslide Clearance / Road Blockage
608.82,51.7,21.0,20.64,0.74,1650,Light Disaster Utility (4WD),705.9,1436.1,730.3,0.549,Steep Mountain Grade & Hairpin Bends
108.38,15.0,14.5,14.97,0.409,1550,Heavy Supply Truck (16T),433.5,604.8,171.3,0.309,Standard Mountain Traffic Flow
443.09,45.0,18.0,37.26,0.667,1500,Refrigerated Medical Van,590.8,1157.1,566.3,0.523,Standard Mountain Traffic Flow
164.97,51.7,6.0,16.01,0.316,320,Light Disaster Utility (4WD),191.3,245.1,53.8,0.245,Standard Mountain Traffic Flow
198.89,51.7,4.2,66.11,0.273,95,Light Disaster Utility (4WD),230.6,342.6,112.0,0.291,Torrential Rainfall & Reduced Visibility
229.17,51.7,4.2,68.68,0.413,95,Light Disaster Utility (4WD),265.7,443.3,177.6,0.392,Torrential Rainfall & Reduced Visibility
49.18,51.7,12.8,1.62,0.362,240,Light Disaster Utility (4WD),57.0,72.1,15.1,0.256,Standard Mountain Traffic Flow
65.09,33.8,12.8,123.12,0.774,240,Heavy Supply Truck (16T),115.7,450.3,334.6,0.726,Active Landslide Clearance / Road Blockage
677.25,33.8,21.0,11.36,0.626,1650,Heavy Supply Truck (16T),1204.0,2100.8,896.8,0.455,Steep Mountain Grade & Hairpin Bends
702.18,45.0,21.0,110.8,1.0,1650,Refrigerated Medical Van,936.2,3061.6,2125.4,0.866,Active Landslide Clearance / Road Blockage
227.92,33.8,22.0,15.05,0.739,1400,Heavy Supply Truck (16T),405.2,876.8,471.6,0.54,Active Landslide Clearance / Road Blockage
426.68,51.7,8.5,13.64,0.344,350,Light Disaster Utility (4WD),494.7,644.1,149.4,0.261,Standard Mountain Traffic Flow
45.05,34.5,16.0,21.93,0.56,2100,Light Disaster Utility (4WD),78.4,160.7,82.4,0.425,Standard Mountain Traffic Flow
191.56,45.0,6.0,2.93,0.16,320,4x4 Hill Freight Carrier,255.4,274.2,18.8,0.116,Standard Mountain Traffic Flow
280.26,33.8,18.0,24.14,0.655,1500,Heavy Supply Truck (16T),498.2,931.0,432.8,0.495,Standard Mountain Traffic Flow
259.06,33.8,22.0,16.68,0.671,1400,Heavy Supply Truck (16T),460.5,1003.3,542.8,0.495,Active Landslide Clearance / Road Blockage
246.84,45.0,22.0,1.87,0.671,1400,Refrigerated Medical Van,329.1,588.7,259.6,0.472,Steep Mountain Grade & Hairpin Bends
120.03,15.0,14.5,49.56,0.34,1550,Heavy Supply Truck (16T),480.1,709.0,228.9,0.312,Standard Mountain Traffic Flow
87.02,15.0,31.4,12.58,0.803,4170,Heavy Supply Truck (16T),348.1,745.0,396.9,0.581,Steep Mountain Grade & Hairpin Bends
314.45,45.0,22.0,2.23,0.785,1400,4x4 Hill Freight Carrier,419.3,858.1,438.9,0.553,Steep Mountain Grade & Hairpin Bends
60.35,20.0,31.4,44.27,0.879,4170,4x4 Hill Freight Carrier,181.0,618.1,437.0,0.682,Active Landslide Clearance / Road Blockage
280.37,45.0,18.0,28.12,0.562,1500,Refrigerated Medical Van,373.8,638.4,264.6,0.436,Standard Mountain Traffic Flow
232.04,45.0,6.0,68.24,0.491,320,4x4 Hill Freight Carrier,309.4,552.5,243.1,0.446,Torrential Rainfall & Reduced Visibility
54.26,45.0,12.8,23.37,0.497,240,4x4 Hill Freight Carrier,72.3,113.7,41.3,0.383,Standard Mountain Traffic Flow
60.95,22.5,16.0,13.33,0.398,2100,Heavy Supply Truck (16T),162.5,222.8,60.3,0.298,Standard Mountain Traffic Flow
736.51,45.0,21.0,20.7,0.714,1650,4x4 Hill Freight Carrier,982.0,1941.0,959.0,0.531,Steep Mountain Grade & Hairpin Bends
206.0,45.0,4.2,18.9,0.188,95,Refrigerated Medical Van,274.7,322.4,47.7,0.16,Standard Mountain Traffic Flow
121.99,30.0,26.5,9.08,0.641,2450,4x4 Hill Freight Carrier,244.0,430.3,186.3,0.462,Steep Mountain Grade & Hairpin Bends
197.62,51.7,6.0,52.57,0.42,320,Light Disaster Utility (4WD),229.1,393.6,164.5,0.373,Standard Mountain Traffic Flow
253.84,33.8,22.0,106.63,1.0,1400,Heavy Supply Truck (16T),451.3,1558.5,1107.2,0.86,Active Landslide Clearance / Road Blockage
102.86,30.0,26.5,5.22,0.577,2450,4x4 Hill Freight Carrier,205.7,333.3,127.6,0.412,Steep Mountain Grade & Hairpin Bends
490.59,33.8,18.0,140.41,1.0,1500,Heavy Supply Truck (16T),872.2,3092.4,2220.2,0.911,Active Landslide Clearance / Road Blockage
100.67,34.5,24.2,1.35,0.644,3200,Light Disaster Utility (4WD),175.1,325.1,150.0,0.453,Steep Mountain Grade & Hairpin Bends
271.9,45.0,8.5,0.3,0.237,350,Refrigerated Medical Van,362.5,406.7,44.1,0.167,Standard Mountain Traffic Flow
150.15,33.8,6.0,2.0,0.149,320,Heavy Supply Truck (16T),266.9,283.5,16.6,0.107,Standard Mountain Traffic Flow
114.75,23.0,14.5,9.58,0.268,1550,Light Disaster Utility (4WD),299.3,358.3,59.0,0.202,Standard Mountain Traffic Flow
258.72,45.0,4.2,7.04,0.194,95,Refrigerated Medical Van,345.0,385.9,40.9,0.146,Standard Mountain Traffic Flow
146.63,23.0,14.5,44.55,0.317,1550,Light Disaster Utility (4WD),382.5,544.9,162.4,0.288,Standard Mountain Traffic Flow
63.83,33.8,12.8,31.83,0.545,240,Heavy Supply Truck (16T),113.5,235.4,121.9,0.429,Active Landslide Clearance / Road Blockage
200.49,45.0,6.0,2.58,0.186,320,Refrigerated Medical Van,267.3,291.4,24.1,0.134,Standard Mountain Traffic Flow
211.22,51.7,22.0,5.68,0.575,1400,Light Disaster Utility (4WD),244.9,396.7,151.8,0.411,Steep Mountain Grade & Hairpin Bends
37.68,30.0,16.0,13.69,0.398,2100,4x4 Hill Freight Carrier,75.4,161.1,85.7,0.299,Active Landslide Clearance / Road Blockage
128.22,22.5,26.5,39.37,0.737,2450,Heavy Supply Truck (16T),341.9,803.8,461.9,0.575,Active Landslide Clearance / Road Blockage
189.51,45.0,6.0,22.63,0.367,320,4x4 Hill Freight Carrier,252.7,347.8,95.1,0.291,Standard Mountain Traffic Flow
290.74,45.0,8.5,0.46,0.294,350,Refrigerated Medical Van,387.7,457.0,69.4,0.206,Standard Mountain Traffic Flow
410.61,45.0,8.5,3.1,0.309,350,Refrigerated Medical Van,547.5,661.6,114.1,0.221,Standard Mountain Traffic Flow
212.72,33.8,22.0,29.72,0.743,1400,Heavy Supply Truck (16T),378.2,789.0,410.8,0.565,Steep Mountain Grade & Hairpin Bends
223.54,45.0,6.0,11.41,0.251,320,4x4 Hill Freight Carrier,298.1,354.8,56.7,0.193,Standard Mountain Traffic Flow
307.51,51.7,18.0,1.93,0.517,1500,Light Disaster Utility (4WD),356.5,553.1,196.6,0.365,Standard Mountain Traffic Flow
196.23,45.0,4.2,11.61,0.202,95,4x4 Hill Freight Carrier,261.6,300.3,38.7,0.159,Standard Mountain Traffic Flow
56.67,30.0,16.0,22.69,0.491,2100,4x4 Hill Freight Carrier,113.3,176.5,63.2,0.377,Standard Mountain Traffic Flow
470.72,51.7,21.0,37.11,0.713,1650,Light Disaster Utility (4WD),545.8,1331.9,786.1,0.555,Active Landslide Clearance / Road Blockage
184.54,33.8,4.2,7.39,0.138,95,Heavy Supply Truck (16T),328.1,355.0,27.0,0.108,Standard Mountain Traffic Flow
76.14,45.0,12.8,69.72,0.568,240,Refrigerated Medical Van,101.5,195.5,94.0,0.502,Torrential Rainfall & Reduced Visibility
214.62,45.0,4.2,39.66,0.211,95,Refrigerated Medical Van,286.2,370.7,84.5,0.207,Standard Mountain Traffic Flow
81.04,30.0,26.5,26.99,0.733,2450,Refrigerated Medical Van,162.1,332.4,170.3,0.554,Steep Mountain Grade & Hairpin Bends
207.94,45.0,22.0,40.14,0.769,1400,4x4 Hill Freight Carrier,277.2,810.1,532.8,0.599,Active Landslide Clearance / Road Blockage
209.2,51.7,22.0,37.75,0.776,1400,Light Disaster Utility (4WD),242.6,611.7,369.1,0.6,Active Landslide Clearance / Road Blockage
46.68,45.0,12.8,25.7,0.509,240,4x4 Hill Freight Carrier,62.2,99.7,37.5,0.395,Standard Mountain Traffic Flow
230.12,33.8,6.0,51.94,0.496,320,Heavy Supply Truck (16T),409.1,728.4,319.3,0.425,Standard Mountain Traffic Flow
87.76,30.0,26.5,19.74,0.539,2450,4x4 Hill Freight Carrier,175.5,285.1,109.6,0.407,Steep Mountain Grade & Hairpin Bends
60.72,51.7,12.8,22.14,0.445,240,Light Disaster Utility (4WD),70.4,104.4,34.0,0.344,Standard Mountain Traffic Flow
66.1,45.0,12.8,4.11,0.393,240,4x4 Hill Freight Carrier,88.1,176.0,87.9,0.281,Active Landslide Clearance / Road Blockage
131.42,20.0,14.5,62.92,0.435,1550,Refrigerated Medical Van,394.3,659.2,265.0,0.399,Torrential Rainfall & Reduced Visibility
72.26,23.0,31.4,6.47,0.613,4170,Light Disaster Utility (4WD),188.5,365.7,177.2,0.439,Active Landslide Clearance / Road Blockage
140.34,15.0,14.5,5.36,0.212,1550,Heavy Supply Truck (16T),561.4,631.6,70.2,0.157,Standard Mountain Traffic Flow
77.32,34.5,24.2,29.33,0.719,3200,Light Disaster Utility (4WD),134.5,453.6,319.1,0.547,Active Landslide Clearance / Road Blockage
158.93,45.0,6.0,50.65,0.476,320,Refrigerated Medical Van,211.9,354.8,142.9,0.409,Standard Mountain Traffic Flow
460.34,45.0,18.0,60.88,0.771,1500,4x4 Hill Freight Carrier,613.8,1415.3,801.5,0.631,Torrential Rainfall & Reduced Visibility
78.15,34.5,26.5,8.37,0.607,2450,Light Disaster Utility (4WD),135.9,230.3,94.3,0.438,Steep Mountain Grade & Hairpin Bends
455.35,51.7,8.5,18.91,0.313,350,Light Disaster Utility (4WD),527.9,682.0,154.1,0.247,Standard Mountain Traffic Flow
216.19,45.0,6.0,11.89,0.304,320,4x4 Hill Freight Carrier,288.3,359.6,71.3,0.231,Standard Mountain Traffic Flow
46.12,30.0,16.0,46.79,0.552,2100,Refrigerated Medical Van,92.2,164.5,72.3,0.457,Standard Mountain Traffic Flow
52.15,51.7,12.8,89.16,0.782,240,Light Disaster Utility (4WD),60.5,212.0,151.6,0.681,Active Landslide Clearance / Road Blockage
112.2,15.0,14.5,69.39,0.479,1550,Heavy Supply Truck (16T),448.8,795.6,346.8,0.44,Torrential Rainfall & Reduced Visibility
763.52,45.0,21.0,1.44,0.58,1650,4x4 Hill Freight Carrier,1018.0,1635.4,617.4,0.408,Steep Mountain Grade & Hairpin Bends
163.86,45.0,4.2,39.28,0.186,95,Refrigerated Medical Van,218.5,278.4,59.9,0.189,Standard Mountain Traffic Flow
57.61,23.0,31.4,12.77,0.76,4170,Light Disaster Utility (4WD),150.3,495.5,345.2,0.551,Active Landslide Clearance / Road Blockage
228.29,45.0,6.0,3.72,0.34,320,Refrigerated Medical Van,304.4,379.8,75.4,0.243,Standard Mountain Traffic Flow
80.4,20.0,31.4,7.85,0.729,4170,Refrigerated Medical Van,241.2,469.2,228.0,0.522,Steep Mountain Grade & Hairpin Bends
192.45,51.7,22.0,11.56,0.692,1400,Light Disaster Utility (4WD),223.1,531.8,308.7,0.502,Active Landslide Clearance / Road Blockage
772.04,45.0,21.0,40.62,0.766,1650,4x4 Hill Freight Carrier,1029.4,2350.8,1321.4,0.597,Active Landslide Clearance / Road Blockage
55.59,51.7,12.8,11.56,0.415,240,Light Disaster Utility (4WD),64.4,89.3,24.9,0.308,Standard Mountain Traffic Flow
329.13,33.8,8.5,33.53,0.298,350,Heavy Supply Truck (16T),585.1,789.3,204.2,0.259,Standard Mountain Traffic Flow
56.07,20.0,31.4,0.67,0.754,4170,Refrigerated Medical Van,168.2,330.6,162.4,0.529,Steep Mountain Grade & Hairpin Bends
59.1,20.0,31.4,3.41,0.718,4170,4x4 Hill Freight Carrier,177.3,522.8,345.5,0.508,Active Landslide Clearance / Road Blockage
83.46,30.0,24.2,2.29,0.641,3200,4x4 Hill Freight Carrier,166.9,288.7,121.8,0.452,Steep Mountain Grade & Hairpin Bends
106.78,30.0,24.2,26.0,0.743,3200,Refrigerated Medical Van,213.6,495.2,281.7,0.559,Active Landslide Clearance / Road Blockage
73.42,34.5,24.2,41.84,0.775,3200,Light Disaster Utility (4WD),127.7,466.8,339.1,0.605,Active Landslide Clearance / Road Blockage
345.86,51.7,18.0,1.92,0.506,1500,Light Disaster Utility (4WD),401.0,593.3,192.3,0.357,Standard Mountain Traffic Flow
39.35,30.0,16.0,21.77,0.508,2100,4x4 Hill Freight Carrier,78.7,124.5,45.8,0.388,Standard Mountain Traffic Flow
776.07,45.0,21.0,1.34,0.626,1650,Refrigerated Medical Van,1034.8,1787.6,752.9,0.44,Active Landslide Clearance / Road Blockage
204.73,45.0,6.0,101.29,0.7,320,Refrigerated Medical Van,273.0,640.8,367.9,0.642,Torrential Rainfall & Reduced Visibility
307.34,45.0,8.5,4.65,0.311,350,Refrigerated Medical Van,409.8,499.6,89.8,0.225,Standard Mountain Traffic Flow
46.48,34.5,16.0,25.55,0.513,2100,Light Disaster Utility (4WD),80.8,130.1,49.3,0.398,Standard Mountain Traffic Flow
126.91,22.5,26.5,44.49,0.751,2450,Heavy Supply Truck (16T),338.4,737.2,398.7,0.592,Steep Mountain Grade & Hairpin Bends
62.33,20.0,31.4,30.62,0.882,4170,4x4 Hill Freight Carrier,187.0,580.3,393.3,0.663,Active Landslide Clearance / Road Blockage
188.51,45.0,6.0,16.34,0.28,320,Refrigerated Medical Van,251.4,312.6,61.2,0.221,Standard Mountain Traffic Flow
123.23,34.5,26.5,48.18,0.713,2450,Light Disaster Utility (4WD),214.3,593.6,379.3,0.571,Active Landslide Clearance / Road Blockage
89.74,23.0,14.5,16.07,0.223,1550,Light Disaster Utility (4WD),234.1,278.1,44.0,0.18,Standard Mountain Traffic Flow
695.29,45.0,21.0,21.23,0.753,1650,Refrigerated Medical Van,927.1,1916.6,989.5,0.559,Steep Mountain Grade & Hairpin Bends
208.3,45.0,22.0,47.71,0.843,1400,Refrigerated Medical Van,277.7,756.8,479.0,0.662,Active Landslide Clearance / Road Blockage
292.2,33.8,18.0,20.97,0.561,1500,Heavy Supply Truck (16T),519.5,867.8,348.3,0.424,Standard Mountain Traffic Flow
112.67,23.0,14.5,36.82,0.37,1550,Light Disaster Utility (4WD),293.9,460.2,166.3,0.315,Active Landslide Clearance / Road Blockage
52.17,30.0,16.0,25.81,0.53,2100,Refrigerated Medical Van,104.3,171.0,66.6,0.409,Standard Mountain Traffic Flow
235.45,45.0,22.0,27.28,0.704,1400,Refrigerated Medical Van,313.9,790.7,476.8,0.533,Active Landslide Clearance / Road Blockage
87.4,20.0,14.5,64.2,0.387,1550,4x4 Hill Freight Carrier,262.2,422.2,160.0,0.367,Torrential Rainfall & Reduced Visibility
135.24,23.0,14.5,31.67,0.344,1550,Light Disaster Utility (4WD),352.8,491.3,138.5,0.288,Standard Mountain Traffic Flow
476.63,33.8,18.0,20.75,0.599,1500,Heavy Supply Truck (16T),847.3,1474.9,627.6,0.451,Standard Mountain Traffic Flow
126.55,20.0,14.5,25.11,0.193,1550,Refrigerated Medical Van,379.6,458.8,79.2,0.173,Standard Mountain Traffic Flow
60.67,45.0,12.8,2.44,0.405,240,4x4 Hill Freight Carrier,80.9,138.4,57.5,0.287,Active Landslide Clearance / Road Blockage
100.39,22.5,24.2,91.87,0.991,3200,Heavy Supply Truck (16T),267.7,975.1,707.4,0.831,Active Landslide Clearance / Road Blockage
50.22,45.0,12.8,35.65,0.519,240,Refrigerated Medical Van,67.0,130.0,63.0,0.417,Standard Mountain Traffic Flow
319.77,45.0,8.5,33.11,0.398,350,Refrigerated Medical Van,426.4,679.5,253.2,0.329,Active Landslide Clearance / Road Blockage
54.93,51.7,12.8,1.96,0.352,240,Light Disaster Utility (4WD),63.7,98.2,34.5,0.249,Standard Mountain Traffic Flow
151.32,33.8,6.0,5.88,0.208,320,Heavy Supply Truck (16T),269.0,302.4,33.4,0.154,Standard Mountain Traffic Flow
242.67,33.8,4.2,5.73,0.198,95,Heavy Supply Truck (16T),431.4,481.0,49.6,0.147,Standard Mountain Traffic Flow
89.31,30.0,24.2,34.95,0.815,3200,Refrigerated Medical Van,178.6,633.1,454.5,0.623,Active Landslide Clearance / Road Blockage
40.32,30.0,16.0,20.42,0.545,2100,4x4 Hill Freight Carrier,80.6,187.0,106.3,0.412,Active Landslide Clearance / Road Blockage
294.81,45.0,18.0,1.73,0.559,1500,Refrigerated Medical Van,393.1,617.2,224.2,0.394,Standard Mountain Traffic Flow
76.59,30.0,24.2,6.33,0.581,3200,4x4 Hill Freight Carrier,153.2,285.9,132.7,0.416,Active Landslide Clearance / Road Blockage
393.45,45.0,8.5,8.57,0.358,350,Refrigerated Medical Van,524.6,679.2,154.6,0.263,Standard Mountain Traffic Flow
140.35,34.5,26.5,33.69,0.638,2450,Light Disaster Utility (4WD),244.1,509.4,265.3,0.497,Active Landslide Clearance / Road Blockage
364.58,33.8,18.0,9.53,0.626,1500,Heavy Supply Truck (16T),648.2,1125.9,477.7,0.453,Standard Mountain Traffic Flow
60.45,45.0,12.8,56.27,0.565,240,Refrigerated Medical Van,80.6,149.4,68.8,0.48,Standard Mountain Traffic Flow
80.58,33.8,12.8,2.24,0.311,240,Heavy Supply Truck (16T),143.2,172.8,29.5,0.221,Standard Mountain Traffic Flow
59.2,34.5,16.0,0.7,0.368,2100,Light Disaster Utility (4WD),103.0,159.7,56.8,0.258,Standard Mountain Traffic Flow
199.8,45.0,22.0,80.44,1.0,1400,4x4 Hill Freight Carrier,266.4,799.8,533.4,0.821,Torrential Rainfall & Reduced Visibility
62.19,30.0,16.0,20.62,0.475,2100,Refrigerated Medical Van,124.4,214.9,90.6,0.364,Standard Mountain Traffic Flow
39.3,30.0,16.0,7.57,0.417,2100,Refrigerated Medical Van,78.6,107.6,29.0,0.303,Standard Mountain Traffic Flow
431.06,51.7,18.0,32.83,0.624,1500,Light Disaster Utility (4WD),499.8,923.8,424.0,0.486,Standard Mountain Traffic Flow
44.53,22.5,16.0,49.19,0.529,2100,Heavy Supply Truck (16T),118.8,208.3,89.5,0.444,Standard Mountain Traffic Flow
133.08,23.0,14.5,91.77,0.551,1550,Light Disaster Utility (4WD),347.2,696.6,349.4,0.523,Torrential Rainfall & Reduced Visibility
454.69,51.7,21.0,14.9,0.601,1650,Light Disaster Utility (4WD),527.2,903.6,376.4,0.443,Steep Mountain Grade & Hairpin Bends
137.92,15.0,14.5,10.03,0.218,1550,Heavy Supply Truck (16T),551.7,636.3,84.6,0.168,Standard Mountain Traffic Flow
431.39,45.0,8.5,33.35,0.35,350,Refrigerated Medical Van,575.2,835.4,260.2,0.295,Standard Mountain Traffic Flow
129.14,51.7,6.0,8.26,0.273,320,Light Disaster Utility (4WD),149.7,179.1,29.3,0.204,Standard Mountain Traffic Flow
102.1,20.0,14.5,53.72,0.461,1550,Refrigerated Medical Van,306.3,510.0,203.7,0.403,Standard Mountain Traffic Flow
238.14,51.7,22.0,46.1,0.8,1400,Light Disaster Utility (4WD),276.1,635.2,359.1,0.629,Steep Mountain Grade & Hairpin Bends
511.77,45.0,18.0,8.23,0.569,1500,4x4 Hill Freight Carrier,682.4,1106.6,424.3,0.411,Standard Mountain Traffic Flow
740.94,33.8,21.0,31.63,0.776,1650,Heavy Supply Truck (16T),1317.2,2859.6,1542.3,0.59,Steep Mountain Grade & Hairpin Bends
592.25,51.7,21.0,7.77,0.634,1650,Light Disaster Utility (4WD),686.7,1257.0,570.3,0.456,Active Landslide Clearance / Road Blockage
129.03,20.0,14.5,11.9,0.189,1550,4x4 Hill Freight Carrier,387.1,441.1,54.0,0.15,Standard Mountain Traffic Flow
57.92,30.0,16.0,43.96,0.53,2100,Refrigerated Medical Van,115.8,200.5,84.7,0.437,Standard Mountain Traffic Flow
61.98,20.0,31.4,47.23,0.951,4170,4x4 Hill Freight Carrier,185.9,501.4,315.5,0.736,Steep Mountain Grade & Hairpin Bends
61.17,34.5,16.0,45.31,0.49,2100,Light Disaster Utility (4WD),106.4,177.7,71.3,0.411,Standard Mountain Traffic Flow
251.13,33.8,22.0,7.98,0.711,1400,Heavy Supply Truck (16T),446.4,850.8,404.4,0.51,Steep Mountain Grade & Hairpin Bends
471.13,45.0,18.0,14.68,0.559,1500,4x4 Hill Freight Carrier,628.2,1027.2,399.0,0.413,Standard Mountain Traffic Flow
74.35,51.7,12.8,12.16,0.454,240,Light Disaster Utility (4WD),86.2,124.7,38.5,0.336,Standard Mountain Traffic Flow
197.24,51.7,4.2,28.67,0.249,95,Light Disaster Utility (4WD),228.7,291.5,62.8,0.218,Standard Mountain Traffic Flow
478.71,45.0,18.0,60.24,0.898,1500,Refrigerated Medical Van,638.3,1819.6,1181.3,0.719,Active Landslide Clearance / Road Blockage
257.94,51.7,4.2,2.01,0.14,95,Light Disaster Utility (4WD),299.1,315.9,16.8,0.101,Standard Mountain Traffic Flow
102.69,23.0,14.5,18.72,0.209,1550,Light Disaster Utility (4WD),267.9,318.5,50.6,0.174,Standard Mountain Traffic Flow
100.91,15.0,14.5,15.56,0.26,1550,Heavy Supply Truck (16T),403.6,492.1,88.5,0.205,Standard Mountain Traffic Flow
146.82,20.0,14.5,46.38,0.426,1550,Refrigerated Medical Van,440.5,694.3,253.9,0.368,Standard Mountain Traffic Flow
61.48,20.0,31.4,9.21,0.804,4170,Refrigerated Medical Van,184.4,392.2,207.7,0.577,Steep Mountain Grade & Hairpin Bends
50.78,23.0,31.4,7.85,0.729,4170,Light Disaster Utility (4WD),132.5,479.1,346.6,0.522,Active Landslide Clearance / Road Blockage
52.41,30.0,16.0,7.72,0.434,2100,4x4 Hill Freight Carrier,104.8,146.2,41.4,0.315,Standard Mountain Traffic Flow
139.71,20.0,14.5,8.88,0.198,1550,Refrigerated Medical Van,419.1,473.9,54.8,0.152,Standard Mountain Traffic Flow
194.8,45.0,4.2,53.98,0.369,95,4x4 Hill Freight Carrier,259.7,437.1,177.4,0.339,Active Landslide Clearance / Road Blockage
138.06,22.5,26.5,11.83,0.656,2450,Heavy Supply Truck (16T),368.1,665.4,297.3,0.477,Steep Mountain Grade & Hairpin Bends
291.09,33.8,8.5,37.01,0.486,350,Heavy Supply Truck (16T),517.5,839.0,321.5,0.396,Standard Mountain Traffic Flow
274.18,45.0,8.5,55.68,0.509,350,Refrigerated Medical Van,365.6,640.9,275.3,0.44,Standard Mountain Traffic Flow
62.33,20.0,31.4,31.91,0.853,4170,4x4 Hill Freight Carrier,187.0,441.6,254.6,0.645,Steep Mountain Grade & Hairpin Bends
80.73,20.0,31.4,13.8,0.752,4170,4x4 Hill Freight Carrier,242.2,578.0,335.8,0.547,Active Landslide Clearance / Road Blockage
72.93,20.0,31.4,53.73,0.877,4170,4x4 Hill Freight Carrier,218.8,653.7,434.9,0.695,Active Landslide Clearance / Road Blockage
61.5,22.5,16.0,13.35,0.392,2100,Heavy Supply Truck (16T),164.0,223.7,59.7,0.295,Standard Mountain Traffic Flow
276.87,45.0,18.0,45.65,0.666,1500,4x4 Hill Freight Carrier,369.2,974.8,605.7,0.535,Active Landslide Clearance / Road Blockage
263.51,51.7,22.0,20.84,0.753,1400,Light Disaster Utility (4WD),305.5,630.6,325.1,0.558,Steep Mountain Grade & Hairpin Bends
44.84,22.5,16.0,68.68,0.614,2100,Heavy Supply Truck (16T),119.6,240.1,120.6,0.533,Torrential Rainfall & Reduced Visibility
37.2,22.5,16.0,42.7,0.502,2100,Heavy Supply Truck (16T),99.2,208.1,108.9,0.416,Active Landslide Clearance / Road Blockage
66.22,45.0,12.8,7.4,0.441,240,Refrigerated Medical Van,88.3,123.9,35.6,0.319,Standard Mountain Traffic Flow
100.85,22.5,26.5,48.49,0.809,2450,Heavy Supply Truck (16T),268.9,627.7,358.8,0.639,Steep Mountain Grade & Hairpin Bends
334.13,45.0,8.5,42.58,0.453,350,Refrigerated Medical Van,445.5,711.8,266.3,0.381,Standard Mountain Traffic Flow
141.95,30.0,26.5,119.29,1.0,2450,4x4 Hill Freight Carrier,283.9,1007.4,723.5,0.879,Active Landslide Clearance / Road Blockage
197.4,45.0,4.2,1.95,0.137,95,Refrigerated Medical Van,263.2,277.6,14.4,0.099,Standard Mountain Traffic Flow
102.68,30.0,26.5,3.59,0.646,2450,Refrigerated Medical Van,205.4,358.7,153.3,0.458,Steep Mountain Grade & Hairpin Bends
260.37,33.8,4.2,22.66,0.165,95,Heavy Supply Truck (16T),462.9,544.3,81.4,0.15,Standard Mountain Traffic Flow
96.97,20.0,14.5,27.62,0.225,1550,4x4 Hill Freight Carrier,290.9,362.8,71.9,0.199,Standard Mountain Traffic Flow
139.29,22.5,26.5,58.28,0.877,2450,Heavy Supply Truck (16T),371.4,1076.8,705.4,0.702,Active Landslide Clearance / Road Blockage
93.76,30.0,26.5,122.98,1.0,2450,4x4 Hill Freight Carrier,187.5,602.8,415.3,0.884,Torrential Rainfall & Reduced Visibility
78.99,30.0,24.2,11.73,0.66,3200,Refrigerated Medical Van,158.0,405.1,247.1,0.48,Active Landslide Clearance / Road Blockage
188.79,45.0,22.0,16.15,0.715,1400,4x4 Hill Freight Carrier,251.7,492.1,240.4,0.525,Steep Mountain Grade & Hairpin Bends
730.63,45.0,21.0,17.33,0.754,1650,4x4 Hill Freight Carrier,974.2,2153.6,1179.4,0.553,Active Landslide Clearance / Road Blockage
482.8,33.8,18.0,11.06,0.463,1500,Heavy Supply Truck (16T),858.3,1301.5,443.2,0.341,Active Landslide Clearance / Road Blockage
117.22,20.0,14.5,10.72,0.176,1550,4x4 Hill Freight Carrier,351.7,395.2,43.5,0.139,Standard Mountain Traffic Flow
219.99,45.0,4.2,7.87,0.082,95,Refrigerated Medical Van,293.3,310.1,16.8,0.069,Standard Mountain Traffic Flow
310.51,51.7,22.0,25.66,0.786,1400,Light Disaster Utility (4WD),360.0,779.7,419.7,0.589,Steep Mountain Grade & Hairpin Bends
80.91,23.0,14.5,17.19,0.228,1550,Light Disaster Utility (4WD),211.1,252.8,41.7,0.185,Standard Mountain Traffic Flow
282.34,51.7,8.5,16.18,0.364,350,Light Disaster Utility (4WD),327.3,438.9,111.5,0.279,Standard Mountain Traffic Flow
421.03,45.0,8.5,12.88,0.385,350,Refrigerated Medical Van,561.4,758.9,197.5,0.289,Standard Mountain Traffic Flow
504.07,51.7,18.0,37.06,0.583,1500,Light Disaster Utility (4WD),584.4,1047.1,462.6,0.464,Standard Mountain Traffic Flow
461.79,51.7,8.5,25.77,0.293,350,Light Disaster Utility (4WD),535.4,698.2,162.8,0.244,Standard Mountain Traffic Flow
124.27,34.5,26.5,16.19,0.682,2450,Light Disaster Utility (4WD),216.1,570.5,354.4,0.501,Active Landslide Clearance / Road Blockage
204.87,45.0,4.2,29.35,0.192,95,4x4 Hill Freight Carrier,273.2,335.6,62.5,0.178,Standard Mountain Traffic Flow
51.07,45.0,12.8,47.39,0.495,240,Refrigerated Medical Van,68.1,115.0,46.9,0.418,Standard Mountain Traffic Flow
73.76,51.7,12.8,27.12,0.374,240,Light Disaster Utility (4WD),85.5,120.4,34.9,0.303,Standard Mountain Traffic Flow
73.38,20.0,31.4,78.37,1.0,4170,Refrigerated Medical Van,220.1,711.8,491.7,0.818,Active Landslide Clearance / Road Blockage
182.45,45.0,22.0,0.22,0.798,1400,4x4 Hill Freight Carrier,243.3,503.1,259.8,0.559,Steep Mountain Grade & Hairpin Bends
60.45,34.5,16.0,15.75,0.503,2100,Light Disaster Utility (4WD),105.1,162.3,57.1,0.376,Standard Mountain Traffic Flow
117.74,34.5,26.5,28.21,0.687,2450,Light Disaster Utility (4WD),204.8,400.5,195.7,0.523,Steep Mountain Grade & Hairpin Bends
544.09,45.0,21.0,53.86,0.785,1650,4x4 Hill Freight Carrier,725.5,1671.3,945.8,0.63,Steep Mountain Grade & Hairpin Bends
61.85,23.0,31.4,33.31,0.813,4170,Light Disaster Utility (4WD),161.4,453.4,292.0,0.619,Active Landslide Clearance / Road Blockage
226.71,45.0,4.2,2.87,0.133,95,4x4 Hill Freight Carrier,302.3,319.4,17.1,0.097,Standard Mountain Traffic Flow
310.75,45.0,22.0,58.89,0.827,1400,Refrigerated Medical Van,414.3,1240.7,826.4,0.667,Active Landslide Clearance / Road Blockage
269.9,51.7,22.0,33.79,0.857,1400,Light Disaster Utility (4WD),312.9,818.7,505.8,0.651,Active Landslide Clearance / Road Blockage
49.59,34.5,16.0,14.64,0.512,2100,Light Disaster Utility (4WD),86.2,168.8,82.5,0.38,Active Landslide Clearance / Road Blockage
207.64,45.0,4.2,4.12,0.109,95,4x4 Hill Freight Carrier,276.9,290.7,13.8,0.082,Standard Mountain Traffic Flow
142.63,22.5,26.5,3.78,0.586,2450,Heavy Supply Truck (16T),380.4,620.2,239.8,0.416,Steep Mountain Grade & Hairpin Bends
174.61,45.0,4.2,66.57,0.33,95,Refrigerated Medical Van,232.8,361.0,128.2,0.331,Torrential Rainfall & Reduced Visibility
229.83,51.7,22.0,3.69,0.662,1400,Light Disaster Utility (4WD),266.5,474.4,207.9,0.469,Steep Mountain Grade & Hairpin Bends
92.13,15.0,14.5,1.6,0.254,1550,Heavy Supply Truck (16T),368.5,421.4,52.8,0.18,Standard Mountain Traffic Flow
417.51,45.0,18.0,27.97,0.618,1500,Refrigerated Medical Van,556.7,1009.5,452.8,0.475,Standard Mountain Traffic Flow
300.93,51.7,8.5,12.64,0.328,350,Light Disaster Utility (4WD),348.9,446.0,97.1,0.249,Standard Mountain Traffic Flow
246.71,51.7,4.2,11.48,0.224,95,Light Disaster Utility (4WD),286.0,333.3,47.3,0.174,Standard Mountain Traffic Flow
56.01,45.0,12.8,41.78,0.483,240,Refrigerated Medical Van,74.7,122.6,47.9,0.401,Standard Mountain Traffic Flow
91.82,20.0,31.4,2.65,0.766,4170,4x4 Hill Freight Carrier,275.5,610.4,334.9,0.54,Active Landslide Clearance / Road Blockage
65.71,45.0,12.8,38.48,0.499,240,4x4 Hill Freight Carrier,87.6,144.6,57.0,0.407,Standard Mountain Traffic Flow
261.67,45.0,8.5,27.71,0.415,350,Refrigerated Medical Van,348.9,539.9,191.0,0.332,Standard Mountain Traffic Flow
352.98,45.0,8.5,20.11,0.359,350,4x4 Hill Freight Carrier,470.6,637.2,166.6,0.282,Standard Mountain Traffic Flow
85.68,22.5,24.2,37.4,0.733,3200,Heavy Supply Truck (16T),228.5,650.9,422.4,0.569,Active Landslide Clearance / Road Blockage
72.51,34.5,24.2,6.93,0.612,3200,Light Disaster Utility (4WD),126.1,213.8,87.7,0.439,Steep Mountain Grade & Hairpin Bends
98.28,30.0,24.2,155.71,1.0,3200,Refrigerated Medical Van,196.6,836.3,639.7,0.934,Active Landslide Clearance / Road Blockage
391.9,33.8,8.5,15.83,0.372,350,Heavy Supply Truck (16T),696.7,940.1,243.4,0.284,Standard Mountain Traffic Flow
317.83,51.7,22.0,20.6,0.719,1400,Light Disaster Utility (4WD),368.5,732.2,363.7,0.534,Steep Mountain Grade & Hairpin Bends
178.56,33.8,4.2,44.11,0.315,95,Heavy Supply Truck (16T),317.4,450.8,133.4,0.286,Standard Mountain Traffic Flow
131.83,34.5,26.5,4.0,0.571,2450,Light Disaster Utility (4WD),229.3,367.5,138.2,0.405,Steep Mountain Grade & Hairpin Bends
801.25,51.7,21.0,127.03,1.0,1650,Light Disaster Utility (4WD),929.0,3005.4,2076.4,0.891,Torrential Rainfall & Reduced Visibility
150.7,45.0,6.0,26.17,0.361,320,Refrigerated Medical Van,200.9,312.6,111.7,0.292,Active Landslide Clearance / Road Blockage
39.65,22.5,16.0,16.53,0.419,2100,Heavy Supply Truck (16T),105.7,149.8,44.1,0.318,Standard Mountain Traffic Flow
64.07,23.0,31.4,0.54,0.733,4170,Light Disaster Utility (4WD),167.1,511.5,344.3,0.514,Active Landslide Clearance / Road Blockage
222.23,45.0,4.2,1.94,0.198,95,Refrigerated Medical Van,296.3,324.8,28.5,0.141,Standard Mountain Traffic Flow
240.57,45.0,4.2,1.05,0.147,95,4x4 Hill Freight Carrier,320.8,338.7,17.9,0.104,Standard Mountain Traffic Flow
60.25,34.5,16.0,75.2,0.641,2100,Light Disaster Utility (4WD),104.8,219.4,114.6,0.561,Torrential Rainfall & Reduced Visibility
81.48,20.0,14.5,24.76,0.417,1550,4x4 Hill Freight Carrier,244.4,355.6,111.2,0.329,Standard Mountain Traffic Flow
374.87,45.0,18.0,44.46,0.781,1500,Refrigerated Medical Van,499.8,1123.4,623.6,0.613,Standard Mountain Traffic Flow
36.58,22.5,16.0,4.28,0.354,2100,Heavy Supply Truck (16T),97.6,123.7,26.1,0.254,Standard Mountain Traffic Flow
86.19,22.5,26.5,1.4,0.657,2450,Heavy Supply Truck (16T),229.8,568.2,338.3,0.462,Active Landslide Clearance / Road Blockage
258.53,33.8,22.0,34.24,0.797,1400,Heavy Supply Truck (16T),459.6,1138.4,678.7,0.609,Active Landslide Clearance / Road Blockage
101.12,34.5,26.5,11.32,0.585,2450,Light Disaster Utility (4WD),175.9,308.6,132.8,0.427,Steep Mountain Grade & Hairpin Bends
188.69,51.7,6.0,85.62,0.588,320,Light Disaster Utility (4WD),218.8,446.9,228.1,0.54,Torrential Rainfall & Reduced Visibility
95.67,30.0,24.2,45.82,0.802,3200,Refrigerated Medical Van,191.3,440.9,249.5,0.63,Steep Mountain Grade & Hairpin Bends
80.78,20.0,31.4,52.14,1.0,4170,Refrigerated Medical Van,242.3,693.2,450.9,0.778,Steep Mountain Grade & Hairpin Bends
74.67,30.0,24.2,12.29,0.656,3200,4x4 Hill Freight Carrier,149.3,270.4,121.1,0.478,Steep Mountain Grade & Hairpin Bends
766.55,45.0,21.0,12.7,0.576,1650,Refrigerated Medical Van,1022.1,1692.6,670.5,0.422,Steep Mountain Grade & Hairpin Bends
44.61,30.0,16.0,59.06,0.763,2100,4x4 Hill Freight Carrier,89.2,203.3,114.1,0.623,Standard Mountain Traffic Flow
137.45,23.0,14.5,20.23,0.325,1550,Light Disaster Utility (4WD),358.6,470.5,112.0,0.258,Standard Mountain Traffic Flow
79.18,20.0,31.4,2.69,0.713,4170,Refrigerated Medical Van,237.5,447.3,209.8,0.503,Steep Mountain Grade & Hairpin Bends
71.08,23.0,31.4,101.21,1.0,4170,Light Disaster Utility (4WD),185.4,575.9,390.5,0.852,Torrential Rainfall & Reduced Visibility
144.99,15.0,14.5,57.15,0.412,1550,Heavy Supply Truck (16T),579.9,933.8,353.8,0.374,Standard Mountain Traffic Flow
79.52,20.0,31.4,14.97,0.779,4170,Refrigerated Medical Van,238.6,681.5,442.9,0.567,Active Landslide Clearance / Road Blockage
77.91,30.0,26.5,4.74,0.622,2450,4x4 Hill Freight Carrier,155.8,265.6,109.8,0.443,Steep Mountain Grade & Hairpin Bends
44.31,30.0,16.0,20.83,0.516,2100,4x4 Hill Freight Carrier,88.6,140.9,52.3,0.392,Standard Mountain Traffic Flow
137.63,22.5,26.5,29.96,0.652,2450,Heavy Supply Truck (16T),367.0,694.2,327.2,0.502,Steep Mountain Grade & Hairpin Bends
321.8,45.0,8.5,114.97,0.727,350,Refrigerated Medical Van,429.1,1192.9,763.8,0.681,Active Landslide Clearance / Road Blockage
110.77,23.0,14.5,20.71,0.275,1550,Light Disaster Utility (4WD),289.0,364.2,75.3,0.224,Standard Mountain Traffic Flow
443.52,45.0,18.0,14.8,0.625,1500,Refrigerated Medical Van,591.4,1041.5,450.2,0.46,Standard Mountain Traffic Flow
34.46,30.0,16.0,80.2,0.745,2100,4x4 Hill Freight Carrier,68.9,161.4,92.5,0.641,Torrential Rainfall & Reduced Visibility
189.16,33.8,6.0,4.33,0.261,320,Heavy Supply Truck (16T),336.3,391.4,55.1,0.189,Standard Mountain Traffic Flow
83.76,22.5,24.2,106.52,1.0,3200,Heavy Supply Truck (16T),223.4,762.9,539.5,0.86,Active Landslide Clearance / Road Blockage
101.33,20.0,14.5,12.97,0.214,1550,4x4 Hill Freight Carrier,304.0,354.0,50.0,0.169,Standard Mountain Traffic Flow
81.94,23.0,14.5,3.8,0.218,1550,Light Disaster Utility (4WD),213.8,239.8,26.0,0.158,Standard Mountain Traffic Flow
150.3,45.0,4.2,10.64,0.142,95,Refrigerated Medical Van,200.4,220.7,20.3,0.116,Standard Mountain Traffic Flow
62.96,22.5,24.2,35.69,0.839,3200,Heavy Supply Truck (16T),167.9,511.6,343.7,0.641,Active Landslide Clearance / Road Blockage
203.34,51.7,22.0,38.22,0.866,1400,Light Disaster Utility (4WD),235.8,572.0,336.2,0.664,Steep Mountain Grade & Hairpin Bends
134.04,20.0,14.5,4.48,0.115,1550,4x4 Hill Freight Carrier,402.1,424.3,22.1,0.087,Standard Mountain Traffic Flow
89.93,23.0,14.5,39.76,0.335,1550,Light Disaster Utility (4WD),234.6,333.6,99.0,0.294,Standard Mountain Traffic Flow
49.42,30.0,16.0,7.31,0.52,2100,Refrigerated Medical Van,98.8,183.1,84.2,0.375,Active Landslide Clearance / Road Blockage
82.02,30.0,26.5,15.38,0.606,2450,Refrigerated Medical Van,164.0,324.9,160.8,0.447,Active Landslide Clearance / Road Blockage
78.08,34.5,24.2,56.51,0.827,3200,Light Disaster Utility (4WD),135.8,328.4,192.6,0.664,Steep Mountain Grade & Hairpin Bends
47.92,33.8,12.8,15.57,0.362,240,Heavy Supply Truck (16T),85.2,130.5,45.3,0.277,Standard Mountain Traffic Flow
535.02,33.8,21.0,15.36,0.798,1650,Heavy Supply Truck (16T),951.2,2136.4,1185.2,0.582,Active Landslide Clearance / Road Blockage
114.28,23.0,14.5,21.34,0.197,1550,Light Disaster Utility (4WD),298.1,355.6,57.5,0.17,Standard Mountain Traffic Flow
55.15,45.0,12.8,53.19,0.464,240,4x4 Hill Freight Carrier,73.5,122.6,49.0,0.404,Standard Mountain Traffic Flow
260.44,51.7,4.2,55.95,0.371,95,Light Disaster Utility (4WD),302.0,526.7,224.7,0.343,Active Landslide Clearance / Road Blockage
123.32,30.0,26.5,14.26,0.683,2450,Refrigerated Medical Van,246.6,463.1,216.5,0.5,Steep Mountain Grade & Hairpin Bends
115.95,30.0,24.2,29.56,0.676,3200,Refrigerated Medical Van,231.9,449.5,217.6,0.517,Steep Mountain Grade & Hairpin Bends
76.53,33.8,12.8,11.97,0.439,240,Heavy Supply Truck (16T),136.0,242.8,106.8,0.326,Active Landslide Clearance / Road Blockage
92.19,20.0,31.4,44.72,0.889,4170,Refrigerated Medical Van,276.6,829.2,552.6,0.69,Active Landslide Clearance / Road Blockage
404.25,33.8,18.0,69.23,0.715,1500,Heavy Supply Truck (16T),718.7,1596.8,878.2,0.605,Torrential Rainfall & Reduced Visibility
381.2,33.8,18.0,21.79,0.624,1500,Heavy Supply Truck (16T),677.7,1216.0,538.3,0.47,Standard Mountain Traffic Flow
36.44,30.0,16.0,40.85,0.532,2100,4x4 Hill Freight Carrier,72.9,125.3,52.4,0.434,Standard Mountain Traffic Flow
293.1,33.8,22.0,18.91,0.68,1400,Heavy Supply Truck (16T),521.1,1196.2,675.2,0.505,Active Landslide Clearance / Road Blockage
64.44,15.0,31.4,94.84,1.0,4170,Heavy Supply Truck (16T),257.8,792.4,534.6,0.842,Torrential Rainfall & Reduced Visibility
59.67,20.0,31.4,125.48,1.0,4170,4x4 Hill Freight Carrier,179.0,720.7,541.7,0.888,Active Landslide Clearance / Road Blockage
505.68,45.0,18.0,21.1,0.476,1500,Refrigerated Medical Van,674.2,1059.0,384.8,0.365,Active Landslide Clearance / Road Blockage
633.74,33.8,21.0,18.07,0.601,1650,Heavy Supply Truck (16T),1126.6,1950.0,823.4,0.448,Steep Mountain Grade & Hairpin Bends
34.68,30.0,16.0,9.05,0.437,2100,Refrigerated Medical Van,69.4,139.5,70.1,0.32,Active Landslide Clearance / Road Blockage
104.1,30.0,24.2,94.28,0.981,3200,4x4 Hill Freight Carrier,208.2,628.0,419.8,0.828,Torrential Rainfall & Reduced Visibility
268.93,45.0,22.0,121.56,1.0,1400,Refrigerated Medical Van,358.6,1150.2,791.6,0.882,Torrential Rainfall & Reduced Visibility
67.1,20.0,31.4,19.09,0.768,4170,Refrigerated Medical Van,201.3,420.6,219.3,0.566,Steep Mountain Grade & Hairpin Bends
139.82,23.0,14.5,24.63,0.329,1550,Light Disaster Utility (4WD),364.8,488.7,124.0,0.267,Standard Mountain Traffic Flow
48.47,30.0,16.0,5.31,0.358,2100,Refrigerated Medical Van,96.9,123.9,26.9,0.258,Standard Mountain Traffic Flow
50.56,30.0,16.0,72.71,0.685,2100,4x4 Hill Freight Carrier,101.1,338.4,237.2,0.589,Active Landslide Clearance / Road Blockage
464.88,45.0,21.0,19.03,0.733,1650,4x4 Hill Freight Carrier,619.8,1437.7,817.9,0.542,Active Landslide Clearance / Road Blockage
187.29,33.8,4.2,8.05,0.105,95,Heavy Supply Truck (16T),333.0,355.6,22.7,0.086,Standard Mountain Traffic Flow
86.54,22.5,26.5,3.27,0.611,2450,Heavy Supply Truck (16T),230.8,386.6,155.9,0.433,Steep Mountain Grade & Hairpin Bends
118.22,30.0,26.5,3.68,0.558,2450,4x4 Hill Freight Carrier,236.4,373.1,136.7,0.396,Steep Mountain Grade & Hairpin Bends
80.49,20.0,31.4,83.01,0.946,4170,Refrigerated Medical Van,241.5,691.2,449.7,0.787,Torrential Rainfall & Reduced Visibility
491.92,45.0,18.0,1.78,0.553,1500,4x4 Hill Freight Carrier,655.9,1023.0,367.1,0.39,Standard Mountain Traffic Flow
125.66,23.0,14.5,4.29,0.164,1550,Light Disaster Utility (4WD),327.8,355.0,27.2,0.121,Standard Mountain Traffic Flow
62.18,45.0,12.8,45.54,0.553,240,Refrigerated Medical Van,82.9,147.5,64.6,0.456,Standard Mountain Traffic Flow
35.16,34.5,16.0,45.72,0.547,2100,Light Disaster Utility (4WD),61.1,108.1,47.0,0.451,Standard Mountain Traffic Flow
96.02,30.0,24.2,11.36,0.711,3200,4x4 Hill Freight Carrier,192.0,596.3,404.3,0.515,Active Landslide Clearance / Road Blockage
82.48,22.5,24.2,34.75,0.795,3200,Heavy Supply Truck (16T),219.9,653.3,433.4,0.608,Active Landslide Clearance / Road Blockage
72.39,23.0,31.4,66.33,0.92,4170,Light Disaster Utility (4WD),188.9,733.5,544.7,0.743,Active Landslide Clearance / Road Blockage
269.46,51.7,22.0,19.5,0.736,1400,Light Disaster Utility (4WD),312.4,630.6,318.2,0.544,Steep Mountain Grade & Hairpin Bends
134.29,20.0,14.5,17.98,0.204,1550,Refrigerated Medical Van,402.9,476.0,73.1,0.17,Standard Mountain Traffic Flow
275.8,45.0,22.0,19.56,0.71,1400,4x4 Hill Freight Carrier,367.7,721.7,354.0,0.527,Steep Mountain Grade & Hairpin Bends
546.06,51.7,21.0,18.92,0.795,1650,Light Disaster Utility (4WD),633.1,1363.0,729.9,0.585,Steep Mountain Grade & Hairpin Bends
349.08,45.0,18.0,102.06,0.94,1500,4x4 Hill Freight Carrier,465.4,1468.7,1003.2,0.811,Active Landslide Clearance / Road Blockage
116.37,30.0,26.5,150.7,1.0,2450,Refrigerated Medical Van,232.7,1018.6,785.9,0.926,Active Landslide Clearance / Road Blockage
277.56,45.0,22.0,7.02,0.73,1400,Refrigerated Medical Van,370.1,842.8,472.7,0.521,Active Landslide Clearance / Road Blockage
99.28,30.0,26.5,12.65,0.654,2450,4x4 Hill Freight Carrier,198.6,411.7,213.1,0.477,Active Landslide Clearance / Road Blockage
304.06,45.0,22.0,10.56,0.766,1400,Refrigerated Medical Van,405.4,828.4,422.9,0.552,Steep Mountain Grade & Hairpin Bends
808.89,45.0,21.0,92.5,0.979,1650,4x4 Hill Freight Carrier,1078.5,3326.4,2247.9,0.824,Active Landslide Clearance / Road Blockage
174.76,45.0,4.2,28.32,0.158,95,Refrigerated Medical Van,233.0,279.5,46.4,0.153,Standard Mountain Traffic Flow
447.44,45.0,21.0,104.66,1.0,1650,Refrigerated Medical Van,596.6,1863.3,1266.7,0.857,Torrential Rainfall & Reduced Visibility
90.54,30.0,24.2,18.83,0.731,3200,Refrigerated Medical Van,181.1,580.0,399.0,0.54,Active Landslide Clearance / Road Blockage
275.63,45.0,22.0,9.78,0.584,1400,4x4 Hill Freight Carrier,367.5,666.9,299.3,0.423,Active Landslide Clearance / Road Blockage
71.97,30.0,24.2,2.82,0.552,3200,Refrigerated Medical Van,143.9,225.1,81.2,0.391,Steep Mountain Grade & Hairpin Bends
453.26,45.0,8.5,68.1,0.554,350,4x4 Hill Freight Carrier,604.3,1144.1,539.8,0.49,Torrential Rainfall & Reduced Visibility
681.38,33.8,21.0,24.86,0.754,1650,Heavy Supply Truck (16T),1211.3,2585.8,1374.5,0.565,Active Landslide Clearance / Road Blockage
657.23,45.0,21.0,0.41,0.626,1650,Refrigerated Medical Van,876.3,1481.7,605.4,0.439,Steep Mountain Grade & Hairpin Bends
217.76,33.8,22.0,84.32,0.977,1400,Heavy Supply Truck (16T),387.1,1238.5,851.4,0.811,Active Landslide Clearance / Road Blockage
181.59,51.7,4.2,29.7,0.239,95,Light Disaster Utility (4WD),210.5,267.5,56.9,0.212,Standard Mountain Traffic Flow
489.03,33.8,18.0,1.23,0.605,1500,Heavy Supply Truck (16T),869.4,1438.4,569.0,0.426,Standard Mountain Traffic Flow
141.66,23.0,14.5,6.56,0.194,1550,Light Disaster Utility (4WD),369.6,412.6,43.1,0.146,Standard Mountain Traffic Flow
477.11,45.0,18.0,33.41,0.7,1500,4x4 Hill Freight Carrier,636.1,1278.3,642.2,0.54,Standard Mountain Traffic Flow
318.49,45.0,18.0,75.05,0.78,1500,4x4 Hill Freight Carrier,424.7,1221.9,797.3,0.658,Active Landslide Clearance / Road Blockage
54.19,15.0,31.4,7.53,0.71,4170,Heavy Supply Truck (16T),216.8,412.1,195.3,0.508,Steep Mountain Grade & Hairpin Bends
178.65,45.0,6.0,53.24,0.441,320,Refrigerated Medical Van,238.2,388.8,150.6,0.388,Standard Mountain Traffic Flow
231.02,45.0,4.2,59.11,0.299,95,4x4 Hill Freight Carrier,308.0,455.0,147.0,0.298,Standard Mountain Traffic Flow
258.97,45.0,4.2,46.06,0.262,95,4x4 Hill Freight Carrier,345.3,474.6,129.3,0.253,Standard Mountain Traffic Flow
188.87,45.0,22.0,37.11,0.895,1400,4x4 Hill Freight Carrier,251.8,866.9,615.0,0.682,Active Landslide Clearance / Road Blockage
128.94,15.0,14.5,0.51,0.303,1550,Heavy Supply Truck (16T),515.8,613.4,97.7,0.213,Standard Mountain Traffic Flow
69.27,45.0,12.8,38.16,0.499,240,Refrigerated Medical Van,92.4,152.2,59.9,0.406,Standard Mountain Traffic Flow
381.02,51.7,8.5,7.58,0.318,350,Light Disaster Utility (4WD),441.8,548.2,106.5,0.234,Standard Mountain Traffic Flow
171.91,45.0,4.2,11.67,0.183,95,Refrigerated Medical Van,229.2,259.9,30.7,0.146,Standard Mountain Traffic Flow
498.65,33.8,18.0,65.54,0.758,1500,Heavy Supply Truck (16T),886.5,2093.6,1207.1,0.629,Active Landslide Clearance / Road Blockage
344.57,45.0,18.0,29.76,0.634,1500,4x4 Hill Freight Carrier,459.4,851.6,392.1,0.489,Standard Mountain Traffic Flow
386.86,45.0,8.5,30.14,0.386,350,Refrigerated Medical Van,515.8,742.6,226.8,0.316,Standard Mountain Traffic Flow
38.15,34.5,16.0,2.35,0.35,2100,Light Disaster Utility (4WD),66.4,83.2,16.8,0.248,Standard Mountain Traffic Flow
399.58,45.0,8.5,50.68,0.519,350,Refrigerated Medical Van,532.8,974.1,441.3,0.439,Active Landslide Clearance / Road Blockage
203.78,45.0,6.0,9.51,0.287,320,4x4 Hill Freight Carrier,271.7,330.5,58.8,0.215,Standard Mountain Traffic Flow
266.13,51.7,4.2,6.07,0.109,95,Light Disaster Utility (4WD),308.6,327.1,18.6,0.086,Standard Mountain Traffic Flow
80.07,45.0,12.8,133.42,0.837,240,Refrigerated Medical Van,106.8,301.9,195.1,0.786,Torrential Rainfall & Reduced Visibility
291.63,33.8,22.0,29.75,0.793,1400,Heavy Supply Truck (16T),518.5,1323.1,804.7,0.6,Active Landslide Clearance / Road Blockage
789.11,45.0,21.0,11.42,0.647,1650,Refrigerated Medical Van,1052.1,1910.4,858.3,0.47,Active Landslide Clearance / Road Blockage
86.7,20.0,31.4,4.87,0.74,4170,Refrigerated Medical Van,260.1,734.1,474.0,0.525,Active Landslide Clearance / Road Blockage
101.5,20.0,14.5,37.76,0.365,1550,4x4 Hill Freight Carrier,304.5,441.3,136.8,0.312,Standard Mountain Traffic Flow
88.76,22.5,24.2,29.57,0.764,3200,Heavy Supply Truck (16T),236.7,505.2,268.5,0.579,Steep Mountain Grade & Hairpin Bends
79.64,20.0,31.4,8.68,0.755,4170,Refrigerated Medical Van,238.9,479.8,240.9,0.542,Steep Mountain Grade & Hairpin Bends
775.86,33.8,21.0,10.45,0.602,1650,Heavy Supply Truck (16T),1379.3,2390.8,1011.5,0.437,Active Landslide Clearance / Road Blockage
96.03,22.5,26.5,8.99,0.603,2450,Heavy Supply Truck (16T),256.1,432.4,176.3,0.436,Steep Mountain Grade & Hairpin Bends
257.06,45.0,4.2,49.12,0.336,95,4x4 Hill Freight Carrier,342.8,504.0,161.3,0.309,Standard Mountain Traffic Flow
77.71,45.0,12.8,2.45,0.334,240,Refrigerated Medical Van,103.6,127.9,24.2,0.237,Standard Mountain Traffic Flow
132.25,22.5,26.5,23.78,0.671,2450,Heavy Supply Truck (16T),352.7,669.6,316.9,0.505,Steep Mountain Grade & Hairpin Bends
100.5,22.5,24.2,1.04,0.728,3200,Heavy Supply Truck (16T),268.0,705.3,437.3,0.511,Active Landslide Clearance / Road Blockage
263.47,51.7,8.5,18.23,0.368,350,Light Disaster Utility (4WD),305.5,414.1,108.7,0.285,Standard Mountain Traffic Flow
219.21,45.0,22.0,18.16,0.706,1400,Refrigerated Medical Van,292.3,568.9,276.7,0.522,Steep Mountain Grade & Hairpin Bends
85.81,22.5,24.2,44.42,0.871,3200,Heavy Supply Truck (16T),228.8,624.8,395.9,0.677,Active Landslide Clearance / Road Blockage
91.54,20.0,14.5,24.06,0.271,1550,4x4 Hill Freight Carrier,274.6,349.7,75.1,0.226,Standard Mountain Traffic Flow
468.15,45.0,8.5,2.33,0.229,350,Refrigerated Medical Van,624.2,702.1,77.9,0.164,Standard Mountain Traffic Flow
744.06,33.8,21.0,2.24,0.693,1650,Heavy Supply Truck (16T),1322.8,2430.2,1107.5,0.488,Steep Mountain Grade & Hairpin Bends
323.43,33.8,18.0,10.7,0.637,1500,Heavy Supply Truck (16T),575.0,1013.9,438.9,0.462,Standard Mountain Traffic Flow
85.15,30.0,26.5,86.37,0.976,2450,4x4 Hill Freight Carrier,170.3,616.2,445.9,0.813,Active Landslide Clearance / Road Blockage
415.75,45.0,8.5,22.28,0.396,350,4x4 Hill Freight Carrier,554.3,783.6,229.3,0.311,Standard Mountain Traffic Flow
212.78,45.0,6.0,15.13,0.259,320,Refrigerated Medical Van,283.7,345.0,61.3,0.204,Standard Mountain Traffic Flow
215.74,45.0,4.2,8.95,0.1,95,Refrigerated Medical Van,287.7,307.8,20.2,0.083,Standard Mountain Traffic Flow
136.3,23.0,14.5,7.35,0.265,1550,Light Disaster Utility (4WD),355.6,420.7,65.1,0.196,Standard Mountain Traffic Flow
43.76,51.7,12.8,9.38,0.389,240,Light Disaster Utility (4WD),50.7,92.1,41.4,0.287,Standard Mountain Traffic Flow
56.04,34.5,16.0,8.29,0.344,2100,Light Disaster Utility (4WD),97.5,124.3,26.9,0.253,Standard Mountain Traffic Flow
446.73,33.8,18.0,25.92,0.642,1500,Heavy Supply Truck (16T),794.2,1469.4,675.2,0.488,Standard Mountain Traffic Flow
578.08,45.0,21.0,41.98,0.794,1650,4x4 Hill Freight Carrier,770.8,1746.7,975.9,0.619,Steep Mountain Grade & Hairpin Bends
315.98,51.7,22.0,0.71,0.578,1400,Light Disaster Utility (4WD),366.4,586.5,220.1,0.406,Steep Mountain Grade & Hairpin Bends
184.53,45.0,6.0,18.85,0.305,320,Refrigerated Medical Van,246.0,315.8,69.7,0.242,Standard Mountain Traffic Flow
50.53,22.5,16.0,24.02,0.479,2100,Heavy Supply Truck (16T),134.7,261.4,126.6,0.371,Active Landslide Clearance / Road Blockage
43.0,22.5,16.0,17.29,0.477,2100,Heavy Supply Truck (16T),114.7,172.9,58.3,0.36,Standard Mountain Traffic Flow
201.01,45.0,4.2,9.8,0.228,95,Refrigerated Medical Van,268.0,311.1,43.0,0.174,Standard Mountain Traffic Flow
186.95,45.0,6.0,30.35,0.258,320,Refrigerated Medical Van,249.3,321.9,72.6,0.226,Standard Mountain Traffic Flow
102.53,15.0,14.5,11.39,0.176,1550,Heavy Supply Truck (16T),410.1,462.4,52.2,0.141,Standard Mountain Traffic Flow
76.22,34.5,24.2,1.29,0.64,3200,Light Disaster Utility (4WD),132.5,246.7,114.1,0.45,Steep Mountain Grade & Hairpin Bends
52.4,33.8,12.8,0.59,0.39,240,Heavy Supply Truck (16T),93.2,120.8,27.6,0.274,Standard Mountain Traffic Flow
181.2,51.7,22.0,17.22,0.657,1400,Light Disaster Utility (4WD),210.1,609.2,399.1,0.486,Active Landslide Clearance / Road Blockage
433.25,45.0,8.5,10.93,0.313,350,Refrigerated Medical Van,577.7,723.3,145.6,0.235,Standard Mountain Traffic Flow
45.94,33.8,12.8,153.76,0.993,240,Heavy Supply Truck (16T),81.7,273.4,191.7,0.925,Torrential Rainfall & Reduced Visibility
218.4,45.0,6.0,18.82,0.357,320,Refrigerated Medical Van,291.2,415.3,124.1,0.278,Standard Mountain Traffic Flow
300.81,51.7,8.5,19.02,0.416,350,Light Disaster Utility (4WD),348.8,497.0,148.3,0.32,Standard Mountain Traffic Flow
77.66,33.8,12.8,0.3,0.463,240,Heavy Supply Truck (16T),138.1,193.5,55.4,0.324,Standard Mountain Traffic Flow
198.51,45.0,6.0,1.81,0.21,320,4x4 Hill Freight Carrier,264.7,292.5,27.8,0.149,Standard Mountain Traffic Flow
590.23,45.0,21.0,26.3,0.719,1650,Refrigerated Medical Van,787.0,1585.8,798.8,0.543,Steep Mountain Grade & Hairpin Bends
87.67,30.0,26.5,22.99,0.776,2450,Refrigerated Medical Van,175.3,596.3,421.0,0.578,Active Landslide Clearance / Road Blockage
79.47,15.0,14.5,30.87,0.291,1550,Heavy Supply Truck (16T),317.9,422.1,104.2,0.25,Standard Mountain Traffic Flow
435.73,45.0,8.5,9.93,0.263,350,Refrigerated Medical Van,581.0,693.9,113.0,0.199,Standard Mountain Traffic Flow
66.85,51.7,12.8,15.89,0.418,240,Light Disaster Utility (4WD),77.5,109.4,31.9,0.316,Standard Mountain Traffic Flow
84.21,23.0,31.4,53.6,0.855,4170,Light Disaster Utility (4WD),219.7,753.8,534.1,0.679,Active Landslide Clearance / Road Blockage
64.29,20.0,31.4,47.32,0.944,4170,Refrigerated Medical Van,192.9,746.5,553.6,0.732,Active Landslide Clearance / Road Blockage
43.72,45.0,12.8,17.41,0.378,240,4x4 Hill Freight Carrier,58.3,79.6,21.3,0.291,Standard Mountain Traffic Flow
432.44,33.8,18.0,36.3,0.61,1500,Heavy Supply Truck (16T),768.8,1413.3,644.5,0.481,Standard Mountain Traffic Flow
43.98,45.0,12.8,45.87,0.553,240,Refrigerated Medical Van,58.6,104.3,45.7,0.456,Standard Mountain Traffic Flow
66.75,22.5,24.2,4.56,0.733,3200,Heavy Supply Truck (16T),178.0,523.8,345.8,0.52,Active Landslide Clearance / Road Blockage
45.17,22.5,16.0,44.6,0.627,2100,Heavy Supply Truck (16T),120.5,289.3,168.9,0.506,Active Landslide Clearance / Road Blockage
61.37,20.0,31.4,36.42,0.876,4170,Refrigerated Medical Van,184.1,449.8,265.7,0.668,Steep Mountain Grade & Hairpin Bends
408.57,33.8,8.5,7.6,0.334,350,Heavy Supply Truck (16T),726.3,915.6,189.3,0.245,Standard Mountain Traffic Flow
634.28,45.0,21.0,24.8,0.707,1650,Refrigerated Medical Van,845.7,1676.1,830.4,0.532,Steep Mountain Grade & Hairpin Bends
138.79,45.0,6.0,29.22,0.323,320,Refrigerated Medical Van,185.1,250.8,65.7,0.27,Standard Mountain Traffic Flow
55.47,51.7,12.8,18.34,0.445,240,Light Disaster Utility (4WD),64.3,94.2,29.9,0.339,Standard Mountain Traffic Flow
215.43,45.0,4.2,86.78,0.45,95,Refrigerated Medical Van,287.2,521.2,233.9,0.445,Torrential Rainfall & Reduced Visibility
117.82,15.0,14.5,3.97,0.16,1550,Heavy Supply Truck (16T),471.3,508.5,37.3,0.118,Standard Mountain Traffic Flow
157.33,45.0,6.0,5.02,0.323,320,Refrigerated Medical Van,209.8,258.9,49.1,0.234,Standard Mountain Traffic Flow
86.05,15.0,31.4,1.98,0.677,4170,Heavy Supply Truck (16T),344.2,697.1,352.9,0.477,Active Landslide Clearance / Road Blockage
62.41,33.8,12.8,0.35,0.296,240,Heavy Supply Truck (16T),111.0,131.0,20.1,0.208,Standard Mountain Traffic Flow
54.58,51.7,12.8,81.38,0.624,240,Light Disaster Utility (4WD),63.3,168.6,105.4,0.559,Active Landslide Clearance / Road Blockage
93.07,34.5,24.2,49.62,0.749,3200,Light Disaster Utility (4WD),161.9,437.9,276.0,0.598,Active Landslide Clearance / Road Blockage
87.43,20.0,31.4,42.51,0.868,4170,4x4 Hill Freight Carrier,262.3,692.5,430.2,0.671,Active Landslide Clearance / Road Blockage
389.06,45.0,8.5,59.66,0.531,350,4x4 Hill Freight Carrier,518.7,980.0,461.3,0.461,Active Landslide Clearance / Road Blockage
91.13,30.0,26.5,2.85,0.645,2450,4x4 Hill Freight Carrier,182.3,317.2,135.0,0.456,Steep Mountain Grade & Hairpin Bends
317.67,33.8,18.0,0.86,0.571,1500,Heavy Supply Truck (16T),564.7,897.2,332.5,0.401,Standard Mountain Traffic Flow
193.27,51.7,4.2,26.22,0.27,95,Light Disaster Utility (4WD),224.1,287.5,63.4,0.228,Standard Mountain Traffic Flow
51.55,30.0,16.0,3.53,0.424,2100,4x4 Hill Freight Carrier,103.1,185.9,82.8,0.302,Active Landslide Clearance / Road Blockage
230.78,45.0,6.0,70.8,0.484,320,4x4 Hill Freight Carrier,307.7,549.9,242.1,0.445,Torrential Rainfall & Reduced Visibility
235.95,45.0,4.2,57.14,0.385,95,Refrigerated Medical Van,314.6,494.8,180.2,0.355,Standard Mountain Traffic Flow
688.41,45.0,21.0,8.65,0.631,1650,4x4 Hill Freight Carrier,917.9,1599.4,681.5,0.455,Steep Mountain Grade & Hairpin Bends
37.42,22.5,16.0,3.49,0.424,2100,Heavy Supply Truck (16T),99.8,135.6,35.8,0.302,Standard Mountain Traffic Flow
432.38,51.7,18.0,17.27,0.601,1500,Light Disaster Utility (4WD),501.3,916.8,415.5,0.447,Active Landslide Clearance / Road Blockage
418.49,45.0,8.5,6.78,0.286,350,Refrigerated Medical Van,558.0,670.8,112.9,0.211,Standard Mountain Traffic Flow
100.06,30.0,24.2,0.32,0.579,3200,4x4 Hill Freight Carrier,200.1,320.4,120.2,0.406,Steep Mountain Grade & Hairpin Bends
477.71,51.7,18.0,14.85,0.499,1500,Light Disaster Utility (4WD),553.9,848.5,294.6,0.371,Standard Mountain Traffic Flow
50.09,20.0,31.4,13.03,0.805,4170,Refrigerated Medical Van,150.3,551.2,401.0,0.583,Active Landslide Clearance / Road Blockage
50.04,51.7,12.8,6.14,0.374,240,Light Disaster Utility (4WD),58.0,75.6,17.6,0.271,Standard Mountain Traffic Flow
315.46,51.7,18.0,46.67,0.626,1500,Light Disaster Utility (4WD),365.7,721.8,356.0,0.508,Standard Mountain Traffic Flow
56.8,51.7,12.8,9.61,0.401,240,Light Disaster Utility (4WD),65.9,89.3,23.5,0.295,Standard Mountain Traffic Flow
625.2,45.0,21.0,116.23,1.0,1650,Refrigerated Medical Van,833.6,2651.8,1818.2,0.874,Torrential Rainfall & Reduced Visibility
501.07,45.0,18.0,62.84,0.726,1500,4x4 Hill Freight Carrier,668.1,1478.4,810.3,0.602,Torrential Rainfall & Reduced Visibility
371.22,33.8,18.0,36.01,0.677,1500,Heavy Supply Truck (16T),659.9,1301.5,641.6,0.528,Standard Mountain Traffic Flow
62.2,30.0,16.0,23.13,0.448,2100,4x4 Hill Freight Carrier,124.4,185.7,61.3,0.348,Standard Mountain Traffic Flow
48.26,30.0,16.0,6.22,0.464,2100,4x4 Hill Freight Carrier,96.5,138.3,41.8,0.334,Standard Mountain Traffic Flow
678.43,33.8,21.0,0.79,0.691,1650,Heavy Supply Truck (16T),1206.1,2203.6,997.5,0.485,Steep Mountain Grade & Hairpin Bends
113.67,30.0,26.5,27.11,0.658,2450,4x4 Hill Freight Carrier,227.3,528.1,300.7,0.501,Active Landslide Clearance / Road Blockage
70.1,33.8,12.8,27.96,0.431,240,Heavy Supply Truck (16T),124.6,185.9,61.2,0.344,Standard Mountain Traffic Flow
751.7,33.8,21.0,10.51,0.653,1650,Heavy Supply Truck (16T),1336.4,2398.6,1062.2,0.473,Steep Mountain Grade & Hairpin Bends
191.62,51.7,4.2,3.0,0.15,95,Light Disaster Utility (4WD),222.2,237.2,15.0,0.109,Standard Mountain Traffic Flow
52.91,45.0,12.8,94.24,0.672,240,Refrigerated Medical Van,70.6,241.0,170.4,0.612,Active Landslide Clearance / Road Blockage
131.02,30.0,26.5,9.67,0.558,2450,4x4 Hill Freight Carrier,262.0,421.2,159.2,0.405,Steep Mountain Grade & Hairpin Bends
55.68,45.0,12.8,16.05,0.316,240,Refrigerated Medical Van,74.2,95.1,20.9,0.245,Standard Mountain Traffic Flow
89.9,34.5,24.2,50.54,0.749,3200,Light Disaster Utility (4WD),156.4,549.2,392.8,0.6,Active Landslide Clearance / Road Blockage
434.82,45.0,8.5,3.2,0.279,350,Refrigerated Medical Van,579.8,682.0,102.2,0.2,Standard Mountain Traffic Flow
190.77,45.0,22.0,88.62,1.0,1400,4x4 Hill Freight Carrier,254.4,774.0,519.7,0.833,Torrential Rainfall & Reduced Visibility
131.86,30.0,26.5,24.12,0.753,2450,4x4 Hill Freight Carrier,263.7,740.9,477.2,0.563,Active Landslide Clearance / Road Blockage
40.42,30.0,16.0,5.49,0.477,2100,4x4 Hill Freight Carrier,80.8,117.2,36.4,0.342,Standard Mountain Traffic Flow
82.57,23.0,31.4,12.69,0.751,4170,Light Disaster Utility (4WD),215.4,549.6,334.2,0.544,Active Landslide Clearance / Road Blockage
262.67,51.7,4.2,35.92,0.224,95,Light Disaster Utility (4WD),304.5,392.1,87.6,0.21,Standard Mountain Traffic Flow
251.89,45.0,22.0,104.09,1.0,1400,4x4 Hill Freight Carrier,335.9,1269.6,933.8,0.856,Active Landslide Clearance / Road Blockage
192.78,51.7,4.2,7.86,0.198,95,Light Disaster Utility (4WD),223.5,251.6,28.1,0.15,Standard Mountain Traffic Flow
308.12,45.0,8.5,32.57,0.517,350,Refrigerated Medical Van,410.8,724.3,313.5,0.411,Active Landslide Clearance / Road Blockage
44.04,45.0,12.8,1.67,0.357,240,Refrigerated Medical Van,58.7,112.9,54.2,0.253,Active Landslide Clearance / Road Blockage
57.89,20.0,31.4,30.03,0.948,4170,4x4 Hill Freight Carrier,173.7,556.3,382.7,0.709,Active Landslide Clearance / Road Blockage
222.12,51.7,4.2,53.07,0.398,95,Light Disaster Utility (4WD),257.5,404.4,146.9,0.358,Standard Mountain Traffic Flow
479.57,33.8,8.5,54.69,0.431,350,Heavy Supply Truck (16T),852.6,1385.8,533.3,0.384,Standard Mountain Traffic Flow
99.61,30.0,24.2,83.25,0.966,3200,Refrigerated Medical Van,199.2,581.5,382.2,0.801,Torrential Rainfall & Reduced Visibility
203.89,45.0,22.0,8.87,0.708,1400,4x4 Hill Freight Carrier,271.8,517.7,245.9,0.509,Steep Mountain Grade & Hairpin Bends
67.24,23.0,31.4,1.94,0.694,4170,Light Disaster Utility (4WD),175.4,322.5,147.1,0.489,Steep Mountain Grade & Hairpin Bends
87.57,20.0,31.4,24.47,0.758,4170,4x4 Hill Freight Carrier,262.7,651.8,389.1,0.567,Active Landslide Clearance / Road Blockage
240.55,45.0,22.0,12.33,0.635,1400,4x4 Hill Freight Carrier,320.7,606.5,285.8,0.463,Active Landslide Clearance / Road Blockage
56.34,34.5,16.0,33.67,0.528,2100,Light Disaster Utility (4WD),98.0,164.1,66.1,0.42,Standard Mountain Traffic Flow
444.19,45.0,8.5,2.12,0.196,350,4x4 Hill Freight Carrier,592.3,648.8,56.5,0.14,Standard Mountain Traffic Flow
46.16,45.0,12.8,24.37,0.387,240,Refrigerated Medical Van,61.5,86.9,25.4,0.308,Standard Mountain Traffic Flow
422.93,45.0,8.5,31.18,0.434,350,Refrigerated Medical Van,563.9,852.4,288.5,0.35,Standard Mountain Traffic Flow
89.67,20.0,31.4,5.55,0.728,4170,Refrigerated Medical Van,269.0,519.5,250.5,0.518,Steep Mountain Grade & Hairpin Bends
212.84,33.8,4.2,24.08,0.225,95,Heavy Supply Truck (16T),378.4,465.2,86.8,0.194,Standard Mountain Traffic Flow
369.79,33.8,18.0,55.85,0.744,1500,Heavy Supply Truck (16T),657.4,1545.7,888.3,0.604,Active Landslide Clearance / Road Blockage
81.87,20.0,31.4,1.32,0.716,4170,Refrigerated Medical Van,245.6,462.8,217.2,0.503,Steep Mountain Grade & Hairpin Bends
214.22,45.0,6.0,54.62,0.424,320,4x4 Hill Freight Carrier,285.6,461.3,175.7,0.379,Standard Mountain Traffic Flow
397.21,33.8,8.5,0.43,0.295,350,Heavy Supply Truck (16T),706.2,833.4,127.3,0.207,Standard Mountain Traffic Flow
133.78,22.5,26.5,38.51,0.821,2450,Heavy Supply Truck (16T),356.8,888.8,532.1,0.632,Active Landslide Clearance / Road Blockage
631.83,51.7,21.0,10.33,0.653,1650,Light Disaster Utility (4WD),732.6,1549.3,816.8,0.473,Active Landslide Clearance / Road Blockage
249.2,51.7,4.2,39.65,0.269,95,Light Disaster Utility (4WD),288.9,389.7,100.8,0.248,Standard Mountain Traffic Flow
60.09,30.0,16.0,11.8,0.454,2100,4x4 Hill Freight Carrier,120.2,221.7,101.6,0.336,Active Landslide Clearance / Road Blockage
81.56,23.0,31.4,0.56,0.794,4170,Light Disaster Utility (4WD),212.8,522.6,309.8,0.557,Active Landslide Clearance / Road Blockage
70.65,20.0,31.4,28.05,0.843,4170,4x4 Hill Freight Carrier,212.0,491.0,279.0,0.632,Steep Mountain Grade & Hairpin Bends
141.38,45.0,6.0,45.23,0.352,320,Refrigerated Medical Van,188.5,317.4,128.9,0.314,Active Landslide Clearance / Road Blockage
233.75,45.0,22.0,75.88,0.92,1400,4x4 Hill Freight Carrier,311.7,858.8,547.2,0.758,Torrential Rainfall & Reduced Visibility
110.45,22.5,24.2,19.81,0.63,3200,Heavy Supply Truck (16T),294.5,528.6,234.1,0.47,Steep Mountain Grade & Hairpin Bends
77.01,34.5,24.2,23.59,0.658,3200,Light Disaster Utility (4WD),133.9,250.6,116.7,0.496,Steep Mountain Grade & Hairpin Bends
436.32,45.0,8.5,11.16,0.319,350,Refrigerated Medical Van,581.8,733.4,151.7,0.24,Standard Mountain Traffic Flow
182.39,45.0,22.0,36.25,0.726,1400,4x4 Hill Freight Carrier,243.2,652.1,408.9,0.563,Active Landslide Clearance / Road Blockage
367.19,33.8,8.5,10.72,0.307,350,Heavy Supply Truck (16T),652.8,812.5,159.7,0.231,Standard Mountain Traffic Flow
764.88,33.8,21.0,39.14,0.804,1650,Heavy Supply Truck (16T),1359.8,3160.0,1800.2,0.621,Active Landslide Clearance / Road Blockage
132.68,30.0,26.5,34.39,0.789,2450,4x4 Hill Freight Carrier,265.4,778.5,513.2,0.604,Active Landslide Clearance / Road Blockage
232.14,45.0,4.2,32.32,0.309,95,4x4 Hill Freight Carrier,309.5,419.2,109.7,0.265,Standard Mountain Traffic Flow
287.32,51.7,22.0,25.68,0.772,1400,Light Disaster Utility (4WD),333.1,758.6,425.5,0.579,Active Landslide Clearance / Road Blockage
570.56,33.8,21.0,39.15,0.746,1650,Heavy Supply Truck (16T),1014.3,2298.1,1283.8,0.581,Active Landslide Clearance / Road Blockage
261.56,51.7,8.5,2.05,0.303,350,Light Disaster Utility (4WD),303.3,362.9,59.7,0.215,Standard Mountain Traffic Flow
640.6,45.0,21.0,21.2,0.69,1650,4x4 Hill Freight Carrier,854.1,1751.7,897.6,0.514,Active Landslide Clearance / Road Blockage
41.15,30.0,16.0,0.64,0.363,2100,4x4 Hill Freight Carrier,82.3,103.8,21.6,0.255,Standard Mountain Traffic Flow
167.06,45.0,4.2,2.74,0.05,95,Refrigerated Medical Van,222.8,227.4,4.7,0.05,Standard Mountain Traffic Flow
231.83,51.7,4.2,67.51,0.398,95,Light Disaster Utility (4WD),268.8,458.9,190.1,0.38,Torrential Rainfall & Reduced Visibility
81.75,23.0,31.4,3.5,0.765,4170,Light Disaster Utility (4WD),213.3,427.5,214.2,0.54,Steep Mountain Grade & Hairpin Bends
68.52,45.0,12.8,45.34,0.575,240,Refrigerated Medical Van,91.4,166.1,74.8,0.471,Standard Mountain Traffic Flow
339.21,33.8,18.0,77.62,0.885,1500,Heavy Supply Truck (16T),603.0,1691.1,1088.1,0.736,Active Landslide Clearance / Road Blockage
88.87,20.0,31.4,11.25,0.773,4170,4x4 Hill Freight Carrier,266.6,595.2,328.6,0.558,Active Landslide Clearance / Road Blockage
746.53,45.0,21.0,9.13,0.628,1650,Refrigerated Medical Van,995.4,1730.0,734.6,0.453,Steep Mountain Grade & Hairpin Bends
219.99,33.8,6.0,35.28,0.303,320,Heavy Supply Truck (16T),391.1,533.1,142.0,0.265,Standard Mountain Traffic Flow
180.94,45.0,22.0,53.17,0.934,1400,4x4 Hill Freight Carrier,241.3,646.9,405.7,0.734,Steep Mountain Grade & Hairpin Bends
