road_id,length_km,slope_deg,elevation_m,rainfall_24h_mm,rainfall_7d_accum_mm,temp_c,soil_saturation,river_proximity_km,hist_disruptions,satellite_water_proxy,landslide_risk,flood_risk,overall_risk,is_disrupted
RD-TEZ-ITA-11,155.0,5.297539875829992,308.293152152541,190.51,824.91,22.0,1.0,1.82,1,0.975,0.9578,0.9649,0.9808,1
RD-GHY-GTK-12,540.0,19.42449057846556,1563.7541083743483,7.09,23.12,19.7,0.377,0.19,8,0.324,0.8145,0.8723,0.908,1
RD-BMD-DRG-04,42.0,14.366851826424451,2105.546129485493,175.53,526.46,19.4,1.0,0.97,4,0.955,0.9806,0.9487,1.0,1
RD-TEZ-BHK-02,54.0,15.642319463139916,239.3251387631033,3.6,15.15,17.2,0.35,0.05,3,0.38,0.6339,0.9974,0.9776,1
RD-GHY-ITA-09,320.0,9.155914948161588,394.08805194743053,135.42,514.64,20.4,1.0,0.9,2,0.775,0.8683,0.9476,0.9569,1
RD-GHY-SHL-07,98.0,17.671366678656746,1516.153899984702,136.67,389.82,28.1,1.0,3.12,2,0.693,0.9488,0.8986,0.9524,1
RD-TEZ-BHK-02,54.0,8.275540131357552,294.98234878924103,198.25,532.33,14.8,1.0,0.16,4,1.0,0.9569,1.0,1.0,1
RD-GHY-ITA-09,320.0,9.389684152986913,368.0697802754207,22.37,62.61,25.4,0.259,1.41,4,0.209,0.5845,0.6547,0.6419,0
RD-GHY-ITA-09,320.0,11.210597471877527,350.9500165531075,67.77,277.24,13.4,0.974,0.99,3,0.45,0.7967,0.8567,0.8586,1
RD-TEZ-ITA-11,155.0,4.719393617880831,365.7701058851037,6.15,29.68,28.2,0.149,1.57,2,0.126,0.3945,0.5939,0.562,0
RD-GHY-SHL-07,98.0,13.323675540603528,1476.824252593394,225.19,742.0,7.3,1.0,3.06,2,1.0,0.9798,0.8966,0.9826,1
RD-GHY-NAG-10,345.0,19.0365538316663,1491.9357144166995,8.79,24.61,14.1,0.132,0.98,8,0.176,0.7865,0.4961,0.779,1
RD-GHY-TEZ-01,178.0,4.380690629823079,218.1621056242643,12.53,40.24,5.1,0.184,0.76,0,0.217,0.3461,0.8,0.7335,1
RD-BHK-BMD-03,96.0,26.47785955016628,2489.5515973521524,9.7,40.55,26.8,0.435,0.22,7,0.324,0.8859,0.9247,0.9669,1
RD-SELA-TWG-06,78.0,29.319814861035386,3243.679470781769,3.31,15.2,13.6,0.101,1.8,6,0.102,0.7963,0.3257,0.7777,1
RD-BMD-DRG-04,42.0,17.420777291905544,2080.586780051169,41.1,142.48,32.1,0.525,1.02,4,0.323,0.8291,0.6098,0.8186,1
RD-SELA-TWG-06,78.0,24.97964838274527,3239.0911435888656,186.11,711.69,11.3,1.0,1.55,10,0.966,0.9518,0.9675,1.0,1
RD-GHY-SHL-07,98.0,17.042204297729917,1558.7416505995736,72.5,301.51,4.2,1.0,2.76,4,0.4,0.8442,0.683,0.822,1
RD-SELA-TWG-06,78.0,25.47345873216935,3247.0267792481004,13.78,60.15,23.5,0.251,1.63,7,0.158,0.8417,0.447,0.8339,1
RD-GHY-TEZ-01,178.0,3.4812164754185715,81.76715833810219,34.91,156.63,19.1,0.572,1.34,0,0.271,0.4602,0.8586,0.8011,1
RD-GHY-ITA-09,320.0,8.127602833355022,387.01704089738695,138.32,407.04,32.2,1.0,1.01,4,0.778,0.9497,0.967,0.9877,1
RD-GHY-SHL-07,98.0,10.762783663864036,1552.9104359223,239.82,941.33,6.9,1.0,2.77,6,1.0,1.0,0.9647,1.0,1
RD-DRG-SELA-05,62.0,32.94514305891814,4362.636574532736,58.15,271.41,31.4,0.955,2.61,10,0.336,1.0,0.5598,1.0,1
RD-GHY-NAG-10,345.0,17.289544179779973,1410.575174750975,30.22,78.26,18.0,0.311,0.97,7,0.277,0.8068,0.6418,0.8154,1
RD-SELA-TWG-06,78.0,22.00890010484859,3210.8229294790985,25.85,114.4,10.5,0.431,1.81,8,0.207,0.8515,0.4676,0.8455,1
RD-GHY-GTK-12,540.0,22.326222050600194,1611.4090461121623,169.07,537.16,17.2,1.0,0.63,7,0.966,0.9731,0.9641,1.0,1
RD-TEZ-ITA-11,155.0,12.3664685910379,371.62326302755736,173.64,720.69,12.4,1.0,1.2,2,0.928,0.9282,0.9917,1.0,1
RD-DRG-SELA-05,62.0,33.723902160288006,4105.252876276007,22.5,61.75,18.7,0.256,2.48,8,0.172,0.9561,0.4491,0.9491,1
RD-BMD-DRG-04,42.0,19.48949125646488,2100.5116530509795,1.62,5.58,22.8,0.069,1.0,4,0.141,0.6473,0.449,0.6318,0
RD-GHY-SHL-07,98.0,14.682689821351481,1629.3008408072676,30.85,149.63,21.3,0.549,2.75,3,0.205,0.6839,0.4722,0.6477,0
RD-TEZ-ITA-11,155.0,4.540701701842918,330.379913064286,113.72,541.68,9.9,1.0,1.68,1,0.623,0.828,0.904,0.9027,1
RD-BHK-BMD-03,96.0,29.048806291063073,2468.1006955971234,4.4,18.67,22.9,0.112,0.52,7,0.217,0.8481,0.6197,0.8578,1
RD-BMD-DRG-04,42.0,19.832994687365275,2070.4214305582086,57.55,286.37,16.4,1.0,1.31,6,0.379,0.9061,0.6698,0.8992,1
RD-GHY-GTK-12,540.0,21.7848691679174,1684.0976485647482,81.5,306.68,28.8,1.0,0.24,8,0.651,0.9747,0.968,1.0,1
RD-TEZ-ITA-11,155.0,2.981947855500894,259.2905693606134,234.09,955.0,17.5,1.0,1.73,3,1.0,0.987,0.9724,1.0,1
RD-TEZ-ITA-11,155.0,5.973548861262577,350.6920670737712,140.89,664.92,14.5,1.0,1.77,1,0.746,0.8952,0.9351,0.9423,1
RD-GHY-GTK-12,540.0,16.655746975508027,1579.6268112811722,161.27,687.9,6.4,1.0,0.16,9,1.0,0.9787,0.9878,1.0,1
RD-SHL-SIL-08,215.0,21.98631151302911,1416.1359280169045,22.13,58.45,7.6,0.495,0.33,9,0.343,0.913,0.8701,0.9602,1
RD-TEZ-ITA-11,155.0,6.208957993556637,369.17521531792323,8.86,43.47,4.4,0.195,1.59,3,0.137,0.4449,0.6388,0.6076,0
RD-BMD-DRG-04,42.0,13.697957311335852,2094.4534032185243,30.72,146.03,5.4,0.537,1.4,5,0.249,0.7688,0.5042,0.7496,1
RD-GHY-TEZ-01,178.0,1.0,113.1238229402651,145.3,391.48,33.2,1.0,0.91,0,0.819,0.8704,0.9431,0.9368,1
RD-GHY-TEZ-01,178.0,9.69437629756306,91.31944421040468,94.47,440.7,5.4,1.0,0.74,2,0.602,0.7692,1.0,0.9774,1
RD-GHY-SHL-07,98.0,7.1432061960528,1504.9353090667666,122.63,564.75,29.1,1.0,2.98,7,0.63,0.915,0.8294,0.9096,1
RD-BMD-DRG-04,42.0,11.202629582387551,2135.5807439044447,4.84,23.65,22.2,0.129,0.98,5,0.158,0.6087,0.4545,0.5969,0
RD-GHY-NAG-10,345.0,18.509918708721926,1557.6622593214229,25.71,113.92,19.6,0.43,1.11,7,0.245,0.8532,0.6523,0.8607,1
RD-SELA-TWG-06,78.0,26.83347550544034,3113.4563448117215,84.75,214.95,14.5,0.766,2.09,8,0.473,1.0,0.7318,1.0,1
RD-SHL-SIL-08,215.0,21.95584522409519,1439.8202714848164,17.68,71.69,29.9,0.539,0.44,8,0.294,0.8336,0.788,0.8721,1
RD-TEZ-ITA-11,155.0,8.009017646490115,264.9374047576444,2.76,7.79,7.8,0.076,1.6,3,0.108,0.3831,0.6047,0.5708,0
RD-DRG-SELA-05,62.0,31.078908920136325,4118.237883879031,72.38,211.51,12.4,0.755,2.39,9,0.407,0.932,0.6743,0.9584,1
RD-GHY-GTK-12,540.0,24.613905217727478,1644.3835975154584,2.99,13.98,31.6,0.347,0.26,9,0.279,0.8496,0.8277,0.8876,1
RD-DRG-SELA-05,62.0,36.33490314050385,4157.548198022181,23.19,93.83,15.1,0.363,2.62,8,0.172,0.9354,0.404,0.9238,1
RD-GHY-SHL-07,98.0,11.633378678198723,1540.6547438719795,26.62,82.69,12.1,0.326,2.99,3,0.182,0.5751,0.4159,0.5427,0
RD-GHY-SHL-07,98.0,14.476082076050147,1623.9972069445014,77.42,308.45,24.4,1.0,3.02,4,0.418,0.8433,0.6631,0.8187,1
RD-BHK-BMD-03,96.0,24.494794095090196,2380.0716213090427,15.79,64.97,21.1,0.267,0.51,6,0.271,0.824,0.6751,0.8418,1
RD-TEZ-BHK-02,54.0,12.945564883834482,198.4524941794481,6.13,18.19,12.6,0.361,0.25,3,0.294,0.6246,0.9234,0.9064,1
RD-TEZ-BHK-02,54.0,12.545273502512504,266.4158304815188,228.27,717.84,9.1,1.0,0.24,5,1.0,0.9633,1.0,1.0,1
RD-BHK-BMD-03,96.0,25.124142169171,2434.6641800339094,13.69,48.78,19.2,0.463,0.1,7,0.4,0.895,1.0,1.0,1
RD-GHY-SHL-07,98.0,9.666983170134337,1600.314640460722,1.86,6.22,8.0,0.071,2.88,2,0.068,0.4545,0.3363,0.4272,0
RD-GHY-SHL-07,98.0,16.23121638154162,1539.8477306978505,31.69,116.59,16.4,0.439,3.07,3,0.204,0.6618,0.4521,0.6254,0
RD-SHL-SIL-08,215.0,21.53296829382376,1370.2741973637876,29.9,137.7,8.2,0.509,0.62,6,0.319,0.8908,0.796,0.9286,1
RD-GHY-ITA-09,320.0,7.689390043967386,397.38084688307043,38.3,145.82,14.8,0.536,1.05,3,0.308,0.713,0.7851,0.7793,1
RD-GHY-TEZ-01,178.0,1.6693651132635878,136.47027905917446,24.45,75.32,31.0,0.551,0.36,2,0.347,0.476,0.9452,0.8829,1
RD-TEZ-BHK-02,54.0,14.698345598318856,353.5346428902198,14.27,40.65,27.8,0.436,0.24,3,0.338,0.6889,0.8778,0.8719,1
RD-GHY-ITA-09,320.0,6.048995682217318,373.9489912873196,47.68,123.2,21.1,0.461,1.17,3,0.343,0.6611,0.7519,0.7417,1
RD-TEZ-ITA-11,155.0,8.891550956146085,368.67787237600623,55.86,160.59,10.9,0.585,1.78,2,0.349,0.7158,0.7357,0.7263,1
RD-DRG-SELA-05,62.0,29.86125687508575,4202.718282817703,83.68,331.25,16.0,1.0,2.49,7,0.457,0.9787,0.7842,1.0,1
RD-SHL-SIL-08,215.0,27.346490855608238,1429.5137309530894,95.26,445.85,32.0,1.0,0.54,6,0.636,0.9844,1.0,1.0,1
RD-GHY-GTK-12,540.0,25.036260138464932,1645.4886167971895,19.32,83.85,32.0,0.58,0.46,7,0.299,0.8992,0.8398,0.9376,1
RD-DRG-SELA-05,62.0,34.61298940161576,4140.85996992935,31.31,109.52,5.6,0.415,2.67,9,0.209,0.8668,0.4361,0.8655,1
RD-BHK-BMD-03,96.0,31.507064575868178,2449.667327268438,8.9,32.33,8.2,0.408,0.14,8,0.356,0.9482,0.9541,1.0,1
RD-TEZ-BHK-02,54.0,10.402668287524206,231.7732170975152,0.46,1.92,9.3,0.306,0.2,4,0.288,0.5954,0.9002,0.8806,1
RD-DRG-SELA-05,62.0,33.42284140624032,4168.3623364892,79.92,240.77,9.7,0.853,2.39,8,0.442,0.9661,0.7373,1.0,1
RD-GHY-ITA-09,320.0,4.9674149041751905,360.1850899069425,26.01,93.69,16.0,0.362,1.16,4,0.242,0.5834,0.6702,0.6564,1
RD-BHK-BMD-03,96.0,31.756811330270867,2445.5389412203167,0.9,2.6,25.5,0.309,0.41,6,0.225,0.8773,0.655,0.8899,1
RD-BHK-BMD-03,96.0,28.001432558261897,2397.33706396775,0.7,1.92,28.0,0.306,0.33,6,0.244,0.8292,0.7635,0.8578,1
RD-GHY-ITA-09,320.0,9.83278993445812,317.1383340941253,62.06,216.79,24.0,0.773,0.91,3,0.431,0.7429,0.9176,0.9102,1
RD-GHY-NAG-10,345.0,15.886968928371722,1429.5769351818221,78.12,354.92,14.3,1.0,0.59,7,0.548,0.9632,0.8248,0.9899,1
RD-GHY-TEZ-01,178.0,9.289369104870115,93.11826487875759,186.02,820.18,8.2,1.0,1.02,3,1.0,0.9477,0.9406,0.9512,1
RD-SELA-TWG-06,78.0,20.334657860728026,3205.0408711127025,35.13,110.47,8.2,0.418,1.47,8,0.265,0.8918,0.5497,0.8936,1
RD-DRG-SELA-05,62.0,34.34807295183654,4077.9562884334177,171.92,505.17,31.4,1.0,2.24,8,0.875,1.0,0.9152,1.0,1
RD-BMD-DRG-04,42.0,11.427954274818909,2060.0780476291475,3.02,12.12,11.4,0.09,1.47,4,0.116,0.5412,0.37,0.5281,0
RD-TEZ-BHK-02,54.0,20.69714619451217,211.2181086881113,210.56,912.02,10.4,1.0,0.22,4,1.0,1.0,0.9776,1.0,1
RD-SHL-SIL-08,215.0,27.925082060892343,1397.6367673685495,3.95,10.6,25.8,0.335,0.19,9,0.309,0.8643,0.8667,0.914,1
RD-GHY-ITA-09,320.0,11.932405607849255,346.2783285449977,3.36,16.11,8.1,0.104,1.22,2,0.132,0.5188,0.6004,0.5851,0
RD-BHK-BMD-03,96.0,29.00176646364671,2472.959003961422,46.12,208.28,23.8,0.994,0.39,6,0.441,0.8992,0.8795,0.9409,1
RD-GHY-ITA-09,320.0,8.901542962737999,406.45347187675713,144.9,469.96,31.7,1.0,1.08,3,0.802,0.8867,0.9772,0.9886,1
RD-GHY-ITA-09,320.0,12.267268376720562,305.2696348890248,4.5,12.11,24.9,0.09,1.06,4,0.149,0.5146,0.6694,0.6487,0
RD-GHY-SHL-07,98.0,15.34909661618565,1554.1141994637712,33.49,103.22,4.7,0.394,3.21,5,0.21,0.6844,0.4973,0.6508,1
RD-GHY-ITA-09,320.0,3.4545390246003125,262.0700500002926,22.88,93.09,30.2,0.36,0.93,2,0.247,0.5533,0.7189,0.6988,1
RD-GHY-GTK-12,540.0,18.244044160547404,1648.265755630661,100.33,261.39,4.5,1.0,0.35,8,0.704,0.9977,0.9617,1.0,1
RD-DRG-SELA-05,62.0,34.901308743150906,4251.055427889386,101.34,371.78,22.4,1.0,2.19,7,0.547,0.9844,0.764,1.0,1
RD-TEZ-ITA-11,155.0,4.333568642519236,301.33003658117156,52.93,178.65,5.7,0.646,1.27,3,0.36,0.6518,0.8297,0.8084,1
RD-SHL-SIL-08,215.0,19.479669764249984,1408.234891371857,8.87,34.07,21.8,0.414,0.43,6,0.257,0.8416,0.8159,0.8834,1
RD-SHL-SIL-08,215.0,23.003370369961075,1331.0340385992736,163.37,443.97,16.3,1.0,0.35,8,0.997,1.0,0.96,1.0,1
RD-BMD-DRG-04,42.0,19.616884233858514,2117.1567525508435,164.92,616.44,18.4,1.0,1.46,5,0.871,0.9394,0.9534,0.9828,1
RD-GHY-TEZ-01,178.0,5.116662961131776,136.0241090598682,37.6,173.95,30.0,0.63,0.9,2,0.318,0.5455,0.8762,0.8285,1
RD-BMD-DRG-04,42.0,15.498645759049436,2107.335684321666,74.46,348.46,4.9,1.0,1.44,4,0.451,0.8787,0.7525,0.8841,1
RD-GHY-TEZ-01,178.0,5.401236087715311,96.23210492142921,85.55,275.28,22.5,0.968,0.82,0,0.551,0.762,1.0,0.9763,1
RD-TEZ-ITA-11,155.0,5.714113402839144,333.95107628851696,125.81,553.88,20.2,1.0,1.62,1,0.681,0.872,0.9436,0.9474,1
RD-TEZ-BHK-02,54.0,14.025537045132278,246.64848370734381,2.46,8.0,25.2,0.327,0.06,4,0.369,0.618,0.9937,0.9718,1
RD-SELA-TWG-06,78.0,28.89657208770302,3196.7124869463505,112.65,287.85,13.7,1.0,1.69,6,0.617,1.0,0.8036,1.0,1
RD-BMD-DRG-04,42.0,15.466779035537781,2112.19003568856,55.43,234.72,10.6,0.832,1.09,5,0.385,0.8896,0.6974,0.8872,1
RD-SHL-SIL-08,215.0,21.863241950933507,1412.1669724661347,155.67,543.92,12.2,1.0,0.45,6,0.937,0.9936,0.9893,1.0,1
RD-BHK-BMD-03,96.0,25.811792191808944,2467.136267318885,16.09,74.99,18.2,0.55,0.49,10,0.277,0.9447,0.7201,0.963,1
RD-GHY-NAG-10,345.0,15.97082309382219,1590.0470216455408,22.99,64.22,7.8,0.264,0.89,6,0.251,0.7508,0.5866,0.7562,1
RD-BMD-DRG-04,42.0,17.69410318760847,2077.3846840375463,55.91,183.14,17.7,0.66,0.72,5,0.425,0.8844,0.7837,0.8937,1
RD-GHY-SHL-07,98.0,14.489192382728294,1492.0817655403728,117.73,435.73,7.1,1.0,3.3,3,0.602,0.937,0.8264,0.9306,1
RD-TEZ-BHK-02,54.0,6.674795394727129,231.04940164412574,3.22,10.87,5.0,0.336,0.05,3,0.376,0.6065,1.0,0.976,1
RD-SELA-TWG-06,78.0,25.02653168704476,3160.072734219691,56.43,169.32,9.0,0.614,2.16,9,0.338,0.9459,0.6031,0.9515,1
RD-SHL-SIL-08,215.0,24.850436412996494,1486.7981901582625,59.5,216.02,23.3,0.77,0.54,6,0.47,0.9086,0.8831,0.9576,1
RD-GHY-TEZ-01,178.0,9.382629510302134,116.81618348370161,54.57,226.3,18.9,0.804,0.81,0,0.408,0.6637,0.8941,0.861,1
RD-TEZ-ITA-11,155.0,6.63478491114118,366.6439542164311,92.01,336.45,30.0,1.0,1.67,2,0.521,0.7792,0.9367,0.9277,1
RD-GHY-SHL-07,98.0,13.98211810017754,1594.1829968743336,45.22,168.06,30.2,0.61,3.13,3,0.266,0.6851,0.5607,0.6579,1
RD-TEZ-BHK-02,54.0,16.940274062442356,212.484742307729,122.02,523.42,31.3,1.0,0.07,4,0.923,0.9437,1.0,1.0,1
RD-BMD-DRG-04,42.0,9.296720673057392,2111.759991442735,9.94,46.49,17.4,0.205,0.97,6,0.183,0.6416,0.4652,0.6281,0
RD-BHK-BMD-03,96.0,29.982480362135558,2372.205067475505,51.97,146.93,33.1,0.79,0.35,6,0.479,0.9466,0.8459,0.9827,1
RD-DRG-SELA-05,62.0,33.346772631520984,4100.400183140599,14.38,65.77,16.9,0.269,2.33,7,0.138,0.9097,0.3664,0.8953,1
RD-TEZ-BHK-02,54.0,19.030243950682525,224.8345769032026,65.06,293.71,21.6,1.0,0.28,3,0.561,0.8915,0.9655,0.9848,1
RD-GHY-ITA-09,320.0,10.697920231646737,345.9641709945709,198.91,516.83,7.7,1.0,1.12,2,1.0,0.9024,0.9923,1.0,1
RD-TEZ-ITA-11,155.0,7.357604675464004,424.4187352390364,70.85,257.68,19.5,0.909,1.47,1,0.432,0.7324,0.8371,0.8255,1
RD-GHY-TEZ-01,178.0,2.328693117912585,190.7015676933393,39.17,192.9,6.8,0.693,0.76,4,0.341,0.6018,0.9001,0.8584,1
RD-BMD-DRG-04,42.0,16.922862266353157,2046.1669745911167,93.24,450.08,24.7,1.0,1.33,5,0.544,0.9076,0.8226,0.9215,1
RD-SHL-SIL-08,215.0,21.80758496022102,1416.438120515174,37.54,187.63,5.4,0.675,0.56,9,0.363,0.9354,0.8802,0.9836,1
RD-GHY-SHL-07,98.0,10.817176554589022,1614.4878264187687,57.73,254.35,27.9,0.898,2.95,2,0.327,0.7726,0.5843,0.7424,1
RD-BHK-BMD-03,96.0,23.844509503000456,2527.628090774482,13.74,46.92,15.9,0.456,0.09,7,0.403,0.8557,0.9614,0.9985,1
RD-GHY-SHL-07,98.0,12.399652380384975,1599.0882743495797,38.61,156.34,17.9,0.571,2.94,3,0.238,0.6533,0.4388,0.6163,0
RD-SHL-SIL-08,215.0,24.039919226550268,1428.7734333747214,30.38,116.47,22.2,0.688,0.45,7,0.352,0.9239,0.8534,0.9686,1
RD-GHY-GTK-12,540.0,22.65921982932144,1600.570444642454,3.74,13.9,11.7,0.346,0.08,9,0.363,0.9035,0.9918,1.0,1
RD-GHY-ITA-09,320.0,10.150156297073655,301.58277725681825,11.14,39.37,7.7,0.181,1.12,3,0.175,0.4919,0.6186,0.5994,0
RD-SHL-SIL-08,215.0,23.321424213881198,1406.2612251323953,233.35,1053.55,20.5,1.0,0.41,10,1.0,1.0,0.9587,1.0,1
RD-DRG-SELA-05,62.0,33.641495672778746,4134.958416056696,179.31,851.74,14.6,1.0,2.66,8,0.9,0.9766,0.9489,1.0,1
RD-GHY-TEZ-01,178.0,1.8539470892771779,126.68884404660493,21.04,83.44,9.0,0.328,0.88,0,0.243,0.4086,0.8706,0.8054,1
RD-GHY-ITA-09,320.0,9.443150482164542,349.89581012899083,115.53,401.71,21.8,1.0,1.18,3,0.658,0.8792,0.9652,0.9757,1
RD-SELA-TWG-06,78.0,27.512147409450062,3118.847705326713,241.29,666.02,25.7,1.0,1.91,6,1.0,0.9773,0.9548,1.0,1
RD-GHY-NAG-10,345.0,15.722878658374055,1501.672938549615,9.0,30.47,6.1,0.152,0.78,9,0.199,0.8027,0.5612,0.8019,1
RD-GHY-ITA-09,320.0,4.799595696159683,336.97507190306385,218.05,905.89,20.7,1.0,1.45,2,1.0,0.9794,0.9928,1.0,1
RD-GHY-ITA-09,320.0,8.1663218159539,304.8046179267605,149.55,448.99,20.1,1.0,0.95,5,0.836,0.977,0.941,0.9963,1
RD-BHK-BMD-03,96.0,25.550774650915596,2565.9664769990845,342.41,1318.25,29.3,1.0,0.48,6,1.0,0.9827,1.0,1.0,1
RD-TEZ-BHK-02,54.0,10.442031618476152,173.4383523221111,61.22,272.73,25.3,1.0,0.05,4,0.649,0.876,1.0,1.0,1
RD-BMD-DRG-04,42.0,23.47899855229837,2080.757905902644,88.14,329.84,33.8,1.0,1.29,5,0.523,0.929,0.8357,0.9441,1
RD-GHY-NAG-10,345.0,16.47863081983023,1488.1822631455502,237.79,1073.58,27.7,1.0,0.66,7,1.0,0.9817,0.9959,1.0,1
RD-GHY-NAG-10,345.0,18.51149170512129,1623.2438817928842,136.41,634.98,31.7,1.0,0.84,7,0.786,0.8995,0.9497,0.9874,1
RD-TEZ-BHK-02,54.0,12.969949774691322,266.48463771783656,5.54,18.94,6.0,0.363,0.19,4,0.317,0.6572,0.9051,0.8935,1
RD-GHY-NAG-10,345.0,17.567737332835154,1451.6741487032505,35.84,108.95,22.6,0.413,0.98,6,0.302,0.8416,0.7198,0.8583,1
RD-SELA-TWG-06,78.0,22.50905291772097,3179.453442185041,2.1,10.46,5.7,0.085,1.73,6,0.1,0.7358,0.3453,0.7256,1
RD-BMD-DRG-04,42.0,16.511248667126463,2023.2850686807772,24.93,124.42,28.4,0.465,1.38,6,0.223,0.7395,0.5103,0.7231,1
RD-SELA-TWG-06,78.0,22.47046879781984,3070.4478853927544,125.74,574.5,26.0,1.0,1.69,7,0.678,0.9869,0.8724,1.0,1
RD-GHY-SHL-07,98.0,16.237874498803265,1548.6347730245034,129.82,472.03,29.3,1.0,2.81,2,0.666,0.9568,0.834,0.951,1
RD-TEZ-ITA-11,155.0,10.413510982480826,309.5338161424067,22.62,77.81,15.8,0.309,1.37,2,0.213,0.5679,0.7053,0.6816,1
RD-SELA-TWG-06,78.0,22.73626577556289,3270.528400250258,1.37,6.52,17.8,0.072,2.04,9,0.085,0.7581,0.3369,0.7447,1
RD-TEZ-BHK-02,54.0,13.51088424713613,217.25898420557735,168.27,706.83,5.3,1.0,0.05,3,1.0,0.9999,1.0,1.0,1
RD-GHY-NAG-10,345.0,16.029317163085814,1514.1271763053396,37.9,112.3,9.2,0.424,0.76,7,0.336,0.8728,0.7697,0.8947,1
RD-TEZ-BHK-02,54.0,14.72506231146395,301.23135436131656,101.52,284.62,22.5,1.0,0.08,5,0.817,0.9298,0.9979,1.0,1
RD-BMD-DRG-04,42.0,16.80577683658977,2057.3131732657544,30.56,133.57,28.4,0.495,1.27,6,0.256,0.7678,0.4997,0.7482,1
RD-BHK-BMD-03,96.0,25.04856660537671,2433.4271851137682,20.26,81.68,32.3,0.572,0.44,7,0.307,0.8859,0.756,0.9115,1
RD-TEZ-BHK-02,54.0,13.597695439441546,227.56544369082263,65.6,314.68,11.6,1.0,0.52,7,0.502,0.9121,0.9297,0.9524,1
RD-SELA-TWG-06,78.0,25.399063855257925,3167.4321553104087,96.98,252.91,8.9,0.893,1.69,9,0.544,0.9874,0.8002,1.0,1
RD-SHL-SIL-08,215.0,29.805049342541185,1416.4326080186604,12.36,48.36,24.7,0.211,0.68,7,0.227,0.8581,0.7282,0.8881,1
RD-GHY-GTK-12,540.0,20.372930228141925,1607.473977289535,9.91,42.79,33.8,0.443,0.18,9,0.339,0.8857,0.9056,0.9501,1
RD-TEZ-ITA-11,155.0,2.6693298404712005,280.755084345888,53.6,208.28,4.2,0.744,1.63,3,0.344,0.664,0.7699,0.7531,1
RD-TEZ-ITA-11,155.0,11.180891553700215,300.0181907192699,73.25,365.56,15.0,1.0,1.54,2,0.44,0.8456,0.8056,0.843,1
RD-DRG-SELA-05,62.0,35.187752310281546,4280.712576173114,55.33,151.19,21.6,0.554,2.44,7,0.326,0.9989,0.6357,1.0,1
RD-TEZ-BHK-02,54.0,10.925631359197844,281.3925047981209,28.79,115.4,24.3,0.685,0.2,3,0.421,0.7791,0.947,0.9506,1
RD-BHK-BMD-03,96.0,25.140315852018176,2311.3218568543275,53.78,229.61,27.7,0.815,0.56,6,0.44,0.9149,0.7599,0.94,1
RD-TEZ-BHK-02,54.0,13.369543508637394,268.8379033096536,3.25,9.91,21.9,0.083,0.57,4,0.202,0.5406,0.79,0.7705,1
RD-BHK-BMD-03,96.0,25.58732835648456,2425.5575289106864,16.95,66.6,21.6,0.522,0.18,7,0.375,0.888,0.852,0.9263,1
RD-GHY-NAG-10,345.0,19.54080031970915,1473.3649580169044,185.3,583.37,16.9,1.0,0.67,6,1.0,0.8998,0.99,1.0,1
RD-SELA-TWG-06,78.0,23.06463784446062,3217.7389241085098,136.44,589.92,27.0,1.0,1.58,6,0.733,1.0,0.9352,1.0,1
RD-TEZ-ITA-11,155.0,3.070874186149885,275.37720803215484,109.82,293.47,5.7,1.0,1.57,1,0.609,0.8207,0.953,0.9494,1
RD-GHY-ITA-09,320.0,6.090463147958966,323.69609838940204,20.91,92.87,6.0,0.36,1.1,2,0.223,0.4759,0.7303,0.7009,1
RD-GHY-TEZ-01,178.0,4.400972151674616,120.79696088520497,182.91,467.27,23.9,1.0,0.49,2,1.0,0.9025,0.9623,0.9602,1
RD-GHY-SHL-07,98.0,16.20116655216431,1469.2434092047245,29.16,106.72,33.2,0.406,3.23,2,0.19,0.6358,0.4167,0.5982,0
RD-GHY-TEZ-01,178.0,3.313376279560353,102.61577567883121,172.19,672.06,19.7,1.0,0.88,0,0.949,0.9446,0.9583,0.9623,1
RD-BHK-BMD-03,96.0,17.735948549516177,2427.580989047306,6.34,30.86,29.5,0.153,0.8,7,0.183,0.7511,0.5449,0.7578,1
RD-DRG-SELA-05,62.0,29.514545408311857,4200.123860471974,181.91,663.64,5.6,1.0,2.36,8,0.919,0.9772,0.9035,1.0,1
RD-SHL-SIL-08,215.0,22.284981254068914,1385.4094365542228,73.58,345.76,30.1,1.0,0.19,8,0.634,0.959,0.9572,1.0,1
RD-GHY-SHL-07,98.0,15.39625872509706,1512.4104474952408,83.98,323.04,18.9,1.0,2.91,4,0.45,0.9164,0.6506,0.8864,1
RD-TEZ-BHK-02,54.0,13.401955411867062,278.2695107085217,184.41,753.6,27.9,1.0,0.16,4,1.0,0.9995,1.0,1.0,1
RD-GHY-GTK-12,540.0,19.995674003680378,1629.8175768379,13.33,61.9,31.2,0.506,0.11,8,0.391,0.8827,0.9629,1.0,1
RD-GHY-ITA-09,320.0,12.736661666246288,296.880323592656,229.66,1139.17,24.0,1.0,1.19,4,1.0,0.9802,0.9858,1.0,1
RD-SELA-TWG-06,78.0,24.783152904732006,3182.3416853594654,26.23,112.76,30.7,0.426,1.87,9,0.207,0.8813,0.5046,0.8778,1
RD-BHK-BMD-03,96.0,26.145794419026764,2425.0818803903776,21.52,73.05,18.8,0.293,0.6,6,0.282,0.8839,0.6987,0.9019,1
RD-GHY-TEZ-01,178.0,2.21185868441121,10.0,3.71,11.51,8.3,0.088,0.95,1,0.155,0.3285,0.787,0.7197,1
RD-GHY-TEZ-01,178.0,7.875397044503623,36.048010442009875,135.39,553.11,7.8,1.0,1.04,1,0.762,0.8768,0.972,0.966,1
RD-BMD-DRG-04,42.0,20.127598519551867,2150.6273000526917,9.02,41.42,12.4,0.188,0.81,4,0.194,0.6902,0.5518,0.6818,1
RD-TEZ-ITA-11,155.0,6.538745345818794,340.4909328464256,223.66,1000.02,23.9,1.0,1.45,3,1.0,0.9124,0.9232,0.933,1
RD-GHY-ITA-09,320.0,6.894015442138231,345.47333588479194,69.97,270.56,15.4,0.952,1.17,2,0.447,0.813,0.8421,0.8465,1
RD-GHY-SHL-07,98.0,16.75176056150733,1503.2280648977703,84.58,370.87,28.1,1.0,3.22,3,0.449,0.8914,0.7565,0.8769,1
RD-GHY-GTK-12,540.0,23.39982570582615,1569.1844695781706,92.58,234.32,18.1,1.0,0.09,8,0.771,0.9391,1.0,1.0,1
RD-BMD-DRG-04,42.0,21.131840117745774,2136.715233778075,78.0,231.12,6.4,0.82,1.07,4,0.491,0.9124,0.8236,0.9263,1
RD-BHK-BMD-03,96.0,27.29546658189666,2482.0965267480774,2.3,10.54,22.0,0.085,0.53,7,0.205,0.8945,0.6682,0.908,1
RD-GHY-TEZ-01,178.0,3.143960775439578,156.09002762594065,199.34,719.31,22.2,1.0,1.15,1,1.0,0.8953,0.9934,0.9898,1
RD-SELA-TWG-06,78.0,24.569614420353457,3227.574268802023,16.99,63.18,23.6,0.261,1.81,7,0.166,0.8902,0.4006,0.8722,1
RD-GHY-SHL-07,98.0,10.539932466337882,1538.990268649602,22.39,58.52,8.2,0.245,2.59,2,0.169,0.4916,0.4408,0.4684,0
RD-GHY-GTK-12,540.0,24.253438749219214,1621.1234953246224,8.12,30.78,4.2,0.403,0.4,7,0.261,0.9428,0.7937,0.9736,1
RD-DRG-SELA-05,62.0,33.414020229351394,4223.80035692993,137.24,382.15,14.4,1.0,2.5,10,0.707,0.9691,0.8304,1.0,1
RD-GHY-GTK-12,540.0,16.2564278939036,1694.7519157038057,128.5,612.81,25.4,1.0,0.2,7,0.884,0.9782,0.9955,1.0,1
RD-GHY-TEZ-01,178.0,2.3556814045292453,10.0,40.61,113.14,15.5,0.427,0.66,0,0.362,0.5054,0.9029,0.8479,1
RD-BMD-DRG-04,42.0,19.67921543161115,2157.854819273198,72.2,244.53,32.3,0.865,1.44,4,0.44,0.8511,0.7528,0.8576,1
RD-SHL-SIL-08,215.0,22.699648393790504,1402.917550214274,33.19,155.46,25.7,0.818,0.35,6,0.39,0.9142,0.8916,0.9643,1
RD-BMD-DRG-04,42.0,16.4795691759922,2048.616242953702,130.56,514.78,5.3,1.0,1.45,7,0.712,0.9348,0.8623,0.9535,1
RD-TEZ-ITA-11,155.0,8.757462520830003,334.43468146399283,167.48,605.61,28.0,1.0,1.55,3,0.879,0.8795,1.0,1.0,1
RD-SELA-TWG-06,78.0,20.927100709354406,3179.459285602271,32.16,137.15,24.7,0.507,1.58,8,0.246,0.8767,0.5187,0.8754,1
RD-TEZ-BHK-02,54.0,12.315967365044619,155.8280903889525,35.46,118.84,6.2,0.696,0.05,5,0.529,0.8498,0.9796,0.9926,1
RD-DRG-SELA-05,62.0,33.038852744011095,4170.321113490547,5.3,19.69,4.8,0.116,2.41,7,0.093,0.8613,0.298,0.8426,1
RD-GHY-ITA-09,320.0,7.414565982302298,378.0459723970619,0.83,3.63,17.8,0.062,1.04,2,0.134,0.4223,0.6056,0.5812,0
RD-GHY-ITA-09,320.0,8.178093567987313,372.3858462905139,76.75,307.57,28.8,1.0,0.79,3,0.514,0.8104,0.9506,0.9516,1
RD-GHY-TEZ-01,178.0,10.893900438577898,55.61081240458805,210.27,757.19,13.1,1.0,0.68,0,1.0,0.9082,0.9708,0.9695,1
RD-DRG-SELA-05,62.0,30.884411040610125,4114.59177344046,245.71,827.59,21.4,1.0,2.46,10,1.0,1.0,1.0,1.0,1
RD-DRG-SELA-05,62.0,34.782074729524275,4093.7739356690413,115.28,299.58,18.3,1.0,2.55,11,0.604,0.998,0.8061,1.0,1
RD-GHY-NAG-10,345.0,17.62614661142961,1441.3704195573628,4.67,20.93,12.3,0.12,0.9,8,0.165,0.7782,0.5164,0.7737,1
RD-GHY-GTK-12,540.0,19.03870098405354,1785.7973286156441,50.21,174.05,19.3,0.88,0.25,10,0.502,0.9577,0.9908,1.0,1
RD-GHY-SHL-07,98.0,13.915275158941958,1606.6885048433533,109.36,328.22,7.3,1.0,3.12,4,0.566,0.8182,0.8554,0.8501,1
RD-GHY-ITA-09,320.0,7.775756768739382,407.2694594273676,188.0,533.18,13.0,1.0,0.99,2,1.0,0.9807,1.0,1.0,1
RD-GHY-NAG-10,345.0,16.075555214331143,1521.596127233697,73.93,321.22,29.0,1.0,1.06,9,0.473,0.9729,0.8084,0.9969,1
RD-GHY-TEZ-01,178.0,1.5543760463168468,85.4476155026485,2.83,9.95,16.2,0.083,0.69,0,0.181,0.2105,0.8179,0.733,1
RD-GHY-TEZ-01,178.0,3.662368576123834,99.12563496615947,2.8,10.5,27.8,0.085,0.77,0,0.171,0.2626,0.7683,0.6953,1
RD-GHY-ITA-09,320.0,5.680290696673406,336.0804414594511,56.95,274.65,16.2,0.966,1.23,3,0.382,0.79,0.8174,0.8197,1
RD-GHY-GTK-12,540.0,11.941463532537524,1659.1924772376847,32.38,109.91,23.4,0.416,0.66,7,0.323,0.8775,0.7508,0.9047,1
RD-BMD-DRG-04,42.0,18.34654782386728,2153.010495374944,43.81,199.59,28.1,0.715,1.75,4,0.293,0.8203,0.605,0.8097,1
RD-TEZ-BHK-02,54.0,11.227734806196223,247.6177436016861,24.03,77.15,8.0,0.557,0.05,3,0.476,0.7382,0.9716,0.9684,1
RD-SELA-TWG-06,78.0,24.246136944116316,3241.2549132333816,11.31,48.27,5.9,0.211,1.63,7,0.147,0.7802,0.384,0.7701,1
RD-TEZ-ITA-11,155.0,5.521216314525012,367.2485832694366,64.74,212.56,27.7,0.759,1.45,2,0.404,0.7403,0.8137,0.804,1
RD-GHY-GTK-12,540.0,26.945075419200087,1698.2698742295586,17.17,70.07,25.1,0.284,0.55,11,0.271,0.9082,0.7561,0.935,1
RD-GHY-ITA-09,320.0,8.501583876569791,380.0603374464557,36.16,94.77,14.8,0.366,0.81,2,0.321,0.5503,0.7467,0.7244,1
RD-GHY-SHL-07,98.0,10.250507094761598,1566.337238230116,1.88,8.32,16.5,0.078,3.06,2,0.065,0.4175,0.3721,0.3962,0
RD-GHY-GTK-12,540.0,16.338723701951807,1690.8944829012514,74.25,225.69,24.3,1.0,0.38,8,0.575,0.9261,0.9061,0.9731,1
RD-BHK-BMD-03,96.0,31.42801885976789,2422.7942998942904,127.62,603.08,12.6,1.0,0.37,6,0.826,0.9304,0.9739,1.0,1
RD-TEZ-ITA-11,155.0,5.314200253979944,270.2825312695744,63.17,160.23,15.4,0.584,0.99,3,0.429,0.6854,0.8857,0.8659,1
RD-TEZ-ITA-11,155.0,5.874957592830319,355.7690657720622,25.62,107.44,13.4,0.408,1.64,3,0.213,0.5382,0.6619,0.638,0
RD-BHK-BMD-03,96.0,26.80556888578596,2527.4510075747594,10.8,27.48,12.8,0.392,0.15,6,0.357,0.8134,0.9412,0.9729,1
RD-DRG-SELA-05,62.0,27.345662705324084,4178.66708321852,128.0,591.06,4.7,1.0,2.55,9,0.663,0.9734,0.8477,1.0,1
RD-GHY-TEZ-01,178.0,3.672436786703787,178.0735082864009,9.07,28.26,18.5,0.144,0.8,1,0.196,0.336,0.7439,0.6819,1
RD-BMD-DRG-04,42.0,14.150915775881568,2119.663461173511,7.63,21.76,22.7,0.123,1.48,4,0.136,0.6299,0.4538,0.6163,0
RD-GHY-NAG-10,345.0,19.915553581783456,1488.161569851797,17.2,71.97,11.8,0.29,0.85,8,0.229,0.7776,0.5921,0.782,1
RD-SELA-TWG-06,78.0,30.46861616508432,3200.1901538061593,5.05,24.7,19.9,0.132,1.47,7,0.125,0.858,0.373,0.8393,1
RD-SHL-SIL-08,215.0,17.728128542649564,1386.6673835382792,21.54,83.3,17.0,0.578,0.41,7,0.319,0.8846,0.8012,0.9232,1
RD-GHY-ITA-09,320.0,9.886517998245829,358.1372207423198,20.11,80.1,6.2,0.317,1.11,2,0.218,0.5848,0.6862,0.6715,1
RD-GHY-GTK-12,540.0,23.159273826444547,1585.3363521064418,128.96,476.15,25.5,1.0,0.11,9,0.93,0.9968,1.0,1.0,1
RD-TEZ-BHK-02,54.0,12.177567431948383,284.1166531161705,9.09,37.13,10.7,0.424,0.11,4,0.371,0.6464,0.9656,0.9494,1
RD-TEZ-ITA-11,155.0,3.7260233324439787,241.68251335179536,22.95,95.37,7.6,0.368,1.23,5,0.223,0.4955,0.7052,0.6738,1
RD-SELA-TWG-06,78.0,26.571876797488304,3200.7136533918215,132.09,547.06,11.2,1.0,1.61,6,0.711,0.9853,0.8834,1.0,1
RD-BMD-DRG-04,42.0,21.929321753546457,2021.7879194144475,11.62,56.65,21.4,0.239,1.52,4,0.153,0.7216,0.4589,0.701,1
RD-BMD-DRG-04,42.0,15.128274690707913,2093.6225439811233,102.45,484.75,16.6,1.0,1.5,5,0.578,0.8961,0.8413,0.9127,1
RD-BHK-BMD-03,96.0,18.687358430118596,2459.9474073398246,176.7,533.23,6.1,1.0,0.49,7,1.0,0.9979,1.0,1.0,1
RD-BMD-DRG-04,42.0,19.577522537433925,2071.3563955231125,5.75,26.98,20.2,0.14,0.87,4,0.173,0.6727,0.4913,0.6593,1
RD-GHY-NAG-10,345.0,15.80545978831101,1448.8402244340853,0.0,0.0,19.7,0.05,0.69,6,0.168,0.6759,0.5981,0.6872,1
RD-TEZ-BHK-02,54.0,9.353617894524032,186.8851422416813,47.4,219.06,16.7,1.0,0.05,5,0.585,0.8666,0.987,1.0,1
RD-TEZ-ITA-11,155.0,10.37919562511382,233.9948724526091,57.52,285.43,26.6,1.0,1.38,3,0.375,0.8006,0.8464,0.8431,1
RD-GHY-GTK-12,540.0,25.204795778839287,1570.576772979122,106.44,277.39,12.0,1.0,0.46,9,0.705,1.0,1.0,1.0,1
RD-SHL-SIL-08,215.0,25.245826179222547,1449.776623454154,16.13,77.95,28.8,0.31,0.66,9,0.247,0.8765,0.7323,0.9063,1
RD-BHK-BMD-03,96.0,28.120072694850766,2471.9750615310113,14.83,49.51,33.4,0.215,0.56,9,0.259,0.842,0.6585,0.8569,1
RD-GHY-TEZ-01,178.0,4.019133025825165,117.73975848211903,54.0,234.13,15.5,0.83,0.95,3,0.389,0.638,0.9501,0.9105,1
RD-TEZ-BHK-02,54.0,12.919809191644072,132.3328540064378,69.48,204.84,28.0,0.983,0.42,3,0.542,0.8396,0.9255,0.9382,1
RD-BMD-DRG-04,42.0,19.334735971395904,2196.7352999216696,212.51,954.55,11.5,1.0,1.21,4,1.0,0.9646,0.9503,0.9954,1
RD-GHY-GTK-12,540.0,16.941989142469396,1615.7396901070297,33.98,113.34,26.0,0.678,0.27,8,0.418,0.9557,0.8977,1.0,1
RD-GHY-TEZ-01,178.0,4.680054677558363,120.08913680837725,14.15,37.36,15.2,0.175,1.02,0,0.197,0.3855,0.8284,0.7641,1
RD-TEZ-BHK-02,54.0,11.31565716269935,257.1893940774943,3.74,11.95,12.3,0.34,0.19,3,0.307,0.5592,0.9322,0.9056,1
RD-SHL-SIL-08,215.0,24.67059523337436,1451.7624667361877,123.53,343.81,16.1,1.0,0.13,7,0.894,0.9511,0.9928,1.0,1
RD-GHY-ITA-09,320.0,4.1510643409044095,354.37891094767946,10.94,35.23,23.7,0.167,1.18,2,0.17,0.4345,0.6276,0.6024,0
RD-SHL-SIL-08,215.0,25.569734191723505,1450.6837870271931,31.99,129.84,23.5,0.733,0.19,6,0.441,0.9438,0.9844,1.0,1
RD-GHY-GTK-12,540.0,21.814485932476945,1639.2544822424961,102.64,283.76,8.6,1.0,0.36,9,0.713,0.9679,0.9673,1.0,1
RD-GHY-SHL-07,98.0,14.170691488551572,1574.8742628652828,30.61,95.88,17.5,0.37,2.92,4,0.201,0.6732,0.4475,0.6354,0
RD-GHY-ITA-09,320.0,7.976937226291493,269.7267455140477,3.4,14.87,31.4,0.1,1.01,4,0.148,0.5374,0.7027,0.682,1
RD-BHK-BMD-03,96.0,27.57754914757624,2478.3970871537567,35.53,110.33,25.4,0.668,0.26,6,0.429,0.8914,0.8873,0.9344,1
RD-SHL-SIL-08,215.0,19.852720032667744,1420.393839118766,46.18,185.51,24.2,0.668,0.59,9,0.399,0.967,0.8808,1.0,1
RD-BMD-DRG-04,42.0,18.049986978433207,2089.5343090210317,46.87,178.27,6.1,0.644,1.41,4,0.323,0.9074,0.6464,0.8972,1
RD-DRG-SELA-05,62.0,30.591075124109416,4103.069710013838,38.43,171.72,17.6,0.622,2.64,9,0.243,0.9604,0.4887,0.9588,1
RD-GHY-ITA-09,320.0,7.338608050631456,347.7294391033881,2.32,10.56,12.8,0.085,1.11,2,0.135,0.377,0.6322,0.6011,0
RD-BMD-DRG-04,42.0,15.950392749257123,2037.1746552860373,3.9,17.19,16.3,0.107,1.36,4,0.126,0.6332,0.3825,0.6125,0
RD-TEZ-BHK-02,54.0,11.806074850450033,209.38816327461248,74.71,338.81,24.6,1.0,0.05,4,0.712,0.8605,0.9562,0.9712,1
RD-BMD-DRG-04,42.0,12.03262612976929,2042.723089100054,61.72,276.1,13.2,0.97,0.93,7,0.428,0.9262,0.6861,0.9206,1
RD-SELA-TWG-06,78.0,26.965404505931755,3224.1343943604606,24.48,73.06,29.8,0.294,1.88,7,0.198,0.885,0.4695,0.8766,1
RD-TEZ-BHK-02,54.0,10.020856610055386,288.79083596723547,150.19,461.68,7.5,1.0,0.38,4,0.927,0.9274,0.9517,0.9763,1
RD-BMD-DRG-04,42.0,11.747128197445683,2129.992964991782,3.9,11.91,19.6,0.09,1.17,4,0.138,0.5555,0.469,0.5492,0
RD-BHK-BMD-03,96.0,32.765328318609775,2504.2963348161397,18.81,67.2,20.2,0.274,0.61,6,0.268,0.8026,0.6656,0.8203,1
RD-TEZ-BHK-02,54.0,13.555510251870857,194.1557654140719,71.55,291.82,20.0,1.0,0.13,3,0.65,0.8567,0.9599,0.9742,1
RD-SELA-TWG-06,78.0,26.15340872547097,3065.7605976441255,17.41,82.5,10.1,0.325,1.85,6,0.166,0.9254,0.3887,0.9026,1
RD-GHY-SHL-07,98.0,15.341909213470409,1637.9310242097567,177.29,555.47,4.3,1.0,3.07,4,0.883,0.9716,0.9325,0.9797,1
RD-GHY-SHL-07,98.0,18.790466909679637,1509.9980717801177,7.09,32.89,30.5,0.16,2.99,4,0.09,0.5763,0.3619,0.5391,0
RD-GHY-NAG-10,345.0,16.17989911570411,1510.5641846139736,27.31,134.38,6.0,0.498,1.14,8,0.249,0.8426,0.5777,0.8412,1
RD-GHY-TEZ-01,178.0,2.1338470007312553,64.76276677308937,15.11,51.83,6.1,0.473,0.36,3,0.303,0.4653,0.8896,0.8303,1
RD-GHY-NAG-10,345.0,18.805601959394426,1575.6504633001994,23.16,58.2,28.1,0.244,1.18,9,0.227,0.8533,0.6163,0.8562,1
RD-GHY-TEZ-01,178.0,8.778558952084985,109.82877725703808,47.45,138.78,9.8,0.513,0.89,3,0.365,0.6246,0.9177,0.878,1
RD-DRG-SELA-05,62.0,28.436507957238604,4216.6616224157815,35.03,101.27,18.2,0.388,2.37,7,0.233,0.8802,0.465,0.8815,1
RD-GHY-SHL-07,98.0,10.283298942464075,1561.113306622412,83.45,314.4,9.6,1.0,2.9,4,0.448,0.8391,0.7292,0.823,1
RD-GHY-GTK-12,540.0,16.7339804252774,1705.2530364901454,41.26,130.38,32.2,0.735,0.14,8,0.507,0.8947,0.925,0.9704,1
RD-GHY-NAG-10,345.0,19.853624401393706,1465.1614090785213,37.96,172.25,27.3,0.624,1.02,6,0.309,0.857,0.7219,0.8733,1
RD-SHL-SIL-08,215.0,21.002088044947122,1424.5771060438656,83.56,263.11,5.0,1.0,0.39,7,0.614,0.9628,0.975,1.0,1
RD-GHY-SHL-07,98.0,13.62322071429469,1573.4633794904264,194.66,888.33,29.3,1.0,2.69,2,0.971,0.9947,0.9343,1.0,1
RD-GHY-SHL-07,98.0,11.44995061427051,1537.7959763162899,57.52,267.17,33.9,0.941,2.99,4,0.326,0.8086,0.5455,0.7715,1
RD-TEZ-ITA-11,155.0,8.075643434565261,339.3404260344601,0.51,2.24,22.7,0.057,1.72,4,0.093,0.4245,0.5365,0.5122,0
RD-GHY-GTK-12,540.0,22.499592371221112,1580.034691259903,162.55,693.85,15.7,1.0,0.37,7,0.988,0.9234,1.0,1.0,1
RD-SHL-SIL-08,215.0,23.647946933674685,1497.7078716875144,43.95,175.03,5.6,0.883,0.4,7,0.428,0.9953,0.9029,1.0,1
RD-GHY-NAG-10,345.0,19.212304965027027,1448.9012944804601,41.81,172.31,12.3,0.624,0.66,8,0.368,0.9132,0.7605,0.9324,1
RD-GHY-SHL-07,98.0,15.527013503468865,1592.325904586367,0.68,3.01,22.3,0.06,3.1,5,0.059,0.4943,0.2936,0.4599,0
RD-TEZ-ITA-11,155.0,1.0,375.6452833690466,122.99,590.77,21.5,1.0,1.34,5,0.683,0.8711,0.9561,0.9596,1
RD-TEZ-ITA-11,155.0,3.587052721020023,334.4326965403742,11.82,53.25,33.9,0.228,1.51,3,0.154,0.4198,0.6049,0.5743,0
RD-SHL-SIL-08,215.0,21.38242170735898,1362.671082672988,287.63,1332.13,32.1,1.0,0.46,6,1.0,0.9502,0.948,1.0,1
RD-DRG-SELA-05,62.0,30.011552940981467,4145.6398539402535,56.03,185.78,13.0,0.669,2.43,7,0.33,0.9901,0.5453,0.9946,1
RD-BMD-DRG-04,42.0,14.761006533569699,2053.6650845576346,2.26,6.84,28.3,0.073,1.19,5,0.129,0.5852,0.4161,0.572,0
RD-SELA-TWG-06,78.0,25.103322017575227,3128.6810538859295,30.42,114.5,8.3,0.432,1.96,7,0.223,0.8256,0.4689,0.8218,1
RD-GHY-SHL-07,98.0,19.716554055559996,1533.9378616941044,60.48,159.83,16.6,0.583,3.37,4,0.334,0.8372,0.6239,0.808,1
RD-GHY-SHL-07,98.0,14.91046548901388,1547.5551408262947,159.31,752.55,15.1,1.0,2.72,4,0.806,0.9368,0.9497,0.9587,1
RD-TEZ-BHK-02,54.0,17.488666305524596,226.30034590853478,68.76,241.84,13.8,1.0,0.15,4,0.628,0.8903,1.0,1.0,1
RD-GHY-GTK-12,540.0,25.87787674608619,1545.1662150715101,23.54,96.8,10.9,0.623,0.47,8,0.315,0.876,0.8224,0.9127,1
RD-SELA-TWG-06,78.0,25.34114434464893,3190.4579340678324,97.68,288.84,28.8,1.0,1.81,6,0.542,0.9797,0.826,1.0,1
RD-TEZ-BHK-02,54.0,11.260410906459812,260.0780304193859,16.03,43.55,20.7,0.445,0.29,3,0.327,0.6258,0.9229,0.9061,1
RD-TEZ-ITA-11,155.0,7.604452009037731,381.4490251244531,173.5,542.06,11.9,1.0,1.37,2,0.916,0.9455,0.9749,0.989,1
RD-GHY-TEZ-01,178.0,1.4709497490544994,62.190202255577844,88.73,230.7,12.7,0.819,0.65,2,0.587,0.7025,0.978,0.9464,1
RD-BMD-DRG-04,42.0,19.514986935341653,2081.7332023493764,23.38,83.58,21.9,0.329,1.08,6,0.236,0.7405,0.5663,0.7303,1
RD-GHY-NAG-10,345.0,29.778713119308982,1485.6276240299821,65.99,255.92,17.1,0.903,0.96,6,0.445,0.9087,0.7873,0.9317,1
RD-BHK-BMD-03,96.0,21.948478909984964,2487.528958376088,1.78,7.68,7.3,0.326,0.32,8,0.253,0.7948,0.7662,0.8249,1
RD-TEZ-BHK-02,54.0,11.461271977340747,231.22180272503923,9.46,39.69,21.0,0.432,0.33,3,0.284,0.6851,0.8821,0.8754,1
RD-BMD-DRG-04,42.0,16.27525745334512,2112.612019821334,9.35,31.44,4.9,0.155,1.18,6,0.163,0.6866,0.4747,0.6705,1
RD-DRG-SELA-05,62.0,33.00020255371268,4213.80233962649,11.37,36.44,32.9,0.171,2.79,9,0.114,0.891,0.3222,0.8724,1
RD-BHK-BMD-03,96.0,28.421439385602472,2440.4748447001093,10.59,35.56,29.0,0.419,0.46,6,0.257,0.8333,0.694,0.8531,1
RD-GHY-GTK-12,540.0,22.454636044596395,1710.2997258273408,24.37,75.94,18.1,0.553,0.46,11,0.323,0.9363,0.7892,0.9667,1
RD-BHK-BMD-03,96.0,29.906860441548833,2394.6853243794185,18.54,65.0,30.5,0.517,0.24,6,0.359,0.8761,0.8426,0.9135,1
RD-TEZ-BHK-02,54.0,7.14564092295118,148.96983497257415,62.21,174.18,26.0,0.881,0.25,4,0.556,0.789,1.0,1.0,1
RD-DRG-SELA-05,62.0,30.568051830302057,4205.758120038035,6.29,17.55,20.4,0.108,2.67,10,0.092,0.9171,0.3203,0.8956,1
RD-GHY-SHL-07,98.0,17.077941373368915,1543.8645533202139,13.85,35.0,28.8,0.167,3.02,3,0.121,0.6178,0.3821,0.5786,0
RD-GHY-GTK-12,540.0,21.773257620428254,1587.9119712259187,140.2,537.07,7.1,1.0,0.37,9,0.885,0.9794,0.9825,1.0,1
RD-GHY-NAG-10,345.0,19.351966666003964,1479.3197233289177,14.94,39.24,5.6,0.181,1.28,6,0.182,0.7425,0.5493,0.7443,1
RD-TEZ-ITA-11,155.0,1.0,303.5700280954222,133.27,607.57,28.6,1.0,1.73,2,0.712,0.8491,0.9454,0.946,1
RD-GHY-GTK-12,540.0,18.445888649061565,1710.0130874869415,23.03,106.0,10.6,0.653,0.21,9,0.39,0.9111,0.9222,0.9699,1
RD-TEZ-ITA-11,155.0,4.470579920427353,321.7220505852921,4.42,21.37,24.5,0.121,1.0,1,0.154,0.3404,0.6513,0.6089,0
RD-TEZ-BHK-02,54.0,12.959922261796281,191.8633717357694,28.91,123.93,6.1,0.713,0.16,6,0.439,0.8202,0.9082,0.9187,1
RD-GHY-NAG-10,345.0,13.3159429926681,1568.9919349870029,18.07,82.82,28.4,0.326,0.81,7,0.237,0.7805,0.6661,0.7934,1
RD-SELA-TWG-06,78.0,28.059792108192873,3215.8726630625088,2.54,8.87,9.5,0.08,1.73,6,0.101,0.7586,0.3498,0.7466,1
RD-TEZ-ITA-11,155.0,11.264799214941725,320.9200815391719,74.01,288.11,10.9,1.0,1.55,2,0.443,0.8403,0.8546,0.8562,1
RD-GHY-ITA-09,320.0,13.395570697267328,335.07016311951867,39.6,141.42,25.9,0.521,1.15,5,0.306,0.7722,0.7597,0.7724,1
RD-GHY-TEZ-01,178.0,1.0,102.17939682525801,10.12,46.67,18.5,0.456,0.44,0,0.261,0.3848,0.9343,0.8601,1
RD-SHL-SIL-08,215.0,19.92354336376933,1467.3334861877433,155.38,701.34,32.4,1.0,0.41,6,0.946,1.0,1.0,1.0,1
RD-SELA-TWG-06,78.0,25.530505161753574,3142.406580770661,40.77,114.2,32.2,0.431,1.66,7,0.283,0.8656,0.5441,0.8684,1
RD-SHL-SIL-08,215.0,20.984518107123108,1390.2865434010741,18.95,83.27,30.9,0.578,0.35,6,0.324,0.8351,0.8795,0.9227,1
RD-GHY-SHL-07,98.0,13.379013765207489,1524.6364294703094,72.17,331.05,33.2,1.0,2.88,2,0.396,0.8336,0.5971,0.8013,1
RD-GHY-ITA-09,320.0,12.454906974558007,316.1664598375993,1.02,4.03,4.3,0.063,1.3,2,0.116,0.4226,0.6335,0.6067,0
RD-DRG-SELA-05,62.0,28.341481392847438,4216.721389161566,127.47,492.1,12.3,1.0,2.45,8,0.663,1.0,0.89,1.0,1
RD-GHY-ITA-09,320.0,7.692950360755532,344.46673157213354,57.33,175.48,10.8,0.635,0.92,3,0.408,0.6561,0.8346,0.8195,1
RD-SHL-SIL-08,215.0,22.756502051426725,1340.6965384300292,14.25,49.67,19.9,0.216,0.62,6,0.245,0.8451,0.7398,0.8771,1
RD-GHY-GTK-12,540.0,18.916198892510565,1728.3898065598237,15.68,55.21,24.4,0.484,0.13,7,0.392,0.8175,0.979,1.0,1
RD-SELA-TWG-06,78.0,22.792575904762707,3128.5925752277453,76.03,360.33,12.9,1.0,1.95,9,0.436,0.9269,0.7145,0.9492,1
RD-TEZ-BHK-02,54.0,10.712415739565674,284.64769350543844,15.65,65.37,12.1,0.268,0.57,4,0.261,0.698,0.7778,0.7775,1
RD-SHL-SIL-08,215.0,20.88304284118623,1421.8656593519481,129.84,431.8,20.9,1.0,0.54,9,0.799,0.9934,0.9452,1.0,1
RD-SHL-SIL-08,215.0,19.969014584624407,1377.3447066009644,50.74,158.95,30.0,0.58,0.68,8,0.406,0.9391,0.9076,0.9911,1
RD-TEZ-ITA-11,155.0,8.186727466688346,268.13671295186356,19.62,62.57,27.1,0.259,1.62,2,0.186,0.4536,0.6979,0.6627,1
RD-GHY-TEZ-01,178.0,5.176310578301431,133.96745019526662,1.61,6.99,14.2,0.073,0.79,1,0.162,0.2741,0.829,0.7508,1
RD-SELA-TWG-06,78.0,24.75413142434325,3246.8957768755326,108.76,352.37,23.9,1.0,1.8,6,0.594,1.0,0.8307,1.0,1
RD-BMD-DRG-04,42.0,13.606558754987992,2122.0653575849624,14.59,69.95,16.2,0.283,1.05,4,0.197,0.7241,0.5187,0.7098,1
RD-DRG-SELA-05,62.0,32.50285952062913,4177.4044709899135,80.68,361.5,24.3,1.0,2.32,9,0.447,0.957,0.7329,0.9906,1
RD-GHY-NAG-10,345.0,14.263218265156336,1511.5722961262786,28.46,95.55,8.0,0.368,1.03,6,0.264,0.8567,0.6136,0.859,1
RD-DRG-SELA-05,62.0,28.651177698308825,4237.772140055275,52.97,148.07,4.0,0.544,2.73,9,0.309,0.9497,0.5563,0.9585,1
RD-GHY-ITA-09,320.0,5.974864161885972,333.4939953016775,16.73,67.22,15.7,0.274,1.06,3,0.206,0.5745,0.6133,0.6022,0
RD-TEZ-BHK-02,54.0,9.178935056428354,186.2343803475381,251.86,996.57,28.4,1.0,0.54,4,1.0,0.9562,1.0,1.0,1
RD-GHY-SHL-07,98.0,11.686223270390803,1601.7862321291516,4.81,18.97,24.8,0.113,3.16,5,0.077,0.5025,0.2673,0.4653,0
RD-BMD-DRG-04,42.0,15.838285452982783,2050.8848209811345,33.6,155.4,9.9,0.568,1.42,4,0.261,0.8561,0.5915,0.8416,1
RD-TEZ-ITA-11,155.0,12.835205959587682,319.8798079540573,9.32,38.15,28.6,0.177,1.38,2,0.15,0.5131,0.5717,0.552,0
RD-SHL-SIL-08,215.0,19.59353622547107,1468.3077314136824,79.88,361.42,21.5,1.0,0.4,6,0.596,1.0,0.966,1.0,1
RD-TEZ-BHK-02,54.0,18.189082468780892,221.2909862004908,15.54,74.28,4.6,0.548,0.17,5,0.372,0.735,1.0,0.9952,1
RD-GHY-SHL-07,98.0,15.154075276397695,1501.059287695943,49.41,179.62,16.4,0.649,2.98,2,0.288,0.7544,0.5438,0.7208,1
RD-DRG-SELA-05,62.0,25.013797716755562,4066.752130620763,6.18,25.63,33.9,0.135,2.36,8,0.099,0.8322,0.3655,0.825,1
RD-SELA-TWG-06,78.0,22.62236097231439,3208.8875053134016,17.14,71.14,17.3,0.287,1.88,6,0.164,0.8261,0.4923,0.8252,1
RD-GHY-ITA-09,320.0,6.873152986712007,336.0094828811497,30.51,106.89,14.1,0.406,0.91,2,0.285,0.5717,0.7864,0.7639,1
RD-GHY-GTK-12,540.0,21.637722091896645,1701.3493131659866,2.11,8.2,21.9,0.077,0.52,8,0.206,0.7845,0.7425,0.8142,1
RD-SELA-TWG-06,78.0,24.617181195960253,3188.915571000047,17.66,57.25,8.3,0.241,1.57,7,0.179,0.8741,0.4543,0.8646,1
RD-DRG-SELA-05,62.0,32.8742883581606,4198.488017859932,2.93,10.8,22.9,0.086,2.54,7,0.079,0.8538,0.3328,0.8403,1
RD-BMD-DRG-04,42.0,13.559408951901293,2109.338102742412,110.09,417.32,21.4,1.0,1.29,7,0.625,0.9265,0.8876,0.9489,1
RD-BMD-DRG-04,42.0,14.349654151190384,2092.6487288284575,4.96,17.86,23.3,0.11,1.37,5,0.13,0.6298,0.4001,0.6111,0
RD-GHY-GTK-12,540.0,20.768336864330863,1707.0732158986125,60.11,274.47,21.6,1.0,0.19,9,0.571,0.9702,1.0,1.0,1
RD-GHY-GTK-12,540.0,22.72123326301324,1586.1847791730831,193.67,746.16,22.2,1.0,0.05,7,1.0,0.9996,1.0,1.0,1
RD-BMD-DRG-04,42.0,17.66267411183812,2094.424558642853,25.94,79.55,24.0,0.315,1.04,4,0.251,0.7207,0.5545,0.7105,1
RD-DRG-SELA-05,62.0,22.611653929993196,4272.648601225083,17.11,44.97,15.9,0.2,2.72,7,0.142,0.8317,0.3534,0.823,1
RD-GHY-ITA-09,320.0,8.528395582068045,357.8346864123262,2.58,10.17,21.0,0.084,1.3,3,0.123,0.4704,0.5376,0.5229,0
RD-TEZ-BHK-02,54.0,11.336020051378325,281.04834421842,36.3,94.9,32.4,0.616,0.05,5,0.533,0.7784,1.0,1.0,1
RD-DRG-SELA-05,62.0,25.083059174479025,4154.890970650869,63.3,264.34,23.3,0.931,1.98,8,0.376,0.929,0.6201,0.9481,1
RD-BHK-BMD-03,96.0,23.752225818212718,2506.7147396944106,3.63,17.74,22.0,0.359,0.12,6,0.339,0.8084,0.9387,0.9697,1
RD-GHY-GTK-12,540.0,19.394049862297024,1605.1254218416395,39.61,153.2,18.3,0.811,0.05,9,0.548,0.9312,0.9918,1.0,1
RD-DRG-SELA-05,62.0,32.90072140830971,4143.319984678042,116.83,411.71,33.3,1.0,2.74,8,0.607,0.959,0.8315,1.0,1
RD-GHY-TEZ-01,178.0,5.62629204757987,82.49060833964185,70.46,186.65,24.8,0.672,0.59,1,0.513,0.6638,0.9529,0.9168,1
RD-GHY-GTK-12,540.0,19.254653899823836,1591.3060017795515,5.08,21.3,15.9,0.371,0.26,8,0.287,0.8987,0.9115,0.9577,1
RD-TEZ-ITA-11,155.0,11.573107030613198,250.15329542660203,6.16,22.68,20.6,0.126,1.57,2,0.125,0.487,0.5963,0.5724,0
RD-SHL-SIL-08,215.0,23.970841336972835,1441.403303818619,120.38,510.12,21.0,1.0,0.45,6,0.773,1.0,0.9584,1.0,1
RD-GHY-TEZ-01,178.0,1.0,94.91317383621524,32.01,121.13,12.6,0.454,0.75,0,0.309,0.4461,0.879,0.8179,1
RD-SHL-SIL-08,215.0,24.557787409885307,1506.0284060215251,6.71,24.68,6.7,0.132,0.62,7,0.211,0.7435,0.7541,0.7901,1
RD-SELA-TWG-06,78.0,24.754430907469217,3207.2171733648347,189.02,675.6,26.5,1.0,1.97,6,0.963,0.9638,0.9391,1.0,1
RD-GHY-TEZ-01,178.0,1.0,188.13732461786313,9.92,32.41,20.7,0.158,0.65,0,0.219,0.302,0.8153,0.7419,1
RD-SHL-SIL-08,215.0,18.119477124387714,1453.4189666847008,102.42,358.56,28.4,1.0,0.62,7,0.656,1.0,0.9037,1.0,1
RD-TEZ-BHK-02,54.0,14.74849209457772,221.80403032551817,38.07,159.81,32.0,0.833,0.14,3,0.488,0.8246,1.0,1.0,1
RD-TEZ-BHK-02,54.0,12.802048456872448,199.66268098952554,9.56,42.03,26.8,0.44,0.05,3,0.408,0.6541,0.9915,0.9751,1
RD-TEZ-ITA-11,155.0,3.04258857399652,305.79224510356016,191.83,854.55,27.0,1.0,1.74,2,0.985,0.9618,0.9239,0.9729,1
RD-BHK-BMD-03,96.0,26.640804706181108,2424.931536416609,19.52,80.28,26.4,0.568,0.12,6,0.416,0.9061,0.9274,0.9723,1
RD-DRG-SELA-05,62.0,30.382633162189883,4188.503055763448,188.42,824.92,30.9,1.0,2.48,8,0.946,1.0,0.9226,1.0,1
RD-BMD-DRG-04,42.0,15.894977169981292,2139.1436867474285,108.03,488.54,30.3,1.0,1.11,6,0.628,0.9536,0.8737,0.9736,1
RD-GHY-SHL-07,98.0,14.98146887192044,1660.626551969862,40.16,133.69,19.0,0.496,2.93,4,0.246,0.6978,0.4924,0.6627,1
RD-GHY-NAG-10,345.0,19.021962409236423,1540.8433984766132,188.22,852.59,32.4,1.0,0.81,6,1.0,1.0,1.0,1.0,1
RD-GHY-ITA-09,320.0,7.888818615875206,440.3258105331005,39.63,124.08,30.2,0.464,1.03,2,0.316,0.6779,0.7523,0.7439,1
RD-SHL-SIL-08,215.0,25.68764435289115,1356.9903652288751,7.34,31.57,19.3,0.155,0.96,9,0.171,0.864,0.669,0.8862,1
RD-GHY-NAG-10,345.0,16.284761874131817,1516.6303755162098,41.79,142.41,30.4,0.525,1.09,6,0.321,0.8581,0.6869,0.8698,1
RD-DRG-SELA-05,62.0,31.961886649469655,4162.981247054733,34.93,110.95,11.5,0.42,2.56,9,0.228,0.9339,0.4603,0.9303,1
RD-GHY-TEZ-01,178.0,5.043027750845419,10.0,130.22,445.72,14.7,1.0,1.0,1,0.741,0.8423,0.9737,0.9626,1
RD-GHY-GTK-12,540.0,20.680988992406053,1618.898259722281,169.53,599.77,16.7,1.0,0.42,9,1.0,0.9388,0.9813,1.0,1
RD-BMD-DRG-04,42.0,18.37952706465603,2093.897143393936,48.82,184.64,13.6,0.665,1.11,4,0.352,0.8395,0.6261,0.8304,1
RD-DRG-SELA-05,62.0,30.174092262389987,4134.265966150479,0.01,0.04,29.3,0.05,2.6,7,0.064,0.8381,0.2927,0.8211,1
RD-BHK-BMD-03,96.0,22.79950724816529,2375.5181289281945,204.15,571.17,19.4,1.0,0.69,6,1.0,1.0,1.0,1.0,1
RD-GHY-ITA-09,320.0,7.155326151099551,363.8679230982338,127.91,535.82,19.3,1.0,1.1,5,0.722,0.9266,0.9513,0.9688,1
RD-GHY-TEZ-01,178.0,1.0,69.14314597756189,68.2,187.11,25.2,0.674,0.69,1,0.486,0.6422,0.9111,0.8742,1
RD-GHY-GTK-12,540.0,18.630457682852235,1561.4465723455955,9.31,24.86,9.6,0.383,0.39,8,0.267,0.7798,0.8006,0.8342,1
RD-DRG-SELA-05,62.0,28.27226691598827,4111.388312328168,178.36,472.76,12.9,1.0,2.59,7,0.897,0.9746,0.9144,1.0,1
RD-DRG-SELA-05,62.0,32.35889802775243,4179.053137138554,2.56,12.22,9.7,0.091,2.76,7,0.073,0.8482,0.3145,0.833,1
RD-GHY-GTK-12,540.0,20.506994382343827,1660.6046676537087,67.33,170.56,19.4,0.869,0.1,8,0.647,0.9201,0.9516,1.0,1
RD-TEZ-BHK-02,54.0,13.278387520412387,312.29323298210153,41.13,120.06,13.3,0.7,0.2,5,0.476,0.7852,0.9619,0.9659,1
RD-DRG-SELA-05,62.0,30.997533073723204,4190.6054580510145,16.58,58.6,5.2,0.245,2.61,7,0.142,0.8815,0.3641,0.8694,1
RD-TEZ-ITA-11,155.0,6.807884257742202,379.8593242311214,139.19,480.78,27.3,1.0,1.2,1,0.767,0.9244,0.971,0.982,1
RD-BMD-DRG-04,42.0,11.794275796851286,2166.0092098599207,2.5,8.35,13.4,0.078,1.26,6,0.125,0.5704,0.4008,0.5572,0
RD-GHY-ITA-09,320.0,6.370633023299394,404.5430835301849,149.61,598.81,24.9,1.0,1.01,2,0.831,0.9633,0.9631,0.9859,1
RD-BHK-BMD-03,96.0,30.38818918534419,2394.6421591598773,6.95,19.29,30.5,0.364,0.33,7,0.274,0.869,0.7461,0.8939,1
RD-BHK-BMD-03,96.0,25.91382894646893,2449.6477507259724,101.33,276.06,31.3,1.0,0.36,6,0.706,0.9849,0.9458,1.0,1
RD-BHK-BMD-03,96.0,27.458574012348866,2532.6808634246145,6.17,30.34,10.2,0.401,0.43,7,0.244,0.8936,0.6648,0.9066,1
RD-GHY-NAG-10,345.0,13.569225217404295,1530.9054551270294,49.92,167.1,32.6,0.607,1.2,7,0.35,0.8745,0.6543,0.8812,1
RD-GHY-NAG-10,345.0,12.468619249557763,1455.4841075990064,9.01,39.28,31.6,0.181,0.89,7,0.186,0.7527,0.5719,0.7564,1
RD-SHL-SIL-08,215.0,24.54883596554864,1380.34736214693,207.68,696.7,17.0,1.0,0.7,10,1.0,0.984,1.0,1.0,1
RD-GHY-GTK-12,540.0,25.844336372129554,1633.898592275397,1.84,6.46,24.2,0.072,0.57,7,0.196,0.7716,0.7058,0.7975,1
RD-GHY-SHL-07,98.0,19.363680639178682,1475.04920197708,7.99,25.8,26.5,0.136,2.98,5,0.095,0.6335,0.3361,0.5884,0
RD-GHY-ITA-09,320.0,5.392267044962631,342.67207321541605,26.06,111.23,11.6,0.421,1.25,4,0.236,0.5735,0.7194,0.7014,1
RD-SHL-SIL-08,215.0,26.5840940781635,1462.475245035308,198.36,979.6,21.2,1.0,0.23,6,1.0,1.0,0.9812,1.0,1
RD-GHY-TEZ-01,178.0,2.9633377649265897,140.67368660087033,31.84,110.92,18.2,0.42,0.91,0,0.291,0.4495,0.8093,0.7544,1
RD-GHY-GTK-12,540.0,20.24525750770326,1620.9675848723025,42.92,164.74,23.1,0.849,0.18,7,0.495,0.9463,0.9035,0.9926,1
RD-DRG-SELA-05,62.0,32.39972010956728,4178.492234862451,208.33,747.6,32.6,1.0,2.16,7,1.0,1.0,0.9511,1.0,1
RD-BMD-DRG-04,42.0,17.08934688323357,2042.4913969842805,12.62,48.36,20.9,0.211,1.27,5,0.172,0.6941,0.4722,0.6772,1
RD-GHY-NAG-10,345.0,22.087688558137355,1582.0307281744144,31.35,93.43,24.0,0.361,1.53,7,0.245,0.8319,0.6008,0.834,1
RD-GHY-TEZ-01,178.0,2.5553991054996823,56.98545262180101,7.19,19.51,17.1,0.115,1.19,0,0.152,0.2333,0.7815,0.7036,1
RD-TEZ-ITA-11,155.0,9.549681521138538,277.05936360396555,94.54,454.41,19.1,1.0,1.49,3,0.541,0.8391,0.9528,0.9518,1
RD-GHY-NAG-10,345.0,19.081943674307386,1431.6570818359587,93.48,460.94,19.5,1.0,1.02,7,0.568,0.9447,0.8856,0.9805,1
RD-BHK-BMD-03,96.0,26.85463597420581,2416.2904719830885,7.59,28.56,27.1,0.145,0.64,6,0.212,0.8126,0.588,0.8204,1
RD-TEZ-ITA-11,155.0,5.7357262679127805,258.2359752616863,20.87,82.3,21.1,0.324,1.28,1,0.21,0.4474,0.6985,0.6626,1
RD-DRG-SELA-05,62.0,36.195614336289026,4210.106422930906,226.88,1117.41,30.0,1.0,2.67,8,1.0,0.9542,0.9526,1.0,1
RD-GHY-NAG-10,345.0,20.870109559156976,1543.6814251037265,13.4,64.46,5.7,0.265,0.89,8,0.206,0.8556,0.5753,0.8531,1
RD-SHL-SIL-08,215.0,26.11013098351297,1318.3561080754814,28.67,108.58,7.0,0.412,0.55,8,0.325,0.8839,0.8683,0.9314,1
RD-SHL-SIL-08,215.0,23.345907293543583,1412.514765509152,18.26,85.79,23.5,0.336,0.66,6,0.257,0.8202,0.7378,0.853,1
RD-SELA-TWG-06,78.0,21.45715606761007,3171.202759428814,83.82,368.91,24.3,1.0,1.77,6,0.479,1.0,0.7282,1.0,1
RD-TEZ-BHK-02,54.0,13.139421371159068,225.4981280196814,13.82,50.73,8.4,0.469,0.13,5,0.383,0.7457,0.9609,0.9592,1
RD-SELA-TWG-06,78.0,23.581626478242075,3238.0160937674927,75.77,205.85,20.2,0.736,1.76,10,0.442,0.9597,0.7059,0.9793,1
RD-SHL-SIL-08,215.0,22.664675420872634,1432.4682342168762,14.13,60.08,27.0,0.25,0.66,6,0.238,0.7829,0.7176,0.8147,1
RD-GHY-SHL-07,98.0,18.136476065650992,1525.3427572122926,12.71,63.0,23.3,0.26,3.21,2,0.113,0.5778,0.3885,0.5428,0
RD-GHY-ITA-09,320.0,6.16788554546228,337.8650626087359,150.5,543.53,26.3,1.0,0.72,2,0.866,0.8864,0.928,0.9402,1
RD-TEZ-BHK-02,54.0,13.723029960203343,185.22403055772187,2.07,8.19,30.5,0.327,0.05,4,0.373,0.685,0.9793,0.968,1
RD-SELA-TWG-06,78.0,24.206863808430512,3197.2039775738895,180.55,468.7,15.0,1.0,1.87,9,0.927,1.0,0.9613,1.0,1
RD-GHY-SHL-07,98.0,12.202570059823866,1548.2739100084345,21.37,78.79,15.6,0.313,2.56,3,0.165,0.6242,0.4206,0.588,0
RD-GHY-TEZ-01,178.0,7.987469684630851,81.56771233451288,1.97,9.69,19.4,0.332,0.43,1,0.224,0.3816,0.8695,0.8009,1
RD-GHY-ITA-09,320.0,6.707905703387552,325.61630128605003,12.38,55.08,18.1,0.234,1.19,4,0.176,0.5289,0.7069,0.685,1
RD-GHY-TEZ-01,178.0,3.171363415327308,52.682014005651354,210.13,576.11,25.6,1.0,0.68,0,1.0,0.9255,0.9635,0.9647,1
RD-SELA-TWG-06,78.0,25.387396546129242,3213.177540597739,32.59,116.37,4.8,0.438,2.06,7,0.23,0.8139,0.5188,0.8172,1
RD-SHL-SIL-08,215.0,17.30305590518321,1312.914822345991,91.56,449.12,19.3,1.0,0.43,7,0.643,0.9097,0.9755,1.0,1
RD-GHY-TEZ-01,178.0,1.818640427943091,102.46781007328926,120.05,599.87,5.6,1.0,0.76,1,0.719,0.7762,0.9587,0.9385,1
RD-GHY-ITA-09,320.0,7.725757870407848,392.34732508849567,188.63,917.09,14.0,1.0,1.13,2,1.0,0.9538,1.0,1.0,1
RD-DRG-SELA-05,62.0,34.675838513868726,4215.17194312439,0.5,1.57,17.5,0.055,2.9,8,0.061,0.9352,0.3709,0.9189,1
RD-GHY-GTK-12,540.0,20.878348153253295,1663.8290752795524,9.02,34.83,24.8,0.416,0.3,8,0.292,0.8387,0.8671,0.9061,1
RD-GHY-TEZ-01,178.0,3.945540976020772,170.50553399652054,16.99,57.2,17.0,0.241,0.87,1,0.225,0.4171,0.7762,0.7203,1
RD-GHY-NAG-10,345.0,15.836446329445634,1508.2147382685284,24.58,77.47,4.3,0.308,1.34,8,0.223,0.8575,0.5764,0.855,1
RD-GHY-GTK-12,540.0,14.21612691974959,1604.8904779763916,176.78,606.39,6.8,1.0,0.22,9,1.0,1.0,1.0,1.0,1
RD-GHY-ITA-09,320.0,7.624724103224389,293.9378129952804,232.21,766.87,19.8,1.0,1.29,3,1.0,0.9697,0.9782,1.0,1
RD-GHY-SHL-07,98.0,12.70468725825686,1501.6706054507342,113.14,421.74,13.6,1.0,2.99,3,0.585,0.9108,0.8457,0.9077,1
RD-TEZ-BHK-02,54.0,15.719304683045216,247.2540324754622,32.72,89.04,24.3,0.597,0.07,4,0.505,0.7761,1.0,1.0,1
RD-TEZ-BHK-02,54.0,16.419824464591745,163.6416071705176,8.59,24.34,32.6,0.381,0.05,3,0.404,0.6724,0.9663,0.9538,1
RD-BHK-BMD-03,96.0,24.46080031719886,2384.631510888452,18.54,78.96,10.5,0.563,0.08,9,0.431,0.894,0.9507,0.9936,1
RD-GHY-GTK-12,540.0,21.305056186341893,1655.282691251303,10.86,40.89,27.3,0.186,0.58,8,0.236,0.8007,0.6773,0.822,1
RD-GHY-GTK-12,540.0,18.25157545025597,1620.223253240807,41.37,182.7,13.1,0.909,0.48,9,0.397,0.9672,0.9083,1.0,1
RD-SHL-SIL-08,215.0,17.016749753298484,1425.1626032374752,86.32,249.54,26.6,1.0,0.09,8,0.743,0.9495,1.0,1.0,1
RD-BMD-DRG-04,42.0,22.834729211746826,2052.9800541757822,1.84,5.67,18.8,0.069,1.09,5,0.135,0.6728,0.3909,0.6493,0
RD-BHK-BMD-03,96.0,24.69110529954352,2465.8954192047836,5.01,24.13,30.0,0.13,0.53,7,0.218,0.8279,0.6681,0.8447,1
RD-GHY-NAG-10,345.0,19.33669374383247,1473.7184533007307,30.14,124.07,17.8,0.464,0.91,7,0.283,0.811,0.6478,0.8201,1
RD-BHK-BMD-03,96.0,24.9988417296387,2471.925088478287,27.59,78.19,24.7,0.561,0.42,7,0.347,0.9298,0.8135,0.9618,1
RD-DRG-SELA-05,62.0,32.483599231254196,4139.626385618984,61.65,250.6,6.3,0.885,2.42,7,0.356,0.9819,0.6028,0.9954,1
RD-GHY-SHL-07,98.0,15.473020630044605,1523.3637250891547,32.99,151.34,25.3,0.554,3.17,4,0.208,0.6766,0.4633,0.6401,0
RD-GHY-ITA-09,320.0,8.006317091131978,374.3652618522497,0.87,3.7,25.8,0.062,1.31,3,0.114,0.4457,0.5862,0.5654,0
RD-GHY-TEZ-01,178.0,3.081178438709591,187.41753146337135,1.43,4.86,28.8,0.066,0.78,2,0.163,0.2838,0.7643,0.6942,1
RD-DRG-SELA-05,62.0,25.551314846736897,4060.446296371767,2.39,11.8,14.8,0.089,2.43,10,0.079,0.826,0.306,0.812,1
RD-GHY-NAG-10,345.0,12.6565247566031,1388.476599043777,37.3,96.96,21.9,0.373,0.95,7,0.312,0.8126,0.7236,0.8309,1
RD-SHL-SIL-08,215.0,21.182365835914574,1389.3749317654417,73.38,228.06,20.5,0.81,0.74,7,0.504,0.9533,0.8859,1.0,1
RD-SHL-SIL-08,215.0,25.44901605663624,1414.8288469265153,30.57,90.67,9.6,0.352,0.75,7,0.302,0.8958,0.7323,0.9248,1
RD-SELA-TWG-06,78.0,26.18615550427542,3277.8688408701787,0.94,4.09,22.8,0.064,1.9,7,0.088,0.7629,0.3302,0.7483,1
RD-GHY-ITA-09,320.0,8.822333123022677,369.3685740316495,4.87,20.4,29.8,0.118,1.16,5,0.143,0.5596,0.5886,0.5777,0
RD-SELA-TWG-06,78.0,26.469694024739418,3203.945141557228,35.8,117.62,32.7,0.442,1.71,6,0.258,0.8625,0.5415,0.8652,1
RD-GHY-GTK-12,540.0,22.262098893055438,1621.1039611583644,128.72,616.18,10.4,1.0,0.48,7,0.806,0.9792,0.9362,1.0,1
RD-GHY-SHL-07,98.0,16.526529993039357,1524.6133348385122,147.98,589.58,26.6,1.0,2.63,4,0.755,0.9168,0.8602,0.9156,1
RD-GHY-SHL-07,98.0,16.57141805836454,1563.2808496586267,119.38,571.62,12.0,1.0,3.13,3,0.612,0.9166,0.8097,0.9084,1
RD-GHY-GTK-12,540.0,18.193211103712724,1717.9291434808915,3.42,9.77,7.1,0.333,0.23,7,0.29,0.8216,0.8555,0.8926,1
RD-GHY-SHL-07,98.0,18.539930294303446,1486.9394074073846,7.69,21.09,9.0,0.12,3.39,4,0.087,0.5869,0.3259,0.5455,0
RD-TEZ-ITA-11,155.0,4.347054589385252,374.524236245382,77.57,304.35,29.0,1.0,1.74,4,0.451,0.8028,0.8409,0.838,1
RD-TEZ-ITA-11,155.0,2.8794188405523062,417.25975371384664,53.11,253.61,15.5,0.895,1.14,4,0.37,0.7074,0.801,0.7878,1
RD-SHL-SIL-08,215.0,23.75294249930593,1411.6435653870126,10.2,27.22,12.0,0.141,0.64,7,0.222,0.8654,0.6881,0.8899,1
RD-BHK-BMD-03,96.0,23.289425311317004,2535.952030642091,5.53,25.19,11.1,0.384,0.22,6,0.303,0.8363,0.839,0.8764,1
RD-GHY-NAG-10,345.0,19.30288822798608,1542.6234321716474,59.96,299.68,10.3,1.0,0.65,10,0.453,0.9362,0.8046,0.9608,1
RD-TEZ-BHK-02,54.0,10.551926931731668,228.9231701208131,3.69,11.74,28.5,0.339,0.05,3,0.381,0.6462,0.9758,0.959,1
RD-SHL-SIL-08,215.0,21.48356717887458,1461.3968673692666,76.49,302.27,31.9,1.0,0.5,8,0.557,0.9472,0.8998,0.998,1
RD-SHL-SIL-08,215.0,21.97566039516475,1407.9044612661592,103.98,353.93,20.0,1.0,0.44,9,0.697,1.0,1.0,1.0,1
RD-BHK-BMD-03,96.0,30.435080347817983,2413.3367453256824,18.91,54.09,6.8,0.48,0.27,7,0.349,0.8627,0.8484,0.901,1
RD-TEZ-ITA-11,155.0,10.32583501740567,294.3812879661653,112.44,520.47,29.9,1.0,1.51,2,0.624,0.8669,0.9279,0.9314,1
RD-TEZ-BHK-02,54.0,12.482543727506908,273.58490919106293,44.31,159.83,26.0,0.833,0.09,4,0.548,0.84,0.9488,0.9611,1
RD-DRG-SELA-05,62.0,32.559147961544184,4211.888211077329,62.01,219.44,11.7,0.781,2.36,7,0.359,0.8738,0.5673,0.8891,1
RD-GHY-GTK-12,540.0,24.944443934532842,1690.699043009887,190.28,704.11,18.6,1.0,0.33,9,1.0,0.9854,1.0,1.0,1
RD-TEZ-BHK-02,54.0,12.054152438699969,271.33068186315353,7.48,27.36,11.4,0.391,0.21,5,0.317,0.6821,0.9004,0.8924,1
RD-TEZ-ITA-11,155.0,5.256858472491139,291.7211816063005,34.14,123.49,27.3,0.462,1.41,3,0.264,0.5955,0.6571,0.6393,0
RD-GHY-SHL-07,98.0,16.456918454830692,1468.4332444791464,3.08,15.28,24.0,0.101,3.1,2,0.07,0.4663,0.3413,0.4382,0
RD-TEZ-ITA-11,155.0,8.1957297185171,308.43495285351503,39.17,158.09,30.8,0.577,1.38,1,0.289,0.64,0.7852,0.7648,1
RD-SHL-SIL-08,215.0,17.669187213490705,1375.8545080269741,8.34,25.84,12.4,0.386,0.48,7,0.242,0.8271,0.8101,0.8685,1
RD-GHY-TEZ-01,178.0,5.780693770997381,70.80064418595606,5.55,16.09,27.7,0.104,0.82,1,0.177,0.3671,0.7795,0.7175,1
RD-BMD-DRG-04,42.0,20.220804237675253,2075.794075270759,58.3,204.1,32.4,0.73,1.39,5,0.378,0.8818,0.6588,0.8746,1
RD-DRG-SELA-05,62.0,33.17759092195328,4176.320641471681,57.24,264.74,12.7,0.932,2.26,9,0.339,0.9917,0.5957,1.0,1
RD-GHY-GTK-12,540.0,20.757247987011937,1491.4787132060972,197.09,499.28,20.3,1.0,0.34,9,1.0,0.9771,1.0,1.0,1
RD-TEZ-BHK-02,54.0,9.914345413382152,200.45591041527172,6.62,31.0,22.4,0.403,0.21,4,0.314,0.6431,0.9476,0.9318,1
RD-GHY-GTK-12,540.0,19.33777881829803,1669.1065252198318,135.13,507.35,17.6,1.0,0.7,7,0.797,1.0,0.9979,1.0,1
RD-SHL-SIL-08,215.0,21.231157527245283,1373.262166457784,139.77,381.14,11.9,1.0,0.56,7,0.841,0.9604,0.9992,1.0,1
RD-DRG-SELA-05,62.0,32.183530420923525,4221.1600486674,35.68,110.22,25.4,0.417,2.46,7,0.234,0.8934,0.5068,0.8993,1
RD-GHY-TEZ-01,178.0,6.590105781212227,96.14287549225618,3.91,14.74,28.4,0.099,0.95,2,0.156,0.3461,0.8009,0.7343,1
RD-GHY-TEZ-01,178.0,3.182609187216303,153.3392496601604,22.35,83.26,29.4,0.328,0.78,1,0.261,0.3429,0.8324,0.7624,1
RD-SELA-TWG-06,78.0,28.563969436487668,3194.2679582246806,14.23,39.37,11.2,0.181,1.85,6,0.151,0.778,0.3948,0.7694,1
RD-BMD-DRG-04,42.0,9.848927628147399,2136.9590247350784,1.25,4.14,20.3,0.064,1.3,5,0.117,0.5574,0.4,0.5452,0
RD-GHY-NAG-10,345.0,13.21231809427766,1497.1529770637603,49.88,150.38,25.3,0.551,0.83,7,0.383,0.8325,0.7693,0.8557,1
RD-BHK-BMD-03,96.0,25.47527010334493,2493.359653095947,113.69,526.54,9.9,1.0,0.21,7,0.811,1.0,0.9803,1.0,1
RD-TEZ-BHK-02,54.0,8.81449241295463,236.86758889390893,2.99,8.95,32.3,0.33,0.25,5,0.281,0.6373,0.9417,0.9255,1
RD-GHY-SHL-07,98.0,16.263567664413205,1580.9869392351434,158.25,500.47,24.2,1.0,2.62,2,0.803,0.9467,0.893,0.9495,1
RD-BMD-DRG-04,42.0,11.652548430661339,2134.279487314921,49.42,190.21,6.3,0.684,1.17,6,0.35,0.8083,0.6536,0.8043,1
RD-GHY-NAG-10,345.0,25.014034212618988,1488.201504247695,227.02,662.97,19.4,1.0,0.92,7,1.0,1.0,0.9703,1.0,1
RD-SHL-SIL-08,215.0,23.246652224422693,1365.649295015025,63.29,182.72,13.0,0.909,0.23,6,0.569,0.869,0.9572,1.0,1
RD-SHL-SIL-08,215.0,22.440805895160064,1373.8934214990004,150.86,398.24,8.3,1.0,1.12,7,0.828,1.0,0.9485,1.0,1
RD-GHY-TEZ-01,178.0,1.1565608198777584,124.20657424094057,31.51,95.31,7.5,0.368,0.92,0,0.288,0.4357,0.8879,0.8248,1
RD-SHL-SIL-08,215.0,20.5993281491776,1368.685428890619,53.43,258.82,24.8,1.0,0.42,6,0.468,0.9539,0.8914,1.0,1
RD-TEZ-ITA-11,155.0,10.828561997327919,269.3485244188581,88.42,364.78,6.7,1.0,1.16,1,0.533,0.8003,0.9076,0.9025,1
RD-TEZ-BHK-02,54.0,11.50400186548757,258.89416337916174,17.94,60.56,27.2,0.502,0.05,3,0.447,0.6353,1.0,0.9803,1
RD-SELA-TWG-06,78.0,26.984737074032974,3155.193476601374,7.39,25.26,7.2,0.134,1.86,8,0.119,0.8534,0.3777,0.8358,1
RD-DRG-SELA-05,62.0,32.66289058138221,4220.082675168855,28.27,83.0,15.4,0.327,2.68,9,0.195,0.9343,0.4807,0.9335,1
RD-GHY-SHL-07,98.0,15.415729379594058,1582.6411937759892,49.5,198.85,9.0,0.713,3.18,2,0.285,0.7196,0.5325,0.6872,1
RD-SHL-SIL-08,215.0,28.43510926230612,1444.7338571219066,14.41,36.68,16.0,0.172,0.69,6,0.235,0.8624,0.7332,0.8928,1
RD-BMD-DRG-04,42.0,19.689971105316047,2030.3675621108373,139.5,382.71,13.1,1.0,1.46,5,0.753,1.0,0.9494,1.0,1
RD-SHL-SIL-08,215.0,23.466781718917087,1377.184848373869,127.7,435.63,29.3,1.0,0.81,7,0.749,0.99,0.9912,1.0,1
RD-GHY-SHL-07,98.0,15.094394953407626,1534.0625842376933,19.8,97.37,17.6,0.375,2.79,4,0.153,0.6293,0.4236,0.5929,0
RD-GHY-NAG-10,345.0,17.1166327272359,1572.6377772563092,3.04,13.12,13.3,0.094,1.21,7,0.131,0.7378,0.4351,0.7273,1
RD-GHY-GTK-12,540.0,16.878495525304018,1752.1512900924495,26.13,118.14,14.9,0.694,0.36,7,0.355,0.8947,0.862,0.9362,1
RD-TEZ-ITA-11,155.0,6.252319463665472,303.2396373370291,45.0,177.43,23.4,0.641,2.1,2,0.287,0.6638,0.707,0.6933,1
RD-GHY-TEZ-01,178.0,1.0,130.57052897327475,1.9,4.92,25.5,0.066,1.42,0,0.113,0.2364,0.7033,0.6347,0
RD-TEZ-ITA-11,155.0,8.198487245465234,256.28839404616025,7.37,26.92,12.6,0.14,1.71,2,0.125,0.4404,0.6549,0.6219,0
RD-GHY-TEZ-01,178.0,6.400643440517598,134.36612528232615,0.26,0.98,5.1,0.053,0.83,2,0.152,0.3294,0.7719,0.7063,1
RD-GHY-GTK-12,540.0,13.585320275057217,1566.2104108281749,2.35,8.61,11.2,0.329,0.05,7,0.375,0.8107,1.0,1.0,1
RD-DRG-SELA-05,62.0,31.44352699778796,4181.6243309209685,38.17,127.73,32.1,0.476,2.68,8,0.241,0.9256,0.432,0.9187,1
RD-BMD-DRG-04,42.0,17.49728744841325,2015.3864584178336,34.66,134.93,26.3,0.5,1.17,7,0.282,0.7989,0.5311,0.7807,1
RD-SELA-TWG-06,78.0,24.13389540798719,3217.0830115976314,183.17,771.22,30.5,1.0,1.75,6,0.944,0.9778,0.978,1.0,1
RD-BMD-DRG-04,42.0,15.584463266178325,2078.8054978838823,13.22,49.98,32.2,0.217,1.14,4,0.184,0.6969,0.433,0.6756,1
RD-TEZ-ITA-11,155.0,2.25033206628287,318.97197213247466,86.45,380.8,19.2,1.0,1.56,1,0.501,0.763,0.8293,0.8218,1
RD-TEZ-ITA-11,155.0,7.828578135625804,242.23131330793788,5.97,29.08,27.0,0.147,1.54,4,0.126,0.4596,0.59,0.5642,0
RD-BHK-BMD-03,96.0,26.907773701655042,2454.321509454377,4.72,18.05,12.1,0.36,0.32,8,0.267,0.8655,0.747,0.8907,1
RD-TEZ-ITA-11,155.0,7.880864244768397,306.1473449860454,64.38,321.4,16.9,1.0,1.59,2,0.396,0.743,0.785,0.7767,1
RD-DRG-SELA-05,62.0,28.90934984332318,4131.6567980997725,40.55,197.57,12.0,0.709,2.51,11,0.256,0.9548,0.5226,0.9584,1
RD-GHY-TEZ-01,178.0,2.758056175535276,221.96908113914307,4.36,16.65,7.8,0.105,0.79,2,0.175,0.2743,0.7756,0.7031,1
RD-GHY-GTK-12,540.0,25.648022780313177,1633.7418633789187,121.73,370.57,33.0,1.0,0.11,7,0.895,1.0,0.9749,1.0,1
RD-DRG-SELA-05,62.0,33.165502358783584,4203.3436172537895,7.86,21.23,18.2,0.121,2.43,10,0.105,0.8971,0.3592,0.8829,1
RD-GHY-SHL-07,98.0,13.147962950506802,1581.6060473613907,223.15,644.74,10.8,1.0,2.88,2,1.0,1.0,0.9636,1.0,1
RD-BHK-BMD-03,96.0,28.894179620057027,2391.1664085464968,28.31,134.58,31.8,0.749,0.38,7,0.359,0.9557,0.8064,0.9859,1
RD-SELA-TWG-06,78.0,18.935633773632837,3190.7927092158397,3.15,12.29,19.1,0.091,1.57,7,0.111,0.7459,0.374,0.7379,1
RD-DRG-SELA-05,62.0,28.423869317668597,4142.315242343227,50.1,214.54,15.0,0.765,2.27,8,0.306,0.9584,0.4949,0.9578,1
RD-DRG-SELA-05,62.0,34.672900023558256,4180.9329653378645,19.08,74.51,4.2,0.298,2.41,8,0.158,0.944,0.3367,0.9221,1
RD-SHL-SIL-08,215.0,22.763279372280163,1368.9115323583399,74.71,362.71,26.2,1.0,0.34,6,0.587,0.8825,0.9718,1.0,1
RD-DRG-SELA-05,62.0,29.626145633594316,4191.78322832285,21.18,68.91,15.5,0.28,2.62,7,0.163,0.8794,0.3825,0.87,1
RD-SELA-TWG-06,78.0,19.07250933442863,3261.487756527899,88.73,350.85,20.0,1.0,1.82,6,0.5,0.9943,0.7606,1.0,1
RD-SHL-SIL-08,215.0,18.76446177590621,1361.2849288947573,96.52,315.72,30.1,1.0,0.66,6,0.623,0.9695,0.923,1.0,1
RD-BHK-BMD-03,96.0,24.776852648611182,2466.741909751231,7.8,26.72,19.1,0.389,0.32,8,0.281,0.7848,0.7947,0.827,1
RD-BMD-DRG-04,42.0,18.87379616564705,2119.9282032946003,28.41,120.7,16.4,0.452,1.03,6,0.264,0.8062,0.6106,0.7971,1
RD-GHY-GTK-12,540.0,20.919746263277585,1722.8164235989793,3.12,11.32,26.7,0.338,0.24,10,0.285,0.8723,0.8629,0.9143,1
RD-GHY-SHL-07,98.0,16.94729549496998,1509.1158801697434,6.87,21.3,16.5,0.121,2.77,2,0.093,0.538,0.2866,0.4984,0
RD-GHY-ITA-09,320.0,9.317264189960829,370.87325449106476,20.41,68.72,26.4,0.279,1.34,2,0.204,0.5337,0.6426,0.6257,0
RD-GHY-SHL-07,98.0,11.893670947019032,1568.0512572571379,147.27,391.45,8.0,1.0,3.19,2,0.741,0.964,0.971,0.9838,1
RD-GHY-ITA-09,320.0,4.088531346306248,286.8615112150718,125.27,583.9,13.3,1.0,0.94,3,0.723,0.8969,0.9901,1.0,1
RD-SELA-TWG-06,78.0,25.998732623736068,3256.0424221823905,28.88,125.71,23.9,0.469,1.7,6,0.226,0.9271,0.5046,0.9202,1
RD-TEZ-ITA-11,155.0,12.041096751994072,348.11251415848596,16.67,54.3,17.8,0.231,1.65,3,0.171,0.5037,0.6129,0.5892,0
RD-GHY-SHL-07,98.0,11.94501347699682,1645.3648918213278,9.18,29.64,27.2,0.149,2.71,2,0.105,0.4654,0.3429,0.4376,0
RD-SELA-TWG-06,78.0,23.618883860585115,3227.014397201785,270.91,988.57,10.7,1.0,1.84,7,1.0,0.9601,1.0,1.0,1
RD-BMD-DRG-04,42.0,16.630909120665986,2019.523950845951,22.69,113.16,24.4,0.427,1.06,5,0.234,0.7931,0.5454,0.777,1
RD-GHY-NAG-10,345.0,15.684777556209653,1475.1019076591078,29.73,148.58,12.6,0.545,0.8,9,0.293,0.8489,0.6763,0.8596,1
RD-GHY-ITA-09,320.0,10.812406659963914,337.4013406420755,4.19,19.59,23.1,0.115,0.86,2,0.167,0.4715,0.7178,0.6889,1
RD-GHY-NAG-10,345.0,12.00333327941625,1501.7014793173341,225.32,763.27,18.5,1.0,1.02,10,1.0,1.0,0.9645,1.0,1
RD-TEZ-BHK-02,54.0,7.985735036267094,237.68693913668287,13.34,48.94,12.6,0.463,0.22,3,0.339,0.6054,0.9317,0.9115,1
RD-SHL-SIL-08,215.0,26.08968692539675,1384.8186963551,4.1,12.5,17.9,0.342,0.4,7,0.241,0.899,0.7711,0.9331,1
RD-DRG-SELA-05,62.0,31.196385854901553,4162.148165470368,9.4,45.42,29.8,0.201,2.87,10,0.103,0.8794,0.3513,0.8659,1
RD-TEZ-BHK-02,54.0,12.874395903885821,195.7855498505841,149.54,525.25,31.9,1.0,0.12,4,1.0,0.9226,0.9875,1.0,1
RD-GHY-TEZ-01,178.0,1.0,100.14292889661671,20.85,83.35,6.2,0.328,0.83,0,0.248,0.3963,0.7914,0.7318,1
RD-SHL-SIL-08,215.0,22.186779568987998,1359.3767408158978,180.42,736.95,6.2,1.0,0.33,6,1.0,0.9404,1.0,1.0,1
RD-BMD-DRG-04,42.0,16.273280818767738,2145.4406205674986,24.48,66.26,22.6,0.271,1.12,5,0.238,0.7456,0.53,0.7311,1
RD-BHK-BMD-03,96.0,25.35264280699213,2351.201835005419,10.8,47.73,10.2,0.459,0.29,6,0.305,0.8234,0.7185,0.8466,1
RD-SELA-TWG-06,78.0,26.533917090399928,3248.195346703793,80.86,390.14,15.5,1.0,1.8,7,0.464,0.9402,0.6751,0.9563,1
RD-GHY-GTK-12,540.0,17.05748772268549,1689.6674661843028,9.13,27.39,5.1,0.391,0.38,8,0.269,0.8454,0.7871,0.8784,1
RD-GHY-ITA-09,320.0,5.637836637686237,282.51134653093845,6.64,22.89,31.3,0.126,1.45,3,0.133,0.4699,0.5717,0.5542,0
RD-GHY-GTK-12,540.0,25.01408148834576,1700.3790341381366,33.46,86.95,16.1,0.59,0.05,7,0.52,0.946,0.958,1.0,1
RD-GHY-SHL-07,98.0,13.889616576759085,1549.3886207390037,103.23,380.69,13.5,1.0,3.32,3,0.534,0.9043,0.7972,0.8948,1
RD-SHL-SIL-08,215.0,20.87989472499075,1374.9901091452002,1.68,6.59,26.9,0.322,0.47,7,0.215,0.8656,0.7511,0.8982,1
RD-DRG-SELA-05,62.0,34.69695007232589,4050.784660560713,168.51,717.29,32.7,1.0,2.65,9,0.85,1.0,0.8923,1.0,1
RD-SELA-TWG-06,78.0,27.82398211958116,3087.716478086375,106.15,425.03,5.8,1.0,2.12,8,0.572,0.9639,0.8103,0.9985,1
RD-SHL-SIL-08,215.0,17.853947293922687,1368.4858599610277,95.57,438.43,29.3,1.0,0.15,7,0.754,0.9382,0.9668,1.0,1
RD-SELA-TWG-06,78.0,23.443772102270078,3233.601747282772,174.47,689.03,24.0,1.0,1.72,6,0.904,0.9892,0.9632,1.0,1
RD-TEZ-ITA-11,155.0,7.8796150900108275,286.5932034984195,15.11,52.02,20.0,0.223,1.34,2,0.179,0.4678,0.6212,0.5937,0
RD-TEZ-ITA-11,155.0,9.876181002979568,282.5414136698379,70.25,218.03,6.4,0.777,1.76,4,0.416,0.7986,0.8065,0.8041,1
RD-GHY-SHL-07,98.0,13.438942721298982,1483.2121668746659,38.46,123.47,21.6,0.462,3.43,3,0.23,0.7306,0.4058,0.6835,1
RD-TEZ-BHK-02,54.0,9.881706449719998,260.3311017111337,38.13,170.07,15.8,0.867,0.17,4,0.478,0.8178,0.968,0.9765,1
RD-SHL-SIL-08,215.0,17.647216326666328,1347.7235257162974,196.97,950.33,18.5,1.0,0.49,7,1.0,0.9898,1.0,1.0,1
RD-BMD-DRG-04,42.0,14.713975609356083,2104.6465117056996,39.56,175.91,7.9,0.636,0.96,4,0.322,0.8024,0.6223,0.795,1
RD-GHY-NAG-10,345.0,12.127984232598031,1514.8519735439938,34.16,91.75,19.1,0.356,0.65,8,0.334,0.8642,0.7244,0.8804,1
RD-GHY-TEZ-01,178.0,1.0,142.4042193718045,19.84,73.63,23.4,0.295,0.84,0,0.241,0.3682,0.8535,0.7846,1
RD-BMD-DRG-04,42.0,10.771684078356877,2027.8221482908136,63.18,164.86,11.1,0.6,1.34,4,0.404,0.8124,0.7326,0.8178,1
RD-GHY-NAG-10,345.0,20.696007481017524,1501.884828656196,214.79,756.08,9.7,1.0,1.03,7,1.0,1.0,1.0,1.0,1
RD-GHY-ITA-09,320.0,8.779475013099226,369.5183097197688,136.31,364.78,12.3,1.0,1.07,2,0.764,0.9753,0.9448,0.9952,1
RD-BMD-DRG-04,42.0,16.983433220722368,2147.62390784764,6.19,23.02,26.2,0.127,1.04,5,0.159,0.6657,0.4495,0.6487,0
RD-BMD-DRG-04,42.0,18.594473315473035,2085.179227817262,94.92,408.14,26.6,1.0,0.91,6,0.585,0.964,0.8402,0.9789,1
RD-BHK-BMD-03,96.0,31.297163546436067,2478.1599201733657,25.57,93.43,13.4,0.361,0.75,8,0.279,0.87,0.6455,0.8817,1
RD-GHY-NAG-10,345.0,21.384719349806513,1568.9233677726904,99.66,369.51,30.6,1.0,0.77,6,0.623,0.9702,0.9033,1.0,1
RD-BHK-BMD-03,96.0,25.03709973713511,2378.187306753594,51.51,155.87,19.0,0.57,0.54,6,0.433,0.9392,0.8203,0.9719,1
RD-GHY-ITA-09,320.0,10.736341846170799,317.9442869887678,16.73,62.81,22.2,0.259,1.66,3,0.17,0.5795,0.6692,0.655,1
RD-BHK-BMD-03,96.0,23.64644688883613,2432.9089089876934,156.86,757.79,32.4,1.0,0.2,7,1.0,0.9864,0.9758,1.0,1
RD-GHY-TEZ-01,178.0,1.0,98.41857829838294,172.27,627.2,9.1,1.0,0.45,0,1.0,0.9167,1.0,0.9995,1
RD-SELA-TWG-06,78.0,23.00030002967205,3162.7416114841326,43.9,212.65,31.4,0.759,1.78,6,0.293,0.9315,0.5426,0.9296,1
RD-BMD-DRG-04,42.0,15.775062222767346,2148.6863115426186,27.47,91.94,18.2,0.356,1.26,5,0.242,0.7507,0.5137,0.7339,1
RD-GHY-TEZ-01,178.0,5.383739956452658,73.71221976742048,77.37,322.72,29.9,1.0,0.89,1,0.505,0.7356,0.9274,0.9026,1
RD-GHY-TEZ-01,178.0,9.366465293424586,72.60193307750124,93.21,389.16,4.0,1.0,0.56,1,0.624,0.8089,0.9701,0.9543,1
RD-GHY-SHL-07,98.0,13.362694754953758,1585.8022874520248,35.91,91.88,16.9,0.356,3.04,4,0.224,0.6554,0.4817,0.6224,0
RD-GHY-GTK-12,540.0,18.022265979813533,1630.8062629334609,128.64,496.84,12.5,1.0,0.34,7,0.838,0.9381,0.9814,1.0,1
RD-SHL-SIL-08,215.0,26.172917074004204,1332.2014827570017,134.01,388.13,18.6,1.0,0.46,6,0.834,0.9499,1.0,1.0,1
RD-GHY-ITA-09,320.0,6.471000545667249,300.9337031741268,1.11,5.46,19.8,0.068,0.82,2,0.157,0.3966,0.7367,0.698,1
RD-SHL-SIL-08,215.0,27.66531081884277,1391.7879007483984,104.1,324.27,20.0,1.0,0.64,6,0.661,0.9493,0.9059,1.0,1
RD-GHY-NAG-10,345.0,19.092325632728006,1542.4571302966096,242.28,919.77,14.6,1.0,0.65,8,1.0,0.9907,1.0,1.0,1
RD-TEZ-ITA-11,155.0,11.553162530549297,306.91495030920817,25.15,79.72,17.6,0.316,1.47,1,0.219,0.5518,0.7807,0.7502,1
RD-SHL-SIL-08,215.0,21.225474585905697,1418.941681634474,6.46,28.41,33.5,0.145,0.64,7,0.206,0.7983,0.7531,0.8337,1
RD-GHY-TEZ-01,178.0,5.076591884650022,128.62598491705103,135.54,535.09,9.7,1.0,0.64,1,0.807,0.8634,0.9859,0.9777,1
RD-SHL-SIL-08,215.0,19.537419939511288,1337.5089830205318,18.04,71.66,6.7,0.539,0.45,9,0.295,0.8641,0.7767,0.9002,1
RD-GHY-SHL-07,98.0,9.206655483308325,1564.5503431231907,36.73,94.09,28.3,0.364,3.06,2,0.228,0.6171,0.4807,0.587,0
RD-SHL-SIL-08,215.0,20.739916818117514,1433.1101666973093,29.74,104.41,14.9,0.648,0.28,7,0.396,0.8533,0.9737,1.0,1
RD-SHL-SIL-08,215.0,16.393590825152586,1420.7737575753124,111.21,507.44,18.6,1.0,0.32,7,0.762,0.9854,0.9525,1.0,1
RD-TEZ-BHK-02,54.0,5.414060882330251,302.1702898593581,16.04,44.15,13.3,0.447,0.45,3,0.286,0.5654,0.8285,0.8095,1
RD-BHK-BMD-03,96.0,24.250455368852197,2403.650280666272,71.03,336.83,10.3,1.0,0.47,6,0.538,0.9282,0.8963,0.9717,1
RD-DRG-SELA-05,62.0,28.66806473845253,4209.198382560848,14.53,62.02,20.7,0.257,2.25,7,0.141,0.8023,0.4221,0.8048,1
RD-GHY-NAG-10,345.0,13.827317606223687,1475.8829212393632,10.91,43.76,30.1,0.196,0.87,8,0.197,0.717,0.5388,0.7194,1
RD-SELA-TWG-06,78.0,19.63913962327817,3251.1224136427963,63.41,261.69,22.4,0.922,1.69,6,0.387,0.9338,0.6927,0.9528,1
RD-GHY-NAG-10,345.0,12.030553443602559,1466.256075178494,17.78,66.54,24.0,0.272,0.86,7,0.23,0.7377,0.5926,0.7446,1
RD-SHL-SIL-08,215.0,27.31807498269975,1388.2537864239512,113.92,455.49,28.2,1.0,0.32,7,0.775,0.998,0.9477,1.0,1
RD-GHY-SHL-07,98.0,16.432371303550326,1554.099440691236,187.35,526.95,7.9,1.0,2.65,6,0.938,0.9447,0.9602,0.9702,1
RD-GHY-GTK-12,540.0,18.30823521750565,1642.1078989479959,154.36,478.21,27.6,1.0,0.19,8,1.0,0.9584,1.0,1.0,1
RD-TEZ-ITA-11,155.0,2.037364933868047,358.57008974518834,33.2,131.58,20.4,0.489,1.5,4,0.255,0.5239,0.6497,0.6253,0
RD-GHY-ITA-09,320.0,4.0157315606510675,385.1532573370551,7.46,19.78,21.7,0.116,0.99,4,0.169,0.4499,0.6974,0.6678,1
RD-BMD-DRG-04,42.0,25.72041744591042,2144.760261750931,34.85,126.31,9.7,0.471,1.32,5,0.273,0.867,0.5741,0.8496,1
RD-BMD-DRG-04,42.0,21.42720024593323,2134.292890930421,78.58,377.18,5.7,1.0,0.77,4,0.524,0.934,0.7966,0.9435,1
RD-SHL-SIL-08,215.0,19.004677441369846,1481.1628345264028,43.86,210.16,25.2,0.751,0.9,8,0.348,0.9324,0.8127,0.9712,1
RD-GHY-GTK-12,540.0,23.261206911535346,1696.936180811908,152.91,760.81,10.3,1.0,0.06,7,1.0,1.0,1.0,1.0,1
RD-GHY-SHL-07,98.0,10.004893043602493,1607.1659911980785,13.51,56.4,9.6,0.238,2.87,2,0.122,0.4713,0.36,0.444,0
RD-DRG-SELA-05,62.0,33.91146345899415,4224.974351266654,9.85,35.66,13.6,0.169,2.46,8,0.113,0.8924,0.4085,0.8852,1
RD-BHK-BMD-03,96.0,27.248352837790218,2469.9614096469663,36.8,173.87,17.2,0.63,0.9,8,0.315,0.9176,0.6625,0.9291,1
RD-SHL-SIL-08,215.0,21.125531736239942,1364.8671127441676,100.93,258.36,17.5,1.0,0.12,6,0.794,0.981,0.9668,1.0,1
RD-TEZ-BHK-02,54.0,15.260697194917952,280.8653101869163,109.31,360.62,21.8,1.0,0.39,5,0.735,0.9727,1.0,1.0,1
RD-TEZ-BHK-02,54.0,14.499275083963298,308.85904682522806,24.29,82.42,12.3,0.575,0.4,4,0.335,0.759,0.9136,0.9156,1
RD-SELA-TWG-06,78.0,28.814991317157656,3224.0259339054114,75.05,286.64,19.5,1.0,2.26,7,0.423,0.982,0.7045,1.0,1
RD-GHY-ITA-09,320.0,10.977862466860191,332.9345076895076,109.82,504.59,6.2,1.0,1.21,5,0.63,0.8817,0.9687,0.9796,1
RD-GHY-ITA-09,320.0,4.49029449905524,416.83286788794913,11.36,56.73,26.5,0.239,1.41,4,0.158,0.5204,0.5444,0.5332,0
RD-TEZ-ITA-11,155.0,4.02836487536673,313.22368655105646,89.44,436.93,10.7,1.0,1.65,4,0.51,0.8404,0.8894,0.8901,1
RD-SELA-TWG-06,78.0,24.416459710465283,3236.911861540808,5.27,14.43,16.7,0.098,1.57,6,0.121,0.7822,0.405,0.7744,1
RD-GHY-SHL-07,98.0,15.183973491127183,1493.3289490853688,8.19,34.1,6.4,0.164,3.07,3,0.094,0.6061,0.3109,0.5614,0
RD-GHY-GTK-12,540.0,22.441760275283137,1606.3505516555324,155.57,506.64,23.9,1.0,0.26,7,0.99,0.9542,0.9674,1.0,1
RD-DRG-SELA-05,62.0,34.04969772592694,4131.908766417057,74.71,353.36,9.9,1.0,2.54,8,0.414,1.0,0.709,1.0,1
RD-SELA-TWG-06,78.0,29.805809657489007,3201.7403770249916,116.98,322.57,25.6,1.0,1.64,7,0.639,0.9447,0.8866,0.9906,1
RD-GHY-ITA-09,320.0,6.7864480777474405,349.171579508874,201.84,734.46,4.9,1.0,1.24,4,1.0,1.0,1.0,1.0,1
RD-TEZ-ITA-11,155.0,3.680910871191891,276.4636114178129,8.67,30.96,23.6,0.153,1.64,1,0.134,0.3862,0.565,0.535,0
RD-TEZ-BHK-02,54.0,11.672192840259262,247.17132834287466,25.39,79.58,32.2,0.565,0.37,4,0.347,0.7758,0.8743,0.8799,1
RD-GHY-ITA-09,320.0,10.633577360264727,253.88429472730172,21.03,97.61,32.3,0.375,0.83,3,0.248,0.6022,0.8387,0.8167,1
RD-DRG-SELA-05,62.0,28.583137556093394,4083.540855524829,41.2,142.46,30.1,0.525,2.89,7,0.251,0.9663,0.4847,0.9636,1
RD-GHY-SHL-07,98.0,17.748999815550604,1496.1809406298971,33.37,152.83,18.8,0.559,2.87,3,0.215,0.7507,0.4208,0.7035,1
RD-GHY-NAG-10,345.0,16.570338595699425,1426.2294299452988,5.13,15.35,5.7,0.101,1.1,7,0.149,0.7047,0.4642,0.7001,1
RD-TEZ-ITA-11,155.0,12.875733800456057,413.3731002080675,0.3,1.37,5.0,0.055,1.27,2,0.115,0.4752,0.5445,0.5236,0
RD-GHY-NAG-10,345.0,16.020754076238102,1474.808037305616,27.92,131.76,7.1,0.489,1.01,7,0.263,0.8144,0.6245,0.8205,1
RD-GHY-GTK-12,540.0,24.597898718764757,1648.386155294869,24.51,110.4,17.2,0.668,0.28,7,0.37,0.9658,0.9017,1.0,1
RD-BHK-BMD-03,96.0,29.39380527191108,2464.5601377569014,8.75,27.75,28.1,0.393,0.33,7,0.283,0.8682,0.803,0.9006,1
RD-DRG-SELA-05,62.0,33.774962618280576,4114.061691859308,26.99,70.8,4.1,0.286,2.85,8,0.186,0.8848,0.4387,0.8824,1
RD-SELA-TWG-06,78.0,22.861003763698445,3225.2605512042846,222.4,649.87,28.7,1.0,2.08,7,1.0,0.9934,0.946,1.0,1
RD-BHK-BMD-03,96.0,30.669292401839066,2382.73951645957,30.8,104.68,18.3,0.649,0.2,9,0.43,0.9257,0.8958,0.9692,1
RD-GHY-SHL-07,98.0,14.918961068696053,1531.8826221226948,202.05,843.24,28.9,1.0,3.15,2,0.998,1.0,0.9393,1.0,1
RD-GHY-GTK-12,540.0,23.730647350994236,1640.8235913921424,1.1,3.51,5.0,0.312,0.06,11,0.363,0.8742,0.9959,1.0,1
RD-GHY-TEZ-01,178.0,1.1368110053794322,166.51813995591777,121.32,540.5,27.5,1.0,0.75,2,0.726,0.7931,0.9401,0.9229,1
RD-GHY-ITA-09,320.0,11.376448919403018,406.38431472582147,97.13,293.69,17.7,1.0,0.71,3,0.618,0.9172,0.9306,0.9471,1
RD-GHY-SHL-07,98.0,14.586326692242995,1584.531528487838,64.01,231.75,23.1,0.822,2.78,4,0.36,0.854,0.6158,0.8228,1
RD-BHK-BMD-03,96.0,22.221658848570687,2426.3573603510977,24.11,111.02,28.0,0.42,0.64,6,0.288,0.8491,0.7207,0.8715,1
RD-GHY-GTK-12,540.0,21.333388125889535,1658.8889069292493,15.27,62.67,11.4,0.509,0.25,7,0.337,0.8911,0.8794,0.935,1
RD-GHY-NAG-10,345.0,16.70386855726568,1590.3795161096155,14.89,73.44,33.4,0.295,0.96,6,0.206,0.7695,0.5766,0.7726,1
RD-GHY-TEZ-01,178.0,3.704758304990862,36.52596853984917,256.07,1153.21,15.9,1.0,0.66,1,1.0,0.9214,1.0,1.0,1
RD-GHY-NAG-10,345.0,11.768640438678379,1488.236304501378,184.29,905.64,4.4,1.0,1.33,7,0.969,0.9359,0.9983,1.0,1
RD-TEZ-BHK-02,54.0,16.17433015995744,149.591103873492,62.7,195.93,22.3,0.953,0.44,4,0.506,0.8714,0.9319,0.9489,1
RD-TEZ-ITA-11,155.0,5.48497903822565,374.9242438025909,3.9,16.42,23.8,0.105,1.57,3,0.115,0.4013,0.5413,0.5147,0
RD-GHY-NAG-10,345.0,13.988774676336485,1474.241455045399,30.76,139.67,33.6,0.516,0.87,8,0.289,0.9054,0.6726,0.9129,1
RD-DRG-SELA-05,62.0,28.48884805474624,4256.377602131034,171.46,559.47,33.2,1.0,2.69,7,0.863,0.9627,0.9356,1.0,1
RD-GHY-ITA-09,320.0,4.643226997731917,331.71614587347403,147.46,412.11,23.6,1.0,1.2,5,0.806,0.9168,0.9715,0.9874,1
RD-GHY-SHL-07,98.0,15.593684432066372,1515.9913261826025,193.32,743.78,12.6,1.0,2.74,3,0.964,1.0,0.972,1.0,1
RD-TEZ-ITA-11,155.0,5.312756907234871,348.61926161539515,13.55,42.41,20.0,0.191,1.33,2,0.173,0.4233,0.6015,0.5714,0
RD-SHL-SIL-08,215.0,22.405571022962157,1383.688314777932,22.95,78.97,14.9,0.563,0.23,9,0.381,0.8926,0.8851,0.9422,1
RD-DRG-SELA-05,62.0,34.10518609142082,4131.69773987998,157.08,408.55,6.8,1.0,2.41,7,0.802,0.9918,0.9366,1.0,1
RD-GHY-SHL-07,98.0,11.204772346112343,1519.0438525875034,15.88,74.39,15.8,0.298,2.7,3,0.137,0.5246,0.3617,0.4924,0
RD-GHY-TEZ-01,178.0,4.5725270542338405,34.612030372832386,116.32,563.26,15.3,1.0,0.96,0,0.68,0.8045,0.9618,0.9456,1
RD-DRG-SELA-05,62.0,31.512724578007596,4154.265458560595,6.01,17.62,26.8,0.109,2.53,8,0.094,0.7952,0.3612,0.791,1
RD-BHK-BMD-03,96.0,23.768539889405435,2435.785494472333,71.75,213.93,6.9,0.763,0.55,7,0.525,0.9542,0.8368,0.9888,1
RD-DRG-SELA-05,62.0,32.606804231603896,4236.049789477035,26.07,78.39,17.6,0.311,2.52,10,0.188,0.8982,0.4553,0.8968,1
RD-GHY-TEZ-01,178.0,7.745670127676681,39.76368474511626,0.87,3.05,14.0,0.06,0.93,5,0.144,0.3536,0.8278,0.7596,1
RD-GHY-SHL-07,98.0,16.204552010021192,1515.1989919199525,159.0,787.44,22.4,1.0,3.26,3,0.795,0.9007,0.9312,0.9353,1
RD-GHY-SHL-07,98.0,22.1211732930443,1532.5921301591343,47.45,179.07,16.7,0.647,2.99,4,0.279,0.8388,0.4792,0.7913,1
RD-BMD-DRG-04,42.0,16.058798849732884,2059.878498006758,65.77,237.0,4.5,0.84,1.32,6,0.417,0.9082,0.7309,0.9096,1
RD-TEZ-ITA-11,155.0,7.654002648269232,294.1692900619946,10.49,44.82,10.4,0.199,1.3,2,0.16,0.3923,0.6387,0.6025,0
RD-TEZ-BHK-02,54.0,15.018228465849388,219.71558100968733,1.04,4.16,15.9,0.314,0.32,4,0.248,0.6494,0.8365,0.8275,1
RD-GHY-GTK-12,540.0,22.962384006513275,1733.1277540557012,88.17,402.35,7.8,1.0,0.25,9,0.677,0.9655,1.0,1.0,1
RD-GHY-TEZ-01,178.0,5.947130837858255,120.81324581399993,99.04,368.02,17.9,1.0,0.54,3,0.654,0.8252,0.9723,0.9588,1
RD-TEZ-BHK-02,54.0,11.267525543407645,247.93780254687715,36.41,166.57,5.5,0.855,0.43,3,0.385,0.7552,0.868,0.8711,1
RD-GHY-NAG-10,345.0,17.136281769396238,1512.2519332157704,26.49,69.65,8.8,0.282,0.85,8,0.272,0.7864,0.6763,0.8002,1
RD-GHY-SHL-07,98.0,18.300541721701375,1623.4892129393747,4.2,12.14,17.1,0.09,2.88,3,0.079,0.5204,0.3054,0.4841,0
RD-GHY-SHL-07,98.0,15.976718393394565,1500.245751605608,29.99,106.72,19.4,0.406,2.91,4,0.199,0.7019,0.4212,0.6589,1
RD-GHY-SHL-07,98.0,15.063401014127566,1584.087170440757,103.36,506.25,25.5,1.0,3.19,3,0.536,0.9201,0.7749,0.907,1
RD-SELA-TWG-06,78.0,17.064705020380014,3209.632576632401,155.25,564.51,10.3,1.0,1.87,7,0.809,0.9776,0.9333,1.0,1
RD-GHY-NAG-10,345.0,22.366303451745974,1458.7757347173244,50.05,143.88,21.2,0.53,0.75,6,0.393,0.8885,0.7548,0.9078,1
RD-GHY-GTK-12,540.0,20.171966814850556,1633.0460813186576,4.35,21.6,13.3,0.372,0.17,9,0.321,0.8542,0.9115,0.9515,1
RD-TEZ-BHK-02,54.0,12.675584666002557,269.8536280505679,35.83,126.64,12.1,0.722,0.05,4,0.531,0.8067,1.0,1.0,1
RD-TEZ-BHK-02,54.0,13.840092885504992,205.74420101786347,142.58,636.5,24.2,1.0,0.33,3,0.906,0.9451,0.9532,0.9803,1
RD-GHY-NAG-10,345.0,22.608470318564834,1486.139844232916,109.98,365.67,32.9,1.0,1.0,8,0.647,0.9988,0.821,1.0,1
RD-TEZ-BHK-02,54.0,11.458346555813433,153.5450411283975,12.23,31.04,10.6,0.403,0.22,4,0.334,0.6546,0.9783,0.9626,1
RD-DRG-SELA-05,62.0,35.25377215605542,4216.802808396801,109.5,274.58,11.4,0.965,2.66,7,0.574,0.9364,0.7997,0.9802,1
RD-BMD-DRG-04,42.0,18.145523170384173,2097.444065349231,7.0,31.67,8.1,0.156,1.2,4,0.15,0.661,0.4273,0.6422,0
RD-BHK-BMD-03,96.0,21.169523015271928,2488.729024886587,106.63,525.74,8.6,1.0,0.44,6,0.711,0.9827,0.9129,1.0,1
RD-TEZ-ITA-11,155.0,9.573272049438575,312.65732393723493,186.2,614.16,11.6,1.0,1.06,1,0.997,0.8993,1.0,1.0,1
RD-GHY-ITA-09,320.0,1.3221755554082115,386.51419096534823,114.09,508.09,24.4,1.0,1.15,2,0.654,0.903,0.9398,0.9541,1
RD-SELA-TWG-06,78.0,23.973470082299578,3250.0466339597833,27.28,90.29,8.1,0.351,1.84,9,0.213,0.9102,0.5143,0.9059,1
RD-TEZ-ITA-11,155.0,6.1906201515070105,267.75818430484645,16.37,56.82,6.9,0.239,1.86,2,0.161,0.4632,0.6147,0.5872,0
RD-BMD-DRG-04,42.0,18.435116714839797,2116.5959223853943,211.13,617.85,30.9,1.0,1.79,7,1.0,0.9555,0.9287,0.9833,1
RD-DRG-SELA-05,62.0,26.92261318998202,4122.269094902497,104.06,484.17,6.1,1.0,2.6,8,0.55,1.0,0.7572,1.0,1
RD-GHY-NAG-10,345.0,19.038351986393167,1524.600714028345,162.29,593.79,18.1,1.0,1.31,7,0.868,0.9871,0.9809,1.0,1
RD-TEZ-ITA-11,155.0,5.413582069242079,426.7793365038683,172.33,659.01,14.4,1.0,1.56,2,0.901,0.9242,0.9722,0.9832,1
RD-TEZ-ITA-11,155.0,8.187935449614836,254.96491151229282,21.02,74.0,24.6,0.297,1.46,3,0.2,0.5555,0.7267,0.7003,1
RD-GHY-NAG-10,345.0,18.026365327896215,1478.88950371911,0.72,2.89,12.3,0.06,1.04,8,0.133,0.7466,0.4804,0.7404,1
RD-SHL-SIL-08,215.0,28.748312752588873,1354.619323338346,11.95,54.03,28.0,0.23,0.73,7,0.218,0.8735,0.7202,0.9019,1
RD-GHY-NAG-10,345.0,12.886899875111203,1454.4837829035857,20.87,75.14,6.7,0.3,1.04,6,0.227,0.7324,0.5815,0.7384,1
RD-GHY-NAG-10,345.0,13.72812566340718,1508.9264584860239,30.69,105.21,17.5,0.401,0.51,6,0.342,0.7721,0.8697,0.8919,1
RD-TEZ-ITA-11,155.0,5.666121277184079,357.46412784397256,28.64,122.23,9.3,0.457,1.38,2,0.24,0.5015,0.6909,0.6612,1
RD-SHL-SIL-08,215.0,18.544007357262572,1405.4541485174916,101.23,289.44,25.3,1.0,0.58,7,0.658,0.9299,0.9333,0.9885,1
RD-SHL-SIL-08,215.0,21.225974391407174,1337.5864745065599,8.83,26.22,16.8,0.137,0.67,6,0.213,0.865,0.7314,0.8952,1
RD-DRG-SELA-05,62.0,33.62226913550932,4176.353428667978,115.27,458.03,18.1,1.0,2.4,7,0.607,1.0,0.8223,1.0,1
RD-SELA-TWG-06,78.0,19.02268662556228,3242.509327692419,47.7,179.25,6.0,0.647,1.92,6,0.305,0.8693,0.6251,0.8824,1
RD-DRG-SELA-05,62.0,33.508177019813864,4187.552624047734,76.98,355.09,19.8,1.0,2.1,8,0.436,0.9752,0.7208,1.0,1
RD-GHY-TEZ-01,178.0,3.2939069316517102,53.366442349052804,153.57,466.37,14.7,1.0,0.69,1,0.885,0.8079,0.9633,0.9475,1
RD-DRG-SELA-05,62.0,36.47550451257375,4247.261885638184,247.69,668.75,6.7,1.0,2.18,7,1.0,0.94,1.0,1.0,1
RD-TEZ-BHK-02,54.0,23.387165562711452,251.53486591672174,5.67,15.65,7.7,0.352,0.05,3,0.39,0.6913,0.9698,0.9599,1
RD-GHY-ITA-09,320.0,5.2662824165452395,317.9657503251199,110.82,513.8,10.9,1.0,1.02,5,0.649,0.8957,0.9571,0.9702,1
RD-GHY-NAG-10,345.0,19.7877940411175,1457.0193243060774,4.76,16.65,9.1,0.105,0.72,7,0.186,0.7452,0.6268,0.7554,1
RD-GHY-GTK-12,540.0,23.390414499171197,1745.251154176771,5.4,25.1,13.3,0.384,0.2,8,0.311,0.759,0.9253,0.9518,1
RD-SHL-SIL-08,215.0,22.91081281385116,1298.3823117850807,2.08,5.94,25.5,0.32,0.24,6,0.282,0.7851,0.89,0.9263,1
RD-GHY-NAG-10,345.0,18.742441642920316,1499.5167789343327,22.66,99.91,11.7,0.383,1.08,8,0.233,0.8626,0.5901,0.8615,1
RD-SELA-TWG-06,78.0,23.246629358263068,3264.9993686131065,17.99,83.03,14.4,0.327,1.99,7,0.164,0.7878,0.4434,0.7841,1
RD-GHY-ITA-09,320.0,7.396646420286834,385.1266656966928,182.2,513.44,6.2,1.0,0.83,3,1.0,0.9867,0.9559,1.0,1
RD-GHY-TEZ-01,178.0,1.0,95.19806404622938,44.61,168.56,32.3,0.612,0.68,2,0.377,0.5761,0.9159,0.8696,1
RD-SELA-TWG-06,78.0,24.890166834636503,3206.173615725427,9.69,45.47,4.6,0.202,1.65,6,0.138,0.8669,0.3971,0.8505,1
RD-TEZ-BHK-02,54.0,15.279209951991575,225.45926936462064,1.03,4.35,18.5,0.315,0.12,3,0.326,0.679,0.9951,0.9822,1
RD-BHK-BMD-03,96.0,31.180766588592792,2352.4198543558555,182.72,850.09,22.5,1.0,0.14,7,1.0,1.0,0.9891,1.0,1
RD-GHY-GTK-12,540.0,18.98483763222577,1625.0182298443758,16.37,49.7,21.6,0.466,0.29,8,0.33,0.8985,0.905,0.9513,1
RD-SHL-SIL-08,215.0,24.307094966326826,1373.630546918019,41.92,137.39,7.0,0.758,0.5,6,0.396,0.9354,0.8595,0.9807,1
RD-GHY-NAG-10,345.0,15.480925018916258,1502.618144860163,99.26,482.23,15.0,1.0,0.92,8,0.604,1.0,0.9316,1.0,1
RD-SELA-TWG-06,78.0,25.513471298730718,3216.2772907661038,28.24,140.24,26.0,0.517,2.25,8,0.205,0.8151,0.4375,0.8083,1
RD-GHY-SHL-07,98.0,14.597916510072615,1631.082379797566,33.43,152.77,8.7,0.559,3.33,2,0.208,0.6398,0.4362,0.6037,0
RD-SELA-TWG-06,78.0,22.108148958590558,3212.1478176065675,6.58,27.42,22.3,0.141,1.75,7,0.12,0.8132,0.4064,0.8028,1
RD-GHY-TEZ-01,178.0,3.2895491104297823,118.03986218079837,92.71,302.1,29.9,1.0,0.5,0,0.634,0.6928,0.9958,0.9619,1
RD-TEZ-ITA-11,155.0,9.150147124660279,336.2329117751259,13.64,56.08,29.5,0.237,1.53,2,0.162,0.4265,0.6762,0.64,0
RD-SELA-TWG-06,78.0,26.260869896296033,3211.8111823132117,179.72,706.02,6.0,1.0,1.61,6,0.933,0.9841,0.9309,1.0,1
RD-TEZ-ITA-11,155.0,1.883762438191158,378.9971065019232,28.29,93.96,25.6,0.363,1.65,3,0.225,0.5414,0.6306,0.6093,0
RD-DRG-SELA-05,62.0,35.84265887196,4131.031233736994,100.03,454.61,21.6,1.0,2.37,8,0.536,0.9879,0.7157,1.0,1
RD-TEZ-ITA-11,155.0,11.308011970201873,329.9753663219444,6.33,31.28,7.2,0.154,1.9,2,0.113,0.4264,0.5547,0.529,0
RD-GHY-NAG-10,345.0,26.168846063172907,1488.9990986170162,30.32,97.54,15.0,0.375,0.87,6,0.287,0.8374,0.6981,0.8514,1
RD-SELA-TWG-06,78.0,27.48962838792564,3099.349968384516,190.03,620.23,19.5,1.0,1.43,7,0.991,0.9632,0.9601,1.0,1
RD-TEZ-ITA-11,155.0,9.74215587592399,296.7536912792081,117.39,541.8,26.1,1.0,1.42,3,0.652,0.8737,0.9353,0.9396,1
RD-SELA-TWG-06,78.0,28.20914541035956,3203.5044237604284,17.72,69.6,32.6,0.282,1.69,7,0.174,0.863,0.4139,0.8491,1
RD-TEZ-ITA-11,155.0,3.9174697923439443,293.60029891171934,7.86,37.78,29.6,0.176,1.77,2,0.125,0.3967,0.5384,0.5117,0
RD-GHY-SHL-07,98.0,16.2689176940722,1417.4085968477525,76.9,362.7,26.6,1.0,3.27,5,0.412,0.8619,0.6551,0.8353,1
RD-GHY-GTK-12,540.0,14.785868461985528,1635.6220944924432,14.06,61.68,13.9,0.506,0.09,8,0.402,0.8107,1.0,1.0,1
RD-DRG-SELA-05,62.0,34.655666790984895,4171.927758439216,2.58,9.59,25.1,0.082,2.4,9,0.081,0.8733,0.3,0.8536,1
RD-TEZ-ITA-11,155.0,9.183259884476591,335.7222295437426,44.08,125.12,12.7,0.467,1.43,1,0.309,0.6167,0.76,0.7383,1
RD-BHK-BMD-03,96.0,25.650544345360373,2348.7480043161913,26.26,101.1,17.8,0.637,0.43,10,0.337,0.9243,0.7673,0.95,1
RD-GHY-GTK-12,540.0,23.590714077407437,1656.9825837107949,114.24,404.34,22.0,1.0,0.31,7,0.779,0.9806,1.0,1.0,1
RD-GHY-ITA-09,320.0,7.858969693390415,248.95912077070264,164.14,636.95,23.8,1.0,0.82,2,0.917,0.9877,0.9846,1.0,1
RD-TEZ-ITA-11,155.0,7.6913636250207436,238.8115823975211,46.34,163.46,14.7,0.595,1.17,2,0.336,0.6173,0.8156,0.7908,1
RD-SELA-TWG-06,78.0,29.11791165010729,3253.9359525401505,104.28,293.58,32.0,1.0,1.96,8,0.568,0.9709,0.7972,1.0,1
RD-DRG-SELA-05,62.0,32.232657540480595,4127.3088456247815,105.34,334.68,29.7,1.0,2.37,7,0.561,0.99,0.8319,1.0,1
RD-BMD-DRG-04,42.0,17.00883366774269,2063.148531942365,0.2,0.72,16.2,0.052,1.41,5,0.106,0.6494,0.4121,0.6302,0
RD-SHL-SIL-08,215.0,27.459315361937794,1499.181682621801,215.07,859.9,18.3,1.0,0.5,10,1.0,0.9854,0.9936,1.0,1
RD-BHK-BMD-03,96.0,29.118798602726372,2571.309640734153,138.41,661.18,29.4,1.0,0.5,9,0.847,0.9783,0.9605,1.0,1
RD-DRG-SELA-05,62.0,36.54255039987301,4131.251858796801,4.58,22.06,17.6,0.124,2.77,7,0.082,0.8794,0.2878,0.8575,1
RD-TEZ-BHK-02,54.0,16.025664623545747,292.3638204279731,40.99,136.77,24.9,0.756,0.37,4,0.42,0.8232,0.8948,0.9061,1
RD-GHY-ITA-09,320.0,5.565235185818568,401.4305155651689,1.51,6.18,11.5,0.071,0.95,3,0.145,0.4449,0.591,0.5698,0
RD-GHY-ITA-09,320.0,11.949145987679891,374.65849171194185,119.31,449.49,24.6,1.0,1.09,2,0.682,0.9055,0.9275,0.9424,1
RD-SELA-TWG-06,78.0,21.931987941630183,3273.285862085203,12.98,49.37,23.9,0.215,1.64,7,0.154,0.7981,0.4166,0.7902,1
RD-GHY-NAG-10,345.0,20.106829282654736,1573.521615150627,113.07,549.2,25.6,1.0,0.83,6,0.678,1.0,1.0,1.0,1
RD-GHY-SHL-07,98.0,16.673473181145184,1562.0901035777874,154.86,754.44,31.1,1.0,3.06,3,0.779,0.9453,0.8562,0.9429,1
RD-BHK-BMD-03,96.0,25.262959919729777,2419.9349767744134,65.6,246.85,26.4,1.0,0.25,7,0.572,0.9724,0.9792,1.0,1
RD-GHY-NAG-10,345.0,15.136352067526566,1474.8565623164523,16.05,62.41,7.0,0.258,1.14,8,0.197,0.8059,0.5822,0.8074,1
RD-BHK-BMD-03,96.0,24.22098094674234,2483.1823173516423,19.6,57.92,32.3,0.243,0.61,8,0.271,0.8421,0.6452,0.8553,1
RD-GHY-TEZ-01,178.0,8.695401972411123,75.32810518627248,8.31,33.9,33.3,0.413,0.42,3,0.257,0.4903,0.9071,0.8498,1
RD-TEZ-ITA-11,155.0,8.537553553407012,302.892671843827,36.86,171.07,7.4,0.62,1.61,1,0.267,0.6333,0.7406,0.7219,1
RD-SHL-SIL-08,215.0,24.499538293810545,1369.0181788041768,25.69,117.57,16.6,0.692,0.32,7,0.363,0.9262,0.9115,0.9789,1
RD-GHY-GTK-12,540.0,20.670407630694193,1640.795656649204,30.48,135.68,9.8,0.752,0.15,8,0.452,0.9658,0.9045,1.0,1
RD-BMD-DRG-04,42.0,19.53996558906936,2086.2042264781912,26.79,125.69,31.4,0.469,0.86,7,0.272,0.7928,0.6554,0.7898,1
RD-DRG-SELA-05,62.0,30.115045226606732,4169.476743547363,0.28,0.72,17.8,0.052,2.27,8,0.073,0.875,0.3042,0.8557,1
RD-SHL-SIL-08,215.0,18.48722531857764,1338.5627372123906,9.25,35.5,10.0,0.168,0.51,8,0.242,0.7814,0.774,0.8199,1
RD-BMD-DRG-04,42.0,18.421783169006925,2101.6608281506574,31.91,100.87,19.8,0.386,1.64,6,0.242,0.8336,0.5506,0.8154,1
RD-GHY-NAG-10,345.0,16.5481996651463,1529.726306348398,19.82,90.62,28.7,0.352,0.72,6,0.257,0.7734,0.6332,0.7829,1
RD-SHL-SIL-08,215.0,19.53652087541399,1426.8758563486572,45.26,139.15,4.0,0.764,0.45,7,0.422,0.9075,0.8627,0.9538,1
RD-GHY-SHL-07,98.0,18.044689410646274,1533.8478815613496,13.43,48.64,22.8,0.212,2.93,3,0.121,0.6197,0.3552,0.5778,0
RD-GHY-SHL-07,98.0,18.596568941218564,1547.1693956367772,38.08,127.74,24.5,0.476,3.01,3,0.235,0.7504,0.5047,0.7127,1
RD-BMD-DRG-04,42.0,17.04571223288522,2072.0602090557522,8.12,38.93,28.5,0.18,1.14,4,0.16,0.6805,0.4192,0.6592,1
RD-BHK-BMD-03,96.0,25.7069325003896,2411.289809082355,57.09,271.09,22.7,1.0,0.28,7,0.523,0.9532,0.903,0.9974,1
RD-GHY-TEZ-01,178.0,10.573668689487041,99.36207189103048,23.93,85.43,32.7,0.335,0.5,3,0.311,0.4945,0.8982,0.8421,1
RD-SELA-TWG-06,78.0,29.43458421987048,3320.2418771126986,32.87,105.85,8.8,0.403,1.84,7,0.239,0.8848,0.5538,0.8876,1
RD-TEZ-BHK-02,54.0,12.05797883892453,270.54821721233213,26.38,92.05,13.7,0.607,0.23,4,0.397,0.7712,0.9369,0.9398,1
RD-GHY-ITA-09,320.0,11.547811670690669,329.8310127015659,3.47,17.27,32.5,0.108,0.8,4,0.17,0.4604,0.6429,0.6189,0
RD-DRG-SELA-05,62.0,32.51515771607013,4168.350484858637,116.62,428.29,14.0,1.0,2.4,8,0.613,1.0,0.8648,1.0,1
RD-BHK-BMD-03,96.0,28.719832154137947,2533.9873691110765,61.35,169.78,19.1,0.866,0.47,7,0.493,1.0,0.8892,1.0,1
RD-GHY-ITA-09,320.0,9.292870630459753,273.3658014538133,182.96,641.35,7.1,1.0,0.87,4,0.999,0.9366,0.9612,0.9801,1
RD-GHY-SHL-07,98.0,12.961196194664492,1574.4306548208228,105.1,297.96,32.3,1.0,2.65,4,0.554,0.8648,0.7724,0.8533,1
RD-BMD-DRG-04,42.0,20.45123173061112,2039.3314964876042,10.68,36.72,18.9,0.172,1.05,5,0.179,0.6877,0.5069,0.6748,1
RD-SELA-TWG-06,78.0,24.11534636318831,3268.2163122085435,1.57,6.5,27.2,0.072,1.93,7,0.09,0.7533,0.3536,0.7423,1
RD-GHY-SHL-07,98.0,15.009243303911985,1622.347207319349,127.7,460.4,6.1,1.0,2.87,3,0.655,0.9517,0.8614,0.9499,1
RD-GHY-ITA-09,320.0,6.578103309592113,365.87091367518957,1.71,5.91,8.7,0.07,0.85,2,0.156,0.4505,0.6352,0.6109,0
RD-GHY-SHL-07,98.0,14.35351049219889,1533.9626805682722,23.13,86.8,13.6,0.339,2.81,4,0.168,0.5945,0.4262,0.5614,0
RD-SELA-TWG-06,78.0,32.36573644371948,3242.2227936035833,91.28,285.1,10.7,1.0,2.02,7,0.505,0.9888,0.7899,1.0,1
RD-SELA-TWG-06,78.0,21.639801577882665,3188.3358008421365,1.7,5.19,25.2,0.067,2.1,7,0.085,0.7504,0.3003,0.7336,1
RD-GHY-GTK-12,540.0,14.794872853706902,1654.4697639465808,30.36,147.86,6.1,0.793,0.21,8,0.423,0.9003,0.8793,0.944,1
RD-BHK-BMD-03,96.0,32.63344467159983,2446.8305073982597,107.53,371.82,29.1,1.0,0.5,8,0.703,0.9361,0.9466,0.9955,1
RD-DRG-SELA-05,62.0,29.381284003971793,4203.142054651082,47.62,182.39,28.3,0.658,2.68,8,0.285,0.965,0.5281,0.9687,1
RD-SHL-SIL-08,215.0,21.876221042049817,1378.919570734444,15.21,59.12,9.6,0.247,0.63,6,0.249,0.8185,0.648,0.8403,1
RD-BHK-BMD-03,96.0,29.315246265367342,2487.951633843361,8.48,26.95,9.1,0.14,0.76,7,0.198,0.8342,0.5488,0.8357,1
RD-SHL-SIL-08,215.0,20.415816660922786,1474.6501552221603,4.7,13.38,26.4,0.345,0.47,9,0.229,0.8745,0.7332,0.9045,1
RD-GHY-TEZ-01,178.0,1.0,139.3691182070567,0.33,0.85,29.6,0.053,1.0,1,0.135,0.2852,0.722,0.6565,1
RD-GHY-TEZ-01,178.0,5.838995118005253,58.661293108307845,3.94,14.7,27.1,0.099,0.62,0,0.196,0.33,0.8403,0.7679,1
RD-BHK-BMD-03,96.0,25.757992108310745,2466.6615267495013,5.56,27.4,32.4,0.141,0.66,7,0.198,0.8395,0.563,0.8424,1
RD-GHY-GTK-12,540.0,24.53525795269116,1760.0695356143967,6.76,24.02,27.8,0.38,0.05,9,0.395,0.8362,0.9329,0.9699,1
RD-GHY-SHL-07,98.0,13.287528521562091,1550.0897436439054,214.18,825.86,27.1,1.0,3.02,2,1.0,0.9178,0.9737,0.9797,1
RD-DRG-SELA-05,62.0,26.20848167414273,4152.670770919059,200.89,826.32,16.4,1.0,2.44,9,1.0,1.0,1.0,1.0,1
RD-TEZ-BHK-02,54.0,15.23008171551835,203.75694580999738,274.4,763.6,28.8,1.0,0.21,4,1.0,0.9945,0.9575,1.0,1
RD-GHY-SHL-07,98.0,10.605688288938527,1548.583007731677,35.41,155.02,24.4,0.567,2.72,4,0.227,0.7074,0.5137,0.6738,1
RD-GHY-NAG-10,345.0,20.462768637329127,1454.4245015661563,18.43,87.32,8.9,0.341,0.97,7,0.222,0.8433,0.5774,0.8419,1
RD-TEZ-BHK-02,54.0,13.844320444144133,245.39919603626143,18.28,84.44,15.0,0.331,0.72,5,0.249,0.7271,0.782,0.785,1
RD-SHL-SIL-08,215.0,19.224746138564093,1377.4899054167079,22.98,61.96,20.8,0.257,0.51,9,0.304,0.8914,0.7773,0.9266,1
RD-GHY-TEZ-01,178.0,3.2405211663337314,10.0,84.59,248.39,12.6,0.878,0.82,0,0.546,0.6817,0.962,0.9281,1
RD-GHY-NAG-10,345.0,22.917769550225255,1403.861411396883,106.77,459.28,20.6,1.0,1.02,6,0.63,0.9624,0.9166,1.0,1
RD-BHK-BMD-03,96.0,27.45866230365963,2427.565215869026,57.02,168.78,12.9,0.863,0.45,9,0.477,0.9855,0.8948,1.0,1
RD-GHY-TEZ-01,178.0,1.1521210104162982,76.6322095615876,62.21,161.99,4.7,0.59,0.96,2,0.427,0.5961,0.9346,0.89,1
RD-BMD-DRG-04,42.0,15.189197186908332,2015.9552458626754,3.57,14.33,17.5,0.098,1.1,7,0.142,0.6553,0.4215,0.6364,0
RD-BHK-BMD-03,96.0,24.548030135991414,2433.6676218405696,266.4,1222.25,30.8,1.0,0.8,9,1.0,0.9876,0.9657,1.0,1
RD-TEZ-BHK-02,54.0,10.234713576772386,269.4751524938624,14.06,44.64,19.3,0.449,0.05,4,0.429,0.6415,0.9724,0.9551,1
RD-SELA-TWG-06,78.0,25.63559094244971,3127.755133851787,164.07,720.54,24.0,1.0,1.68,7,0.857,1.0,0.9886,1.0,1
RD-GHY-ITA-09,320.0,10.057208618116661,283.9961406131349,4.06,17.78,8.1,0.109,1.05,5,0.148,0.5635,0.6021,0.5907,0
RD-GHY-ITA-09,320.0,2.816853412222276,381.4818801512795,13.09,62.49,30.1,0.258,1.06,3,0.189,0.5256,0.6468,0.6288,0
RD-GHY-SHL-07,98.0,14.978981696643775,1482.9937552172607,68.23,323.68,32.4,1.0,2.9,3,0.377,0.8602,0.6004,0.8266,1
RD-GHY-TEZ-01,178.0,7.965316249749251,129.33546021742828,22.66,105.7,5.0,0.402,0.89,2,0.25,0.4985,0.815,0.7657,1
RD-SELA-TWG-06,78.0,24.206694866487204,3162.5513451364977,0.24,0.76,7.0,0.053,1.69,6,0.093,0.7383,0.3651,0.73,1
RD-GHY-TEZ-01,178.0,5.097709385755323,132.12221193234782,85.16,402.96,23.6,1.0,0.95,0,0.535,0.7366,0.913,0.889,1
RD-TEZ-BHK-02,54.0,13.225939741622017,316.5663401157116,89.27,254.58,10.7,1.0,0.27,4,0.677,0.9345,0.974,0.9994,1
RD-GHY-GTK-12,540.0,25.486374735728873,1635.7687247873162,18.46,70.37,18.3,0.535,0.05,7,0.45,0.9026,0.9879,1.0,1
RD-TEZ-BHK-02,54.0,11.323043615062895,296.0483511807189,9.15,26.25,23.6,0.388,0.36,7,0.275,0.6678,0.832,0.8255,1
RD-GHY-GTK-12,540.0,25.056118097922976,1754.9703760251255,20.43,53.97,33.4,0.48,0.29,7,0.348,0.9542,0.9287,1.0,1
RD-BHK-BMD-03,96.0,28.845639527812367,2429.9006754431934,169.75,520.69,10.6,1.0,0.19,8,1.0,1.0,1.0,1.0,1
RD-GHY-ITA-09,320.0,9.050419356134702,352.24012281939696,9.66,28.21,33.2,0.144,1.35,2,0.153,0.4583,0.6117,0.59,0
RD-TEZ-ITA-11,155.0,1.0,316.3571155579472,93.59,295.49,5.1,1.0,1.88,1,0.521,0.7591,0.89,0.8799,1
RD-TEZ-ITA-11,155.0,6.9742747186006255,349.02838435178074,49.13,125.33,11.5,0.468,1.74,4,0.318,0.657,0.7297,0.7141,1
RD-GHY-GTK-12,540.0,27.62956699724539,1693.4222155297966,1.41,3.57,7.6,0.062,0.69,8,0.175,0.8566,0.6494,0.8715,1
RD-BHK-BMD-03,96.0,26.80516962541531,2524.9005885152214,17.74,72.06,27.4,0.54,0.34,7,0.322,0.9223,0.7944,0.9518,1
RD-TEZ-BHK-02,54.0,12.632443452041569,255.57441885285317,55.57,196.85,10.9,0.956,0.16,5,0.563,0.7946,0.9631,0.9684,1
RD-SHL-SIL-08,215.0,12.58445600129788,1393.1505211153028,161.55,572.87,14.3,1.0,0.27,7,1.0,0.9809,0.9816,1.0,1
RD-BMD-DRG-04,42.0,20.505858895565787,2022.348236108009,181.79,763.22,18.1,1.0,0.92,6,0.989,0.9787,0.9739,1.0,1
RD-BMD-DRG-04,42.0,18.859528762988063,2139.4537600699955,5.13,20.89,13.0,0.12,1.07,5,0.151,0.6452,0.4275,0.6278,0
RD-SELA-TWG-06,78.0,20.66775048425213,3211.252894262897,6.09,18.34,27.7,0.111,1.81,7,0.115,0.7973,0.3744,0.7845,1
RD-GHY-ITA-09,320.0,5.855698884319013,354.51548996032176,53.65,217.61,13.5,0.775,1.33,3,0.359,0.7754,0.7935,0.7947,1
RD-GHY-ITA-09,320.0,7.4125029913537945,354.53954514835533,42.94,192.2,9.8,0.691,0.76,3,0.36,0.7593,0.8234,0.8216,1
RD-GHY-TEZ-01,178.0,2.6132508626860345,133.8798030896136,30.41,134.82,14.0,0.499,0.51,1,0.34,0.4743,0.9184,0.8579,1
RD-BMD-DRG-04,42.0,14.437094346306713,2133.0210467970655,145.09,369.95,25.0,1.0,1.17,4,0.797,0.9571,1.0,1.0,1
RD-GHY-TEZ-01,178.0,7.648227880998741,156.2194643401452,72.33,196.02,24.4,0.703,0.79,1,0.492,0.6708,0.8664,0.8357,1
RD-SELA-TWG-06,78.0,21.468072439736016,3198.0838082151313,19.82,98.06,6.7,0.377,1.96,8,0.174,0.7953,0.3826,0.7837,1
RD-SELA-TWG-06,78.0,21.533420905892974,3192.0125751004207,16.44,79.12,28.9,0.314,1.6,7,0.172,0.8396,0.4705,0.8349,1
RD-GHY-SHL-07,98.0,10.95930479739889,1528.7532105131238,23.16,114.54,30.2,0.432,2.97,5,0.166,0.6563,0.4176,0.6169,0
RD-GHY-SHL-07,98.0,15.343576053730827,1641.6280620178006,9.41,44.88,13.3,0.2,2.69,3,0.107,0.5465,0.3038,0.5074,0
RD-BHK-BMD-03,96.0,27.53893813067466,2425.2899225418646,109.02,280.37,10.0,1.0,0.1,6,0.84,1.0,0.9913,1.0,1
RD-SHL-SIL-08,215.0,19.36010694393277,1425.5865482134955,43.58,172.12,6.7,0.874,0.36,7,0.435,0.9484,0.8791,0.9962,1
RD-GHY-ITA-09,320.0,9.110061275214994,389.5379656116265,42.7,203.38,17.0,0.728,1.1,3,0.325,0.789,0.7883,0.7919,1
RD-TEZ-BHK-02,54.0,10.375434025255586,227.55761405044854,3.96,18.01,17.1,0.36,0.38,6,0.247,0.6579,0.8825,0.8722,1
RD-TEZ-BHK-02,54.0,11.490301845711002,277.85160325269885,15.96,63.92,22.2,0.513,0.15,4,0.382,0.6919,0.9624,0.9529,1
RD-BHK-BMD-03,96.0,28.54623458722068,2482.7186979696808,6.88,26.02,28.4,0.387,0.2,8,0.319,0.902,0.872,0.9427,1
RD-SELA-TWG-06,78.0,27.19465296791519,3310.323448994234,161.83,425.29,26.4,1.0,1.82,7,0.842,0.9705,0.9081,1.0,1
RD-SELA-TWG-06,78.0,22.78063548617193,3164.434666000056,6.05,18.1,33.2,0.11,2.15,6,0.104,0.8151,0.3701,0.8001,1
RD-DRG-SELA-05,62.0,33.324624934808035,4197.059650365021,9.48,30.55,32.1,0.152,2.68,7,0.107,0.9204,0.2795,0.893,1
RD-GHY-GTK-12,540.0,24.298407243102172,1616.2221920326606,7.26,26.3,22.0,0.388,0.21,8,0.318,0.8943,0.8969,0.9426,1
RD-GHY-GTK-12,540.0,21.74477938947144,1637.6714472870212,3.03,12.44,18.2,0.341,0.45,7,0.225,0.7385,0.7565,0.7868,1
RD-SHL-SIL-08,215.0,19.744367423237478,1476.8267078159085,158.03,695.15,29.6,1.0,0.45,12,0.949,1.0,0.9668,1.0,1
RD-SELA-TWG-06,78.0,20.151184232864217,3222.7533076767377,0.72,2.73,19.2,0.059,1.8,7,0.09,0.713,0.2887,0.6989,1
RD-GHY-SHL-07,98.0,17.86506742716376,1561.454741582319,15.65,70.36,19.7,0.285,2.94,4,0.131,0.6393,0.3741,0.5973,0
RD-GHY-TEZ-01,178.0,2.256548096315732,103.57048979517526,105.55,447.19,27.1,1.0,0.92,1,0.634,0.7943,0.9325,0.9158,1
RD-TEZ-ITA-11,155.0,3.4071442141783925,376.7810292745738,6.38,24.37,21.7,0.131,1.44,2,0.133,0.4172,0.5433,0.5178,0
RD-GHY-ITA-09,320.0,11.33315566850617,450.00538459426673,4.54,17.65,13.8,0.109,0.94,4,0.16,0.5499,0.6351,0.6202,0
RD-TEZ-ITA-11,155.0,10.361520711365655,296.00176786438954,168.21,787.87,17.0,1.0,1.36,2,0.893,0.9385,1.0,1.0,1
RD-GHY-TEZ-01,178.0,6.594273145984685,62.94175353015748,173.6,693.02,16.8,1.0,0.75,1,0.97,0.9173,0.9669,0.967,1
RD-GHY-NAG-10,345.0,19.65353010707142,1494.4934212108656,46.87,207.09,31.2,0.74,0.82,6,0.371,0.9281,0.6917,0.9372,1
RD-SHL-SIL-08,215.0,18.02814674734131,1391.9962756695847,160.01,700.06,19.3,1.0,0.45,6,0.957,1.0,1.0,1.0,1
RD-TEZ-BHK-02,54.0,11.368982845035932,280.5430858016612,191.35,760.75,22.9,1.0,0.34,6,1.0,0.9665,0.9859,1.0,1
RD-TEZ-ITA-11,155.0,9.64352403533341,220.50268650894378,164.1,604.02,20.6,1.0,1.57,1,0.863,0.9265,0.9793,0.9905,1
RD-GHY-SHL-07,98.0,9.978322538848186,1522.164105107142,5.26,23.36,22.8,0.128,3.09,4,0.08,0.5092,0.2815,0.4723,0
RD-GHY-TEZ-01,178.0,3.844975128378535,28.817521457891047,8.18,33.97,31.3,0.163,0.71,4,0.203,0.3663,0.8497,0.781,1
RD-TEZ-ITA-11,155.0,5.447132994501864,309.7080070039328,14.98,52.05,19.3,0.224,1.23,5,0.186,0.4716,0.6226,0.5953,0
RD-SELA-TWG-06,78.0,24.577884244635918,3170.5373134602464,26.03,101.21,26.3,0.387,1.55,8,0.219,0.9018,0.5136,0.898,1
RD-TEZ-BHK-02,54.0,14.829071143024725,238.1156439628881,10.8,42.45,30.8,0.441,0.25,5,0.318,0.7414,0.8475,0.8496,1
RD-GHY-ITA-09,320.0,13.482975712421869,342.6759664635919,29.12,107.05,5.4,0.407,1.3,3,0.247,0.6525,0.7156,0.7063,1
RD-SELA-TWG-06,78.0,25.54379202013817,3216.23183952147,83.85,254.69,10.1,0.899,1.56,6,0.488,0.9697,0.7728,0.9986,1
RD-BMD-DRG-04,42.0,15.902488320826931,2079.985936439853,9.95,43.06,17.2,0.194,0.83,4,0.196,0.6348,0.5579,0.6307,0
RD-GHY-TEZ-01,178.0,4.843286791237341,86.4006752295911,45.24,120.82,32.7,0.453,1.15,1,0.332,0.5184,0.8313,0.7833,1
RD-SHL-SIL-08,215.0,21.372205865006773,1433.2667267254437,140.7,385.59,21.7,1.0,0.94,7,0.795,0.928,0.9778,1.0,1
RD-GHY-ITA-09,320.0,5.84285860060093,318.7582690782759,250.02,1232.92,5.1,1.0,0.88,5,1.0,1.0,0.9741,1.0,1
RD-DRG-SELA-05,62.0,24.91390310021768,4191.807649075402,6.82,27.86,14.9,0.143,2.62,8,0.096,0.8597,0.3102,0.8427,1
RD-BMD-DRG-04,42.0,17.434421726667424,2071.1385637144713,23.32,71.41,9.9,0.288,1.23,5,0.224,0.6909,0.5181,0.6789,1
RD-DRG-SELA-05,62.0,31.302556892473714,4121.449658829468,19.46,78.13,20.7,0.31,2.58,8,0.156,0.8799,0.4271,0.8763,1
RD-SHL-SIL-08,215.0,24.05452658231677,1368.327327905815,109.06,383.84,25.2,1.0,0.74,7,0.67,1.0,0.9255,1.0,1
RD-BHK-BMD-03,96.0,33.797908972065265,2502.4101983837636,41.94,150.33,10.1,0.801,0.23,7,0.469,0.9499,0.9322,0.9982,1
RD-SHL-SIL-08,215.0,19.2178809829122,1464.4216811251695,231.91,998.64,6.6,1.0,0.37,7,1.0,1.0,0.983,1.0,1
RD-GHY-GTK-12,540.0,17.95201370649591,1636.5130137712454,18.38,61.96,26.9,0.507,0.15,8,0.392,0.8604,0.9315,0.972,1
RD-TEZ-BHK-02,54.0,16.598990803868865,275.49663740736185,16.3,72.41,21.9,0.541,0.33,5,0.318,0.8041,0.8795,0.8886,1
RD-SELA-TWG-06,78.0,15.832385023958388,3203.0392686250652,1.99,9.71,7.9,0.082,2.19,6,0.084,0.6587,0.3353,0.6551,1
RD-GHY-GTK-12,540.0,21.22688033517121,1673.529945675168,108.15,339.42,19.2,1.0,0.36,9,0.737,0.9996,0.9592,1.0,1
RD-GHY-ITA-09,320.0,10.6287984381507,350.0731427406895,4.83,22.39,21.6,0.125,0.97,3,0.159,0.4827,0.6703,0.6463,0
RD-DRG-SELA-05,62.0,32.63114983036068,4230.733339006645,28.48,121.66,8.0,0.456,2.47,7,0.2,0.934,0.4133,0.9238,1
RD-GHY-GTK-12,540.0,21.040846843142482,1537.2104334452627,122.18,317.27,26.6,1.0,0.39,7,0.796,1.0,1.0,1.0,1
RD-GHY-GTK-12,540.0,26.592145591235276,1542.9284559840148,11.54,55.11,13.1,0.484,0.16,8,0.357,0.8858,0.9941,1.0,1
RD-SELA-TWG-06,78.0,24.60756770469887,3263.637876831769,2.0,6.42,28.6,0.071,1.48,6,0.11,0.7576,0.3531,0.7461,1
RD-TEZ-BHK-02,54.0,16.168494336497382,320.65178687319354,25.28,100.42,27.7,0.635,0.05,5,0.48,0.7118,0.9955,0.9874,1
RD-BHK-BMD-03,96.0,25.99955577790482,2375.1383802757914,137.78,381.11,18.9,1.0,0.55,8,0.834,1.0,0.9476,1.0,1
RD-SHL-SIL-08,215.0,18.30990977223394,1372.856620262373,148.33,694.55,29.9,1.0,0.43,6,0.908,1.0,1.0,1.0,1
RD-GHY-ITA-09,320.0,11.939461476199115,329.9870929526414,13.04,43.03,14.2,0.193,1.13,3,0.183,0.5364,0.6831,0.6636,1
RD-SHL-SIL-08,215.0,26.851134773565047,1361.4787600431061,2.95,13.83,29.8,0.096,0.73,7,0.177,0.8253,0.609,0.8419,1
RD-GHY-ITA-09,320.0,7.838302179198058,295.5653294761829,157.63,452.98,21.3,1.0,1.21,4,0.852,0.9765,0.9989,1.0,1
RD-TEZ-BHK-02,54.0,18.134807717913432,272.00624378208107,193.31,839.28,17.7,1.0,0.39,4,1.0,0.9846,1.0,1.0,1
RD-GHY-SHL-07,98.0,18.32111604343357,1532.8847578275424,33.38,154.3,18.4,0.564,3.18,4,0.21,0.7803,0.5295,0.7432,1
RD-GHY-GTK-12,540.0,23.614667898864425,1666.3585276438896,5.19,20.66,13.4,0.369,0.08,10,0.372,0.9171,0.9863,1.0,1
RD-GHY-SHL-07,98.0,15.105215964388131,1403.86456004715,17.76,86.69,25.1,0.339,2.77,3,0.144,0.6454,0.3859,0.604,0
RD-GHY-NAG-10,345.0,20.544894537914605,1532.4126328162934,93.3,233.81,16.5,0.829,0.93,6,0.575,0.9684,0.9269,1.0,1
RD-SELA-TWG-06,78.0,26.190793605682288,3129.6475734500527,90.34,386.75,15.1,1.0,1.46,6,0.524,0.9976,0.8016,1.0,1
RD-SHL-SIL-08,215.0,24.88541941753186,1441.049096736895,155.4,523.06,22.0,1.0,0.52,7,0.921,0.9229,0.9777,1.0,1
RD-GHY-ITA-09,320.0,10.68199085470901,271.5305202312658,1.63,5.3,19.9,0.068,0.97,2,0.143,0.4282,0.6133,0.5887,0
RD-GHY-ITA-09,320.0,8.89335797402544,394.24212914005795,33.69,144.71,15.8,0.532,1.51,4,0.257,0.6663,0.6766,0.6707,1
RD-BHK-BMD-03,96.0,20.366331241187154,2480.9541584694007,13.22,56.18,28.8,0.487,0.32,7,0.304,0.8363,0.7998,0.8692,1
RD-BHK-BMD-03,96.0,30.253751789574057,2518.8167079338596,54.51,208.83,12.8,0.746,0.77,10,0.412,0.9049,0.7416,0.9278,1
RD-GHY-TEZ-01,178.0,6.170787199026265,133.79887832030803,16.23,66.31,4.5,0.271,0.9,1,0.218,0.4141,0.8181,0.7582,1
RD-GHY-ITA-09,320.0,7.015029403275803,306.0180533638532,110.77,464.94,20.9,1.0,1.16,5,0.637,0.9211,0.9247,0.9418,1
RD-BHK-BMD-03,96.0,32.57527325047586,2370.37585138609,178.39,826.97,4.7,1.0,0.66,8,1.0,1.0,1.0,1.0,1
RD-GHY-GTK-12,540.0,22.20050881560149,1549.2968362881118,109.14,500.63,26.9,1.0,0.13,12,0.828,0.9807,1.0,1.0,1
RD-GHY-ITA-09,320.0,8.697212980141861,438.1809603875395,35.97,92.68,25.7,0.359,1.27,3,0.281,0.5994,0.7313,0.7154,1
RD-TEZ-BHK-02,54.0,14.349190003359737,177.74743882480024,35.77,143.75,8.6,0.779,0.12,4,0.488,0.7894,1.0,1.0,1
RD-TEZ-ITA-11,155.0,5.942633460438878,338.7389876096402,9.02,31.33,22.2,0.154,1.55,3,0.14,0.4291,0.5838,0.5558,0
RD-DRG-SELA-05,62.0,29.90164642134436,4203.4542605133765,150.59,625.37,5.3,1.0,2.87,8,0.762,0.9665,0.8933,1.0,1
RD-DRG-SELA-05,62.0,29.41050622962145,4255.590343376475,50.66,242.57,16.4,0.859,2.37,8,0.306,0.9986,0.5467,1.0,1
RD-TEZ-BHK-02,54.0,12.933656496713455,171.69429595331576,32.93,91.43,22.8,0.605,0.41,4,0.373,0.7655,0.9217,0.9243,1
RD-BHK-BMD-03,96.0,25.50085713707343,2442.7705641506973,6.56,23.4,9.6,0.128,0.71,7,0.196,0.8231,0.6069,0.8326,1
RD-GHY-NAG-10,345.0,20.480667659450127,1487.1344566907662,211.93,1007.6,13.9,1.0,0.71,7,1.0,0.9627,1.0,1.0,1
RD-TEZ-ITA-11,155.0,4.6316229195161895,314.17143267733354,78.85,330.04,10.1,1.0,1.54,1,0.466,0.7797,0.8367,0.831,1
RD-GHY-NAG-10,345.0,20.202319007421746,1423.1146095734998,4.23,12.03,13.0,0.09,1.01,6,0.152,0.7715,0.4949,0.765,1
RD-GHY-NAG-10,345.0,12.14876339502778,1498.8222299889624,173.5,571.66,20.6,1.0,0.85,6,0.958,0.9449,0.9938,1.0,1
RD-GHY-TEZ-01,178.0,3.100974968586727,103.83810516251319,103.57,400.94,7.5,1.0,0.8,4,0.637,0.7921,0.9025,0.8864,1
RD-TEZ-ITA-11,155.0,4.036351380490851,312.73252888430574,102.87,412.22,21.4,1.0,1.57,2,0.577,0.825,0.9155,0.9135,1
RD-DRG-SELA-05,62.0,25.960105782901095,4201.852591980438,76.18,329.43,8.9,1.0,2.56,8,0.421,0.9608,0.6582,0.9836,1
RD-GHY-NAG-10,345.0,14.625179934345047,1512.8391628662362,71.85,244.84,32.5,0.866,0.85,7,0.483,0.9498,0.7824,0.9708,1
RD-TEZ-ITA-11,155.0,7.601085744018579,394.6476311376914,132.21,367.06,31.7,1.0,1.42,2,0.721,0.9351,0.9682,0.9807,1
RD-TEZ-ITA-11,155.0,3.2596242611033315,356.82068722680066,19.05,94.34,14.5,0.364,1.37,3,0.196,0.4818,0.6994,0.667,1
RD-TEZ-ITA-11,155.0,7.757735271834922,391.23594151585235,9.05,27.13,16.8,0.14,1.28,2,0.155,0.456,0.5945,0.568,0
RD-SHL-SIL-08,215.0,21.925867404793227,1441.7791388169865,144.82,583.64,27.6,1.0,0.34,7,0.913,0.9473,0.9931,1.0,1
RD-TEZ-ITA-11,155.0,6.915452507624918,377.40454331987166,21.09,99.18,16.6,0.381,1.57,2,0.195,0.4768,0.6257,0.5986,0
RD-SHL-SIL-08,215.0,19.069162781854352,1390.2754257567613,74.5,263.7,13.2,0.929,0.63,8,0.524,0.9914,0.9139,1.0,1
RD-GHY-TEZ-01,178.0,1.0,89.42331919032463,87.92,367.89,4.2,1.0,0.83,2,0.56,0.7517,0.9758,0.9514,1
RD-GHY-SHL-07,98.0,14.47755760977776,1474.787666447759,77.24,344.85,12.9,1.0,3.05,3,0.417,0.8516,0.6716,0.8277,1
RD-BMD-DRG-04,42.0,15.787283912417893,2083.2416513386806,69.26,203.33,22.7,0.728,0.85,6,0.471,0.866,0.7964,0.8775,1
RD-BHK-BMD-03,96.0,24.405339036335263,2470.032081916992,14.35,59.99,5.0,0.5,0.24,6,0.336,0.9171,0.8351,0.9524,1
RD-GHY-GTK-12,540.0,23.76893269542129,1623.968469671885,7.06,28.41,25.8,0.395,0.05,9,0.397,0.9182,0.9305,0.9791,1
RD-SELA-TWG-06,78.0,21.037084872187762,3192.916868406388,17.93,78.95,18.5,0.313,1.86,8,0.168,0.8201,0.4262,0.8115,1
RD-BHK-BMD-03,96.0,28.59171413917094,2432.623752874057,17.8,56.54,34.0,0.488,0.17,9,0.382,0.945,0.8736,0.9851,1
RD-GHY-ITA-09,320.0,4.811421246347842,420.89159864435425,1.5,6.01,29.6,0.07,0.96,3,0.144,0.4357,0.5764,0.5556,0
RD-SELA-TWG-06,78.0,24.557572439022774,3163.548178598673,209.78,533.84,10.5,1.0,1.71,10,1.0,1.0,1.0,1.0,1
RD-TEZ-BHK-02,54.0,11.82945515964663,281.71313789447686,82.85,312.01,21.8,1.0,0.3,3,0.635,0.8855,1.0,1.0,1
RD-BMD-DRG-04,42.0,17.816540953372495,2103.220376121597,131.83,497.41,32.4,1.0,1.31,7,0.725,0.9388,0.9133,0.9646,1
RD-GHY-TEZ-01,178.0,5.021733260541537,123.60501041504938,4.57,21.1,16.4,0.12,0.72,2,0.185,0.3396,0.7937,0.7271,1
RD-GHY-SHL-07,98.0,11.963703448585076,1544.2315185894586,3.7,16.21,12.3,0.104,3.19,2,0.071,0.4357,0.3338,0.4102,0
RD-GHY-SHL-07,98.0,15.196583513926983,1565.6411118383423,197.18,546.68,11.5,1.0,3.11,4,0.976,0.9592,1.0,1.0,1
RD-BHK-BMD-03,96.0,27.31790054295824,2467.1112789712174,80.51,268.92,12.8,1.0,0.18,6,0.67,0.9655,0.9363,1.0,1
RD-GHY-NAG-10,345.0,22.702656660314794,1562.8806556288325,63.38,308.96,28.2,1.0,0.79,7,0.45,0.9462,0.8015,0.9701,1
RD-BMD-DRG-04,42.0,14.002600389694688,2153.259159006182,81.86,253.56,10.2,0.895,1.23,4,0.497,0.8634,0.7824,0.8732,1
RD-SHL-SIL-08,215.0,26.830878941448614,1412.7203439373327,14.7,52.11,31.9,0.224,0.6,7,0.251,0.9004,0.7173,0.9273,1
RD-SHL-SIL-08,215.0,26.992576164351696,1376.1968721111066,34.2,126.69,16.0,0.722,0.4,7,0.381,0.9182,0.9146,0.9715,1
RD-DRG-SELA-05,62.0,25.87118928125697,4196.871629569401,2.69,7.9,30.7,0.076,2.53,9,0.079,0.8758,0.3314,0.8599,1
RD-TEZ-BHK-02,54.0,14.327138416022201,285.0634884780807,53.27,180.51,21.2,0.902,0.12,4,0.572,0.8386,0.9641,0.9758,1
RD-GHY-ITA-09,320.0,5.403983031002879,325.42277930965474,33.58,128.79,10.5,0.479,0.97,3,0.292,0.626,0.7898,0.7735,1
RD-BMD-DRG-04,42.0,17.609167656542727,2016.4426417602326,149.63,497.1,23.6,1.0,1.03,7,0.829,0.9337,0.942,0.9707,1
RD-SELA-TWG-06,78.0,20.879801036811646,3266.489718260254,105.42,302.64,23.1,1.0,1.46,7,0.594,0.9421,0.8817,0.9873,1
RD-DRG-SELA-05,62.0,28.201884911343818,4212.124436861757,8.08,28.34,6.3,0.144,2.35,9,0.108,0.8567,0.288,0.8372,1
RD-TEZ-ITA-11,155.0,10.481129277016603,335.46413016067964,7.48,32.65,7.8,0.159,1.38,1,0.141,0.4267,0.5447,0.5198,0
RD-DRG-SELA-05,62.0,35.44357276178747,4215.461697109148,20.88,89.2,22.7,0.347,2.3,8,0.169,0.8851,0.4115,0.8789,1
RD-TEZ-BHK-02,54.0,9.776647184246947,249.88377834771225,68.32,296.62,10.5,1.0,0.05,7,0.682,0.8967,0.9671,0.9871,1
RD-DRG-SELA-05,62.0,29.12059360403667,4134.499227855423,10.01,35.82,23.0,0.169,2.53,9,0.113,0.8451,0.4,0.8411,1
RD-GHY-SHL-07,98.0,15.984114004150669,1561.0094657102566,45.58,189.91,30.1,0.683,3.21,3,0.267,0.794,0.5137,0.7541,1
RD-GHY-SHL-07,98.0,13.108436711482163,1495.0906808110926,126.14,357.16,15.9,1.0,2.91,2,0.647,0.8966,0.9309,0.9344,1
RD-GHY-ITA-09,320.0,10.322101257117362,310.82751295498025,159.56,522.39,31.7,1.0,1.49,4,0.845,0.9623,0.965,0.9875,1
RD-GHY-ITA-09,320.0,10.337922827763123,383.9630440444357,6.3,16.42,17.6,0.105,1.11,2,0.153,0.5056,0.6527,0.6323,0
RD-GHY-SHL-07,98.0,15.834904946128528,1596.4462530320923,3.43,10.05,4.4,0.084,3.04,4,0.072,0.5444,0.3061,0.5058,0
RD-GHY-ITA-09,320.0,8.761832406856648,298.133564311514,74.43,327.05,20.9,1.0,1.34,4,0.456,0.8357,0.8535,0.8605,1
RD-GHY-NAG-10,345.0,18.927140505072103,1417.3927934055591,2.97,7.57,22.9,0.075,0.7,10,0.181,0.819,0.6015,0.822,1
RD-TEZ-BHK-02,54.0,11.030253811250201,256.55194514086065,109.61,320.54,4.0,1.0,0.05,4,0.875,0.8897,0.9863,1.0,1
RD-TEZ-BHK-02,54.0,13.271437351107604,221.12995179732587,4.63,17.36,14.1,0.358,0.16,5,0.323,0.6347,0.9989,0.9792,1
RD-SELA-TWG-06,78.0,16.277643093273788,3158.3402798732063,42.34,185.91,27.4,0.67,1.54,11,0.296,0.9269,0.5816,0.9308,1
RD-SELA-TWG-06,78.0,25.273783099954645,3235.7618291945614,9.19,25.24,33.4,0.134,1.72,6,0.133,0.7984,0.3789,0.786,1
RD-BMD-DRG-04,42.0,12.406126112978015,2078.6714373584714,9.55,40.33,21.0,0.184,1.12,4,0.168,0.6599,0.4474,0.6432,0
RD-GHY-SHL-07,98.0,14.397456013508531,1488.7806363321022,4.83,14.97,29.8,0.1,2.82,5,0.083,0.5426,0.3204,0.5053,0
RD-GHY-TEZ-01,178.0,6.806395014916648,96.15521730003655,224.04,940.11,32.6,1.0,0.6,1,1.0,0.932,1.0,1.0,1
RD-GHY-GTK-12,540.0,18.50978851461229,1596.776723045019,3.49,11.53,15.6,0.338,0.38,10,0.245,0.825,0.7807,0.8579,1
RD-SHL-SIL-08,215.0,26.30253110956098,1313.028737788386,0.13,0.5,7.2,0.302,0.34,8,0.239,0.8339,0.8357,0.8799,1
RD-BHK-BMD-03,96.0,26.000661971590187,2488.8898815438856,13.34,55.18,6.4,0.484,0.25,8,0.328,0.8802,0.8738,0.9215,1
RD-GHY-ITA-09,320.0,7.284096817589971,374.3480319714839,310.81,1032.77,30.6,1.0,0.97,3,1.0,0.9956,0.994,1.0,1
RD-GHY-NAG-10,345.0,15.922256467828602,1465.7593945130552,30.11,139.61,33.2,0.515,0.88,8,0.285,0.8632,0.6105,0.8648,1
RD-GHY-SHL-07,98.0,14.861904282680362,1602.201256472119,14.47,63.57,20.3,0.262,3.12,3,0.123,0.5634,0.3198,0.5239,0
RD-GHY-GTK-12,540.0,24.885621218008932,1639.4354321103372,65.12,236.59,25.8,1.0,0.14,9,0.619,0.9369,0.9457,0.9967,1
RD-GHY-NAG-10,345.0,22.132642568839724,1502.1880764219968,36.78,161.56,26.5,0.589,0.69,9,0.339,0.9045,0.7596,0.9239,1
RD-GHY-ITA-09,320.0,9.095324585592566,329.81482830010464,19.57,65.15,33.3,0.267,1.27,3,0.205,0.5984,0.6668,0.6546,1
RD-GHY-GTK-12,540.0,22.352918432255123,1723.631512533153,7.35,28.43,4.7,0.395,0.2,7,0.321,0.8539,0.9034,0.9436,1
RD-SHL-SIL-08,215.0,20.785912429410022,1314.425575731753,34.56,135.31,22.4,0.501,0.57,6,0.347,0.8455,0.847,0.8924,1
RD-SELA-TWG-06,78.0,21.178605884587757,3286.1836450845976,6.83,31.97,26.3,0.157,1.67,8,0.124,0.8256,0.3446,0.8064,1
RD-TEZ-BHK-02,54.0,11.895260576626686,237.42352809067796,4.12,17.74,12.0,0.359,0.05,6,0.383,0.7295,0.9532,0.9495,1
RD-GHY-NAG-10,345.0,16.708716903597853,1600.4236505490849,127.66,423.68,31.7,1.0,0.61,6,0.777,0.9904,0.9908,1.0,1
RD-GHY-GTK-12,540.0,18.876506165298196,1673.500683062333,32.77,90.34,29.6,0.601,0.32,8,0.397,0.9645,0.8842,1.0,1
RD-TEZ-ITA-11,155.0,4.531757296516739,182.73502231638076,62.79,177.3,11.5,0.641,1.58,2,0.389,0.6543,0.8172,0.7968,1
RD-SHL-SIL-08,215.0,20.983992838348726,1365.3732557822498,16.55,67.37,20.4,0.525,0.26,9,0.34,0.8434,0.8613,0.9061,1
RD-TEZ-ITA-11,155.0,9.757039086894025,376.8227787162423,74.04,192.36,33.6,0.691,1.52,2,0.444,0.7453,0.8536,0.843,1
RD-GHY-NAG-10,345.0,17.027469416878077,1549.9642320117255,27.95,98.75,6.2,0.379,1.11,8,0.255,0.8048,0.6325,0.8124,1
RD-GHY-GTK-12,540.0,19.648895426229995,1670.3423817569892,229.87,753.5,17.5,1.0,0.5,8,1.0,0.9587,1.0,1.0,1
RD-SHL-SIL-08,215.0,20.4703181414031,1338.6492961355732,63.99,303.66,21.4,1.0,0.36,10,0.53,0.9457,0.8528,0.9899,1
RD-TEZ-ITA-11,155.0,5.795392409001993,249.6640283720221,40.15,110.58,13.9,0.419,1.48,2,0.288,0.6183,0.7155,0.6966,1
RD-GHY-SHL-07,98.0,15.62218626439313,1575.0950116850336,210.66,585.29,10.4,1.0,2.99,4,1.0,0.9686,0.962,0.9811,1
RD-TEZ-ITA-11,155.0,10.265087649854546,328.3808492764689,262.96,1169.23,27.3,1.0,1.17,2,1.0,1.0,1.0,1.0,1
RD-GHY-NAG-10,345.0,16.529104769218254,1494.3205943189475,3.68,16.34,15.1,0.104,0.82,7,0.168,0.7451,0.5686,0.7489,1
RD-TEZ-BHK-02,54.0,9.720939132830313,319.4720641780849,120.89,526.12,22.0,1.0,0.26,3,0.828,0.9214,0.9381,0.9621,1
RD-SHL-SIL-08,215.0,20.02546993717107,1305.8508276664136,50.7,223.6,12.8,1.0,0.2,8,0.524,0.9433,0.9952,1.0,1
RD-BHK-BMD-03,96.0,26.871720449563213,2480.7480616023386,32.0,87.65,15.5,0.342,0.64,7,0.325,0.845,0.7298,0.8687,1
RD-BMD-DRG-04,42.0,16.019645973413617,2044.3127239789062,6.62,28.47,22.4,0.145,1.47,5,0.132,0.6397,0.3741,0.6176,0
RD-GHY-NAG-10,345.0,19.36411318925032,1496.6917032726783,7.3,18.39,33.1,0.111,0.95,6,0.172,0.724,0.5639,0.7286,1
RD-GHY-GTK-12,540.0,22.9604359686562,1655.1539110765425,4.18,19.99,9.8,0.367,0.3,9,0.268,0.9064,0.8374,0.9443,1
RD-GHY-GTK-12,540.0,19.739195177667433,1753.102557650343,144.86,479.34,14.2,1.0,0.22,8,0.954,0.9934,1.0,1.0,1
RD-BMD-DRG-04,42.0,12.725412672891522,2026.9848782395388,67.57,211.6,13.8,0.755,1.24,6,0.43,0.9206,0.7257,0.9207,1
RD-TEZ-ITA-11,155.0,2.7730485492753374,336.8291522729518,14.4,58.8,5.5,0.246,1.41,1,0.172,0.4348,0.583,0.5556,0
RD-GHY-SHL-07,98.0,10.579296313153847,1557.427395179632,11.73,56.07,26.5,0.237,2.94,4,0.113,0.5401,0.439,0.5127,0
RD-BHK-BMD-03,96.0,25.593708876926183,2529.370030120777,23.54,85.68,10.2,0.586,0.48,9,0.314,0.9159,0.7077,0.9338,1
RD-GHY-ITA-09,320.0,9.469741562600687,226.3777170952826,26.84,82.56,26.3,0.325,1.26,2,0.239,0.6153,0.7539,0.7384,1
RD-SELA-TWG-06,78.0,28.481026708097183,3218.570054296612,8.43,41.54,8.3,0.188,1.83,7,0.125,0.8343,0.4388,0.826,1
RD-GHY-GTK-12,540.0,19.874342309598305,1691.128646060024,62.48,227.86,21.8,1.0,0.05,8,0.655,0.9575,1.0,1.0,1
RD-GHY-GTK-12,540.0,17.962576889536827,1623.2483457654214,10.17,49.69,18.5,0.466,0.43,9,0.262,0.8448,0.7907,0.8783,1
RD-SHL-SIL-08,215.0,22.005410519069244,1359.674518548721,138.56,650.16,27.5,1.0,0.41,6,0.867,0.9046,0.9528,1.0,1
RD-BMD-DRG-04,42.0,12.94358440722786,2059.2657173381167,11.93,34.97,26.9,0.167,1.11,6,0.18,0.6507,0.4534,0.6353,0
RD-DRG-SELA-05,62.0,34.44100125760051,4099.239744012754,155.81,525.66,10.4,1.0,2.34,7,0.797,0.9988,0.9209,1.0,1
RD-DRG-SELA-05,62.0,29.95048011522526,4104.602212501831,8.68,23.12,26.2,0.127,2.62,7,0.105,0.8737,0.3134,0.8558,1
RD-GHY-GTK-12,540.0,19.845623929187788,1680.2702252381373,181.76,752.29,20.3,1.0,0.39,8,1.0,1.0,0.9604,1.0,1
RD-GHY-GTK-12,540.0,19.789506201167306,1691.102100196447,16.49,81.74,24.0,0.322,0.59,8,0.26,0.8542,0.7453,0.8815,1
RD-SHL-SIL-08,215.0,22.750433343197663,1344.527222227689,32.43,85.49,29.3,0.335,0.84,6,0.3,0.8631,0.7688,0.8982,1
RD-GHY-GTK-12,540.0,22.633379608582388,1595.2752819582552,0.04,0.17,9.7,0.301,0.27,7,0.259,0.8158,0.901,0.9361,1
RD-TEZ-BHK-02,54.0,15.489198021513149,233.1788924861192,44.7,140.26,6.7,0.768,0.05,4,0.572,0.8157,0.9857,0.9934,1
RD-GHY-ITA-09,320.0,8.371586507295723,406.93904059610645,32.56,136.75,23.3,0.506,1.02,4,0.284,0.6525,0.7645,0.7527,1
RD-GHY-SHL-07,98.0,18.74208740668596,1590.2541894331016,74.6,295.78,27.4,1.0,2.77,4,0.409,0.8777,0.6713,0.8524,1
RD-BHK-BMD-03,96.0,26.32316039944314,2452.3517182004252,30.49,86.14,33.0,0.587,0.45,7,0.353,0.8792,0.7139,0.8994,1
RD-DRG-SELA-05,62.0,33.897514344121305,4204.412985538621,3.73,16.8,31.5,0.106,2.61,7,0.082,0.8401,0.2971,0.8236,1
RD-TEZ-BHK-02,54.0,13.736186395180216,282.9135215090936,50.7,246.88,25.5,1.0,0.05,3,0.6,0.7937,1.0,1.0,1
RD-SHL-SIL-08,215.0,15.820655292369732,1282.848044917408,28.55,91.17,18.3,0.604,0.38,8,0.361,0.87,0.8957,0.9432,1
RD-GHY-GTK-12,540.0,21.762383061214305,1684.8525489419862,1.25,3.93,12.4,0.313,0.38,10,0.234,0.824,0.7529,0.8535,1
RD-BMD-DRG-04,42.0,13.647037089099232,2096.4330000749796,15.55,74.44,21.3,0.298,1.54,4,0.17,0.6752,0.4314,0.6556,1
RD-DRG-SELA-05,62.0,30.317580518482465,4233.613518888327,44.4,134.91,25.7,0.5,2.38,10,0.277,0.9897,0.4879,0.9857,1
RD-GHY-GTK-12,540.0,20.064040547789034,1590.351331449043,7.99,33.82,31.5,0.413,0.22,7,0.314,0.7873,0.8846,0.9164,1
RD-TEZ-BHK-02,54.0,17.10087505946284,249.57253579786763,9.31,40.41,4.2,0.435,0.33,5,0.284,0.6744,0.9046,0.8955,1
RD-GHY-NAG-10,345.0,16.627928793107127,1508.6884600978638,148.27,408.87,6.2,1.0,0.73,6,0.855,1.0,0.9402,1.0,1
RD-GHY-TEZ-01,178.0,6.674011179958539,49.19831276462013,12.2,53.79,26.4,0.229,0.68,0,0.227,0.4105,0.8742,0.8089,1
RD-GHY-ITA-09,320.0,8.624625521691684,427.2420731209129,116.47,489.98,16.8,1.0,1.22,5,0.66,0.9206,0.9192,0.9374,1
RD-BMD-DRG-04,42.0,18.470269553686933,2147.2816713783814,172.59,642.16,11.8,1.0,1.3,5,0.916,0.9584,0.9476,0.9889,1
RD-GHY-SHL-07,98.0,13.561213098429958,1593.367668945944,37.95,147.11,7.7,0.54,3.2,2,0.231,0.6553,0.4815,0.6224,0
RD-SHL-SIL-08,215.0,23.372625802014344,1421.6873804674267,250.78,1064.71,31.8,1.0,0.15,6,1.0,1.0,1.0,1.0,1
RD-BHK-BMD-03,96.0,22.08094050845421,2487.314692994423,97.67,358.47,11.0,1.0,0.43,8,0.671,0.9284,0.9343,0.9822,1
RD-GHY-ITA-09,320.0,6.377138389393668,377.2694740462337,78.79,245.92,6.7,0.87,1.04,2,0.497,0.8061,0.9083,0.9099,1
RD-BHK-BMD-03,96.0,27.877612544798588,2405.5254129755776,16.36,76.65,10.4,0.556,0.31,7,0.323,0.9364,0.8282,0.9703,1
RD-SHL-SIL-08,215.0,19.094549059114314,1330.9115405716148,27.62,112.37,32.1,0.425,0.65,6,0.302,0.9002,0.7743,0.9348,1
RD-BMD-DRG-04,42.0,9.22029589762457,2094.317157875048,19.03,56.05,31.7,0.237,1.52,6,0.188,0.6728,0.4242,0.6527,1
RD-DRG-SELA-05,62.0,25.092197924236935,4136.3230176051375,56.16,145.48,33.5,0.535,2.33,10,0.333,0.9276,0.5819,0.9415,1
RD-TEZ-ITA-11,155.0,9.94041948397571,305.93982022986165,151.43,590.1,5.7,1.0,1.52,3,0.805,0.918,0.9045,0.9269,1
RD-TEZ-BHK-02,54.0,11.961161840285971,233.64003080087787,31.78,102.28,21.8,0.641,0.29,3,0.4,0.6645,0.8959,0.8858,1
RD-BMD-DRG-04,42.0,16.490934328008603,2057.225865203721,33.07,159.81,9.9,0.583,1.15,5,0.276,0.7683,0.5336,0.7526,1
RD-GHY-GTK-12,540.0,17.230190387258236,1629.6994323309807,12.51,51.82,31.6,0.473,0.44,8,0.272,0.8384,0.7875,0.8717,1
RD-GHY-TEZ-01,178.0,1.0,96.71023422690378,11.42,55.5,30.5,0.235,0.63,0,0.23,0.3458,0.8394,0.7691,1
RD-BHK-BMD-03,96.0,28.007638739362545,2510.6045359661366,26.24,87.53,10.2,0.592,0.1,8,0.455,0.9105,0.9762,1.0,1
RD-BHK-BMD-03,96.0,19.095796737082914,2538.4956533827794,52.83,177.01,9.4,0.64,0.58,8,0.431,0.9782,0.775,1.0,1
RD-GHY-TEZ-01,178.0,6.410290035503691,125.94301650723176,38.41,148.52,10.2,0.545,0.67,0,0.35,0.6092,0.8865,0.8466,1
RD-GHY-SHL-07,98.0,12.60576508973761,1561.679754063079,13.03,63.64,27.5,0.262,3.42,2,0.112,0.5303,0.3573,0.4972,0
RD-BHK-BMD-03,96.0,25.496188436409113,2478.281645094336,3.96,14.78,30.2,0.349,0.45,10,0.228,0.9025,0.5991,0.9062,1
RD-DRG-SELA-05,62.0,31.388413163624413,4154.451426675696,33.23,87.73,19.2,0.342,2.58,9,0.22,0.9,0.3989,0.8909,1
RD-GHY-TEZ-01,178.0,8.148528244590066,85.07154065595198,25.65,104.65,28.0,0.649,0.39,2,0.345,0.5748,0.8991,0.8538,1
RD-GHY-NAG-10,345.0,15.040876223842972,1514.2192856431798,101.37,444.93,12.0,1.0,0.51,6,0.671,0.9886,0.9306,1.0,1
RD-SELA-TWG-06,78.0,23.290657035449854,3237.8143364301113,33.48,108.18,16.6,0.411,1.72,8,0.247,0.8395,0.5365,0.8431,1
RD-TEZ-ITA-11,155.0,6.01839435130568,304.1084728990228,59.06,195.37,33.5,0.701,1.53,1,0.374,0.6947,0.7879,0.7738,1
RD-SHL-SIL-08,215.0,21.315033746984913,1430.7927399075043,7.11,26.85,6.8,0.39,0.5,6,0.234,0.8219,0.7729,0.8588,1
RD-BHK-BMD-03,96.0,29.18479018469668,2457.9745512209215,2.73,7.57,15.5,0.325,0.47,8,0.218,0.8619,0.6716,0.8775,1
RD-SHL-SIL-08,215.0,22.791922928308473,1335.8073056570681,0.35,1.5,33.4,0.055,0.77,6,0.159,0.793,0.656,0.8171,1
RD-TEZ-BHK-02,54.0,13.974653525780282,243.03938416599917,65.72,253.02,16.4,1.0,0.27,7,0.566,0.8862,0.9443,0.9632,1
RD-GHY-GTK-12,540.0,22.27996743177743,1749.3903282381043,12.73,43.29,16.6,0.194,0.71,9,0.225,0.8257,0.7506,0.8548,1
RD-DRG-SELA-05,62.0,28.504357769748353,4209.38648287168,6.82,26.61,33.4,0.139,2.51,9,0.098,0.8694,0.3188,0.8526,1
RD-GHY-TEZ-01,178.0,6.804687760498723,62.169273427692175,11.23,29.0,28.6,0.147,0.62,2,0.231,0.3623,0.8895,0.8164,1
RD-DRG-SELA-05,62.0,37.581268095334096,4157.617893465885,86.15,360.65,16.1,1.0,2.56,10,0.467,1.0,0.7266,1.0,1
RD-BMD-DRG-04,42.0,12.997541617049148,2137.027376791184,193.94,567.11,18.5,1.0,0.95,5,1.0,0.9639,0.9726,1.0,1
RD-TEZ-ITA-11,155.0,4.781298724900571,350.87143154636624,21.67,65.28,13.0,0.268,1.37,3,0.208,0.4721,0.6465,0.6173,0
RD-GHY-SHL-07,98.0,16.582979143447897,1678.6376194622237,26.1,71.21,17.1,0.287,3.1,3,0.177,0.5735,0.4102,0.5407,0
RD-TEZ-BHK-02,54.0,13.167472776123365,327.9034680364412,2.41,9.33,7.1,0.331,0.31,3,0.257,0.5798,0.8675,0.8478,1
RD-TEZ-BHK-02,54.0,10.477190232787837,228.8166714098278,142.7,590.01,33.9,1.0,0.27,7,0.927,0.9385,0.9559,0.9821,1
RD-BHK-BMD-03,96.0,24.344940883508073,2567.455427901252,2.25,6.64,7.7,0.072,0.59,7,0.194,0.7836,0.5921,0.7937,1
RD-BMD-DRG-04,42.0,8.526515775545619,2160.8361746248975,100.26,391.42,24.8,1.0,1.42,4,0.572,0.8968,0.8556,0.9154,1
RD-GHY-SHL-07,98.0,16.929803477502507,1550.914004287941,114.69,421.65,6.8,1.0,2.73,3,0.597,0.8964,0.8144,0.8894,1
RD-DRG-SELA-05,62.0,31.408777900038313,4178.895419570583,29.44,114.73,29.5,0.432,2.29,7,0.209,0.9017,0.5394,0.9114,1
RD-DRG-SELA-05,62.0,32.836540603497724,4222.814424187306,60.99,229.42,31.5,0.815,2.58,7,0.35,0.9752,0.6241,0.9922,1
RD-GHY-NAG-10,345.0,12.21755271739772,1480.642447207509,89.3,430.11,5.0,1.0,1.09,7,0.542,0.9588,0.8458,0.9886,1
RD-TEZ-ITA-11,155.0,8.771333557931932,304.0849492947833,9.33,32.94,25.5,0.16,1.39,1,0.149,0.461,0.6162,0.5883,0
RD-BMD-DRG-04,42.0,19.16467723765524,2147.202107407454,141.91,685.62,11.1,1.0,0.96,4,0.799,0.9991,0.9206,1.0,1
RD-TEZ-BHK-02,54.0,20.697158614032496,192.37728791423868,45.68,164.59,14.2,0.849,0.06,3,0.568,0.85,0.9716,0.9847,1
RD-BHK-BMD-03,96.0,30.043001593011837,2388.740825071416,1.3,3.87,26.4,0.063,0.52,7,0.202,0.8739,0.6177,0.8817,1
RD-GHY-ITA-09,320.0,9.080396112964719,300.3039535412303,13.85,40.6,22.0,0.185,1.33,4,0.174,0.5619,0.6691,0.6531,1
RD-GHY-GTK-12,540.0,22.70786796981019,1653.5834276940122,2.34,9.48,11.1,0.332,0.25,7,0.277,0.8635,0.8715,0.9137,1
RD-GHY-GTK-12,540.0,16.29098062491458,1607.0087264606052,130.16,325.83,13.7,1.0,0.56,7,0.796,0.9297,0.9716,1.0,1
RD-DRG-SELA-05,62.0,33.38518620506479,4277.885715221898,26.91,123.46,22.5,0.462,2.11,8,0.202,0.932,0.4476,0.9267,1
RD-BMD-DRG-04,42.0,22.83953644892354,2191.5573537627315,87.53,323.8,30.6,1.0,1.33,5,0.518,0.9999,0.7758,1.0,1
RD-BHK-BMD-03,96.0,27.185446533154575,2445.6918947950253,1.82,6.78,12.9,0.323,0.29,8,0.262,0.827,0.7988,0.86,1
RD-SHL-SIL-08,215.0,23.297306162968184,1454.8742485676582,12.99,45.22,14.7,0.451,0.27,7,0.322,0.8231,0.9002,0.9413,1
RD-GHY-NAG-10,345.0,19.818455614606084,1480.2937764721105,19.72,74.03,31.0,0.297,0.69,7,0.26,0.8009,0.6273,0.8081,1
RD-GHY-GTK-12,540.0,17.892891966560665,1644.8675713274683,33.97,98.88,29.4,0.38,0.57,8,0.345,0.8766,0.8083,0.9114,1
RD-SHL-SIL-08,215.0,22.248623361976993,1414.482676045015,21.43,83.97,31.0,0.58,0.46,6,0.308,0.882,0.8176,0.9229,1
RD-TEZ-ITA-11,155.0,10.887955552324836,343.26719969789383,20.67,67.62,22.2,0.275,1.27,1,0.21,0.5024,0.6591,0.6319,0
RD-BMD-DRG-04,42.0,16.58239645601693,2035.5704145811203,9.2,43.45,5.6,0.195,1.08,4,0.17,0.6573,0.4654,0.6426,0
RD-GHY-NAG-10,345.0,11.347172759543955,1494.5187074756143,10.85,36.48,23.5,0.172,0.93,7,0.191,0.7066,0.5656,0.7125,1
RD-TEZ-BHK-02,54.0,14.298676724747608,284.2221218690869,112.42,528.1,26.6,1.0,0.26,4,0.789,0.9424,0.9611,0.9878,1
RD-GHY-ITA-09,320.0,4.9422352024394325,229.3275914858262,4.0,19.33,12.7,0.114,1.19,4,0.137,0.455,0.6871,0.6589,1
RD-TEZ-BHK-02,54.0,10.431338943451038,276.88196000299405,16.63,72.65,31.4,0.542,0.15,5,0.386,0.7335,0.9728,0.9689,1
RD-TEZ-BHK-02,54.0,16.85827709184429,304.99356217653025,158.97,564.62,29.0,1.0,0.06,5,1.0,0.9529,1.0,1.0,1
RD-GHY-ITA-09,320.0,6.12059600915819,290.4627099631664,20.45,59.07,21.9,0.247,1.01,2,0.228,0.5187,0.7066,0.6836,1
RD-BMD-DRG-04,42.0,21.37934298282249,2060.613878336724,70.03,296.71,4.2,1.0,1.25,7,0.441,0.922,0.6948,0.9178,1
RD-BHK-BMD-03,96.0,23.9483038314897,2522.726923044388,147.94,468.06,17.4,1.0,0.69,6,0.859,0.9555,0.9305,1.0,1
RD-GHY-ITA-09,320.0,9.887557718776234,420.2158140997476,2.02,5.65,31.9,0.069,1.15,3,0.131,0.4931,0.5683,0.5531,0
RD-TEZ-ITA-11,155.0,8.339088546538484,316.9922750297436,195.85,512.31,20.5,1.0,1.33,2,1.0,0.9213,1.0,1.0,1
RD-GHY-NAG-10,345.0,18.533489399116302,1416.8737748931953,62.25,199.53,20.4,0.715,0.6,7,0.472,0.9009,0.8072,0.9268,1
RD-GHY-ITA-09,320.0,11.7056486753659,345.5714466365605,56.32,258.27,13.1,0.911,1.24,4,0.378,0.7937,0.8028,0.806,1
RD-GHY-TEZ-01,178.0,1.971197711126159,73.92585014168186,27.05,122.47,10.5,0.458,1.05,0,0.255,0.4129,0.8383,0.7765,1
RD-GHY-ITA-09,320.0,12.024285400699114,455.80060284154973,25.31,67.32,14.7,0.274,0.81,2,0.27,0.54,0.7412,0.7181,1
RD-GHY-NAG-10,345.0,17.82232149398768,1625.935704964723,143.93,370.55,32.0,1.0,1.26,7,0.786,0.992,0.9389,1.0,1
RD-SHL-SIL-08,215.0,23.916870442638235,1364.5755949235454,39.03,112.58,8.0,0.675,0.41,9,0.401,0.8853,0.8424,0.9293,1
RD-DRG-SELA-05,62.0,32.41013688626183,4163.561287260788,1.88,9.09,9.6,0.08,2.22,8,0.082,0.8507,0.2925,0.8324,1
RD-GHY-SHL-07,98.0,17.415791030321902,1557.1714468518662,40.29,123.73,16.7,0.462,2.83,4,0.248,0.7204,0.4904,0.6834,1
RD-GHY-TEZ-01,178.0,4.05606019824432,111.27425561623087,1.19,4.43,12.9,0.065,1.02,1,0.137,0.2768,0.7385,0.6704,1
RD-GHY-NAG-10,345.0,19.224288175709834,1454.8353444610445,257.95,761.92,7.6,1.0,1.09,8,1.0,1.0,0.9982,1.0,1
RD-GHY-SHL-07,98.0,20.40910803715336,1611.8732295866769,22.6,92.93,20.7,0.36,3.32,4,0.158,0.6738,0.4559,0.6368,0
RD-TEZ-BHK-02,54.0,13.969836798150311,243.74437921857788,9.68,24.24,20.8,0.381,0.05,3,0.409,0.6013,1.0,0.9752,1
RD-GHY-TEZ-01,178.0,1.0,10.0,40.74,149.85,30.3,0.549,0.71,2,0.356,0.4535,0.9403,0.8752,1
RD-TEZ-BHK-02,54.0,12.931131190975952,301.14039610667044,76.85,279.18,13.5,1.0,0.09,5,0.7,0.9146,0.9921,1.0,1
RD-SHL-SIL-08,215.0,26.362930305389472,1351.3085832045897,152.98,446.93,22.9,1.0,0.35,6,0.949,0.9881,0.9961,1.0,1
RD-GHY-SHL-07,98.0,9.779112933649046,1568.6040739333694,167.3,616.81,7.3,1.0,2.78,3,0.842,0.9321,0.9128,0.9379,1
RD-BHK-BMD-03,96.0,24.71408290691805,2446.3716756520403,28.49,127.27,13.4,0.724,0.23,7,0.407,0.8967,0.9075,0.9514,1
RD-GHY-GTK-12,540.0,18.51203887691589,1679.5785509226548,8.34,27.94,13.5,0.393,0.22,9,0.315,0.8448,0.9304,0.9687,1
RD-GHY-SHL-07,98.0,17.203888633618078,1509.3167712431223,8.38,22.6,12.3,0.125,2.85,2,0.099,0.4734,0.3669,0.4464,0
RD-GHY-SHL-07,98.0,14.462902185272906,1533.583952865472,60.09,177.84,17.9,0.643,2.99,2,0.338,0.8071,0.6379,0.7812,1
RD-GHY-SHL-07,98.0,16.061814154483013,1584.4356372277384,7.41,29.04,28.4,0.147,3.12,5,0.09,0.5948,0.3615,0.5559,0
RD-TEZ-ITA-11,155.0,3.084848462169219,275.23914279237226,189.29,479.69,14.7,1.0,1.65,1,0.977,0.8994,1.0,1.0,1
RD-GHY-ITA-09,320.0,11.743950873305609,354.1432420934498,100.45,409.03,26.9,1.0,1.19,5,0.587,0.9059,0.9295,0.9444,1
RD-SELA-TWG-06,78.0,22.16896646962897,3181.2804983396545,131.28,458.14,12.1,1.0,1.61,7,0.707,0.9605,0.8848,1.0,1
RD-GHY-ITA-09,320.0,3.3843771766719497,427.6414660099421,37.01,103.76,9.3,0.396,0.78,2,0.329,0.5572,0.7833,0.7593,1
RD-BHK-BMD-03,96.0,27.73649153951051,2410.1109636962906,1.24,4.54,16.0,0.315,0.48,8,0.21,0.8594,0.6471,0.8719,1
RD-BMD-DRG-04,42.0,12.739867565845818,2119.9249389364204,11.45,33.24,16.8,0.161,1.05,5,0.182,0.6472,0.497,0.6364,0
RD-GHY-TEZ-01,178.0,1.0,127.99248060522825,3.54,11.39,30.1,0.088,0.58,1,0.202,0.2492,0.8571,0.7726,1
RD-SHL-SIL-08,215.0,25.630498286095957,1474.1781620812978,56.11,176.35,22.5,0.888,0.46,7,0.471,0.9418,0.9377,0.9979,1
RD-GHY-ITA-09,320.0,9.548845993085155,356.67497095306857,2.41,9.15,14.4,0.08,0.51,3,0.21,0.4357,0.7699,0.7327,1
RD-GHY-SHL-07,98.0,13.989328624086463,1604.6656689334159,38.8,98.3,10.1,0.378,3.15,3,0.236,0.6696,0.5057,0.638,0
RD-BMD-DRG-04,42.0,18.257450131222654,2070.5945700537845,41.74,166.61,7.7,0.605,1.42,5,0.299,0.8452,0.5848,0.8305,1
RD-BHK-BMD-03,96.0,28.111539443625208,2446.592168478278,66.11,188.27,21.4,0.678,0.6,10,0.49,0.94,0.8282,0.9737,1
RD-GHY-GTK-12,540.0,15.744732249630351,1706.4416373471724,28.57,84.64,5.2,0.582,0.31,7,0.38,0.8792,0.9251,0.9683,1
RD-GHY-TEZ-01,178.0,6.46555492141183,70.56723016941334,19.63,91.38,8.5,0.355,0.75,0,0.252,0.423,0.8482,0.7868,1
RD-GHY-SHL-07,98.0,13.128958540443406,1561.2705071314997,2.85,10.16,20.0,0.084,3.34,3,0.065,0.4453,0.3284,0.4185,0
RD-GHY-TEZ-01,178.0,4.57585638983607,22.868216449340963,153.55,661.33,32.9,1.0,0.82,3,0.868,0.9067,0.9506,0.9493,1
RD-TEZ-BHK-02,54.0,11.3495929400675,274.3060804386935,75.24,225.75,7.4,1.0,0.07,3,0.7,0.8654,0.9996,1.0,1
RD-GHY-TEZ-01,178.0,1.9720225026828655,135.36952053269516,7.35,25.0,29.9,0.133,0.77,1,0.192,0.3025,0.7983,0.7268,1
RD-TEZ-ITA-11,155.0,10.333030235939836,236.3797737093824,3.28,13.55,18.6,0.095,1.58,3,0.112,0.441,0.5837,0.5568,0
RD-GHY-TEZ-01,178.0,6.811606629114757,110.43591970969203,181.51,462.53,33.0,1.0,0.73,0,1.0,0.8772,0.9745,0.9685,1
RD-GHY-TEZ-01,178.0,3.6648752411751815,50.92293639630835,30.83,103.89,23.7,0.396,0.81,0,0.297,0.4353,0.9189,0.8531,1
RD-BMD-DRG-04,42.0,17.22583224269175,2118.8614793297425,11.93,42.02,19.7,0.19,0.99,4,0.19,0.6536,0.4774,0.6404,0
RD-GHY-TEZ-01,178.0,1.0,173.1177254686615,85.84,410.16,4.6,1.0,0.98,0,0.536,0.7679,0.9347,0.9141,1
RD-DRG-SELA-05,62.0,35.021009716257645,4170.813429885914,169.24,839.7,27.1,1.0,2.61,11,0.854,0.9764,0.9485,1.0,1
RD-GHY-GTK-12,540.0,24.662257809764213,1736.9399180475434,27.61,81.42,14.4,0.571,0.23,8,0.403,0.8878,0.9065,0.9512,1
RD-GHY-NAG-10,345.0,16.353850975955197,1501.6431686990106,21.24,92.81,12.4,0.359,0.82,8,0.25,0.8447,0.6932,0.8578,1
RD-TEZ-ITA-11,155.0,9.182400215417843,364.9780688369154,128.57,542.84,30.9,1.0,1.3,2,0.711,0.8597,0.8983,0.9014,1
RD-BMD-DRG-04,42.0,17.18427216732398,2038.643543154499,59.44,165.01,28.9,0.6,1.28,5,0.39,0.8225,0.653,0.8177,1
RD-BHK-BMD-03,96.0,23.00367542133683,2523.5330995326144,2.29,11.37,4.9,0.338,0.13,9,0.326,0.8874,0.8726,0.9284,1
RD-GHY-ITA-09,320.0,11.232721105101248,298.0729571482122,110.8,397.1,18.0,1.0,1.32,3,0.627,0.923,0.9853,1.0,1
RD-DRG-SELA-05,62.0,34.822374342663615,4015.092642273961,15.05,64.14,20.1,0.264,2.78,7,0.131,0.9359,0.3603,0.9181,1
RD-GHY-ITA-09,320.0,8.161056630680168,375.88639543450404,35.7,167.15,16.3,0.607,0.97,6,0.303,0.7218,0.7682,0.7641,1
RD-GHY-GTK-12,540.0,20.633543261715605,1656.8644389743833,24.01,88.39,13.3,0.345,0.54,7,0.304,0.8413,0.8203,0.8786,1
RD-TEZ-ITA-11,155.0,7.645389820621713,282.3738942709077,94.23,441.99,13.6,1.0,1.53,1,0.538,0.8165,0.8824,0.8801,1
RD-GHY-ITA-09,320.0,4.211155978241616,234.08999546255757,72.83,245.3,20.9,0.868,0.87,2,0.486,0.838,0.9469,0.9519,1
RD-SELA-TWG-06,78.0,24.060510256620326,3239.140341249621,3.64,9.73,8.6,0.082,1.98,7,0.097,0.7922,0.3604,0.7782,1
RD-TEZ-ITA-11,155.0,9.3134331115124,313.6420701562558,58.49,265.12,23.3,0.934,1.63,2,0.367,0.7529,0.7987,0.7911,1
RD-GHY-ITA-09,320.0,3.5152570324660237,480.08852356604007,42.31,210.13,17.2,0.75,1.53,3,0.296,0.6677,0.7095,0.7021,1
RD-GHY-SHL-07,98.0,14.217181848307103,1559.0730531740319,78.79,379.88,33.3,1.0,2.74,5,0.429,0.8794,0.6773,0.8548,1
RD-DRG-SELA-05,62.0,32.08197772046957,4166.727301078891,1.44,6.3,16.8,0.071,2.73,10,0.069,0.8714,0.2797,0.8493,1
RD-GHY-ITA-09,320.0,5.92162082965595,383.96865852870604,61.67,227.18,28.9,0.807,1.04,3,0.418,0.7909,0.8214,0.8237,1
RD-BMD-DRG-04,42.0,12.810223940406166,2171.8584927652055,7.5,22.58,9.6,0.125,1.19,7,0.153,0.6375,0.5125,0.6289,0
RD-GHY-GTK-12,540.0,23.388539684928702,1612.1607790626153,109.28,508.12,27.3,1.0,0.44,7,0.722,0.9921,1.0,1.0,1
RD-SHL-SIL-08,215.0,22.03410972639548,1394.9335488590955,5.91,24.38,6.5,0.381,0.23,7,0.3,0.8231,0.8814,0.923,1
RD-GHY-ITA-09,320.0,6.144046239210285,447.448155572381,9.55,29.27,15.9,0.148,1.25,2,0.159,0.4887,0.5816,0.565,0
RD-GHY-SHL-07,98.0,13.907500147394007,1461.4288724278078,30.56,151.8,30.6,0.556,2.75,2,0.204,0.6426,0.4213,0.6048,0
RD-BHK-BMD-03,96.0,24.33149561446525,2341.2225611506215,114.07,450.14,33.6,1.0,0.2,6,0.817,0.9569,0.944,1.0,1
RD-DRG-SELA-05,62.0,30.46003738151711,4134.048320201875,91.32,332.54,12.2,1.0,2.45,9,0.494,1.0,0.7495,1.0,1
RD-TEZ-ITA-11,155.0,7.141560915948909,354.5350444674319,118.29,588.29,27.1,1.0,1.53,5,0.651,0.942,0.8785,0.9469,1
RD-SHL-SIL-08,215.0,24.136559972881113,1425.3805911471625,5.65,25.85,29.1,0.136,0.72,7,0.19,0.8219,0.6676,0.8459,1
RD-TEZ-BHK-02,54.0,10.729882142022147,234.45802314036357,24.55,93.69,31.8,0.612,0.23,3,0.389,0.7572,0.945,0.9456,1
RD-BMD-DRG-04,42.0,14.629902565919462,2032.937013638163,169.95,660.51,28.0,1.0,1.31,6,0.904,0.9822,0.957,1.0,1
RD-GHY-SHL-07,98.0,12.45767330102446,1564.6132728077855,7.69,37.52,20.2,0.175,3.27,3,0.089,0.4931,0.3043,0.4596,0
RD-GHY-NAG-10,345.0,18.29246681707109,1488.6668898138,359.69,918.19,29.8,1.0,1.03,8,1.0,0.9602,0.9648,1.0,1
RD-TEZ-BHK-02,54.0,15.446224445868442,228.8244470492155,96.8,443.15,14.5,1.0,0.82,5,0.603,0.9195,0.9537,0.9772,1
RD-GHY-NAG-10,345.0,17.91835760286643,1516.3505364987807,16.3,55.9,9.9,0.236,0.8,9,0.231,0.7846,0.5935,0.7887,1
RD-GHY-ITA-09,320.0,7.5838341423877225,400.5220941413268,212.95,646.77,30.7,1.0,1.27,3,1.0,0.9682,0.9808,1.0,1
RD-BMD-DRG-04,42.0,16.10581657793591,2068.050747296666,18.58,49.86,16.2,0.216,0.98,6,0.221,0.7216,0.5336,0.7091,1
RD-SELA-TWG-06,78.0,22.27361847850519,3098.6711111700283,17.34,76.56,17.4,0.305,1.88,6,0.165,0.8307,0.4045,0.8185,1
RD-GHY-TEZ-01,178.0,4.279809363760691,124.96055855731831,188.35,641.14,32.0,1.0,0.84,1,1.0,0.9012,0.9517,0.9496,1
RD-BMD-DRG-04,42.0,15.754377468427483,2128.183682713508,6.53,24.39,18.1,0.131,1.15,5,0.152,0.6562,0.4048,0.6356,0
RD-TEZ-BHK-02,54.0,9.175089453022004,317.40371992720543,61.28,222.46,19.7,1.0,0.19,3,0.577,0.8037,0.993,0.9987,1
RD-SHL-SIL-08,215.0,18.3239486902531,1419.0119797898415,70.72,234.62,13.9,1.0,0.37,7,0.559,0.9003,0.9855,1.0,1
RD-GHY-GTK-12,540.0,26.959231728819756,1679.4218090120153,37.16,121.5,7.8,0.705,0.39,7,0.399,0.9292,0.8022,0.9616,1
RD-BMD-DRG-04,42.0,15.271814232066914,2106.1364453852743,26.67,110.66,5.2,0.419,1.46,5,0.227,0.7505,0.5039,0.7326,1
RD-BMD-DRG-04,42.0,20.271696811740554,2079.209189506067,7.11,34.51,20.0,0.165,1.39,6,0.139,0.6981,0.4126,0.6746,1
RD-DRG-SELA-05,62.0,35.64132418247878,4149.487198203946,23.02,59.99,17.9,0.25,2.57,7,0.173,0.8729,0.4154,0.8683,1
RD-GHY-ITA-09,320.0,12.393749516982286,332.32754856250654,23.21,106.47,32.1,0.405,1.06,2,0.237,0.6425,0.7284,0.7174,1
RD-DRG-SELA-05,62.0,28.987192851413994,4246.880030078699,52.82,215.38,19.4,0.768,2.59,10,0.311,0.9869,0.5965,0.9992,1
RD-GHY-ITA-09,320.0,6.8234719087862254,392.19757002594656,23.76,112.2,14.4,0.424,1.04,3,0.24,0.5617,0.6705,0.6544,1
RD-SHL-SIL-08,215.0,23.78824448239746,1352.4947715427174,111.72,524.9,27.4,1.0,0.26,6,0.786,0.9849,1.0,1.0,1
RD-GHY-GTK-12,540.0,18.735174401460743,1681.2966047986451,35.63,136.5,27.1,0.505,0.57,8,0.353,0.902,0.845,0.941,1
RD-SELA-TWG-06,78.0,17.69105575344633,3235.6956482829432,60.48,233.8,10.6,0.829,1.75,9,0.371,0.9911,0.6232,0.9971,1
RD-SELA-TWG-06,78.0,27.471553024228005,3208.5593571872832,26.85,76.32,20.2,0.304,1.57,7,0.222,0.9057,0.4908,0.8985,1
RD-GHY-TEZ-01,178.0,2.6674269731928484,166.357512398172,4.02,18.02,9.1,0.11,0.81,0,0.171,0.3166,0.7479,0.6832,1
RD-BMD-DRG-04,42.0,16.98604704848945,2154.8306591731025,54.52,159.21,14.4,0.581,1.11,4,0.378,0.8518,0.7251,0.8547,1
RD-GHY-TEZ-01,178.0,1.0,70.34383742102656,7.49,24.4,8.0,0.131,0.8,2,0.188,0.3071,0.7589,0.692,1
RD-GHY-NAG-10,345.0,25.570119994198674,1503.630541711811,10.96,28.94,16.3,0.146,0.77,7,0.208,0.856,0.5598,0.8515,1
RD-GHY-SHL-07,98.0,16.489820143793434,1680.1239937437156,3.52,11.92,11.5,0.09,3.1,3,0.072,0.4881,0.3048,0.4552,0
RD-BMD-DRG-04,42.0,18.7091745002108,2051.8612574366466,77.59,309.14,28.2,1.0,1.16,5,0.482,0.8937,0.7807,0.9023,1
RD-GHY-SHL-07,98.0,22.02491881916969,1640.3429442073257,166.47,517.77,10.0,1.0,3.3,4,0.829,0.9545,0.9262,0.9619,1
RD-BMD-DRG-04,42.0,14.807047557413682,2089.518000329042,75.45,191.92,16.2,0.69,1.32,6,0.462,0.8843,0.7868,0.8941,1
RD-TEZ-ITA-11,155.0,9.440888604765508,316.75642794733193,25.27,115.97,26.2,0.437,1.54,3,0.216,0.6149,0.6522,0.6365,0
RD-SELA-TWG-06,78.0,24.439249002465495,3273.291798930148,91.17,331.76,14.9,1.0,2.02,6,0.505,0.9471,0.7818,0.9781,1
RD-SHL-SIL-08,215.0,22.304268892718973,1362.3146177569126,7.23,25.43,25.9,0.135,0.67,8,0.205,0.8022,0.7211,0.8336,1
RD-TEZ-ITA-11,155.0,1.0,216.92384439438752,9.57,38.03,17.3,0.177,1.34,1,0.153,0.2943,0.6746,0.6252,0
RD-SHL-SIL-08,215.0,22.069247667107216,1344.703338771002,97.0,310.07,15.8,1.0,0.7,8,0.62,1.0,0.9267,1.0,1
RD-SELA-TWG-06,78.0,28.12140626945214,3174.841824047682,154.48,547.52,26.8,1.0,1.6,6,0.816,0.9474,0.9073,0.9962,1
RD-GHY-GTK-12,540.0,16.016386784448233,1727.490930316417,30.31,136.27,27.6,0.754,0.4,8,0.363,0.9233,0.8926,0.9684,1
RD-BHK-BMD-03,96.0,26.204174802985968,2425.479989671342,24.54,103.3,21.6,0.394,0.56,7,0.304,0.9161,0.7392,0.9382,1
RD-GHY-ITA-09,320.0,7.858689255812953,299.83490845122515,1.53,6.42,16.4,0.071,1.03,3,0.138,0.4133,0.6534,0.6239,0
RD-GHY-TEZ-01,178.0,8.268320142630976,112.66583536258467,0.8,3.88,24.6,0.063,0.53,1,0.197,0.3232,0.8665,0.7906,1
RD-TEZ-BHK-02,54.0,11.780048832945443,337.64722769997536,2.74,13.34,31.6,0.344,0.05,3,0.376,0.6056,0.9506,0.9293,1
RD-TEZ-ITA-11,155.0,5.319966668711886,309.5903633609631,75.35,227.02,25.5,0.807,1.77,2,0.44,0.7481,0.8395,0.8298,1
RD-GHY-TEZ-01,178.0,1.4212826622343475,81.91096388286466,27.48,119.49,22.2,0.448,0.68,2,0.298,0.4896,0.9088,0.8512,1
RD-TEZ-ITA-11,155.0,15.202506334759951,268.1914112366334,183.1,667.38,7.8,1.0,1.46,2,0.956,0.9373,0.9767,0.9896,1
RD-GHY-GTK-12,540.0,20.729326206299522,1730.444404670657,253.38,1164.83,15.0,1.0,0.24,8,1.0,0.9881,0.9471,1.0,1
RD-BMD-DRG-04,42.0,9.6105694484204,2067.198262087967,12.52,49.16,8.5,0.214,1.42,8,0.162,0.68,0.3766,0.6544,1
RD-SELA-TWG-06,78.0,23.117242031020147,3272.9029888324553,216.55,597.57,15.5,1.0,1.62,8,1.0,0.9404,0.9625,1.0,1
RD-TEZ-ITA-11,155.0,4.669435200488655,352.51157547247726,1.51,5.9,20.3,0.07,1.3,2,0.118,0.3989,0.5556,0.5275,0
RD-GHY-NAG-10,345.0,20.669570855356483,1521.0383281259294,21.1,94.59,27.1,0.365,0.92,6,0.239,0.853,0.6613,0.8616,1
RD-TEZ-ITA-11,155.0,4.3180049389180155,264.0884030321984,36.83,108.45,5.5,0.412,1.66,3,0.264,0.5444,0.7123,0.6857,1
RD-GHY-TEZ-01,178.0,4.133074383262707,112.17772885199679,29.17,109.66,10.1,0.416,1.18,0,0.256,0.4418,0.784,0.7303,1
RD-GHY-SHL-07,98.0,17.27474400765563,1532.0561957565933,132.49,587.32,7.0,1.0,3.14,4,0.673,0.9505,0.8665,0.9495,1
RD-GHY-ITA-09,320.0,7.125522014220358,410.6238351981005,1.48,7.08,22.3,0.074,1.32,3,0.117,0.4431,0.5878,0.5667,0
RD-GHY-ITA-09,320.0,11.159526406226576,346.6699486489013,30.58,87.41,17.4,0.341,0.66,4,0.316,0.6538,0.8424,0.8267,1
RD-GHY-TEZ-01,178.0,3.130718638424764,18.740728166890108,47.67,135.87,24.1,0.503,0.76,0,0.381,0.4991,0.8863,0.8317,1
RD-GHY-GTK-12,540.0,21.987750186478003,1633.4250305850244,101.62,491.09,10.8,1.0,0.32,9,0.719,0.9567,0.9657,1.0,1
RD-BHK-BMD-03,96.0,25.515520945060924,2425.500502555936,157.86,580.1,15.5,1.0,0.45,7,0.946,0.9553,0.9593,1.0,1
RD-TEZ-BHK-02,54.0,19.162522843847356,267.16284824871366,17.89,71.23,18.7,0.537,0.05,4,0.447,0.74,0.9871,0.9836,1
RD-BMD-DRG-04,42.0,15.595029316068816,2064.118043119473,134.48,627.42,30.5,1.0,0.98,7,0.763,0.9691,0.9434,0.9989,1
RD-GHY-ITA-09,320.0,7.0078914005792114,419.48962898809134,38.86,184.06,5.7,0.664,1.49,2,0.282,0.7544,0.7106,0.7497,1
RD-SELA-TWG-06,78.0,27.633994952746217,3194.9324844808093,7.43,23.66,23.2,0.129,1.55,8,0.132,0.8061,0.3849,0.7937,1
RD-GHY-SHL-07,98.0,15.283553623838886,1517.9444172923615,93.82,297.72,28.6,1.0,3.33,7,0.49,0.9369,0.7508,0.9199,1
RD-GHY-SHL-07,98.0,11.13040857898066,1590.153024432939,108.06,327.14,19.1,1.0,2.7,3,0.567,0.9065,0.7241,0.887,1
RD-BMD-DRG-04,42.0,20.390384039660027,2169.2435546897023,23.79,77.22,8.8,0.307,1.28,4,0.223,0.7586,0.5098,0.7409,1
RD-BMD-DRG-04,42.0,12.391985476684024,2050.499314304843,12.74,62.17,25.4,0.257,1.03,4,0.19,0.6467,0.521,0.6382,0
RD-TEZ-BHK-02,54.0,10.953452450019096,259.2527583968917,25.24,63.78,24.2,0.513,0.05,3,0.481,0.7076,0.9916,0.9831,1
RD-TEZ-ITA-11,155.0,4.0099850294630945,251.24253039798486,2.67,8.57,11.3,0.079,1.54,3,0.11,0.3335,0.5984,0.5606,0
RD-TEZ-BHK-02,54.0,8.63014475784853,243.86818651420484,17.95,80.58,26.9,0.569,0.38,4,0.312,0.7618,0.9281,0.9299,1
RD-GHY-SHL-07,98.0,17.580476786761167,1536.8838201850435,68.99,189.31,11.2,0.681,3.21,3,0.376,0.8056,0.6533,0.7817,1
RD-GHY-TEZ-01,178.0,4.821288541027087,153.74070287928458,21.81,60.17,17.7,0.501,0.42,1,0.318,0.4626,0.9109,0.8495,1
RD-GHY-GTK-12,540.0,19.165452593884936,1689.3771662163433,197.02,569.31,9.7,1.0,0.17,7,1.0,1.0,0.956,1.0,1
RD-SHL-SIL-08,215.0,22.237210804626486,1370.183765545404,49.64,203.66,31.7,0.729,0.61,9,0.413,0.9033,0.9389,0.9903,1
RD-TEZ-ITA-11,155.0,1.95104991010247,349.5607392308346,35.43,114.98,9.5,0.433,1.18,2,0.285,0.5634,0.6664,0.6448,0
RD-GHY-NAG-10,345.0,16.844437116888507,1495.099951660833,36.8,124.77,32.9,0.466,1.06,8,0.3,0.8803,0.684,0.8906,1
RD-TEZ-BHK-02,54.0,16.026171663249244,295.5249932823692,215.55,726.68,29.0,1.0,0.42,4,1.0,0.9616,0.9557,0.9902,1
RD-GHY-TEZ-01,178.0,8.984760624258044,64.79850572626145,277.09,850.9,15.5,1.0,0.84,3,1.0,0.9896,0.9888,0.9999,1
RD-GHY-GTK-12,540.0,25.161750767900347,1671.125181324627,0.77,2.36,26.7,0.308,0.25,9,0.27,0.8711,0.8616,0.913,1
RD-SHL-SIL-08,215.0,23.319528659418484,1411.9773860434616,2.08,10.06,21.6,0.084,0.88,7,0.155,0.788,0.581,0.8034,1
RD-TEZ-BHK-02,54.0,15.17117322960641,266.025624831414,2.79,11.9,15.8,0.34,0.45,3,0.224,0.5711,0.8697,0.8488,1
RD-DRG-SELA-05,62.0,30.875415092969956,4205.455719481664,87.62,302.58,27.0,1.0,2.53,8,0.475,0.9727,0.7533,1.0,1
RD-GHY-NAG-10,345.0,22.488493580300638,1551.8858307835558,0.14,0.49,9.6,0.052,0.78,10,0.156,0.8022,0.5402,0.7989,1
RD-BHK-BMD-03,96.0,28.657982805488317,2390.2445719869897,0.47,2.18,32.3,0.057,0.54,6,0.195,0.831,0.609,0.8402,1
RD-SELA-TWG-06,78.0,23.79319628029735,3239.2996406351567,164.79,531.98,28.3,1.0,2.03,8,0.848,0.9707,0.9387,1.0,1
RD-BMD-DRG-04,42.0,15.3724586965989,2054.420331170693,7.63,36.84,11.5,0.173,1.4,5,0.141,0.666,0.4763,0.6517,1
RD-GHY-GTK-12,540.0,19.123453029953975,1672.6994532189772,75.08,245.4,24.8,1.0,0.21,8,0.631,0.8834,0.9413,0.9848,1
RD-TEZ-BHK-02,54.0,14.84534954550389,207.02522815807862,43.25,209.24,21.0,0.997,0.23,4,0.474,0.8609,0.962,0.9769,1
RD-GHY-NAG-10,345.0,17.772303644761017,1504.0159786312606,178.64,645.49,5.8,1.0,1.4,7,0.939,0.996,0.9089,1.0,1
RD-GHY-SHL-07,98.0,13.510605228862481,1479.8897454831595,20.18,68.55,21.0,0.278,3.0,4,0.151,0.6186,0.4523,0.5857,0
RD-GHY-ITA-09,320.0,11.064364004239142,323.14202687596685,6.5,29.55,15.1,0.148,1.26,5,0.144,0.5635,0.6342,0.6207,0
RD-GHY-GTK-12,540.0,24.983878436012887,1680.209827457485,123.55,334.35,26.1,1.0,0.31,7,0.823,0.9407,0.9969,1.0,1
RD-GHY-GTK-12,540.0,22.04386239782037,1665.5043454176266,33.32,143.51,25.7,0.778,0.26,9,0.42,0.9113,0.8572,0.9518,1
RD-GHY-ITA-09,320.0,12.191937412534035,298.8258106815653,17.3,78.28,16.2,0.311,1.38,6,0.187,0.6137,0.661,0.6507,1
RD-SELA-TWG-06,78.0,21.61842839605628,3196.3761140202982,165.46,783.45,25.7,1.0,1.77,7,0.86,0.9677,0.9676,1.0,1
RD-GHY-SHL-07,98.0,13.321596949356575,1628.1132555327536,102.45,460.4,25.3,1.0,3.59,2,0.527,0.9021,0.7732,0.8894,1
RD-TEZ-BHK-02,54.0,15.57789838955669,175.1417851817139,3.43,10.82,31.1,0.086,0.67,4,0.186,0.6207,0.7807,0.7712,1
RD-GHY-NAG-10,345.0,21.529032168514362,1498.0084502358009,36.11,112.29,4.7,0.424,1.18,7,0.288,0.8714,0.6305,0.8751,1
RD-GHY-SHL-07,98.0,9.979233102585958,1557.310739818878,57.17,274.23,30.9,0.964,2.88,2,0.326,0.8012,0.5857,0.7694,1
RD-SELA-TWG-06,78.0,19.457469627372742,3250.292949223293,92.09,334.56,30.2,1.0,1.84,6,0.515,0.9633,0.7327,0.9867,1
RD-DRG-SELA-05,62.0,27.490070949175948,4147.418695564694,21.78,90.41,27.8,0.351,2.3,7,0.173,0.8928,0.3991,0.8843,1
RD-SHL-SIL-08,215.0,18.087990466490087,1476.6453232705812,4.13,10.64,23.7,0.085,0.66,7,0.191,0.7436,0.6884,0.7738,1
RD-SELA-TWG-06,78.0,24.88118915943245,3196.138914420079,64.8,282.98,10.0,0.993,2.06,6,0.381,0.961,0.6637,0.9745,1
RD-GHY-SHL-07,98.0,12.541386892289182,1631.7503582865709,40.53,170.32,20.6,0.618,3.09,2,0.245,0.7216,0.4833,0.6837,1
RD-TEZ-ITA-11,155.0,9.50616838269371,307.7346256906099,12.93,49.98,25.1,0.217,1.62,2,0.154,0.4992,0.6467,0.6201,0
RD-GHY-SHL-07,98.0,15.323405006909695,1531.7109627348996,148.35,529.73,17.9,1.0,2.99,3,0.75,0.9544,0.9176,0.9606,1
RD-GHY-NAG-10,345.0,15.023730959701133,1458.190243092021,21.6,77.18,30.9,0.307,0.8,6,0.254,0.8071,0.6269,0.814,1
RD-BMD-DRG-04,42.0,18.304582384317545,2026.0346126908305,45.71,143.06,15.9,0.527,1.02,4,0.345,0.748,0.663,0.7482,1
RD-TEZ-BHK-02,54.0,13.077537812821264,221.80420879154892,41.55,188.79,20.3,0.929,0.23,4,0.468,0.8162,0.9415,0.9505,1
RD-GHY-SHL-07,98.0,17.310259790591278,1587.0210607023876,30.92,148.02,13.6,0.543,3.13,3,0.199,0.7179,0.4383,0.6754,1
RD-TEZ-ITA-11,155.0,6.519592928126242,228.71924107176767,148.7,568.93,6.5,1.0,1.59,3,0.79,0.9351,0.9603,0.973,1
RD-GHY-SHL-07,98.0,11.613007697664749,1522.6725851881763,1.01,3.07,17.0,0.06,2.98,4,0.062,0.451,0.3458,0.4248,0
RD-TEZ-BHK-02,54.0,12.709952803856295,207.40502030624785,155.12,415.29,27.0,1.0,0.06,3,1.0,0.9984,1.0,1.0,1
RD-DRG-SELA-05,62.0,33.469820830688256,4103.4197840694005,89.6,308.26,19.2,1.0,2.35,8,0.488,0.9224,0.6909,0.9517,1
RD-DRG-SELA-05,62.0,33.252221275603986,4231.141235282806,213.78,890.81,18.1,1.0,2.49,8,1.0,0.9793,0.994,1.0,1
RD-TEZ-BHK-02,54.0,12.144175602547637,262.3320250827693,203.28,643.77,7.5,1.0,0.05,3,1.0,0.9659,0.9915,1.0,1
RD-SHL-SIL-08,215.0,19.908495055551295,1332.517813256875,34.99,141.33,20.5,0.771,0.46,11,0.371,0.9242,0.8319,0.9659,1
RD-GHY-ITA-09,320.0,10.9876451301648,310.39982129523776,17.41,71.66,17.1,0.289,0.86,4,0.228,0.5617,0.7275,0.7077,1
RD-GHY-TEZ-01,178.0,4.149351060254643,42.07219788278555,137.18,415.11,15.0,1.0,0.9,1,0.783,0.8037,0.9697,0.9532,1
RD-GHY-ITA-09,320.0,7.638610431310386,408.44427092835303,134.92,578.58,15.2,1.0,1.3,3,0.741,0.9258,0.9598,0.9771,1
RD-GHY-NAG-10,345.0,19.601942392255992,1411.0898636217075,29.92,81.05,12.2,0.32,0.85,7,0.287,0.8424,0.6429,0.8492,1
RD-GHY-SHL-07,98.0,14.092380854908612,1585.0297698638565,184.64,877.79,18.9,1.0,3.02,3,0.918,0.9618,0.9316,0.97,1
RD-GHY-SHL-07,98.0,10.660056179122613,1538.9403892690384,44.8,198.61,8.5,0.712,2.81,3,0.269,0.7395,0.5464,0.7072,1
RD-TEZ-BHK-02,54.0,11.419357222768852,163.71925349773778,21.47,54.96,18.8,0.483,0.31,4,0.347,0.689,0.9445,0.9355,1
RD-GHY-ITA-09,320.0,1.6968262955948648,447.3522404236014,13.8,35.7,23.5,0.169,0.7,2,0.231,0.4375,0.6834,0.6537,1
RD-BMD-DRG-04,42.0,17.960105151387655,2158.661454564675,40.72,137.36,19.4,0.508,1.2,5,0.308,0.8651,0.5901,0.8499,1
RD-BHK-BMD-03,96.0,23.139403595676463,2413.3304314542943,77.51,201.74,6.1,0.972,0.23,6,0.636,0.9337,0.9469,0.9955,1
RD-BHK-BMD-03,96.0,25.21277004708872,2373.324969459401,181.86,798.22,27.7,1.0,0.28,11,1.0,0.9844,0.9917,1.0,1
RD-DRG-SELA-05,62.0,28.035061290400414,4097.439039187003,74.01,213.63,29.8,0.762,2.48,8,0.412,0.9553,0.6504,0.9772,1
RD-BHK-BMD-03,96.0,26.249767795760317,2366.4013764103724,96.94,303.47,30.3,1.0,0.31,7,0.701,0.9812,0.9075,1.0,1
RD-GHY-SHL-07,98.0,13.497938997287186,1511.1912217551057,9.49,39.84,18.7,0.183,2.83,4,0.104,0.5335,0.3279,0.4977,0
RD-DRG-SELA-05,62.0,31.579888573087118,4213.105568951687,28.38,127.09,21.2,0.474,2.26,8,0.205,0.8541,0.4403,0.8544,1
RD-TEZ-BHK-02,54.0,12.860041415004833,277.6822140816732,44.41,209.18,4.2,0.997,0.36,5,0.441,0.8687,0.9383,0.9548,1
RD-BMD-DRG-04,42.0,13.084695826780319,1997.4473796073073,71.45,338.02,23.3,1.0,1.26,6,0.447,0.975,0.765,0.9786,1
RD-SHL-SIL-08,215.0,27.02775636282813,1428.0380634002786,17.5,85.96,21.2,0.337,0.58,6,0.267,0.8736,0.774,0.909,1
RD-BMD-DRG-04,42.0,11.443046249333756,2093.913137310819,2.21,8.4,15.4,0.078,1.13,6,0.133,0.6076,0.4365,0.5942,0
RD-BHK-BMD-03,96.0,32.287809989863845,2444.86162692562,54.96,273.89,33.0,1.0,0.37,8,0.486,0.9361,0.8556,0.9738,1
RD-GHY-SHL-07,98.0,17.049052074785138,1538.2064267733163,72.98,266.33,10.3,0.938,3.21,4,0.394,0.8776,0.6887,0.8546,1
RD-GHY-NAG-10,345.0,22.078155669692233,1431.6894204548887,17.33,48.08,30.9,0.21,1.2,8,0.198,0.8449,0.5709,0.8426,1
RD-SELA-TWG-06,78.0,25.63280338298688,3179.9971283058735,50.21,169.98,33.9,0.617,1.79,7,0.322,0.9107,0.5718,0.9142,1
RD-GHY-SHL-07,98.0,14.210174545429386,1540.91453039866,1.92,8.1,6.2,0.077,3.1,4,0.065,0.5063,0.299,0.4711,0
RD-TEZ-ITA-11,155.0,5.482821900572306,279.0694123974824,52.75,141.09,20.7,0.52,1.34,6,0.355,0.697,0.8149,0.7999,1
RD-BHK-BMD-03,96.0,19.118692533711382,2442.991103508733,31.66,133.79,15.8,0.496,0.63,7,0.324,0.871,0.7023,0.8901,1
RD-GHY-NAG-10,345.0,18.092548478270817,1483.3387006318799,52.76,175.21,18.2,0.634,0.68,6,0.416,0.8922,0.8183,0.9199,1
RD-BMD-DRG-04,42.0,12.676224321415413,2137.7007035697243,12.34,38.06,28.9,0.177,1.23,6,0.173,0.5915,0.4691,0.5824,0
RD-BHK-BMD-03,96.0,29.10147066730056,2318.2080515243397,48.02,231.71,31.2,1.0,0.22,8,0.501,0.9164,0.9217,0.9681,1
RD-SELA-TWG-06,78.0,24.74530668615145,3187.385216206076,78.59,385.97,18.4,1.0,1.6,9,0.462,1.0,0.7523,1.0,1
RD-GHY-GTK-12,540.0,15.974757598614707,1611.5146450381071,20.27,65.99,6.0,0.52,0.17,9,0.391,0.8328,0.8837,0.9215,1
RD-GHY-NAG-10,345.0,23.917739713340797,1460.1854905503956,62.9,232.15,33.6,0.824,0.93,9,0.433,0.937,0.747,0.9534,1
RD-SELA-TWG-06,78.0,30.77491476516496,3194.654675495463,29.04,84.03,29.7,0.33,1.97,6,0.216,0.8976,0.4479,0.8853,1
RD-GHY-SHL-07,98.0,16.93595155790205,1649.5706380306924,13.1,62.54,24.1,0.258,3.36,2,0.113,0.5825,0.3917,0.5474,0
RD-GHY-NAG-10,345.0,19.938249723635565,1492.3095611059482,205.17,629.0,33.3,1.0,0.96,7,1.0,0.9065,0.9823,1.0,1
RD-GHY-ITA-09,320.0,7.393590204433394,397.2970480319719,151.27,427.75,25.5,1.0,1.14,2,0.828,0.8642,0.9559,0.9644,1
RD-GHY-ITA-09,320.0,9.431917298694366,301.9364750424763,147.7,472.74,25.4,1.0,1.13,5,0.812,0.8937,0.9945,1.0,1
RD-GHY-GTK-12,540.0,25.78428596713159,1599.224628059334,7.83,30.18,17.2,0.401,0.25,8,0.302,0.8784,0.8701,0.9213,1
RD-GHY-GTK-12,540.0,20.03676171162226,1721.4759829262996,181.4,787.55,6.6,1.0,0.24,9,1.0,1.0,1.0,1.0,1
RD-DRG-SELA-05,62.0,31.981010055044504,4202.113912833552,14.41,49.77,26.0,0.216,2.39,7,0.136,0.8981,0.3346,0.8804,1
RD-TEZ-BHK-02,54.0,13.18809301483925,231.93572831694274,35.27,113.91,27.7,0.68,0.47,3,0.37,0.7584,0.8895,0.8923,1
RD-GHY-SHL-07,98.0,15.683932250069999,1567.9149907466383,0.61,2.02,9.9,0.057,2.83,2,0.063,0.4367,0.3092,0.4095,0
RD-BHK-BMD-03,96.0,29.1991611190886,2371.3393530219146,37.36,132.22,22.9,0.741,0.18,8,0.47,0.9268,0.9049,0.9716,1
RD-BMD-DRG-04,42.0,16.031463948021628,2029.997173141831,18.78,76.45,31.4,0.305,1.53,4,0.186,0.6882,0.4992,0.6745,1
RD-BHK-BMD-03,96.0,27.195163000642573,2440.473740518998,84.54,414.0,27.2,1.0,0.46,6,0.603,1.0,0.9343,1.0,1
RD-GHY-SHL-07,98.0,16.283550733510314,1446.2859589835205,229.52,1130.58,14.3,1.0,3.18,3,1.0,1.0,0.9114,1.0,1
RD-GHY-NAG-10,345.0,19.05885925444126,1506.7759001395898,0.57,2.21,7.7,0.057,0.86,6,0.15,0.7278,0.5505,0.7307,1
RD-GHY-SHL-07,98.0,17.44603295836477,1528.4614195659808,142.64,377.29,21.5,1.0,2.73,4,0.728,0.9208,0.9375,0.9444,1
RD-GHY-GTK-12,540.0,17.578662639689842,1724.0091538440931,10.27,36.78,5.7,0.423,0.4,8,0.27,0.8416,0.7662,0.8721,1
RD-GHY-TEZ-01,178.0,6.13220562898487,216.36866921898422,26.37,128.49,6.2,0.478,1.02,0,0.255,0.4662,0.7991,0.7471,1
RD-SELA-TWG-06,78.0,23.420939409676794,3246.867298904785,14.82,37.7,11.5,0.176,1.49,6,0.169,0.79,0.3603,0.7762,1
RD-GHY-ITA-09,320.0,8.816317678544113,379.0159588629775,21.52,106.18,5.4,0.404,1.04,5,0.231,0.6819,0.6941,0.6889,1
RD-TEZ-BHK-02,54.0,8.522947755282512,256.71513488126294,179.37,740.81,25.2,1.0,0.49,5,1.0,0.9384,1.0,1.0,1
RD-BMD-DRG-04,42.0,16.54532987438427,2191.2174766581147,38.8,122.0,11.4,0.457,0.97,5,0.317,0.8229,0.5973,0.8112,1
RD-SELA-TWG-06,78.0,26.42090098628458,3263.620031372453,200.7,632.17,13.0,1.0,2.01,8,1.0,0.9484,0.9476,1.0,1
RD-GHY-NAG-10,345.0,18.791457257038022,1512.0538039401647,149.08,407.43,32.1,1.0,0.86,7,0.842,1.0,0.9926,1.0,1
RD-TEZ-ITA-11,155.0,8.372058630077522,303.37633737442036,9.87,41.32,5.3,0.188,1.57,2,0.143,0.4459,0.5872,0.5604,0
RD-GHY-SHL-07,98.0,16.94360637908597,1454.8686881784279,6.49,28.07,11.1,0.144,2.83,3,0.09,0.4989,0.3277,0.4666,0
RD-SELA-TWG-06,78.0,22.430722277998594,3101.299609886718,19.33,74.55,15.2,0.299,1.57,10,0.187,0.8173,0.4254,0.8088,1
RD-GHY-SHL-07,98.0,16.448743994938518,1532.8641111560928,115.49,386.36,7.7,1.0,3.22,3,0.593,0.8846,0.7948,0.8754,1
RD-TEZ-BHK-02,54.0,8.867263978783521,342.21619011873986,31.39,105.99,10.4,0.653,0.05,5,0.51,0.7773,0.989,0.991,1
RD-GHY-ITA-09,320.0,10.103522644620135,372.84780910860576,44.52,123.7,9.3,0.462,1.53,3,0.306,0.7487,0.7174,0.745,1
RD-GHY-ITA-09,320.0,9.466722642647225,305.1833333514002,113.8,497.91,22.9,1.0,1.0,3,0.664,0.8603,0.991,0.9983,1
RD-GHY-NAG-10,345.0,18.845846621427153,1578.9903478700776,190.9,489.8,17.5,1.0,0.95,7,1.0,1.0,0.9532,1.0,1
RD-SELA-TWG-06,78.0,24.140957737015192,3259.5444268224383,6.09,21.07,8.7,0.12,1.52,8,0.127,0.8097,0.4426,0.804,1
RD-TEZ-ITA-11,155.0,2.8761157157066988,260.2770721712403,81.63,389.45,19.7,1.0,1.41,4,0.486,0.8159,0.9428,0.9387,1
RD-GHY-ITA-09,320.0,8.643948161339836,337.8568587713974,167.4,760.79,15.2,1.0,1.15,2,0.902,0.9371,0.9649,0.9838,1
RD-GHY-TEZ-01,178.0,10.037002507659828,54.53137793280916,16.73,75.49,23.6,0.302,1.09,2,0.204,0.5054,0.8057,0.7579,1
RD-DRG-SELA-05,62.0,31.518067264982584,4063.155093531893,8.48,32.89,22.1,0.16,2.56,8,0.105,0.8787,0.3225,0.8614,1
RD-TEZ-BHK-02,54.0,13.116301718410586,269.26254127711337,96.16,318.26,5.5,1.0,0.14,5,0.762,0.958,1.0,1.0,1
RD-GHY-GTK-12,540.0,20.815901879700263,1603.8890361432643,121.86,348.99,22.2,1.0,0.3,8,0.82,1.0,0.9683,1.0,1
RD-DRG-SELA-05,62.0,28.436891937033238,3969.043942161806,36.59,117.99,29.4,0.443,2.31,8,0.242,0.9108,0.485,0.9124,1
RD-BMD-DRG-04,42.0,15.187566181591695,2094.306169613213,99.07,463.49,19.3,1.0,1.2,4,0.58,0.889,0.86,0.9083,1
RD-SELA-TWG-06,78.0,21.481345621421916,3265.3277033867253,6.01,24.44,31.0,0.131,1.46,9,0.13,0.8284,0.3512,0.8098,1
RD-SHL-SIL-08,215.0,25.456751955618245,1364.2303214380413,1.03,3.58,31.9,0.062,0.54,7,0.196,0.7782,0.6992,0.8081,1
RD-SHL-SIL-08,215.0,19.095961106232156,1457.3901395879877,30.13,116.35,18.7,0.688,0.38,9,0.367,0.9237,0.8632,0.9697,1
RD-DRG-SELA-05,62.0,32.10266124079868,4155.706387251044,133.43,383.19,21.3,1.0,2.53,10,0.689,0.9642,0.902,1.0,1
RD-GHY-GTK-12,540.0,18.40437283844326,1611.5872339804114,193.73,947.17,31.8,1.0,0.2,8,1.0,0.9364,1.0,1.0,1
RD-SELA-TWG-06,78.0,26.055387177164654,3322.64308105712,46.55,211.17,5.0,0.754,2.01,6,0.297,0.9465,0.5194,0.9403,1
RD-TEZ-ITA-11,155.0,9.746103818124116,328.5248153726143,68.61,328.81,19.0,1.0,1.76,4,0.409,0.9095,0.8587,0.9122,1
RD-GHY-GTK-12,540.0,21.261163910422766,1588.6926317740076,159.48,471.66,28.2,1.0,0.39,9,0.969,1.0,0.9837,1.0,1
RD-BHK-BMD-03,96.0,30.701663159502406,2456.53862344721,25.64,96.51,5.9,0.622,0.43,6,0.335,0.8692,0.785,0.8991,1
RD-SELA-TWG-06,78.0,28.805365219437956,3218.763472452165,67.82,321.23,23.5,1.0,2.14,7,0.392,0.9554,0.6795,0.9715,1
RD-SHL-SIL-08,215.0,9.806190568796831,1344.3055173517726,119.82,429.99,6.2,1.0,0.14,9,0.87,1.0,0.9643,1.0,1
RD-GHY-SHL-07,98.0,18.258666986240975,1642.7559286517674,5.57,15.93,9.0,0.103,3.08,6,0.082,0.6037,0.3102,0.5593,0
RD-BHK-BMD-03,96.0,25.916246010880997,2451.693527471762,40.62,193.55,15.2,0.945,0.31,8,0.438,0.9391,0.8344,0.9738,1
RD-GHY-SHL-07,98.0,14.899406938749717,1528.5408854886173,4.5,17.0,6.4,0.107,3.02,2,0.078,0.5546,0.3575,0.5192,0
RD-GHY-GTK-12,540.0,19.014194460247715,1669.9502379621927,1.03,4.05,29.2,0.063,0.64,7,0.18,0.7944,0.6731,0.8154,1
RD-BMD-DRG-04,42.0,16.94008945342531,2128.338019055883,47.82,195.29,24.4,0.701,1.41,5,0.328,0.8544,0.6288,0.8449,1
RD-GHY-SHL-07,98.0,13.186533026709027,1462.5982731431998,42.87,213.71,24.6,0.762,2.78,3,0.261,0.7228,0.5488,0.6919,1
RD-GHY-GTK-12,540.0,22.457755018377348,1653.4943997934704,97.98,408.33,24.1,1.0,0.53,8,0.651,0.9278,0.9339,0.9838,1
RD-DRG-SELA-05,62.0,33.09574137192419,4245.712379999044,10.27,38.6,28.4,0.179,2.03,9,0.127,0.9323,0.3875,0.9186,1
RD-TEZ-BHK-02,54.0,8.731963185201725,290.1656656407451,25.9,65.24,28.9,0.517,0.45,3,0.331,0.6976,0.8545,0.8507,1
RD-GHY-ITA-09,320.0,12.619126988154404,295.6854171501036,163.73,473.62,17.5,1.0,1.08,2,0.891,0.9562,0.9825,1.0,1
RD-SELA-TWG-06,78.0,25.28735260587683,3101.832067836724,183.43,477.23,18.6,1.0,1.68,9,0.948,1.0,0.9849,1.0,1
RD-TEZ-BHK-02,54.0,12.262672547438584,235.2295909116676,19.37,93.22,9.0,0.611,0.3,4,0.34,0.7642,0.8608,0.8653,1
RD-SHL-SIL-08,215.0,21.11088431874025,1382.600522520221,10.49,49.19,19.5,0.464,0.05,6,0.413,0.8535,0.9813,1.0,1
RD-TEZ-ITA-11,155.0,5.925509057620059,340.6320680721483,3.04,12.49,33.2,0.092,1.41,5,0.119,0.4195,0.6053,0.5746,0
RD-GHY-SHL-07,98.0,15.991245823009606,1540.8640769092835,40.48,155.23,11.1,0.567,3.34,2,0.241,0.7313,0.5162,0.6962,1
RD-GHY-NAG-10,345.0,21.404058059782685,1530.4368448045936,176.8,728.96,11.3,1.0,0.98,7,0.96,0.9825,0.9905,1.0,1
RD-SELA-TWG-06,78.0,23.21858886008518,3155.74856838686,119.52,319.85,18.1,1.0,1.82,7,0.644,1.0,0.8672,1.0,1
RD-GHY-NAG-10,345.0,17.61853191162981,1548.8248851386445,118.96,539.16,24.4,1.0,0.49,10,0.757,0.9429,0.9459,0.9898,1
RD-TEZ-ITA-11,155.0,4.0663412043270295,371.2386900332505,121.4,400.46,6.8,1.0,1.68,1,0.658,0.8434,0.8712,0.8728,1
RD-DRG-SELA-05,62.0,32.442169525125664,4190.304255493721,0.77,3.45,13.5,0.061,2.25,8,0.076,0.8926,0.3452,0.8769,1
RD-GHY-NAG-10,345.0,16.702796438166114,1503.1215851663721,183.05,505.78,8.2,1.0,0.97,7,0.99,1.0,0.9491,1.0,1
RD-BHK-BMD-03,96.0,26.663381107889332,2493.0756944084396,3.1,12.2,21.1,0.341,0.44,6,0.227,0.8055,0.6495,0.8211,1
RD-BMD-DRG-04,42.0,16.08246290008244,2135.212654751046,22.18,107.19,25.6,0.407,1.26,4,0.217,0.7408,0.5573,0.7296,1
RD-BHK-BMD-03,96.0,25.286404779245224,2498.5033894341263,27.65,135.31,26.4,0.501,0.82,7,0.28,0.9237,0.6242,0.9296,1
RD-BHK-BMD-03,96.0,25.263688150080284,2555.517132604819,16.39,71.28,31.5,0.538,0.28,6,0.335,0.8799,0.8611,0.9196,1
RD-GHY-SHL-07,98.0,16.197215513361854,1551.7921647429025,53.05,237.98,11.7,0.843,3.05,3,0.304,0.788,0.533,0.7508,1
RD-GHY-NAG-10,345.0,20.278326521467747,1519.1270410247535,14.23,36.84,28.9,0.173,1.1,7,0.191,0.8254,0.5795,0.8253,1
RD-BHK-BMD-03,96.0,28.6535386869888,2517.549695286376,85.31,369.06,28.9,1.0,0.58,7,0.584,0.9653,0.8834,1.0,1
RD-GHY-ITA-09,320.0,7.080677759918434,286.0681647721104,27.46,87.58,10.6,0.342,1.12,4,0.252,0.5971,0.7146,0.6994,1
RD-TEZ-ITA-11,155.0,7.656356055734987,254.1751930348155,18.47,83.51,27.1,0.328,1.52,4,0.185,0.5571,0.6778,0.6548,1
RD-BHK-BMD-03,96.0,27.995590576467016,2405.7032537267446,35.4,163.66,24.1,0.596,0.56,7,0.355,0.8264,0.7672,0.8555,1
RD-SHL-SIL-08,215.0,24.933805624861293,1375.5202558775613,205.27,826.84,27.6,1.0,0.81,6,1.0,1.0,1.0,1.0,1
RD-BHK-BMD-03,96.0,28.792474899795682,2450.564311158016,31.13,149.04,30.9,0.797,0.41,8,0.366,0.8907,0.7906,0.9207,1
RD-SHL-SIL-08,215.0,20.31371856955544,1482.9709749429105,0.15,0.44,4.1,0.051,0.72,9,0.165,0.7678,0.6357,0.7908,1
RD-SELA-TWG-06,78.0,22.053723438269763,3229.9789313906876,8.38,29.52,33.8,0.148,1.63,7,0.133,0.783,0.3615,0.77,1
RD-SHL-SIL-08,215.0,27.016125319126964,1424.8608990226596,127.78,350.73,27.7,1.0,0.13,6,0.913,0.9424,1.0,1.0,1
RD-GHY-SHL-07,98.0,23.20882488551603,1519.6338477264542,22.1,96.14,29.0,0.37,3.09,3,0.159,0.6702,0.4472,0.6326,0
RD-GHY-ITA-09,320.0,7.738215069967252,346.06950991233714,4.97,23.16,22.4,0.127,1.26,4,0.137,0.4966,0.641,0.6206,0
RD-GHY-SHL-07,98.0,15.439429069400596,1623.8265018726352,26.1,71.18,21.5,0.287,3.14,5,0.177,0.6989,0.4055,0.6545,1
RD-GHY-SHL-07,98.0,11.334937733868447,1513.9860711706035,107.34,289.52,20.1,1.0,3.5,2,0.551,0.8844,0.8023,0.8761,1
RD-SHL-SIL-08,215.0,23.59087707719783,1307.8123520603685,117.85,347.84,21.8,1.0,0.34,8,0.789,1.0,1.0,1.0,1
RD-TEZ-BHK-02,54.0,14.126906468406023,150.5477422876839,17.25,75.52,15.6,0.552,0.05,5,0.444,0.6856,0.9514,0.9416,1
RD-BMD-DRG-04,42.0,13.862202754264622,2085.3284298843346,18.39,69.68,26.4,0.282,1.12,5,0.209,0.7341,0.505,0.7176,1
RD-DRG-SELA-05,62.0,32.5331352803415,4257.668759936216,133.94,543.77,11.0,1.0,2.77,7,0.686,0.98,0.8688,1.0,1
RD-DRG-SELA-05,62.0,34.383772786507166,4149.515356185332,197.89,899.2,22.0,1.0,2.81,8,0.984,1.0,0.9096,1.0,1
RD-SHL-SIL-08,215.0,27.34934355997752,1403.7203335963075,31.67,140.73,19.2,0.519,0.99,8,0.282,0.9152,0.7396,0.9445,1
RD-SHL-SIL-08,215.0,20.513906119630164,1365.1853210473803,57.08,221.17,12.1,0.787,0.67,8,0.437,0.9132,0.8511,0.9578,1
RD-TEZ-BHK-02,54.0,10.79270971958686,280.1993247945251,0.49,2.14,24.8,0.057,0.59,5,0.185,0.5312,0.7413,0.7242,1
RD-DRG-SELA-05,62.0,30.346855227583333,4135.722271425825,44.64,184.78,8.7,0.666,2.2,7,0.282,0.9623,0.5146,0.9642,1
RD-SELA-TWG-06,78.0,20.66990544268728,3231.4542704507,35.59,139.27,10.8,0.514,1.68,6,0.258,0.8398,0.492,0.8378,1
RD-GHY-TEZ-01,178.0,6.899360552289053,142.3275680711737,59.09,200.8,18.4,0.719,0.96,0,0.412,0.5657,0.9006,0.8539,1
RD-SHL-SIL-08,215.0,19.88909066767231,1437.110498121325,51.73,209.83,18.3,0.749,0.61,8,0.421,0.9414,0.8678,0.9877,1
RD-GHY-SHL-07,98.0,14.979033285492461,1587.7027142422855,114.95,569.15,25.1,1.0,3.14,3,0.591,0.8795,0.8132,0.8729,1
RD-TEZ-ITA-11,155.0,4.567965424668497,290.16881530082753,22.33,69.42,14.5,0.281,1.02,4,0.235,0.5305,0.7262,0.697,1
RD-DRG-SELA-05,62.0,31.235760812971353,4188.894114114061,5.59,14.35,33.7,0.098,2.46,9,0.094,0.871,0.3053,0.8523,1
RD-GHY-TEZ-01,178.0,4.377938296258134,132.05600064416313,18.24,73.24,17.2,0.294,0.93,0,0.225,0.388,0.7949,0.7339,1
RD-SELA-TWG-06,78.0,23.456878404696507,3215.019046847894,5.26,19.91,13.6,0.116,1.79,6,0.112,0.7486,0.3703,0.7399,1
RD-TEZ-BHK-02,54.0,10.880562082424394,232.00245577158486,13.42,51.25,32.4,0.471,0.05,3,0.426,0.6442,0.9693,0.9526,1
RD-TEZ-BHK-02,54.0,13.321470575734546,302.6887008999047,21.87,88.01,16.7,0.593,0.08,4,0.447,0.6901,0.9482,0.9391,1
RD-BMD-DRG-04,42.0,16.8340278546595,2045.9296076019361,103.98,491.15,24.7,1.0,1.26,4,0.599,0.9533,0.8368,0.968,1
RD-GHY-GTK-12,540.0,23.235560645681485,1511.3580628451766,21.18,80.83,29.5,0.319,0.71,8,0.264,0.8854,0.722,0.9085,1
RD-SELA-TWG-06,78.0,30.030752262132687,3202.772666757885,2.79,11.24,24.5,0.087,1.86,6,0.098,0.8005,0.3301,0.782,1
RD-GHY-NAG-10,345.0,17.495757046785553,1514.3841021837861,27.58,115.12,32.2,0.434,1.24,8,0.244,0.8088,0.6486,0.8182,1
RD-BHK-BMD-03,96.0,27.996743202893242,2463.7230088806923,63.81,189.07,20.6,0.93,0.4,7,0.519,0.9884,0.9153,1.0,1
RD-BMD-DRG-04,42.0,15.788098061044078,2115.0273724200497,93.43,442.71,8.2,1.0,0.75,7,0.596,0.9649,0.8928,0.9874,1
RD-GHY-TEZ-01,178.0,1.4661598292911244,84.7353739185743,23.85,110.72,20.4,0.419,1.1,1,0.237,0.3959,0.7865,0.7272,1
RD-GHY-ITA-09,320.0,7.258569644134308,398.40880764377124,41.07,201.28,23.2,0.721,1.52,2,0.29,0.7217,0.7615,0.7577,1
RD-GHY-ITA-09,320.0,5.7168571231468945,359.63993962531345,205.77,917.71,27.4,1.0,1.39,2,1.0,0.952,0.9879,1.0,1
RD-GHY-GTK-12,540.0,26.271822651216432,1592.2681525557637,16.11,44.53,26.0,0.448,0.12,9,0.396,0.8598,0.9828,1.0,1
RD-GHY-NAG-10,345.0,20.118200849566293,1547.9626688224519,55.44,170.37,8.8,0.618,0.88,8,0.404,0.9158,0.7469,0.933,1
RD-GHY-ITA-09,320.0,9.551050962416491,347.6625273048649,24.76,63.05,15.7,0.26,0.94,3,0.254,0.5835,0.722,0.7049,1
RD-TEZ-ITA-11,155.0,2.6756341076724866,225.78918657390136,49.44,169.2,25.5,0.614,1.62,1,0.325,0.6039,0.8001,0.7746,1
RD-BHK-BMD-03,96.0,25.30091052749203,2557.624306639866,104.22,518.44,18.5,1.0,0.31,9,0.735,0.8809,0.9551,0.996,1
RD-GHY-SHL-07,98.0,18.465642976479405,1547.6470729612806,35.72,129.99,17.7,0.483,3.04,3,0.223,0.6645,0.477,0.6303,0
RD-DRG-SELA-05,62.0,30.20422388325872,4189.746088360402,14.95,74.54,13.1,0.298,2.2,8,0.144,0.8839,0.389,0.8749,1
RD-BHK-BMD-03,96.0,17.63852954379813,2423.844784655775,87.94,237.67,31.4,1.0,0.23,7,0.686,0.9667,1.0,1.0,1
RD-BHK-BMD-03,96.0,28.206309086018347,2539.0319299738853,146.01,625.06,7.5,1.0,0.77,7,0.839,0.9427,0.9791,1.0,1
RD-GHY-GTK-12,540.0,21.689276975828264,1601.987353779052,24.75,109.74,25.2,0.666,0.39,8,0.34,0.9299,0.8654,0.9711,1
RD-BMD-DRG-04,42.0,15.177951058542709,2113.0759298362914,15.61,41.49,22.0,0.188,1.13,7,0.195,0.7501,0.4859,0.7303,1
RD-TEZ-ITA-11,155.0,7.902242810258928,340.3698588822185,18.91,93.22,26.1,0.361,1.14,2,0.21,0.523,0.6489,0.6245,0
RD-BHK-BMD-03,96.0,24.181499619891103,2470.8329530274295,32.85,156.09,13.2,0.82,0.32,8,0.396,0.9313,0.8159,0.9636,1
RD-DRG-SELA-05,62.0,31.145100209335556,4103.3937117361675,33.36,123.43,22.0,0.461,2.34,9,0.226,0.9896,0.4465,0.9795,1
RD-GHY-SHL-07,98.0,9.489465422751321,1529.1842371327987,0.82,3.41,29.4,0.061,2.97,3,0.061,0.4229,0.279,0.3951,0
RD-TEZ-ITA-11,155.0,3.1015739136304914,309.32844674008794,46.95,151.89,21.2,0.556,1.74,2,0.308,0.5746,0.769,0.7419,1
RD-TEZ-BHK-02,54.0,9.693206075660223,213.90847292559258,58.76,198.24,21.9,0.961,0.05,3,0.638,0.823,1.0,1.0,1
RD-GHY-GTK-12,540.0,18.413079191508956,1620.6520895011859,59.27,253.15,28.9,0.894,0.56,7,0.466,0.9153,0.826,0.9514,1
RD-SELA-TWG-06,78.0,29.477013854038667,3214.313666838872,0.62,1.92,12.5,0.056,1.63,6,0.097,0.8117,0.3482,0.7944,1
RD-SHL-SIL-08,215.0,28.45093237999363,1349.7647569646601,22.03,76.68,25.7,0.306,0.72,8,0.267,0.8692,0.7133,0.8969,1
RD-GHY-TEZ-01,178.0,3.5872520637620666,89.43227988072444,42.97,137.96,12.0,0.51,0.76,1,0.359,0.5864,0.8829,0.8401,1
RD-GHY-GTK-12,540.0,18.84437187966288,1741.605980378865,153.69,698.27,11.0,1.0,0.37,7,0.947,0.9639,0.9738,1.0,1
RD-SHL-SIL-08,215.0,18.75802171127725,1399.2156016621532,37.07,114.37,9.5,0.681,0.45,7,0.384,0.8983,0.8569,0.944,1
RD-GHY-GTK-12,540.0,20.427377092938663,1567.054470855836,54.32,232.96,29.8,1.0,0.05,11,0.617,0.9186,1.0,1.0,1
RD-TEZ-BHK-02,54.0,14.202724737446472,214.05849095400572,18.27,70.71,32.3,0.536,0.05,3,0.449,0.7021,0.9751,0.9665,1
RD-GHY-SHL-07,98.0,16.13096238484182,1630.0949395794992,134.02,350.07,32.7,1.0,2.84,3,0.685,0.9041,0.8964,0.9081,1
RD-GHY-SHL-07,98.0,12.664696413421842,1451.9574601083555,22.99,95.1,9.7,0.367,3.07,5,0.163,0.6525,0.411,0.6129,0
RD-SHL-SIL-08,215.0,14.82405433133158,1417.348014844224,34.39,98.74,24.4,0.629,0.47,7,0.367,0.8609,0.8855,0.932,1
RD-DRG-SELA-05,62.0,31.2652413855367,4106.749053584327,17.58,62.77,21.4,0.259,2.47,7,0.149,0.9109,0.3915,0.8997,1
RD-GHY-NAG-10,345.0,19.730761232052878,1482.5786024854203,89.25,305.73,28.3,1.0,1.29,7,0.528,0.9805,0.8663,1.0,1
RD-SHL-SIL-08,215.0,21.06226772381593,1431.2134577170414,49.22,186.67,21.2,0.672,0.73,9,0.392,0.9722,0.7959,1.0,1
RD-TEZ-ITA-11,155.0,10.475829177484922,226.14804226848457,29.98,104.51,13.2,0.398,1.18,3,0.259,0.5854,0.7896,0.7625,1
RD-GHY-TEZ-01,178.0,3.317976716602866,93.70809276419335,148.05,717.37,6.3,1.0,0.76,1,0.849,0.8804,0.9988,0.9929,1
RD-SHL-SIL-08,215.0,20.30691533931652,1409.1486680152632,129.53,371.81,5.4,1.0,0.56,6,0.794,1.0,0.9327,1.0,1
RD-BHK-BMD-03,96.0,26.996845375290167,2472.9621403189653,20.21,90.94,17.9,0.603,0.26,6,0.359,0.8894,0.9091,0.952,1
RD-GHY-TEZ-01,178.0,9.35294306004242,112.05898145016782,21.16,97.96,25.3,0.377,1.07,3,0.226,0.5295,0.7821,0.7389,1
RD-GHY-SHL-07,98.0,7.220146119306401,1556.533744994631,209.3,665.7,14.3,1.0,3.14,2,1.0,0.9738,0.9891,1.0,1
RD-GHY-GTK-12,540.0,20.030184180854196,1686.9762400402146,8.16,38.29,19.8,0.428,0.29,7,0.291,0.8217,0.8759,0.9125,1
RD-TEZ-ITA-11,155.0,7.01934906641769,323.42315321858644,21.12,93.53,29.3,0.362,1.87,3,0.183,0.5869,0.6236,0.6069,0
RD-DRG-SELA-05,62.0,29.30457872536056,4165.9360225993205,186.22,720.26,30.4,1.0,2.59,8,0.934,1.0,0.9594,1.0,1
RD-SELA-TWG-06,78.0,23.060276100378267,3237.4140323574297,60.65,259.07,7.9,0.914,1.86,7,0.368,0.9178,0.6326,0.9292,1
RD-SELA-TWG-06,78.0,28.724248550432062,3225.570762751094,77.91,364.05,33.9,1.0,1.92,12,0.446,0.9434,0.7196,0.9657,1
RD-TEZ-ITA-11,155.0,9.252483050864598,418.2972926003275,83.54,350.37,13.8,1.0,1.43,4,0.493,0.8266,0.8167,0.8258,1
RD-GHY-SHL-07,98.0,13.459079640684648,1506.1322132422554,4.12,20.3,21.2,0.118,3.34,2,0.071,0.5486,0.2809,0.5075,0
RD-GHY-GTK-12,540.0,21.70855246589367,1633.2613337647585,1.49,5.15,22.7,0.317,0.16,8,0.31,0.8102,0.9226,0.9564,1
RD-BMD-DRG-04,42.0,15.511272531142053,2056.683169140607,1.67,6.33,11.4,0.071,1.25,9,0.122,0.6963,0.4336,0.6751,1
RD-TEZ-BHK-02,54.0,9.947627244401675,99.24381550470753,185.09,678.99,25.7,1.0,0.16,4,1.0,1.0,0.9775,1.0,1
RD-GHY-TEZ-01,178.0,1.0,41.474593268229,238.52,732.09,30.9,1.0,0.61,0,1.0,0.977,1.0,1.0,1
RD-TEZ-BHK-02,54.0,10.35967383198363,232.217123085505,149.41,620.08,26.0,1.0,0.38,3,0.924,0.9246,0.9355,0.96,1
RD-BMD-DRG-04,42.0,18.031007191941207,2155.4420709535852,43.8,110.93,13.5,0.42,1.36,6,0.312,0.8383,0.6143,0.8278,1
RD-SHL-SIL-08,215.0,22.905795055356112,1360.532381704871,103.07,436.38,31.7,1.0,0.21,7,0.762,0.9528,0.9761,1.0,1
RD-GHY-GTK-12,540.0,20.31668617126811,1685.7118733865855,2.38,10.44,8.9,0.335,0.08,7,0.359,0.8429,1.0,1.0,1
RD-TEZ-BHK-02,54.0,18.780150501747244,288.41875831767396,51.25,225.2,24.1,1.0,0.17,6,0.536,0.9194,0.9194,0.9432,1
RD-GHY-SHL-07,98.0,11.954900390730728,1520.8328533560757,44.74,173.4,27.6,0.628,3.02,3,0.266,0.7002,0.5005,0.6658,1
RD-SHL-SIL-08,215.0,22.41457824337396,1413.0812631790386,147.87,505.74,24.1,1.0,0.55,6,0.881,1.0,0.9782,1.0,1
RD-GHY-SHL-07,98.0,19.081039783677976,1578.5064972758923,206.21,633.15,9.8,1.0,2.86,3,1.0,0.9642,0.9587,0.9763,1
RD-TEZ-BHK-02,54.0,12.084662998551314,225.71957413054776,144.36,490.24,4.6,1.0,0.09,4,1.0,0.9187,1.0,1.0,1
RD-SELA-TWG-06,78.0,22.91649735284638,3300.1473542038143,8.32,24.39,6.0,0.131,1.71,7,0.129,0.7701,0.3379,0.7556,1
RD-BHK-BMD-03,96.0,24.21213125069344,2481.239769473475,2.93,14.19,20.5,0.097,0.63,7,0.191,0.7683,0.5965,0.7798,1
RD-BHK-BMD-03,96.0,29.873242449912667,2510.6491964274687,18.73,76.28,27.5,0.554,0.32,6,0.332,0.8696,0.802,0.9018,1
RD-TEZ-ITA-11,155.0,5.325373866142304,213.89332936627648,185.39,719.32,5.4,1.0,1.34,3,0.974,0.9533,0.9669,0.9821,1
RD-GHY-ITA-09,320.0,7.830483277081393,401.45804137348136,35.38,105.05,9.1,0.4,1.11,4,0.289,0.7185,0.7617,0.7575,1
RD-GHY-NAG-10,345.0,16.904834901585087,1476.1510305338631,22.09,67.02,32.0,0.273,0.78,8,0.26,0.7965,0.6255,0.8038,1
RD-SHL-SIL-08,215.0,25.23857054815051,1434.5914395655868,31.9,93.44,7.1,0.611,0.05,7,0.512,0.9117,0.975,1.0,1
RD-BMD-DRG-04,42.0,12.196634307215039,2129.1702457899096,27.49,110.83,18.0,0.419,1.34,7,0.237,0.7779,0.5257,0.7606,1
RD-BHK-BMD-03,96.0,23.508726627203963,2467.922848311393,51.78,249.39,5.9,1.0,0.16,6,0.547,0.9424,0.9345,0.9911,1
RD-GHY-NAG-10,345.0,17.15306387422521,1442.7130858473975,13.64,39.87,32.3,0.183,0.65,9,0.237,0.8579,0.6863,0.8695,1
RD-BMD-DRG-04,42.0,9.229103846569911,2131.8790068890908,103.63,315.57,32.8,1.0,1.23,4,0.599,0.9611,0.8774,0.9815,1
RD-TEZ-BHK-02,54.0,15.54551645215587,252.30919721479836,181.12,554.18,17.7,1.0,0.05,4,1.0,0.981,1.0,1.0,1
RD-TEZ-BHK-02,54.0,11.471685329941412,289.0169335108882,149.65,594.66,5.7,1.0,0.16,8,1.0,1.0,1.0,1.0,1
RD-GHY-SHL-07,98.0,17.01115301270657,1632.459566166723,115.19,452.48,6.6,1.0,3.17,2,0.592,0.9555,0.7654,0.9399,1
RD-GHY-SHL-07,98.0,18.46363337823273,1469.3049272260505,16.4,56.37,8.0,0.238,3.3,3,0.129,0.6027,0.3478,0.5617,0
RD-BHK-BMD-03,96.0,27.822459396717147,2460.215994199416,127.01,378.56,17.5,1.0,0.16,7,0.895,0.9751,0.9975,1.0,1
RD-TEZ-ITA-11,155.0,6.741999905047571,304.9592934812579,148.3,544.54,19.0,1.0,1.3,3,0.803,0.9217,0.9582,0.969,1
RD-GHY-ITA-09,320.0,5.981746568020847,256.0266518026917,9.73,36.91,29.3,0.173,0.74,4,0.207,0.5236,0.7043,0.682,1
RD-GHY-GTK-12,540.0,21.99366827957963,1675.3401297276237,30.02,104.85,33.7,0.649,0.05,7,0.504,0.9681,1.0,1.0,1
RD-GHY-GTK-12,540.0,18.81063753753442,1662.5693019428759,187.04,536.75,19.3,1.0,0.74,9,1.0,0.9589,1.0,1.0,1
RD-TEZ-ITA-11,155.0,6.8181252218738395,396.31562478430743,46.26,162.54,22.8,0.592,1.33,2,0.325,0.6448,0.7814,0.7617,1
RD-BMD-DRG-04,42.0,15.736220527248575,2062.937231624526,82.95,377.84,15.3,1.0,1.51,4,0.487,0.8959,0.7607,0.9018,1
RD-GHY-ITA-09,320.0,7.920272672623108,364.3414122500938,129.4,632.59,13.4,1.0,1.12,3,0.728,0.8705,0.9444,0.954,1
RD-GHY-SHL-07,98.0,10.021629638114169,1601.434935794495,14.07,60.24,19.3,0.251,2.82,5,0.126,0.6005,0.3359,0.5587,0
RD-GHY-TEZ-01,178.0,4.264231885212869,154.2030807204241,21.79,78.3,29.7,0.561,0.35,1,0.338,0.4669,0.9758,0.9098,1
RD-BMD-DRG-04,42.0,18.534560770075128,2085.503942348749,95.31,424.17,23.3,1.0,1.02,4,0.576,0.9417,0.861,0.96,1
RD-TEZ-BHK-02,54.0,10.24895870607731,220.0571801444553,187.86,707.79,8.5,1.0,0.05,5,1.0,0.9849,0.9875,1.0,1
RD-TEZ-ITA-11,155.0,3.603445367948111,345.9457521422823,13.5,57.4,7.4,0.241,1.63,1,0.157,0.4355,0.6407,0.6085,0
RD-GHY-ITA-09,320.0,6.5273752484101975,285.40783662445943,48.26,143.44,8.7,0.528,1.23,3,0.341,0.7141,0.7753,0.7701,1
RD-GHY-TEZ-01,178.0,1.0,149.8537653206314,27.7,76.34,23.3,0.304,0.51,1,0.327,0.3975,0.9201,0.8489,1
RD-SELA-TWG-06,78.0,25.775433976364813,3267.985910650045,174.63,700.52,16.1,1.0,1.97,7,0.896,0.9876,0.9924,1.0,1
RD-GHY-NAG-10,345.0,22.15631334496915,1473.2175963736138,20.24,75.21,32.8,0.301,0.96,6,0.231,0.8232,0.622,0.8285,1
RD-GHY-ITA-09,320.0,14.83806216143173,392.12962213444075,47.4,203.11,12.8,0.727,1.36,5,0.329,0.8091,0.7898,0.8116,1
RD-SHL-SIL-08,215.0,20.802297342108695,1421.5044578085876,23.58,73.48,19.2,0.545,0.34,7,0.348,0.8956,0.921,0.9716,1
RD-TEZ-BHK-02,54.0,14.890791904888275,119.06122664652897,215.06,859.58,32.8,1.0,0.22,7,1.0,0.953,0.9984,1.0,1
RD-TEZ-BHK-02,54.0,13.495101859335067,247.00296530581238,152.79,575.19,33.0,1.0,0.27,4,0.973,0.9797,1.0,1.0,1
RD-BMD-DRG-04,42.0,15.691188224562703,2042.851797304072,76.94,213.21,25.7,0.761,1.35,6,0.467,0.8369,0.6873,0.8356,1
RD-GHY-TEZ-01,178.0,1.7540666556356777,57.074110180860146,69.29,230.55,11.8,0.819,1.06,1,0.451,0.6511,0.9246,0.8882,1
RD-GHY-SHL-07,98.0,14.372654412964732,1575.3405698831525,17.05,57.24,28.5,0.241,3.11,4,0.135,0.6194,0.3859,0.5803,0
RD-TEZ-ITA-11,155.0,11.419071478117669,320.96017104827735,0.58,1.81,31.7,0.056,1.2,5,0.121,0.4672,0.6274,0.5993,0
RD-GHY-SHL-07,98.0,8.289179366459814,1552.0589758474468,11.36,54.44,15.6,0.231,3.1,2,0.109,0.4573,0.2966,0.427,0
RD-GHY-SHL-07,98.0,15.902848839832737,1580.7399205180027,157.64,479.78,10.7,1.0,2.68,3,0.799,0.9344,0.8705,0.9343,1
RD-GHY-ITA-09,320.0,4.02852140278932,407.9282746411161,14.12,66.51,27.6,0.272,1.27,5,0.179,0.5562,0.6501,0.6348,0
RD-BHK-BMD-03,96.0,23.975477623265405,2444.467542578458,8.11,36.07,28.1,0.17,0.66,6,0.21,0.8147,0.5826,0.8217,1
RD-DRG-SELA-05,62.0,31.30822080730773,4181.229973835413,214.19,612.66,32.0,1.0,2.78,9,1.0,1.0,1.0,1.0,1
RD-BMD-DRG-04,42.0,18.17722022581086,2164.1869716850706,77.29,362.11,33.3,1.0,1.21,5,0.478,0.9425,0.7542,0.9457,1
RD-BHK-BMD-03,96.0,27.8384672138868,2508.5465389297706,148.95,467.82,5.7,1.0,0.4,6,0.918,0.9613,0.961,1.0,1
RD-GHY-SHL-07,98.0,13.383230439622885,1528.2628468403836,8.88,24.56,32.6,0.132,2.66,5,0.105,0.5743,0.3599,0.5372,0
RD-TEZ-ITA-11,155.0,8.687552640308418,324.57400029887845,26.83,85.67,30.4,0.336,1.48,2,0.226,0.5253,0.6921,0.6648,1
RD-TEZ-BHK-02,54.0,15.789387846238952,243.0591103572123,36.44,170.32,27.3,0.868,0.2,5,0.454,0.836,0.9266,0.9388,1
RD-GHY-SHL-07,98.0,9.544949534527012,1523.9416316495926,17.01,75.8,8.8,0.303,2.87,2,0.139,0.5282,0.3604,0.4955,0
RD-BMD-DRG-04,42.0,17.764710383545175,2072.580160609441,164.56,449.78,17.1,1.0,1.25,6,0.882,1.0,0.9137,1.0,1
RD-TEZ-BHK-02,54.0,16.671275973850587,198.73935622271418,14.13,64.89,25.5,0.516,0.13,4,0.384,0.6725,1.0,0.9859,1
RD-TEZ-BHK-02,54.0,9.085516566993626,130.3262447307503,36.26,143.01,7.4,0.777,0.13,5,0.487,0.7861,0.9735,0.9773,1
RD-GHY-NAG-10,345.0,25.30795537268773,1433.2491877175987,213.75,808.72,11.5,1.0,0.88,7,1.0,1.0,0.9943,1.0,1
RD-TEZ-ITA-11,155.0,5.99366496004553,384.8615176755894,21.38,57.09,24.5,0.24,1.34,2,0.208,0.4325,0.7049,0.6669,1
RD-GHY-GTK-12,540.0,23.389782908168822,1697.043461913665,209.16,893.62,10.6,1.0,0.68,7,1.0,0.9759,1.0,1.0,1
RD-GHY-TEZ-01,178.0,3.818511611117606,125.51180030023316,20.04,99.47,5.7,0.382,1.13,2,0.216,0.4455,0.8084,0.7532,1
RD-GHY-GTK-12,540.0,24.165163646827654,1633.2896500966776,178.69,638.51,28.4,1.0,0.11,8,1.0,1.0,0.9628,1.0,1
RD-SHL-SIL-08,215.0,21.04297590858144,1414.6938105925074,0.78,2.36,20.1,0.308,0.05,6,0.367,0.8362,1.0,1.0,1
RD-GHY-ITA-09,320.0,5.483995282420745,398.0947949345119,15.51,72.94,23.3,0.293,1.07,3,0.2,0.5317,0.6819,0.662,1
RD-GHY-GTK-12,540.0,22.156230530796144,1642.8288391770536,5.29,18.91,6.9,0.363,0.29,10,0.277,0.8464,0.8217,0.8838,1
RD-SELA-TWG-06,78.0,23.209841794267998,3277.748136386288,173.46,601.26,10.1,1.0,1.98,6,0.89,1.0,0.9559,1.0,1
RD-DRG-SELA-05,62.0,29.639633577586764,4120.504234348822,44.71,154.04,6.3,0.563,2.46,7,0.276,0.9406,0.5485,0.9489,1
RD-TEZ-BHK-02,54.0,14.30071505209472,177.5848599065341,95.38,320.9,24.3,1.0,0.22,5,0.723,0.9445,1.0,1.0,1
RD-GHY-TEZ-01,178.0,1.8955758195204346,45.197752991505396,29.2,140.55,4.8,0.518,1.04,0,0.266,0.4937,0.9511,0.8908,1
RD-GHY-SHL-07,98.0,9.417882156323785,1507.6640336036746,5.16,15.5,16.2,0.102,3.04,3,0.081,0.4549,0.355,0.4289,0
RD-TEZ-BHK-02,54.0,13.982379531302444,221.7950044920148,79.99,289.55,5.5,1.0,0.05,3,0.737,0.8867,0.9599,0.9786,1
RD-GHY-NAG-10,345.0,19.635508383666732,1509.008107328324,14.55,53.39,16.9,0.228,0.9,7,0.21,0.8413,0.5669,0.8386,1
RD-SHL-SIL-08,215.0,22.832359772967763,1381.5833644980412,78.98,353.93,26.5,1.0,0.4,7,0.59,0.9938,0.9974,1.0,1
RD-SELA-TWG-06,78.0,19.108711570131632,3252.0833366541674,142.73,686.5,8.8,1.0,1.44,7,0.769,0.9669,0.9149,1.0,1
RD-GHY-NAG-10,345.0,18.414442669102726,1472.2437422098194,130.36,501.66,15.4,1.0,0.47,6,0.815,0.9781,0.9282,1.0,1
RD-BHK-BMD-03,96.0,27.53333483305174,2509.06108171103,64.75,186.62,5.0,0.922,0.38,7,0.529,0.9796,0.9179,1.0,1
RD-TEZ-BHK-02,54.0,8.940591519291765,167.02525519868266,16.63,67.6,13.1,0.525,0.35,3,0.312,0.6764,0.9523,0.9411,1
RD-TEZ-ITA-11,155.0,6.131565293099226,360.6946406769498,4.71,14.01,12.7,0.097,1.38,1,0.128,0.3802,0.5502,0.521,0
RD-BMD-DRG-04,42.0,14.116735039727532,2207.9317457917537,4.84,14.91,23.3,0.1,0.84,4,0.172,0.6187,0.5265,0.6127,0
RD-GHY-TEZ-01,178.0,5.55464247371852,108.32608249891004,106.79,285.32,27.8,1.0,0.75,0,0.659,0.7494,0.981,0.9561,1
RD-GHY-TEZ-01,178.0,1.0,118.99141857597446,147.7,569.87,28.9,1.0,0.75,5,0.85,0.9237,1.0,1.0,1
RD-SHL-SIL-08,215.0,20.41464700629883,1350.98431270247,147.9,569.9,12.1,1.0,0.25,6,0.958,0.9851,1.0,1.0,1
RD-BHK-BMD-03,96.0,25.345731990367867,2447.9476074149065,113.03,497.94,32.6,1.0,0.45,7,0.738,0.9985,0.9886,1.0,1
RD-GHY-TEZ-01,178.0,3.175438754984085,139.65387172828457,10.05,37.86,7.9,0.176,0.59,0,0.231,0.3299,0.8421,0.7695,1
RD-GHY-GTK-12,540.0,17.20954618481668,1593.7672155833502,23.89,70.17,26.0,0.534,0.2,8,0.397,0.8714,0.9849,1.0,1
RD-GHY-SHL-07,98.0,21.109929445773275,1581.6075814845387,102.77,491.95,31.9,1.0,3.03,4,0.536,0.9371,0.741,0.9187,1
RD-BMD-DRG-04,42.0,15.63652585242787,2085.9402993901285,15.46,71.8,5.1,0.289,1.15,6,0.193,0.7421,0.537,0.7285,1
RD-GHY-GTK-12,540.0,17.823425973426016,1540.941238116716,51.1,190.91,33.7,0.936,0.32,7,0.482,0.9574,0.8775,0.9998,1
RD-TEZ-BHK-02,54.0,7.555797584258643,287.97540285116645,117.83,471.08,23.1,1.0,0.35,4,0.785,0.9294,1.0,1.0,1
RD-TEZ-BHK-02,54.0,12.776552248728263,180.0096912975555,47.4,236.59,28.1,1.0,0.05,7,0.585,0.9023,1.0,1.0,1
RD-GHY-TEZ-01,178.0,9.2077408271295,103.97147606474667,92.41,437.99,21.9,1.0,1.06,0,0.56,0.7564,0.9001,0.8793,1
RD-GHY-ITA-09,320.0,10.12859116107466,348.6298854566748,126.33,317.61,33.6,1.0,1.03,2,0.72,0.9075,0.9289,0.944,1
RD-GHY-SHL-07,98.0,14.757043334921814,1564.6148006307,82.38,382.98,21.7,1.0,3.12,5,0.44,0.9214,0.6923,0.8968,1
RD-SHL-SIL-08,215.0,23.606962154057424,1344.8957717611968,36.2,163.02,27.6,0.593,0.57,8,0.355,0.8753,0.8744,0.9238,1
RD-DRG-SELA-05,62.0,30.265418944678125,4139.65873291068,65.04,282.43,30.9,0.991,2.45,7,0.371,0.9804,0.6433,0.9999,1
RD-GHY-ITA-09,320.0,6.319331850385864,402.26037910161256,41.98,140.59,15.4,0.519,1.34,4,0.304,0.6572,0.6839,0.6767,1
RD-SELA-TWG-06,78.0,26.08661376335751,3254.1042098576518,177.06,448.29,31.0,1.0,1.83,8,0.912,0.9499,0.8835,0.9953,1
RD-GHY-NAG-10,345.0,22.04834004761405,1522.5521816872945,78.93,352.85,7.8,1.0,0.76,7,0.527,0.9932,0.9445,1.0,1
RD-GHY-GTK-12,540.0,20.998040778253376,1627.378786759548,43.68,194.1,12.1,0.947,0.15,8,0.513,0.9216,0.9723,1.0,1
RD-SHL-SIL-08,215.0,17.01340151282948,1370.1620840990354,24.95,85.33,20.0,0.334,0.6,8,0.298,0.8548,0.7037,0.8818,1
RD-SHL-SIL-08,215.0,20.65832692096743,1423.1678078509149,0.29,1.03,15.1,0.053,0.54,6,0.194,0.7359,0.6725,0.7647,1
RD-BMD-DRG-04,42.0,16.110716015659044,2151.069988444092,21.26,94.31,17.3,0.364,0.96,4,0.236,0.7309,0.5501,0.7196,1
RD-GHY-ITA-09,320.0,3.9944892261104865,314.1915741763312,92.16,350.61,9.8,1.0,0.81,3,0.583,0.8845,0.8685,0.895,1
RD-BMD-DRG-04,42.0,15.20188824656876,2066.8055247193415,79.16,202.73,11.5,0.726,1.35,6,0.478,0.9245,0.758,0.929,1
RD-GHY-SHL-07,98.0,17.27229438652237,1530.436614254623,126.57,347.47,33.3,1.0,2.82,3,0.651,0.9486,0.8394,0.9437,1
RD-GHY-ITA-09,320.0,8.639150673749631,283.567821288637,14.51,40.77,23.4,0.186,0.93,2,0.208,0.4605,0.7733,0.7387,1
RD-GHY-GTK-12,540.0,18.18117144870645,1571.8490549351775,6.33,22.72,22.9,0.376,0.05,7,0.393,0.8282,0.9852,1.0,1
RD-SELA-TWG-06,78.0,27.672265837981477,3257.4738530414265,268.42,1039.32,12.1,1.0,1.93,8,1.0,0.9629,1.0,1.0,1
RD-TEZ-ITA-11,155.0,3.669030497248252,324.7651699576809,47.31,190.09,12.7,0.684,1.66,2,0.314,0.6636,0.7466,0.7309,1
RD-GHY-GTK-12,540.0,18.489445309537818,1698.1972424539833,1.8,6.8,18.5,0.323,0.12,7,0.333,0.8133,0.9089,0.9434,1
RD-TEZ-BHK-02,54.0,18.342980008827347,232.58584310362986,226.5,904.28,4.3,1.0,0.4,6,1.0,0.9631,1.0,1.0,1
RD-BMD-DRG-04,42.0,14.337392635142264,2049.313342321742,15.15,42.37,8.4,0.191,1.14,5,0.192,0.6959,0.4838,0.68,1
RD-GHY-TEZ-01,178.0,11.835106570210812,62.28290644724483,133.52,616.26,17.6,1.0,0.92,1,0.764,0.8467,0.9601,0.95,1
RD-BHK-BMD-03,96.0,23.89175370534217,2451.607930978259,44.42,165.47,26.5,0.602,0.55,9,0.398,0.9422,0.7817,0.9694,1
RD-TEZ-BHK-02,54.0,11.952124161355966,322.7534170913247,100.96,371.92,33.9,1.0,0.1,4,0.805,0.9172,0.9745,0.9974,1
RD-BMD-DRG-04,42.0,15.253829727752402,2141.7494713689293,42.17,210.69,14.8,0.752,1.37,4,0.304,0.8773,0.645,0.8686,1
RD-GHY-ITA-09,320.0,6.359494675008415,379.3917560932895,6.64,26.65,12.7,0.139,1.22,4,0.147,0.474,0.6143,0.5939,0
RD-SELA-TWG-06,78.0,27.450176430750055,3266.1486654172772,11.98,35.45,24.2,0.168,1.62,8,0.15,0.838,0.3734,0.8213,1
RD-GHY-GTK-12,540.0,22.114137292852167,1653.8192203794474,113.64,348.65,11.3,1.0,0.49,10,0.731,0.9887,0.9981,1.0,1
RD-TEZ-BHK-02,54.0,9.589233679956752,279.74630088369724,5.53,17.94,18.5,0.11,0.59,6,0.209,0.5981,0.8047,0.7912,1
RD-TEZ-ITA-11,155.0,9.903290080396864,378.9572858117838,22.65,63.69,9.1,0.262,1.75,2,0.195,0.5728,0.6058,0.5889,0
RD-TEZ-BHK-02,54.0,11.369072420137822,274.34234885318597,26.97,68.68,32.6,0.529,0.34,3,0.364,0.7132,0.8094,0.8096,1
RD-GHY-TEZ-01,178.0,4.846480403958546,89.84359688243121,18.48,84.8,15.4,0.333,0.7,1,0.253,0.4516,0.8851,0.8243,1
RD-BHK-BMD-03,96.0,29.865851475745675,2373.124839088264,142.38,599.73,18.0,1.0,0.39,7,0.889,0.9967,0.9792,1.0,1
RD-DRG-SELA-05,62.0,29.03672522713868,4179.679349753285,13.95,39.11,18.0,0.18,2.21,7,0.139,0.7809,0.3705,0.7792,1
RD-GHY-SHL-07,98.0,14.444029618667122,1655.0197805477835,10.97,46.63,7.8,0.205,2.95,3,0.109,0.4488,0.454,0.4344,0
RD-GHY-GTK-12,540.0,20.889830587107674,1560.2193389678841,41.21,176.28,15.3,0.888,0.05,8,0.553,0.9449,1.0,1.0,1
RD-SHL-SIL-08,215.0,23.070485495973884,1405.2243270802844,80.12,342.35,33.1,1.0,0.56,7,0.563,0.9636,0.994,1.0,1
RD-TEZ-BHK-02,54.0,13.742347548132177,224.6502977058299,13.25,56.81,33.3,0.489,0.32,4,0.307,0.673,0.8871,0.8786,1
RD-BHK-BMD-03,96.0,19.290280627056063,2472.180840032069,50.24,171.47,30.4,0.872,0.05,7,0.598,0.934,0.945,0.9936,1
RD-GHY-NAG-10,345.0,20.334976572436524,1454.6603642239534,126.95,500.95,16.8,1.0,0.95,7,0.73,0.9786,0.9125,1.0,1
RD-TEZ-BHK-02,54.0,14.121521517810871,232.23292229419954,207.7,624.64,29.9,1.0,0.19,4,1.0,0.9545,1.0,1.0,1
RD-SHL-SIL-08,215.0,25.889916309757947,1384.670346266081,0.64,2.57,18.7,0.059,0.62,7,0.182,0.8382,0.6846,0.8635,1
RD-TEZ-BHK-02,54.0,3.4392513593046257,289.80933355476526,24.15,84.31,32.2,0.581,0.05,5,0.476,0.7029,0.9732,0.9649,1
RD-BMD-DRG-04,42.0,18.33604823717737,2101.992411975766,27.47,135.38,13.6,0.501,0.95,5,0.266,0.8352,0.6062,0.8239,1
RD-SHL-SIL-08,215.0,17.787050749911494,1370.8139677155286,68.57,291.61,5.3,1.0,0.51,6,0.518,0.9212,0.9489,1.0,1
RD-TEZ-BHK-02,54.0,15.53824933974154,198.44760758444508,179.99,897.51,27.2,1.0,0.47,5,1.0,0.9584,1.0,1.0,1
RD-TEZ-ITA-11,155.0,5.289505623103282,309.2636303104746,15.38,55.15,11.8,0.234,1.48,1,0.173,0.3584,0.6186,0.5811,0
RD-GHY-GTK-12,540.0,22.630572997650084,1673.7241348125262,32.4,123.92,33.5,0.463,0.61,8,0.331,0.8742,0.825,0.9112,1
RD-GHY-TEZ-01,178.0,1.0,60.24486689617364,204.76,673.9,10.5,1.0,0.94,2,1.0,0.9402,0.9678,0.9711,1
RD-SELA-TWG-06,78.0,28.373127425167837,3138.788749582221,164.23,549.44,10.5,1.0,1.53,8,0.865,1.0,0.944,1.0,1
RD-GHY-GTK-12,540.0,18.582417134239726,1689.2097549992784,179.7,876.1,12.1,1.0,0.46,7,1.0,1.0,1.0,1.0,1
RD-SELA-TWG-06,78.0,25.992418801690285,3217.811656143382,15.54,45.37,6.8,0.201,1.81,8,0.159,0.823,0.4003,0.811,1
RD-GHY-TEZ-01,178.0,4.563764250296083,121.42309459118547,23.03,84.25,19.7,0.331,0.6,3,0.288,0.4668,0.9795,0.9132,1
RD-DRG-SELA-05,62.0,32.41578124936765,4125.376751614217,7.55,31.9,31.1,0.156,2.69,9,0.098,0.8921,0.3716,0.88,1
RD-BHK-BMD-03,96.0,25.571489851720614,2440.318632018818,222.73,1040.49,4.6,1.0,0.59,8,1.0,0.99,1.0,1.0,1
RD-GHY-SHL-07,98.0,13.60318780894051,1555.0367623158759,19.42,86.89,11.1,0.34,3.12,3,0.146,0.6266,0.3874,0.587,0
RD-GHY-ITA-09,320.0,4.725110844247284,339.1192288641166,73.36,191.98,13.1,0.69,0.94,3,0.481,0.7867,0.9343,0.9324,1
RD-BMD-DRG-04,42.0,15.61434689684461,2077.6772760872477,187.72,802.3,10.9,1.0,1.18,4,0.995,0.9408,0.931,0.9691,1
RD-TEZ-BHK-02,54.0,8.490044623462264,267.55300621079664,80.45,350.3,33.2,1.0,0.05,4,0.739,0.8447,0.9273,0.9407,1
RD-BHK-BMD-03,96.0,28.368584454884488,2434.27498033249,68.31,208.14,7.2,0.994,0.45,7,0.53,0.9184,0.8987,0.9625,1
RD-GHY-TEZ-01,178.0,6.692381769309929,145.00504486027907,78.78,205.86,10.1,0.736,0.74,1,0.529,0.7001,0.9462,0.9156,1
RD-BMD-DRG-04,42.0,11.783443206646709,2178.430105321896,149.59,660.38,21.2,1.0,1.1,5,0.823,0.9361,0.9965,1.0,1
RD-GHY-SHL-07,98.0,14.08850526737765,1589.363684740811,29.81,130.07,27.2,0.484,3.19,3,0.193,0.6248,0.4032,0.5869,0
RD-TEZ-ITA-11,155.0,5.214636979127711,256.688866783102,22.18,93.77,28.0,0.363,1.49,3,0.204,0.519,0.7497,0.7176,1
RD-TEZ-BHK-02,54.0,8.418071900966545,246.24436449505055,9.66,43.38,6.5,0.445,0.2,5,0.33,0.6269,0.9152,0.899,1
RD-DRG-SELA-05,62.0,36.108752198843234,4199.0560472581865,34.96,137.82,16.6,0.509,2.53,7,0.229,0.9059,0.4396,0.9018,1
RD-TEZ-BHK-02,54.0,11.099589643712548,343.6299270381259,110.2,518.6,28.9,1.0,0.58,5,0.699,0.9263,0.9343,0.959,1
RD-TEZ-BHK-02,54.0,12.581267096527524,345.7806591665627,158.97,776.28,32.9,1.0,0.42,3,0.959,0.9417,0.995,1.0,1
RD-TEZ-ITA-11,155.0,4.786904022959025,311.22260406845004,11.73,48.91,13.3,0.213,1.47,1,0.156,0.3999,0.6027,0.5704,0
RD-BHK-BMD-03,96.0,29.776166234316406,2505.6030340016578,138.02,515.13,24.6,1.0,0.73,7,0.806,1.0,0.9483,1.0,1
RD-SELA-TWG-06,78.0,21.859870525550143,3169.766240918404,69.54,214.42,23.0,0.765,2.25,6,0.397,0.9087,0.6839,0.9276,1
RD-SHL-SIL-08,215.0,17.398241933391297,1382.7623991160656,242.96,1082.92,15.0,1.0,0.16,10,1.0,0.9659,0.9904,1.0,1
RD-GHY-NAG-10,345.0,19.884624035389017,1512.9200857767316,71.59,183.11,13.5,0.66,0.9,6,0.477,0.9387,0.8041,0.9631,1
RD-GHY-GTK-12,540.0,19.05475557312356,1730.745296298591,43.16,112.25,5.5,0.424,0.55,8,0.393,0.9007,0.888,0.9455,1
RD-GHY-TEZ-01,178.0,3.7489549011411984,64.55884187883176,3.9,17.53,32.6,0.108,0.56,1,0.206,0.3067,0.8689,0.7905,1
RD-GHY-SHL-07,98.0,17.802399416268152,1513.6267146883165,114.96,350.82,5.4,1.0,2.76,4,0.598,0.9667,0.8114,0.9574,1
RD-BMD-DRG-04,42.0,19.480145286719225,2122.269838605714,130.94,405.86,29.9,1.0,1.01,4,0.743,1.0,0.9211,1.0,1
RD-DRG-SELA-05,62.0,29.103444509469256,4195.8637713680655,162.34,705.39,13.8,1.0,2.63,7,0.822,0.9582,0.8902,1.0,1
RD-BHK-BMD-03,96.0,26.98503673300897,2369.207793504558,227.63,1012.47,22.2,1.0,0.54,8,1.0,0.9771,0.9782,1.0,1
RD-GHY-NAG-10,345.0,20.99997301517883,1505.022224842989,20.3,81.99,6.1,0.323,1.02,9,0.226,0.8643,0.5677,0.8603,1
RD-TEZ-ITA-11,155.0,9.622277247469945,302.1728785678607,15.3,56.0,13.8,0.237,1.36,1,0.179,0.4957,0.6839,0.6542,1
RD-GHY-SHL-07,98.0,13.147338665562376,1487.816344290558,0.97,2.98,31.1,0.06,3.13,2,0.06,0.4339,0.257,0.4036,0
RD-SHL-SIL-08,215.0,21.21644404360602,1430.8794952350675,215.5,977.24,19.6,1.0,0.6,8,1.0,0.9689,0.9802,1.0,1
RD-DRG-SELA-05,62.0,33.8143623305822,4127.42742100749,37.23,96.82,22.3,0.373,2.78,7,0.235,0.9646,0.4766,0.9609,1
RD-GHY-SHL-07,98.0,16.610480568133514,1599.7205140608814,103.98,332.45,32.5,1.0,3.0,4,0.542,0.9838,0.7609,0.9665,1
RD-GHY-ITA-09,320.0,7.387163494436139,410.9966487768242,181.29,729.26,10.6,1.0,1.24,3,0.961,0.9881,0.9578,1.0,1
RD-GHY-ITA-09,320.0,6.391501561193676,345.2878078237624,1.2,4.66,33.1,0.066,1.14,3,0.128,0.4667,0.6003,0.5803,0
RD-GHY-SHL-07,98.0,16.488035073058494,1584.2151292069234,11.64,39.29,12.1,0.181,3.03,5,0.111,0.5678,0.3177,0.5277,0
RD-SELA-TWG-06,78.0,24.260089246473044,3237.0039182852643,160.12,453.92,26.8,1.0,1.76,8,0.836,0.9578,0.9936,1.0,1
RD-SHL-SIL-08,215.0,26.35172710245798,1311.5868245249258,67.9,222.09,28.7,0.79,0.62,6,0.496,0.9887,0.8565,1.0,1
RD-GHY-NAG-10,345.0,20.007225763489096,1478.9533217708117,9.18,44.09,21.2,0.197,0.89,6,0.187,0.7645,0.6038,0.7711,1
RD-GHY-SHL-07,98.0,13.642200565799573,1555.6760748238971,34.15,148.27,14.5,0.544,3.05,3,0.216,0.692,0.4862,0.6566,1
RD-GHY-TEZ-01,178.0,6.381322120546636,170.37837269034924,42.89,151.95,10.7,0.556,1.27,0,0.313,0.539,0.8249,0.7799,1
RD-BMD-DRG-04,42.0,18.120688872755537,2103.313736867212,175.24,698.82,20.4,1.0,1.36,5,0.925,0.9699,0.9818,1.0,1
RD-DRG-SELA-05,62.0,33.9405612295397,4144.198673413914,183.57,738.53,22.3,1.0,2.38,7,0.926,0.9689,0.9153,1.0,1
RD-SHL-SIL-08,215.0,24.002526767445215,1441.1773059920986,39.52,107.79,8.4,0.409,0.5,10,0.384,0.8862,0.8759,0.9347,1
RD-GHY-NAG-10,345.0,14.749002499715719,1503.4411828852324,27.46,95.17,17.3,0.367,0.79,7,0.283,0.8172,0.6939,0.8317,1
RD-BHK-BMD-03,96.0,25.587804225802724,2517.13884822115,99.35,343.8,7.5,1.0,0.35,8,0.7,1.0,0.9392,1.0,1
RD-TEZ-ITA-11,155.0,2.622067009582895,256.42204648503815,166.17,616.36,29.1,1.0,1.66,1,0.868,0.9258,0.9796,0.9907,1
RD-GHY-ITA-09,320.0,6.441815420368964,353.6043752053311,44.9,220.1,16.1,0.784,1.03,2,0.34,0.7033,0.7093,0.7058,1
RD-GHY-GTK-12,540.0,17.707069909264167,1675.3966334981008,120.65,430.22,25.4,1.0,0.17,7,0.862,0.9493,1.0,1.0,1
RD-BMD-DRG-04,42.0,20.887624356422215,2099.8261395149034,18.46,60.59,31.3,0.252,1.3,4,0.197,0.7154,0.5047,0.7003,1
RD-GHY-SHL-07,98.0,14.479964280841983,1586.7783449151286,50.77,230.89,7.7,0.82,3.1,3,0.293,0.7414,0.6001,0.7149,1
RD-BHK-BMD-03,96.0,23.945224502495194,2422.297780795596,102.58,261.03,26.5,1.0,0.44,7,0.692,1.0,0.9546,1.0,1
RD-GHY-NAG-10,345.0,18.356335220408386,1540.4811213563455,54.27,140.34,31.2,0.518,0.78,7,0.41,0.8959,0.7718,0.9172,1
RD-GHY-GTK-12,540.0,25.186691609115808,1721.5015194460684,40.27,110.9,8.0,0.67,0.34,9,0.426,0.8994,0.8601,0.9405,1
RD-GHY-NAG-10,345.0,19.847865267132168,1506.6970147965292,158.66,460.76,4.4,1.0,1.16,8,0.861,0.9987,0.941,1.0,1
RD-GHY-GTK-12,540.0,22.840608387555566,1633.901150496291,14.34,43.87,17.6,0.446,0.46,9,0.275,0.9187,0.7924,0.9501,1
RD-GHY-NAG-10,345.0,16.918299804630436,1439.411154039751,23.6,99.23,6.6,0.381,1.01,8,0.243,0.8399,0.6612,0.8492,1
RD-GHY-NAG-10,345.0,15.509296098998146,1434.539482373291,0.58,1.67,28.9,0.056,1.18,8,0.122,0.7009,0.4628,0.6964,1
RD-SHL-SIL-08,215.0,21.494101270924272,1230.6382708054116,12.17,60.2,17.1,0.251,0.55,7,0.247,0.8563,0.7959,0.8951,1
RD-BHK-BMD-03,96.0,27.906325618340528,2446.7595373219433,32.12,91.08,15.7,0.604,0.44,7,0.362,0.88,0.75,0.905,1
RD-TEZ-BHK-02,54.0,12.302477283013994,222.01536671495882,76.15,227.14,29.1,0.807,0.5,4,0.555,0.9063,0.9698,0.9911,1
RD-GHY-NAG-10,345.0,19.805808711309727,1513.849716555955,123.64,385.98,9.0,1.0,1.24,6,0.692,1.0,0.8907,1.0,1
RD-GHY-ITA-09,320.0,3.6994321397135215,385.32603867103137,16.55,44.59,16.0,0.199,1.07,3,0.205,0.4956,0.6509,0.6296,0
RD-SELA-TWG-06,78.0,23.898220683865375,3113.3043801511512,11.14,39.0,18.3,0.18,1.87,7,0.136,0.8413,0.375,0.8245,1
RD-BMD-DRG-04,42.0,13.151199267804987,2174.9506034116775,27.61,91.96,32.4,0.357,1.39,7,0.235,0.7199,0.5552,0.7099,1
RD-SELA-TWG-06,78.0,23.62854290658468,3275.193084305375,49.5,245.18,27.2,0.867,1.3,8,0.342,0.9583,0.5484,0.9553,1
RD-SELA-TWG-06,78.0,23.755432128789074,3269.5995788090668,152.81,423.81,16.1,1.0,1.71,7,0.804,1.0,0.8977,1.0,1
RD-BHK-BMD-03,96.0,28.776268577968118,2283.4606992802683,146.39,549.8,32.5,1.0,0.52,7,0.879,0.9142,1.0,1.0,1
RD-BHK-BMD-03,96.0,27.314746600460776,2500.4647477889903,1.31,4.13,10.4,0.314,0.21,7,0.288,0.8273,0.85,0.886,1
RD-GHY-ITA-09,320.0,11.304153237485476,363.42661594643596,12.09,52.69,19.2,0.226,0.86,5,0.203,0.5917,0.6652,0.6525,1
RD-TEZ-BHK-02,54.0,9.985460446336274,257.8581292850635,48.81,166.0,11.1,0.853,0.05,6,0.591,0.8473,1.0,1.0,1
RD-TEZ-ITA-11,155.0,6.445391044640667,360.22054854617886,78.58,207.77,9.1,0.743,1.72,1,0.457,0.7864,0.8442,0.8392,1
RD-TEZ-BHK-02,54.0,14.401460210755708,305.0331683382802,8.64,40.43,5.6,0.435,0.43,5,0.256,0.6673,0.8455,0.8383,1
RD-SELA-TWG-06,78.0,29.060476054870122,3134.5873372287815,192.92,483.83,12.5,1.0,1.83,8,0.986,0.986,1.0,1.0,1
RD-BHK-BMD-03,96.0,27.758025617384874,2410.0739803907986,28.63,71.77,15.0,0.539,0.05,7,0.497,0.9009,0.9831,1.0,1
RD-GHY-SHL-07,98.0,17.855624228007848,1582.7331981365755,33.77,109.97,33.0,0.417,2.68,7,0.221,0.7029,0.4425,0.6621,1
RD-SHL-SIL-08,215.0,20.30514542003434,1431.4567649128892,14.76,64.95,21.5,0.516,0.2,6,0.357,0.8578,0.9173,0.9627,1
RD-BHK-BMD-03,96.0,26.83593029824225,2303.311467638526,122.1,585.69,15.4,1.0,0.67,8,0.741,0.9178,0.8892,0.9606,1
RD-GHY-ITA-09,320.0,8.596346366296961,404.3803492599477,112.08,329.33,6.7,1.0,1.25,2,0.637,0.9459,0.9168,0.9621,1
RD-GHY-NAG-10,345.0,18.107326455887357,1550.7928259496489,13.76,66.45,13.1,0.272,0.61,9,0.245,0.8174,0.7024,0.8329,1
RD-BMD-DRG-04,42.0,15.543592339619275,2112.495949701217,62.59,261.58,9.3,0.922,1.34,4,0.401,0.8643,0.7011,0.8636,1
RD-BHK-BMD-03,96.0,21.903334638279066,2486.539729515685,62.12,178.2,20.4,0.894,0.49,9,0.493,0.9614,0.8417,0.9966,1
RD-GHY-GTK-12,540.0,28.27623777541168,1646.0438888807746,172.38,748.44,4.5,1.0,0.52,8,1.0,1.0,0.9919,1.0,1
RD-BHK-BMD-03,96.0,27.489876363521304,2426.1994999989574,108.14,519.59,30.6,1.0,0.38,6,0.732,1.0,0.912,1.0,1
RD-GHY-TEZ-01,178.0,1.186979213101231,74.55519125052523,30.71,125.45,25.5,0.468,0.84,4,0.292,0.4837,0.8493,0.7955,1
RD-GHY-NAG-10,345.0,16.22262337264973,1526.605806709319,11.93,58.93,33.6,0.246,1.14,10,0.177,0.8446,0.5209,0.8359,1
RD-GHY-NAG-10,345.0,21.749689507637957,1452.770615461584,179.19,675.32,31.8,1.0,1.36,9,0.944,0.9795,0.9599,1.0,1
RD-GHY-NAG-10,345.0,19.57715941766117,1450.4278857801921,16.26,44.8,31.0,0.199,0.72,8,0.239,0.8218,0.6499,0.8307,1
RD-GHY-NAG-10,345.0,23.77210049940148,1496.524702501049,161.89,626.27,24.1,1.0,0.89,6,0.899,0.9689,0.9504,1.0,1
RD-GHY-NAG-10,345.0,20.809519818171022,1511.2920917018653,132.64,587.74,18.4,1.0,0.63,7,0.796,0.9404,1.0,1.0,1
RD-SHL-SIL-08,215.0,26.43211768189258,1450.5548502793495,129.75,388.08,13.0,1.0,0.75,7,0.765,0.9533,0.9733,1.0,1
RD-GHY-GTK-12,540.0,22.093805411114495,1692.786766043042,148.28,466.29,24.7,1.0,0.21,7,0.976,0.9846,0.9524,1.0,1
RD-SELA-TWG-06,78.0,26.120168243098753,3284.4078526451394,7.97,35.14,11.2,0.167,1.87,7,0.121,0.8343,0.3303,0.8125,1
RD-BHK-BMD-03,96.0,27.100282177385182,2477.5895559527526,28.57,104.73,21.3,0.649,0.41,8,0.353,0.883,0.7155,0.9033,1
RD-TEZ-BHK-02,54.0,18.348106374699988,294.34689500163495,11.44,39.45,22.0,0.431,0.05,4,0.417,0.6861,0.9848,0.9735,1
RD-TEZ-ITA-11,155.0,5.719116642094173,315.05636871702586,0.69,2.15,23.6,0.057,1.36,3,0.111,0.374,0.5969,0.5629,0
RD-SELA-TWG-06,78.0,30.308128498520336,3179.1550181940306,2.63,13.13,30.1,0.094,1.59,6,0.108,0.8283,0.3958,0.8153,1
RD-DRG-SELA-05,62.0,31.206266364041735,4240.471331478176,154.25,407.81,18.3,1.0,2.71,7,0.782,1.0,0.8558,1.0,1
RD-GHY-GTK-12,540.0,21.386186042218945,1588.2333010348261,78.6,326.92,19.6,1.0,0.18,7,0.663,0.9666,0.9728,1.0,1
RD-DRG-SELA-05,62.0,28.00999887172263,4097.814081520247,56.74,181.83,22.8,0.656,2.4,10,0.334,0.9888,0.5657,0.9964,1
RD-GHY-GTK-12,540.0,26.94981796776228,1609.9804447851654,156.96,764.54,4.4,1.0,0.12,9,1.0,1.0,1.0,1.0,1
RD-GHY-SHL-07,98.0,18.6066537559298,1570.8261772357587,40.64,141.59,27.2,0.522,3.04,4,0.246,0.8262,0.5365,0.7867,1
RD-GHY-SHL-07,98.0,12.674688875826574,1570.3271069133348,42.15,210.44,5.0,0.751,2.7,3,0.259,0.7741,0.5208,0.7365,1
RD-GHY-SHL-07,98.0,17.61651913594628,1514.3264975355366,101.24,398.52,7.7,1.0,3.33,3,0.525,0.8732,0.7321,0.8561,1
RD-GHY-SHL-07,98.0,15.680135033409137,1540.972485455713,6.14,23.15,4.4,0.127,2.79,3,0.089,0.4833,0.3189,0.452,0
RD-GHY-SHL-07,98.0,16.051000907541805,1553.0671832120431,222.79,959.46,6.6,1.0,2.94,4,1.0,0.9855,0.959,0.9975,1
RD-SHL-SIL-08,215.0,26.751809322890452,1312.1884882760212,44.78,131.25,4.8,0.488,0.68,7,0.378,0.9368,0.8696,0.9834,1
RD-GHY-NAG-10,345.0,15.5125232325438,1496.7493088610972,66.66,279.68,11.5,0.982,1.02,6,0.443,0.9395,0.7665,0.9586,1
RD-TEZ-ITA-11,155.0,3.4157618124409734,352.60839425578433,91.49,398.06,28.0,1.0,1.33,3,0.536,0.7695,0.8913,0.8825,1
RD-SHL-SIL-08,215.0,15.373739831477314,1422.530391770786,277.08,818.01,9.6,1.0,0.4,6,1.0,0.9984,0.967,1.0,1
RD-GHY-TEZ-01,178.0,4.462579049535059,10.0,9.96,27.19,14.8,0.141,0.92,2,0.187,0.3491,0.8217,0.7534,1
RD-SELA-TWG-06,78.0,22.73639273577861,3224.4199781181223,126.23,485.21,19.0,1.0,1.57,8,0.686,1.0,0.9123,1.0,1
RD-TEZ-BHK-02,54.0,16.063180254016558,256.7149981875504,93.14,297.17,25.4,1.0,0.3,4,0.684,0.912,0.9696,0.9918,1
RD-BHK-BMD-03,96.0,25.267194770278415,2475.9137614018177,109.94,360.16,13.9,1.0,0.3,6,0.765,0.9464,0.9156,0.9924,1
RD-BHK-BMD-03,96.0,27.913957511448753,2473.213732341248,19.9,70.23,19.1,0.534,0.38,7,0.32,0.8996,0.7858,0.9287,1
RD-GHY-ITA-09,320.0,12.404534090439668,419.9548739631707,72.77,361.93,22.3,1.0,1.22,2,0.456,0.8645,0.8215,0.8694,1
RD-TEZ-BHK-02,54.0,13.75933412338046,235.14164468137483,14.8,42.01,13.4,0.44,0.26,7,0.333,0.7946,0.896,0.9034,1
RD-GHY-NAG-10,345.0,15.764348148817186,1502.4424196604743,38.0,142.59,23.8,0.525,0.77,6,0.335,0.8814,0.7913,0.9058,1
RD-GHY-GTK-12,540.0,16.94904657050542,1662.6629311133647,127.14,521.23,28.9,1.0,0.39,7,0.819,0.9793,0.959,1.0,1
RD-TEZ-ITA-11,155.0,4.644191585982028,223.9493430588372,155.5,413.11,30.2,1.0,1.63,2,0.819,0.8464,0.9547,0.9547,1
RD-GHY-SHL-07,98.0,18.193912790706058,1555.2023240519543,180.61,756.06,12.8,1.0,3.41,2,0.894,0.9846,0.9647,0.9974,1
RD-TEZ-BHK-02,54.0,16.657077339437368,246.40494421794932,89.87,262.63,26.5,1.0,0.05,4,0.783,0.8734,1.0,1.0,1
RD-BMD-DRG-04,42.0,16.963999543942297,2116.3189161309774,47.62,124.18,28.9,0.464,1.28,4,0.335,0.7745,0.6549,0.7724,1
RD-GHY-ITA-09,320.0,10.704894447255954,257.8983127107198,26.51,114.7,6.8,0.432,1.15,6,0.245,0.6849,0.7634,0.7553,1
RD-GHY-GTK-12,540.0,25.329850597345853,1660.6327540859945,46.19,200.52,4.6,0.968,0.29,8,0.47,0.9087,0.9078,0.9562,1
RD-TEZ-ITA-11,155.0,8.985158239971136,208.49348735426932,8.3,32.32,16.3,0.158,1.45,2,0.141,0.4818,0.6592,0.63,0
RD-BMD-DRG-04,42.0,16.518675054363076,2194.778738661428,95.84,353.51,6.1,1.0,0.82,5,0.599,0.9308,0.8604,0.9493,1
RD-GHY-SHL-07,98.0,17.339645583150347,1575.4345040095104,74.39,321.51,7.1,1.0,3.19,2,0.401,0.8705,0.6292,0.8401,1
RD-SHL-SIL-08,215.0,23.25302530195588,1474.0496202058746,187.63,806.9,23.8,1.0,0.58,6,1.0,0.9826,1.0,1.0,1
RD-SELA-TWG-06,78.0,21.79154248124902,3202.8631057170173,82.48,219.81,23.5,0.783,1.9,7,0.468,0.9357,0.6779,0.9525,1
RD-TEZ-BHK-02,54.0,11.180819605544691,247.1202433314066,7.72,20.99,25.5,0.37,0.1,7,0.37,0.6942,0.9397,0.9316,1
RD-TEZ-ITA-11,155.0,8.641543722589434,281.3873464558402,90.55,267.02,31.1,0.94,1.42,2,0.527,0.8104,0.9202,0.9161,1
RD-SHL-SIL-08,215.0,20.71905888547971,1344.999167896267,218.59,910.53,15.0,1.0,0.41,6,1.0,1.0,1.0,1.0,1
RD-GHY-TEZ-01,178.0,1.3761205915902557,72.66112851819302,135.21,625.57,5.4,1.0,1.05,0,0.76,0.8093,0.9796,0.9636,1
RD-TEZ-ITA-11,155.0,9.433984378798849,318.2168673189082,21.86,99.31,25.8,0.381,1.6,3,0.197,0.5849,0.5983,0.5831,0
RD-TEZ-BHK-02,54.0,15.297997273641084,208.05896825888428,29.45,92.57,17.2,0.609,0.13,4,0.457,0.8142,0.9573,0.9656,1
RD-TEZ-BHK-02,54.0,13.771517798982352,190.173579169072,6.74,24.01,7.4,0.38,0.05,5,0.395,0.6884,0.9686,0.9584,1
RD-GHY-SHL-07,98.0,21.552556078703876,1559.2938941811133,19.67,77.37,6.7,0.308,3.13,2,0.147,0.6145,0.3945,0.5767,0
RD-TEZ-ITA-11,155.0,2.2254081299192228,336.63526471870915,0.62,2.53,23.5,0.058,1.38,3,0.109,0.3534,0.5806,0.5463,0
RD-TEZ-ITA-11,155.0,7.9488177405009495,387.9885946664157,2.74,7.19,29.1,0.074,1.49,2,0.113,0.4089,0.5523,0.5253,0
RD-BHK-BMD-03,96.0,23.276455745189935,2381.5509257145063,3.21,14.96,27.8,0.35,0.22,6,0.294,0.819,0.8505,0.8854,1
RD-GHY-SHL-07,98.0,17.954545437799002,1553.4915804147142,35.14,104.33,28.9,0.398,3.22,6,0.218,0.7328,0.4592,0.6914,1
RD-SHL-SIL-08,215.0,22.244934127054762,1419.7272017158336,79.3,372.82,11.2,1.0,0.5,6,0.571,0.9095,0.9233,0.9758,1
RD-SHL-SIL-08,215.0,22.66739458702742,1386.3196721732916,38.87,160.04,10.6,0.583,0.53,7,0.375,0.8944,0.8266,0.9362,1
RD-BMD-DRG-04,42.0,12.790642893764481,2132.9148612601975,6.13,27.05,5.8,0.14,1.13,6,0.151,0.5709,0.4797,0.5644,0
RD-GHY-NAG-10,345.0,17.098671573517347,1544.084821347887,118.92,527.88,5.8,1.0,1.01,7,0.687,0.9523,0.8848,0.9879,1
RD-GHY-GTK-12,540.0,22.222368888527505,1640.3739884464555,9.32,45.71,23.5,0.452,0.12,8,0.364,0.8975,0.9527,0.998,1
RD-TEZ-BHK-02,54.0,14.255416997995919,228.15910784815708,79.24,266.73,29.8,1.0,0.34,6,0.607,0.9458,0.9632,0.9904,1
RD-GHY-ITA-09,320.0,6.498804152410699,304.2717540003691,52.77,183.83,29.4,0.663,0.5,3,0.446,0.7165,0.8778,0.8685,1
RD-GHY-NAG-10,345.0,16.455943849725692,1513.1834672341352,159.21,599.35,23.3,1.0,1.0,6,0.876,0.993,0.9605,1.0,1
RD-GHY-TEZ-01,178.0,1.0,129.50473988013414,27.74,101.23,13.9,0.387,0.64,1,0.304,0.369,0.8482,0.7799,1
RD-GHY-ITA-09,320.0,8.085458520003181,312.4488304304738,10.57,27.7,20.8,0.142,1.22,3,0.165,0.514,0.662,0.6417,0
RD-GHY-ITA-09,320.0,10.235755924637658,230.81893699746283,2.29,7.8,32.7,0.076,1.33,6,0.12,0.4836,0.6151,0.5954,0
RD-SHL-SIL-08,215.0,27.36831613323212,1332.999800248771,0.43,1.62,33.5,0.055,0.52,6,0.198,0.82,0.7305,0.8518,1
RD-BMD-DRG-04,42.0,22.258015556566416,2166.871312690021,198.47,965.24,25.9,1.0,1.57,5,1.0,0.9944,0.9602,1.0,1
RD-TEZ-BHK-02,54.0,11.059564204353322,204.4864550844046,63.28,301.16,20.2,1.0,0.53,4,0.489,0.8966,0.924,0.9446,1
RD-GHY-GTK-12,540.0,19.791995366289804,1624.6485868604489,78.59,197.01,13.4,0.957,0.27,9,0.626,0.9606,0.9471,1.0,1
RD-GHY-NAG-10,345.0,21.469584257940284,1604.8563606186513,2.3,7.46,13.7,0.075,0.96,7,0.148,0.7311,0.4849,0.7266,1
RD-GHY-NAG-10,345.0,12.909792171746869,1427.879600988199,15.77,78.84,27.3,0.563,0.37,8,0.303,0.8193,0.8091,0.8478,1
RD-GHY-NAG-10,345.0,19.212147499598906,1422.8903552906388,159.23,421.48,19.9,1.0,1.08,8,0.87,0.9865,1.0,1.0,1
RD-SHL-SIL-08,215.0,22.117681691085494,1439.681037386402,142.35,572.78,19.5,1.0,0.5,6,0.864,0.9885,0.941,1.0,1
RD-BHK-BMD-03,96.0,26.12776832169088,2446.401717351521,31.82,134.69,18.1,0.749,0.22,6,0.428,0.9471,0.9262,0.9946,1
RD-BMD-DRG-04,42.0,16.612001143233073,2133.8574987066645,192.66,738.11,21.0,1.0,1.16,7,1.0,0.9478,1.0,1.0,1
RD-GHY-SHL-07,98.0,17.03905427861806,1476.844937437515,67.62,186.25,6.6,0.671,3.05,4,0.372,0.784,0.6625,0.7623,1
RD-TEZ-ITA-11,155.0,1.4357010572570772,346.62982438070327,9.75,32.73,27.9,0.159,1.39,4,0.151,0.4639,0.6186,0.5909,0
RD-TEZ-ITA-11,155.0,4.774501445531381,229.58289729878828,90.65,389.58,12.8,1.0,1.47,3,0.524,0.8561,0.9274,0.9294,1
RD-GHY-NAG-10,345.0,19.955524715941067,1523.1456389746556,8.25,30.71,6.7,0.152,0.76,7,0.197,0.8186,0.5984,0.8213,1
RD-GHY-GTK-12,540.0,23.228986232817455,1665.891881598735,33.9,141.07,20.8,0.52,0.51,9,0.357,0.9224,0.85,0.9616,1
RD-TEZ-BHK-02,54.0,14.769518249525682,174.3363856373876,220.31,592.19,16.9,1.0,0.49,5,1.0,0.976,1.0,1.0,1
RD-GHY-ITA-09,320.0,8.755749928878542,318.23693077206957,153.52,630.35,30.6,1.0,0.95,3,0.854,0.9253,0.9362,0.9537,1
RD-SELA-TWG-06,78.0,20.540793181020955,3099.823479029392,31.17,124.98,12.8,0.467,2.0,7,0.225,0.9054,0.4452,0.8921,1
RD-GHY-ITA-09,320.0,6.4002717646978,321.26033863923413,21.45,90.42,26.3,0.351,1.36,3,0.208,0.6132,0.6728,0.6618,1
RD-GHY-TEZ-01,178.0,4.624142028903974,138.3358997604776,34.8,128.25,23.3,0.478,0.92,0,0.303,0.5277,0.8832,0.8326,1
RD-GHY-NAG-10,345.0,12.023443300952358,1546.3548739445569,55.84,200.78,32.8,0.719,0.73,7,0.424,0.8754,0.83,0.9051,1
RD-GHY-SHL-07,98.0,19.581251872644266,1592.8343894659306,125.99,481.55,27.9,1.0,3.04,2,0.645,0.9826,0.8866,0.9838,1
RD-BHK-BMD-03,96.0,21.10192995635058,2415.483146877583,181.46,777.6,16.9,1.0,0.49,6,1.0,0.9812,0.9386,1.0,1
RD-GHY-NAG-10,345.0,19.26604307823208,1489.1642494306786,86.67,343.65,10.3,1.0,1.27,7,0.517,0.9093,0.8496,0.9407,1
RD-TEZ-BHK-02,54.0,9.632466087698479,215.21697930406106,44.33,141.3,27.7,0.771,0.05,4,0.571,0.7683,0.9415,0.9438,1
RD-GHY-NAG-10,345.0,18.76667909696041,1542.8645752061507,20.69,95.61,14.1,0.619,0.5,6,0.297,0.8654,0.7211,0.8812,1
RD-DRG-SELA-05,62.0,37.7125378253503,4238.455718383738,84.48,315.03,19.4,1.0,2.42,8,0.463,0.9901,0.7416,1.0,1
RD-SELA-TWG-06,78.0,23.368150032087158,3211.603809825131,31.34,126.19,25.6,0.471,1.72,7,0.236,0.887,0.5659,0.8913,1
RD-DRG-SELA-05,62.0,32.33282133729993,4238.382565196798,6.58,22.57,31.9,0.125,2.45,10,0.099,0.8847,0.3379,0.8689,1
RD-SHL-SIL-08,215.0,25.363466269555428,1383.156327364671,9.26,45.45,19.0,0.451,0.47,7,0.25,0.8445,0.7613,0.8793,1
RD-SHL-SIL-08,215.0,20.002694632576333,1358.5071615931245,143.49,688.55,19.3,1.0,0.4,8,0.891,1.0,0.9385,1.0,1
RD-DRG-SELA-05,62.0,35.92526938587473,4133.5588504749085,52.26,190.15,22.9,0.684,2.4,8,0.313,1.0,0.561,1.0,1
RD-GHY-NAG-10,345.0,14.769182242004595,1476.473043023529,25.83,77.61,32.1,0.309,0.62,6,0.3,0.742,0.7326,0.7642,1
RD-GHY-GTK-12,540.0,22.852861995253953,1711.1172628233987,23.52,72.0,5.6,0.54,0.22,8,0.386,0.8937,0.9201,0.9654,1
RD-GHY-SHL-07,98.0,16.804350857292082,1487.6584739928358,14.56,63.42,30.3,0.261,2.65,4,0.131,0.5912,0.3605,0.5525,0
RD-SELA-TWG-06,78.0,21.813501786199566,3216.4153587810665,9.16,28.95,10.9,0.146,2.11,6,0.119,0.737,0.352,0.7274,1
RD-GHY-TEZ-01,178.0,4.765320241262271,10.0,17.36,55.5,21.3,0.235,1.32,1,0.191,0.3997,0.8073,0.7466,1
RD-DRG-SELA-05,62.0,33.94856596098237,4126.663366466984,100.98,267.24,26.2,0.941,2.53,8,0.537,0.9661,0.7606,1.0,1
RD-GHY-TEZ-01,178.0,7.037067112491465,39.46932366673293,26.1,72.91,16.5,0.293,0.7,1,0.288,0.4701,0.8891,0.8304,1
RD-DRG-SELA-05,62.0,29.662441576559207,4211.142103660818,85.05,381.3,9.3,1.0,2.54,8,0.463,0.9884,0.7462,1.0,1
RD-SHL-SIL-08,215.0,22.959469187842195,1405.9666993536057,69.21,177.99,32.2,0.893,0.4,7,0.544,0.9263,0.9307,0.9855,1
RD-TEZ-ITA-11,155.0,12.095644206090503,353.77977580321595,212.24,842.27,8.8,1.0,1.45,1,1.0,1.0,0.9912,1.0,1
RD-BMD-DRG-04,42.0,18.08989450365324,2057.0706887185006,205.44,992.08,21.2,1.0,1.54,5,1.0,0.9815,1.0,1.0,1
RD-GHY-GTK-12,540.0,23.14233206401777,1672.3552022862168,60.71,279.3,28.7,1.0,0.12,9,0.606,0.9523,1.0,1.0,1
RD-SELA-TWG-06,78.0,27.185052738847666,3197.210688654649,7.98,36.83,12.4,0.173,2.09,7,0.114,0.8551,0.3497,0.8337,1
RD-GHY-SHL-07,98.0,20.408970054853285,1498.0750331192887,1.26,6.21,23.4,0.071,3.01,3,0.063,0.51,0.2927,0.4739,0
RD-TEZ-BHK-02,54.0,17.851916090208015,265.9718311595869,121.58,446.94,33.4,1.0,0.05,5,0.931,0.9386,0.9987,1.0,1
RD-BMD-DRG-04,42.0,20.29566719132354,2077.0497769888543,80.62,368.25,9.2,1.0,0.92,6,0.517,0.8855,0.764,0.8921,1
RD-GHY-SHL-07,98.0,13.084023482129997,1525.436848616934,50.61,140.04,31.5,0.517,3.06,3,0.292,0.7623,0.5582,0.7298,1
RD-GHY-ITA-09,320.0,15.51023936207499,312.29039406024276,88.67,389.17,24.2,1.0,0.99,6,0.548,0.9145,0.8438,0.921,1
RD-GHY-TEZ-01,178.0,1.0,122.73616513254603,6.74,33.16,10.4,0.161,0.59,0,0.215,0.2883,0.8308,0.7541,1
RD-BHK-BMD-03,96.0,26.68955100642327,2462.095749216075,103.04,384.98,16.3,1.0,0.09,6,0.821,0.9788,1.0,1.0,1
RD-GHY-GTK-12,540.0,17.254930566864935,1659.4335223755,28.22,76.06,19.8,0.554,0.49,8,0.334,0.9023,0.9046,0.9514,1
RD-BHK-BMD-03,96.0,26.897244929660904,2422.8129444817037,0.84,4.06,23.3,0.314,0.4,7,0.226,0.9145,0.6816,0.9289,1
RD-GHY-ITA-09,320.0,8.540185389162016,385.18979418754094,11.62,30.59,31.0,0.152,1.03,3,0.185,0.5323,0.624,0.6083,0
RD-GHY-TEZ-01,178.0,2.357428745623522,12.353271881352,170.31,500.44,24.9,1.0,1.01,2,0.927,0.8885,0.9959,0.9913,1
RD-BMD-DRG-04,42.0,17.546988414812667,2072.7799490210546,123.29,487.03,28.6,1.0,1.41,5,0.68,0.9894,0.8456,1.0,1
RD-BMD-DRG-04,42.0,14.299070826987164,2147.7082257095462,180.29,841.14,22.1,1.0,1.12,5,0.964,0.9288,0.9378,0.9658,1
RD-GHY-TEZ-01,178.0,9.030228369568949,120.243331614764,55.56,144.03,24.0,0.53,0.83,4,0.409,0.677,0.925,0.8922,1
RD-GHY-GTK-12,540.0,20.621575350368044,1666.3335460771084,164.6,768.54,33.3,1.0,0.11,7,1.0,0.9801,0.9888,1.0,1
RD-SELA-TWG-06,78.0,26.758569318205293,3171.5585706221705,33.92,141.26,27.5,0.521,1.62,7,0.253,0.9326,0.5212,0.9276,1
RD-GHY-ITA-09,320.0,7.769201476740814,426.1684276564897,14.95,66.75,10.7,0.273,1.04,4,0.2,0.5457,0.6842,0.6656,1
RD-TEZ-BHK-02,54.0,15.61041703139918,271.957847851962,37.14,163.47,9.3,0.845,0.23,5,0.449,0.8749,0.9215,0.9392,1
RD-BMD-DRG-04,42.0,15.303424015305007,2025.8854088337964,86.79,219.34,30.1,0.781,1.26,7,0.519,0.925,0.7512,0.9285,1
RD-GHY-NAG-10,345.0,14.462480343791075,1529.3226565166806,19.77,86.16,19.0,0.337,1.05,6,0.221,0.7602,0.6479,0.7721,1
RD-SHL-SIL-08,215.0,23.032401114484195,1431.1799763526008,21.35,97.05,20.4,0.373,0.82,6,0.252,0.8678,0.6852,0.8919,1
RD-SELA-TWG-06,78.0,23.12408332763561,3152.8199142040335,145.31,560.26,23.9,1.0,1.57,7,0.775,1.0,0.8314,1.0,1
RD-DRG-SELA-05,62.0,32.40472980937982,4243.31993623005,31.38,138.75,6.7,0.513,2.26,8,0.219,0.9684,0.4628,0.9624,1
RD-GHY-GTK-12,540.0,22.233437092588805,1678.7567551825564,312.71,953.56,19.2,1.0,0.46,10,1.0,1.0,1.0,1.0,1
RD-GHY-TEZ-01,178.0,1.0,114.91163923461362,130.37,595.71,34.0,1.0,1.17,1,0.728,0.8267,0.9241,0.9121,1
RD-BHK-BMD-03,96.0,26.590806013325857,2409.508702149307,72.76,209.7,24.0,0.999,0.14,7,0.654,1.0,0.9791,1.0,1
RD-BMD-DRG-04,42.0,16.855845853502483,2116.1010239827606,13.88,58.63,5.8,0.245,0.97,5,0.201,0.6502,0.5029,0.6397,0
RD-TEZ-ITA-11,155.0,4.935235938902299,282.2483002044751,147.48,446.55,4.8,1.0,1.88,1,0.772,0.9431,0.875,0.9474,1
RD-BMD-DRG-04,42.0,14.025673571851701,2049.1254468555962,67.51,292.37,6.4,1.0,1.18,7,0.434,0.8797,0.726,0.8816,1
RD-GHY-SHL-07,98.0,15.998243823817209,1560.0594529700222,49.06,230.75,9.1,0.819,2.99,3,0.286,0.7324,0.5799,0.7042,1
RD-TEZ-ITA-11,155.0,7.27121903052403,335.7811165414191,126.18,403.58,24.2,1.0,1.57,1,0.686,0.8633,0.9663,0.9685,1
RD-BHK-BMD-03,96.0,26.018005454875837,2529.4830782921695,21.21,63.48,8.8,0.512,0.37,11,0.33,0.911,0.8117,0.9433,1
RD-GHY-NAG-10,345.0,16.246502353134147,1566.9124815381037,89.11,239.66,25.5,1.0,0.49,6,0.618,0.9752,0.8994,1.0,1
RD-BMD-DRG-04,42.0,13.839693952663339,2059.19884640269,27.86,132.74,31.4,0.492,1.03,4,0.261,0.7879,0.5291,0.7703,1
RD-DRG-SELA-05,62.0,33.97599031723272,4197.149260119555,30.21,116.57,14.2,0.439,2.37,7,0.211,0.9186,0.4491,0.9146,1
RD-GHY-GTK-12,540.0,17.63444752499857,1587.5709155450118,5.93,21.7,10.6,0.372,0.34,7,0.265,0.8301,0.8457,0.8841,1
RD-GHY-SHL-07,98.0,6.915986232938529,1508.2902953063108,3.65,15.17,22.3,0.101,2.94,3,0.075,0.44,0.3235,0.4134,0
RD-SELA-TWG-06,78.0,24.454664724580002,3252.6867658824467,66.35,298.19,33.6,1.0,1.97,7,0.391,0.9934,0.6793,1.0,1
RD-BMD-DRG-04,42.0,16.167219319979104,2133.2381544862183,87.46,411.91,29.3,1.0,0.75,5,0.568,0.9703,0.852,0.9867,1
RD-TEZ-ITA-11,155.0,8.017838673269527,397.7669119737539,67.88,322.93,19.0,1.0,1.44,2,0.42,0.779,0.8035,0.7989,1
RD-GHY-NAG-10,345.0,19.303130766085104,1506.5807686636372,4.92,15.91,11.9,0.103,1.0,8,0.156,0.782,0.5503,0.7813,1
RD-TEZ-BHK-02,54.0,11.436413082827777,244.00135441737734,196.76,496.35,27.8,1.0,0.48,6,1.0,0.9454,0.9621,0.9893,1
RD-TEZ-ITA-11,155.0,5.817943700394238,274.5673859042271,55.73,201.89,8.9,0.723,1.92,2,0.343,0.6747,0.8169,0.799,1
RD-SELA-TWG-06,78.0,24.252242746994693,3168.06550796781,6.08,25.68,21.8,0.136,1.89,9,0.112,0.8471,0.3864,0.8312,1
RD-GHY-NAG-10,345.0,18.749208203591436,1478.4528099757385,17.73,61.34,23.7,0.254,0.76,11,0.241,0.8612,0.6315,0.8656,1
RD-DRG-SELA-05,62.0,32.63634290219181,4089.388310044503,18.67,72.72,25.4,0.292,2.75,9,0.149,0.9225,0.3518,0.9048,1
RD-SHL-SIL-08,215.0,22.3468623712643,1351.7064182872452,101.23,335.67,13.1,1.0,0.59,7,0.657,1.0,1.0,1.0,1
RD-DRG-SELA-05,62.0,27.83719664786796,4134.494274765765,39.45,167.23,25.9,0.607,2.55,11,0.25,0.9795,0.4927,0.977,1
RD-DRG-SELA-05,62.0,32.00043509912145,4151.416948315785,201.44,895.94,22.4,1.0,2.69,7,1.0,1.0,0.9225,1.0,1
RD-GHY-GTK-12,540.0,23.95485030901755,1607.6476590415693,49.99,155.01,24.5,0.817,0.36,10,0.466,0.9355,0.9465,0.9973,1
RD-TEZ-ITA-11,155.0,1.0,270.87918797595313,80.75,360.85,6.2,1.0,1.41,5,0.481,0.8469,0.9047,0.9059,1
RD-BHK-BMD-03,96.0,28.107893227727498,2416.4244697349463,80.2,214.17,13.1,1.0,0.05,6,0.738,1.0,0.9921,1.0,1
RD-BMD-DRG-04,42.0,18.71994515742785,2114.0145645982952,24.08,100.26,6.0,0.384,1.26,4,0.226,0.7418,0.4767,0.7216,1
RD-GHY-NAG-10,345.0,15.332667851798991,1548.1303637038327,30.83,100.32,23.1,0.384,0.83,7,0.294,0.8621,0.6709,0.8716,1
RD-SELA-TWG-06,78.0,20.25299902123731,3151.4050844779745,17.1,65.65,23.5,0.269,1.5,6,0.18,0.8015,0.4432,0.7966,1
RD-GHY-GTK-12,540.0,19.887747048577058,1672.8835805596793,188.95,750.97,27.6,1.0,0.53,7,1.0,1.0,0.9209,1.0,1
RD-SHL-SIL-08,215.0,20.14943400068927,1442.336116938542,64.94,172.16,21.9,0.624,0.7,9,0.47,0.9609,0.8878,1.0,1
RD-DRG-SELA-05,62.0,30.873860947037056,4160.1776254477145,10.18,26.94,16.0,0.14,2.53,8,0.113,0.8642,0.325,0.8487,1
RD-GHY-SHL-07,98.0,12.088184869818509,1589.892591273915,3.06,14.1,29.9,0.097,2.73,2,0.076,0.4576,0.3745,0.4326,0
RD-GHY-TEZ-01,178.0,4.553682218290027,128.84441022403576,3.48,11.28,31.8,0.088,0.78,2,0.173,0.3102,0.7956,0.7253,1
RD-GHY-NAG-10,345.0,19.718175957989466,1443.4455127415579,10.16,45.36,17.0,0.201,0.78,6,0.204,0.7919,0.584,0.7945,1
RD-SELA-TWG-06,78.0,20.307123388457523,3163.3268954415516,50.46,216.16,23.9,0.771,1.62,6,0.33,0.8902,0.5998,0.8987,1
RD-BMD-DRG-04,42.0,18.452454942310958,2124.4619887706176,48.52,216.87,21.2,0.773,0.81,5,0.379,0.88,0.7423,0.884,1
RD-TEZ-ITA-11,155.0,5.5219242757306075,279.6594023159182,47.67,147.95,21.6,0.543,1.58,3,0.318,0.6292,0.7686,0.7478,1
RD-TEZ-ITA-11,155.0,4.147642766983186,329.3348982297113,25.56,98.9,14.0,0.38,1.53,1,0.218,0.4495,0.6453,0.614,0
RD-DRG-SELA-05,62.0,36.20119189666788,4172.051087812173,17.87,78.83,19.0,0.313,2.86,9,0.143,0.9612,0.39,0.9452,1
RD-TEZ-ITA-11,155.0,5.289768457044227,285.31516414556495,104.22,358.69,21.3,1.0,1.73,3,0.576,0.8406,0.9396,0.9391,1
RD-BHK-BMD-03,96.0,26.254263112823175,2429.7187017696897,8.89,22.93,17.0,0.126,0.76,8,0.2,0.8176,0.5801,0.8241,1
RD-SHL-SIL-08,215.0,19.41778603458069,1467.7105462622542,156.35,714.68,27.7,1.0,0.44,9,0.942,0.9737,1.0,1.0,1
RD-DRG-SELA-05,62.0,32.96830022710015,4115.306205735988,43.41,178.38,27.1,0.645,2.4,7,0.271,0.9375,0.4986,0.939,1
RD-GHY-ITA-09,320.0,6.749081720724483,330.27569952087856,34.63,164.01,29.2,0.597,0.84,4,0.311,0.6917,0.7743,0.7665,1
RD-BHK-BMD-03,96.0,22.095935053697946,2378.242720356499,24.61,116.43,30.1,0.688,0.48,8,0.32,0.895,0.7909,0.9249,1
RD-SELA-TWG-06,78.0,24.27459089825973,3259.338595199267,26.58,94.94,25.1,0.366,1.38,6,0.231,0.8497,0.504,0.8484,1
RD-BMD-DRG-04,42.0,17.222254103955926,2108.4583437414267,56.45,242.08,27.7,0.857,1.32,5,0.373,0.9204,0.6942,0.9162,1
RD-GHY-GTK-12,540.0,19.45674971503042,1695.5246065971849,11.09,48.28,27.4,0.461,0.07,9,0.404,0.9001,0.942,0.9879,1
RD-GHY-SHL-07,98.0,13.628484518383688,1546.3835499348847,6.86,18.49,22.5,0.112,2.85,3,0.092,0.4767,0.3131,0.4456,0
RD-SELA-TWG-06,78.0,26.35691011796631,3274.00972596196,17.82,54.58,14.6,0.232,1.84,8,0.168,0.8354,0.4529,0.8289,1
RD-GHY-NAG-10,345.0,20.773733597588553,1457.0737953287767,8.76,41.7,18.7,0.189,0.99,6,0.175,0.7309,0.5696,0.7357,1
RD-TEZ-BHK-02,54.0,12.233322871191758,239.75492615347622,24.24,83.26,23.2,0.578,0.05,4,0.477,0.7878,0.9698,0.974,1
RD-TEZ-ITA-11,155.0,3.9060251383851954,257.0218635565129,95.87,343.33,5.3,1.0,1.57,2,0.544,0.7996,0.937,0.9308,1
RD-GHY-NAG-10,345.0,15.10162043061273,1587.295181609281,168.01,602.04,27.8,1.0,1.0,8,0.917,0.9824,0.9943,1.0,1
RD-BMD-DRG-04,42.0,15.889779083302258,2093.8614287156593,13.63,67.06,6.9,0.274,1.38,4,0.17,0.6715,0.4759,0.6567,1
RD-TEZ-ITA-11,155.0,2.042484126503629,312.1410750034916,0.79,2.24,23.8,0.057,1.4,1,0.109,0.3248,0.5857,0.5484,0
RD-DRG-SELA-05,62.0,27.28615132922518,4238.945562150084,72.28,273.04,5.7,0.96,2.56,7,0.403,0.9817,0.6975,1.0,1
RD-BHK-BMD-03,96.0,27.566318717081383,2438.5232031594883,117.16,390.22,33.0,1.0,0.2,8,0.832,0.9868,0.9715,1.0,1
RD-BMD-DRG-04,42.0,17.821765053264766,2212.121557873047,29.61,136.51,31.6,0.505,1.15,4,0.259,0.7548,0.5416,0.7409,1
RD-GHY-NAG-10,345.0,18.123132984311482,1505.7057875066675,3.44,10.99,13.6,0.087,0.94,6,0.154,0.7319,0.592,0.7391,1
RD-SHL-SIL-08,215.0,20.938884873233253,1455.3749620059077,148.04,407.06,8.2,1.0,0.76,7,0.849,0.9428,1.0,1.0,1
RD-GHY-GTK-12,540.0,22.575338828657447,1702.095630208874,148.25,418.66,9.7,1.0,0.07,8,1.0,1.0,1.0,1.0,1
RD-TEZ-BHK-02,54.0,17.932425632342948,248.82383212397457,121.89,595.94,16.4,1.0,0.46,4,0.777,0.9731,0.9833,1.0,1
RD-TEZ-ITA-11,155.0,2.236796820817496,286.72330664956604,53.02,236.76,8.8,0.839,1.65,2,0.34,0.6241,0.7377,0.7181,1
RD-SELA-TWG-06,78.0,22.703063770832344,3124.255325046185,3.51,16.6,4.3,0.105,1.88,6,0.101,0.7671,0.3464,0.7539,1
RD-GHY-TEZ-01,178.0,1.8386293490392016,119.04078865945625,0.77,3.85,9.5,0.063,0.64,2,0.18,0.2928,0.8133,0.7391,1
RD-BMD-DRG-04,42.0,19.526362037017403,2099.6015987569394,89.1,426.95,31.6,1.0,1.26,4,0.529,0.9063,0.8324,0.9215,1
RD-BHK-BMD-03,96.0,24.485304735998263,2372.8809695776868,45.47,208.84,27.5,0.996,0.35,6,0.448,0.8605,0.8898,0.9292,1
RD-BHK-BMD-03,96.0,17.57190257797143,2485.2517553667312,26.55,120.81,19.5,0.703,0.17,7,0.424,0.8539,0.9374,0.9749,1
RD-TEZ-BHK-02,54.0,15.152268897237423,262.4088663590469,183.75,878.02,21.3,1.0,0.2,4,1.0,0.9893,0.9939,1.0,1
RD-GHY-SHL-07,98.0,12.29509795396984,1551.9748380601095,54.73,246.94,30.8,0.873,2.87,2,0.315,0.7781,0.5704,0.7459,1
RD-GHY-SHL-07,98.0,19.781884103873477,1507.9782618665147,24.04,105.67,5.9,0.402,2.92,2,0.171,0.64,0.4215,0.6025,0
RD-SHL-SIL-08,215.0,22.191068357822086,1411.9898416870994,61.42,303.18,29.4,1.0,0.72,7,0.45,0.9373,0.8866,0.9864,1
RD-GHY-TEZ-01,178.0,7.8465204150692385,42.310460132872734,2.03,9.86,4.1,0.083,0.69,2,0.178,0.37,0.7984,0.735,1
RD-GHY-GTK-12,540.0,25.336905139974263,1693.7665117057293,75.51,236.39,17.6,1.0,0.36,8,0.584,0.955,0.9684,1.0,1
RD-GHY-TEZ-01,178.0,4.434347077450395,73.66067645382874,2.9,10.46,27.6,0.085,0.94,0,0.152,0.295,0.7555,0.6876,1
RD-GHY-ITA-09,320.0,3.380532616960009,364.3579754748089,163.81,672.35,26.8,1.0,1.09,2,0.89,0.9339,1.0,1.0,1
RD-TEZ-ITA-11,155.0,8.62234224545358,356.7721643102079,176.63,787.76,31.9,1.0,1.1,1,0.949,0.9599,0.9807,0.9968,1
RD-GHY-GTK-12,540.0,14.053663987903146,1674.6741159485944,89.09,335.97,21.6,1.0,0.05,11,0.779,0.964,0.9689,1.0,1
RD-GHY-GTK-12,540.0,18.686021575327914,1611.9011384146677,31.04,110.66,13.8,0.669,0.48,8,0.349,0.9135,0.8894,0.9584,1
RD-DRG-SELA-05,62.0,26.28497368178462,4122.8993334940715,297.86,1079.6,29.4,1.0,2.21,7,1.0,1.0,0.9608,1.0,1
RD-GHY-SHL-07,98.0,13.509464275689435,1602.1003497180134,25.02,77.02,16.1,0.307,2.95,4,0.175,0.6437,0.3845,0.6023,0
RD-DRG-SELA-05,62.0,34.49528571349887,4140.497166323597,139.74,691.44,17.6,1.0,2.2,9,0.726,1.0,0.8544,1.0,1
RD-GHY-TEZ-01,178.0,3.306793053356307,131.30637606751867,3.21,11.99,31.9,0.09,1.18,1,0.134,0.3076,0.7942,0.7237,1
RD-DRG-SELA-05,62.0,31.804721349014383,4198.040403258049,0.21,0.56,10.2,0.052,2.08,7,0.078,0.8624,0.3099,0.8451,1
RD-GHY-ITA-09,320.0,12.821799676238168,391.4570740279193,5.48,20.51,32.6,0.118,1.03,4,0.156,0.5417,0.6427,0.6265,0
RD-SELA-TWG-06,78.0,23.968131499551852,3223.6041297637103,8.03,29.34,17.8,0.148,1.89,7,0.121,0.7968,0.3566,0.7819,1
RD-TEZ-ITA-11,155.0,12.383754224271769,282.7563607361863,39.86,169.67,33.0,0.616,1.26,2,0.299,0.6821,0.7685,0.7539,1
RD-SELA-TWG-06,78.0,25.628795051769668,3182.0421906169345,137.09,528.6,11.3,1.0,1.74,7,0.729,0.9886,0.894,1.0,1
RD-SHL-SIL-08,215.0,16.53802152040209,1388.5454948308422,38.81,170.76,7.6,0.619,0.96,8,0.318,0.864,0.8082,0.9042,1
RD-BMD-DRG-04,42.0,14.431068698610561,2103.9655738201404,134.54,346.24,26.6,1.0,1.26,6,0.741,1.0,0.9115,1.0,1
RD-GHY-SHL-07,98.0,13.904630681367893,1458.5452793039392,220.08,830.97,16.8,1.0,2.66,2,1.0,1.0,0.9542,1.0,1
RD-BMD-DRG-04,42.0,15.88323113745972,2122.137666065455,44.36,152.16,10.0,0.557,1.21,6,0.324,0.8443,0.6433,0.8371,1
RD-BHK-BMD-03,96.0,27.58631432997186,2440.7136434441427,171.08,556.45,32.2,1.0,0.34,8,1.0,0.9461,0.9683,1.0,1
RD-GHY-TEZ-01,178.0,6.282290240435271,66.57615849297589,12.63,34.67,23.3,0.166,0.65,1,0.233,0.3074,0.891,0.8104,1
RD-BHK-BMD-03,96.0,23.359431460130786,2373.9083213774657,106.24,373.97,30.9,1.0,0.54,9,0.688,0.9983,0.9315,1.0,1
RD-GHY-GTK-12,540.0,24.984014657314443,1634.9390427973408,11.39,37.09,10.7,0.424,0.23,7,0.326,0.9058,0.9053,0.953,1
RD-GHY-TEZ-01,178.0,3.63422444668105,91.05366621127222,7.1,33.75,19.2,0.162,0.73,0,0.196,0.3062,0.7929,0.7224,1
RD-TEZ-ITA-11,155.0,3.670907935612335,302.36496024981966,40.63,188.87,15.6,0.68,1.67,1,0.282,0.6308,0.6906,0.6744,1
RD-GHY-ITA-09,320.0,5.500158919619853,415.8691958969911,16.01,66.97,11.1,0.273,1.54,3,0.173,0.4743,0.6091,0.5891,0
RD-GHY-NAG-10,345.0,20.330765564280576,1439.8437704125606,9.33,46.09,23.9,0.204,0.87,7,0.19,0.7384,0.5297,0.7383,1
RD-TEZ-ITA-11,155.0,10.502094832978393,304.5678435155853,127.63,581.32,13.8,1.0,1.2,2,0.713,0.925,0.9013,0.9333,1
RD-GHY-TEZ-01,178.0,7.0894941760630275,68.75946828315199,174.85,500.81,13.3,1.0,0.53,1,1.0,0.8911,1.0,0.9957,1
RD-TEZ-BHK-02,54.0,15.774939134782407,270.0526467537052,102.46,343.99,13.0,1.0,0.48,5,0.683,0.9116,0.9811,1.0,1
RD-GHY-SHL-07,98.0,16.323674527649604,1546.6285501828625,189.93,939.88,16.9,1.0,2.85,2,0.946,0.9826,0.9042,0.9865,1
RD-DRG-SELA-05,62.0,34.05411745916856,4161.204543222422,12.97,54.64,28.7,0.232,2.4,7,0.13,0.92,0.395,0.9085,1
RD-BHK-BMD-03,96.0,24.73256936354683,2452.1453663083844,161.93,644.71,8.2,1.0,0.4,6,0.978,1.0,1.0,1.0,1
RD-TEZ-ITA-11,155.0,5.326334875228041,267.0774755289481,6.86,30.73,13.0,0.152,1.45,3,0.134,0.406,0.6726,0.6347,0
RD-DRG-SELA-05,62.0,30.100418751997232,4219.497542720005,29.43,98.65,25.8,0.379,2.81,9,0.198,0.9111,0.4564,0.9088,1
RD-TEZ-BHK-02,54.0,11.950121121746864,304.566536453248,4.67,18.7,15.3,0.362,0.05,3,0.385,0.6456,1.0,0.9818,1
RD-DRG-SELA-05,62.0,26.698400190718488,4191.9755009409555,37.45,147.74,33.6,0.542,2.54,7,0.241,0.9145,0.47,0.9138,1
RD-GHY-GTK-12,540.0,17.3384521437347,1609.6406215331915,128.24,487.0,21.3,1.0,0.34,8,0.838,0.9377,1.0,1.0,1
RD-TEZ-BHK-02,54.0,15.545665887513263,132.34952806779393,0.74,2.59,30.7,0.309,0.26,3,0.268,0.6105,0.9038,0.886,1
RD-GHY-NAG-10,345.0,20.022074132489436,1411.8591888911892,129.88,419.61,5.4,1.0,0.58,6,0.791,0.9528,0.9482,0.9974,1
RD-TEZ-BHK-02,54.0,12.474995457892119,274.7322089168956,1.3,5.73,20.6,0.319,0.4,6,0.228,0.6525,0.7587,0.7541,1
RD-SHL-SIL-08,215.0,28.59135834731639,1360.3373042659725,157.64,467.44,23.7,1.0,0.42,6,0.952,0.9413,0.9875,1.0,1
RD-BMD-DRG-04,42.0,19.209075045218825,2008.955601227143,8.92,23.22,24.3,0.127,1.26,5,0.155,0.6649,0.4791,0.6509,1
RD-GHY-ITA-09,320.0,7.871414855448833,320.4987015454589,155.53,624.12,29.3,1.0,1.26,2,0.839,0.9679,0.9312,0.9859,1
RD-SELA-TWG-06,78.0,21.803663831905244,3179.2274758480626,33.26,111.8,13.3,0.423,1.53,6,0.254,0.8582,0.5517,0.8625,1
RD-DRG-SELA-05,62.0,29.366584172758188,4167.526343233818,104.37,426.81,24.6,1.0,2.89,8,0.546,0.9445,0.7722,0.9842,1
RD-GHY-ITA-09,320.0,6.093413633790681,336.2583810971386,59.71,151.81,21.5,0.556,1.17,2,0.398,0.6838,0.8541,0.8416,1
RD-BMD-DRG-04,42.0,16.891501441674723,2146.9297901587556,7.46,25.7,15.8,0.136,1.37,5,0.142,0.588,0.4227,0.5751,0
RD-SHL-SIL-08,215.0,18.69372413322232,1398.826146140561,1.78,7.38,6.3,0.325,0.36,8,0.241,0.8157,0.8211,0.8634,1
RD-GHY-TEZ-01,178.0,1.0,72.74297436843291,122.77,366.75,19.4,1.0,0.7,1,0.739,0.7853,0.9584,0.9396,1
RD-TEZ-BHK-02,54.0,13.012091064994518,277.9267870052549,41.34,109.74,26.2,0.666,0.45,4,0.403,0.7722,0.9086,0.9126,1
RD-GHY-NAG-10,345.0,15.822997191350938,1498.1391070668112,14.52,70.51,19.1,0.285,0.76,6,0.226,0.7848,0.6521,0.7958,1
RD-BHK-BMD-03,96.0,23.970399207134008,2445.162529733482,6.27,28.94,8.0,0.396,0.31,7,0.275,0.8543,0.7621,0.8818,1
RD-GHY-ITA-09,320.0,7.459376824329718,266.0182251146685,159.17,477.52,17.8,1.0,1.25,4,0.857,0.9639,0.9935,1.0,1
RD-GHY-GTK-12,540.0,16.860922056201296,1687.8207274026222,99.57,400.22,15.2,1.0,0.42,8,0.682,1.0,0.9807,1.0,1
RD-DRG-SELA-05,62.0,28.41969920260065,4133.778011994837,10.02,36.69,33.0,0.172,2.56,9,0.112,0.8317,0.3871,0.8272,1
RD-SHL-SIL-08,215.0,26.42661686250583,1383.5945355819879,31.8,92.18,23.0,0.607,0.49,8,0.35,0.9036,0.8599,0.9496,1
RD-DRG-SELA-05,62.0,33.06588257004085,4236.2654498633865,11.19,43.93,21.8,0.196,2.66,8,0.116,0.8948,0.3393,0.8782,1
RD-GHY-TEZ-01,178.0,1.0,20.691886269669197,108.76,307.0,7.2,1.0,0.9,0,0.651,0.8139,0.9856,0.9701,1
RD-BHK-BMD-03,96.0,25.930665101296057,2475.318173553103,14.13,55.75,6.9,0.486,0.23,10,0.34,0.9026,0.79,0.9322,1
RD-DRG-SELA-05,62.0,32.59834742658832,4223.052092959179,22.13,90.5,32.0,0.352,2.56,9,0.169,0.8955,0.4662,0.8958,1
RD-TEZ-ITA-11,155.0,6.295312871773751,308.70083983238754,2.97,10.24,33.8,0.084,1.59,3,0.11,0.4291,0.6287,0.5969,0
RD-GHY-GTK-12,540.0,18.69449714010077,1640.0161349071768,93.08,454.43,27.8,1.0,0.64,8,0.61,0.9428,0.9306,0.993,1
RD-GHY-TEZ-01,178.0,5.614470535346895,79.79973739389818,153.87,721.07,25.8,1.0,1.18,0,0.837,0.9155,1.0,0.9993,1
RD-BHK-BMD-03,96.0,25.22986752929279,2392.6692509134855,23.49,68.35,24.1,0.278,0.6,6,0.292,0.8426,0.6526,0.8566,1
RD-BHK-BMD-03,96.0,27.43062440873549,2443.80923287022,6.42,19.16,15.7,0.364,0.27,7,0.289,0.922,0.7898,0.9509,1
RD-SHL-SIL-08,215.0,17.924868194487875,1468.0147496474956,26.27,100.35,26.9,0.635,0.32,8,0.366,0.9303,0.9326,0.9878,1
RD-DRG-SELA-05,62.0,25.736413288332955,4205.125150953168,3.1,15.09,7.2,0.1,2.89,10,0.073,0.8149,0.295,0.8007,1
RD-TEZ-BHK-02,54.0,11.515543240736257,229.2229060764888,44.07,115.73,18.4,0.686,0.05,5,0.569,0.7822,0.9536,0.9575,1
RD-SELA-TWG-06,78.0,19.600476213912994,3112.921517487444,132.64,533.07,5.9,1.0,1.93,7,0.701,0.9166,0.866,0.9602,1
RD-GHY-SHL-07,98.0,15.784176242953496,1569.1671069852564,33.78,127.16,13.2,0.474,3.34,4,0.21,0.7075,0.4618,0.6684,1
RD-SHL-SIL-08,215.0,21.565151648732257,1394.9037811513806,72.62,181.76,19.9,0.656,0.83,7,0.489,0.9458,0.7981,0.9821,1
RD-GHY-SHL-07,98.0,13.111316653431937,1508.5897147170351,12.0,41.48,14.5,0.188,3.06,2,0.112,0.5326,0.4147,0.5039,0
RD-SHL-SIL-08,215.0,22.824792343210262,1410.2222585261586,19.69,56.72,16.3,0.489,0.44,7,0.306,0.881,0.8061,0.9204,1
RD-TEZ-ITA-11,155.0,4.183291034089704,262.15939521735095,52.33,215.66,22.4,0.769,1.65,2,0.337,0.7121,0.8117,0.7986,1
RD-BHK-BMD-03,96.0,28.421932527288472,2446.838221336627,164.29,591.5,24.1,1.0,0.51,7,0.965,0.9591,0.9679,1.0,1
RD-GHY-GTK-12,540.0,19.796128692086004,1694.9520766418561,134.28,576.5,11.5,1.0,0.78,10,0.783,0.9715,0.964,1.0,1
RD-BHK-BMD-03,96.0,25.360806624898483,2503.8332325751135,148.12,379.35,21.4,1.0,0.44,7,0.905,0.9947,0.9916,1.0,1
RD-GHY-NAG-10,345.0,16.804984131933743,1531.0403830420203,21.98,84.11,26.6,0.33,1.14,12,0.224,0.8625,0.5508,0.8564,1
RD-GHY-NAG-10,345.0,17.747497210022665,1492.8199192831426,5.55,26.37,28.2,0.138,1.0,10,0.159,0.8133,0.5025,0.8046,1
RD-BHK-BMD-03,96.0,29.585437027570332,2453.205088602423,57.47,220.39,27.8,1.0,0.05,8,0.632,0.9883,1.0,1.0,1
RD-SELA-TWG-06,78.0,25.42011105184487,3233.0889239789644,32.55,101.23,9.7,0.387,1.9,7,0.235,0.843,0.4411,0.8343,1
RD-TEZ-ITA-11,155.0,6.782691258171361,314.1891368374306,3.54,12.99,21.7,0.093,1.39,1,0.122,0.3641,0.5825,0.5489,0
RD-GHY-GTK-12,540.0,20.10181847000327,1620.3877811187992,56.93,204.86,8.4,0.983,0.19,7,0.555,0.9809,1.0,1.0,1
RD-BHK-BMD-03,96.0,20.118071376476063,2493.3789738753135,1.05,4.28,15.9,0.064,0.69,7,0.174,0.8073,0.5266,0.808,1
RD-SHL-SIL-08,215.0,24.718843360528062,1384.4086473562722,100.48,412.74,24.6,1.0,0.43,8,0.683,0.9845,0.964,1.0,1
RD-GHY-SHL-07,98.0,18.589917402814834,1512.2837680726795,17.83,85.36,10.9,0.335,2.74,4,0.145,0.6432,0.4092,0.6042,0
RD-TEZ-BHK-02,54.0,14.524078981122798,206.45428111576143,123.49,493.14,4.2,1.0,0.48,3,0.78,0.9661,0.9888,1.0,1
RD-SELA-TWG-06,78.0,26.390911239917536,3217.256965482703,244.71,688.64,6.9,1.0,1.86,7,1.0,0.9555,1.0,1.0,1
RD-TEZ-ITA-11,155.0,7.800349365733519,318.9290852523832,9.53,35.46,10.5,0.168,1.39,5,0.15,0.5252,0.6171,0.5951,0
RD-GHY-GTK-12,540.0,22.56050126618804,1749.897410225645,67.58,247.53,23.8,1.0,0.11,7,0.646,0.937,1.0,1.0,1
RD-GHY-NAG-10,345.0,16.70085205578489,1565.3766940158769,131.28,551.29,12.8,1.0,1.0,6,0.746,0.9755,0.8936,1.0,1
RD-TEZ-ITA-11,155.0,8.85465623423726,380.0022776585305,23.87,62.18,9.8,0.257,1.45,2,0.214,0.5011,0.6772,0.6485,0
RD-GHY-ITA-09,320.0,8.108755519548666,337.65883347617216,42.22,196.5,10.1,0.705,0.86,4,0.344,0.6756,0.8126,0.8011,1
RD-GHY-GTK-12,540.0,19.225991949592885,1690.0892592164244,2.15,7.5,30.9,0.325,0.1,8,0.344,0.8616,0.9645,1.0,1
RD-GHY-SHL-07,98.0,12.698590550790405,1578.4121855569394,18.44,74.54,31.0,0.298,3.0,4,0.143,0.6475,0.3768,0.605,0
RD-BMD-DRG-04,42.0,24.349705426741988,2001.163796165972,25.54,119.96,30.8,0.45,0.79,5,0.275,0.8206,0.6382,0.814,1
RD-TEZ-ITA-11,155.0,9.301285326770593,410.20595459822016,11.37,43.55,22.8,0.195,1.33,1,0.162,0.388,0.5788,0.5476,0
RD-GHY-SHL-07,98.0,17.69272388552058,1548.739347650126,164.25,434.0,18.5,1.0,2.97,4,0.824,0.9565,0.8657,0.9552,1
RD-GHY-ITA-09,320.0,6.994602920698638,312.138207555588,7.17,26.27,29.1,0.138,0.76,4,0.193,0.532,0.6888,0.6684,1
RD-GHY-NAG-10,345.0,18.836237262390192,1436.7831349118821,91.65,268.78,22.5,0.946,0.95,8,0.566,0.9654,0.8393,0.9941,1
RD-TEZ-ITA-11,155.0,1.0,232.60577026690723,135.33,531.83,32.5,1.0,1.89,3,0.715,0.876,0.969,0.973,1
RD-GHY-ITA-09,320.0,1.0,448.6866721367926,32.69,104.29,16.8,0.398,1.07,4,0.28,0.5587,0.6922,0.6743,1
RD-SHL-SIL-08,215.0,23.555538500807966,1420.5460496940887,13.19,47.9,29.5,0.21,0.63,6,0.239,0.7787,0.7575,0.8153,1
RD-TEZ-BHK-02,54.0,10.72793643247029,223.03976173950582,5.4,22.52,23.4,0.375,0.26,8,0.289,0.7199,0.9334,0.9292,1
RD-SELA-TWG-06,78.0,19.24683981481425,3220.7536254849542,190.49,689.95,7.6,1.0,1.77,8,0.977,0.987,0.9609,1.0,1
RD-DRG-SELA-05,62.0,30.598612068072278,4174.016588075961,129.36,454.29,32.0,1.0,2.46,9,0.671,0.9693,0.8594,1.0,1
RD-BMD-DRG-04,42.0,16.104787401264336,2049.2518793385657,24.2,68.1,29.1,0.277,1.3,5,0.224,0.7279,0.5082,0.7122,1
RD-GHY-SHL-07,98.0,13.424140151910844,1566.631039239052,49.44,209.0,22.3,0.747,3.02,3,0.288,0.7296,0.528,0.696,1
RD-BMD-DRG-04,42.0,13.902043380229983,2040.1073127337045,189.85,569.85,8.8,1.0,1.07,6,1.0,0.9289,0.9408,0.9688,1
RD-SHL-SIL-08,215.0,26.05839953708716,1340.2464718242472,137.86,447.66,4.2,1.0,0.51,6,0.841,1.0,1.0,1.0,1
RD-SHL-SIL-08,215.0,27.071210329043254,1449.2901955172151,162.84,626.21,22.9,1.0,0.37,7,0.989,0.9632,0.9728,1.0,1
RD-SHL-SIL-08,215.0,25.80101499586619,1388.9198304908675,6.21,19.42,10.4,0.115,0.85,7,0.178,0.8479,0.6714,0.8711,1
RD-TEZ-BHK-02,54.0,13.488051282088211,314.6897173934063,24.82,120.04,28.9,0.7,0.05,4,0.479,0.7269,0.9368,0.9334,1
RD-GHY-GTK-12,540.0,24.76489718588494,1573.1466006465569,17.11,80.62,29.6,0.569,0.43,8,0.294,0.8769,0.801,0.9107,1
RD-TEZ-BHK-02,54.0,10.719610914960706,148.93248954289294,27.42,89.23,23.8,0.597,0.11,6,0.455,0.761,0.9937,0.9931,1
RD-GHY-TEZ-01,178.0,1.5101648296851522,48.19247769625604,50.88,200.01,30.8,0.717,0.64,2,0.413,0.6205,0.9179,0.8777,1
RD-GHY-TEZ-01,178.0,12.557735741982167,144.09109722193017,0.97,2.43,12.4,0.058,0.57,1,0.192,0.3419,0.8891,0.8134,1
RD-GHY-NAG-10,345.0,17.356833204069666,1457.5842806448798,3.83,14.55,21.3,0.099,1.06,6,0.146,0.7396,0.5085,0.737,1
RD-TEZ-ITA-11,155.0,5.052356985451859,312.8726381069296,8.58,42.62,25.4,0.192,1.52,1,0.139,0.3934,0.5998,0.5672,0
RD-GHY-ITA-09,320.0,8.549322785858145,407.99811037205296,43.65,130.65,7.9,0.485,0.96,2,0.341,0.6709,0.7945,0.7833,1
RD-TEZ-ITA-11,155.0,2.965137504260806,333.02866030152427,44.54,183.89,8.3,0.663,1.77,2,0.296,0.5602,0.7251,0.6992,1
RD-SELA-TWG-06,78.0,24.841826903236935,3120.127289083544,4.77,22.57,27.1,0.125,1.79,7,0.11,0.7965,0.4239,0.7897,1
RD-GHY-TEZ-01,178.0,5.212864591511584,93.66594330807933,33.66,158.13,26.2,0.577,0.6,1,0.339,0.5186,0.845,0.796,1
RD-SHL-SIL-08,215.0,23.46267401549609,1478.4099845263743,24.51,95.51,11.2,0.368,0.57,6,0.301,0.8207,0.7832,0.859,1
RD-GHY-NAG-10,345.0,19.43490117676407,1501.6800853676777,60.13,259.29,30.1,0.914,0.98,6,0.416,0.9271,0.7709,0.9472,1
RD-GHY-GTK-12,540.0,15.223313946689391,1725.9689091475977,16.77,69.92,33.2,0.533,0.45,7,0.29,0.8235,0.8676,0.9046,1
RD-GHY-GTK-12,540.0,18.750091416082032,1607.6365027890186,75.94,263.54,24.4,1.0,0.05,7,0.718,0.9268,0.9987,1.0,1
RD-TEZ-BHK-02,54.0,21.427369652283986,241.56072948347824,23.65,93.1,12.6,0.36,0.62,4,0.288,0.7365,0.8627,0.8636,1
RD-BMD-DRG-04,42.0,15.606638610250984,2082.838696564766,236.28,907.82,10.4,1.0,1.27,6,1.0,0.9937,0.9923,1.0,1
RD-SELA-TWG-06,78.0,22.333869576673838,3164.280672014799,118.47,445.06,5.5,1.0,1.64,7,0.646,0.9738,0.8849,1.0,1
RD-DRG-SELA-05,62.0,34.215050939072995,4180.474812386414,38.9,103.79,5.6,0.396,2.71,8,0.244,0.9379,0.5007,0.9397,1
RD-SELA-TWG-06,78.0,20.871408928832246,3243.0092060109037,20.51,66.19,16.6,0.271,1.78,6,0.184,0.8249,0.3895,0.8114,1
RD-GHY-TEZ-01,178.0,5.010148840335589,164.9312305279707,41.94,170.97,32.2,0.62,0.75,4,0.356,0.5673,0.8335,0.7914,1
RD-SHL-SIL-08,215.0,18.94214765497039,1406.5978073698122,159.78,637.52,18.2,1.0,0.11,6,1.0,0.9783,0.9762,1.0,1
RD-GHY-GTK-12,540.0,18.740245246022877,1575.156403837966,47.38,150.35,20.9,0.801,0.05,7,0.585,0.9269,0.9768,1.0,1
RD-GHY-SHL-07,98.0,17.995976797669844,1600.3120373655818,252.74,853.97,23.1,1.0,3.16,5,1.0,1.0,1.0,1.0,1
RD-GHY-NAG-10,345.0,13.692135065915952,1489.2468981969569,195.74,663.36,10.2,1.0,1.09,8,1.0,0.9866,0.9865,1.0,1
RD-TEZ-BHK-02,54.0,15.333048761874801,247.5342114425957,1.13,4.61,32.5,0.315,0.05,4,0.369,0.6271,1.0,0.9791,1
RD-GHY-SHL-07,98.0,7.399093127480915,1553.8096210724361,150.22,395.34,26.6,1.0,3.18,7,0.755,0.9245,0.8831,0.9263,1
RD-BMD-DRG-04,42.0,15.13988103458904,2062.15944371587,22.83,111.07,20.8,0.42,1.27,4,0.22,0.7488,0.5191,0.7328,1
RD-TEZ-BHK-02,54.0,17.041229014288533,322.2121871448793,15.66,73.52,7.6,0.545,0.09,4,0.414,0.7226,0.9783,0.9726,1
RD-GHY-TEZ-01,178.0,2.5719090377868747,133.1659725716574,26.32,121.33,32.5,0.454,0.81,1,0.275,0.4493,0.8611,0.802,1
RD-TEZ-ITA-11,155.0,7.024327868293209,289.92080102256443,18.71,78.6,16.0,0.312,1.61,1,0.182,0.4971,0.6178,0.5932,0
RD-SHL-SIL-08,215.0,19.486774976953427,1392.9998450634264,1.73,6.07,22.7,0.07,0.78,8,0.165,0.7767,0.7014,0.8069,1
RD-GHY-NAG-10,345.0,15.47270848370663,1566.7064734038604,17.1,65.24,24.3,0.267,1.07,7,0.207,0.7957,0.589,0.7987,1
RD-BHK-BMD-03,96.0,23.448235299328825,2477.600415515789,18.75,48.0,14.4,0.21,0.51,7,0.285,0.7973,0.7179,0.8216,1
RD-GHY-TEZ-01,178.0,7.953098905367266,36.35471821291382,26.13,66.05,18.3,0.27,0.54,0,0.315,0.4757,0.9288,0.8678,1
RD-GHY-TEZ-01,178.0,1.0,55.6874524407313,2.63,7.28,23.4,0.074,1.03,3,0.143,0.318,0.7998,0.73,1
RD-GHY-SHL-07,98.0,14.454659229742157,1628.9307695239315,129.8,479.47,27.2,1.0,2.87,2,0.665,0.941,0.8782,0.9418,1
RD-SHL-SIL-08,215.0,21.675695973809393,1385.2617962887234,24.31,99.39,22.7,0.631,0.3,8,0.363,0.8741,0.8938,0.9419,1
RD-BHK-BMD-03,96.0,24.299176161740082,2413.7240847779044,9.71,33.44,20.2,0.161,0.64,6,0.221,0.777,0.6194,0.7907,1
RD-BHK-BMD-03,96.0,28.073429528952204,2357.382874844506,56.8,149.01,22.0,0.797,0.45,6,0.476,0.9944,0.878,1.0,1
RD-BHK-BMD-03,96.0,22.01506528371207,2498.659934845091,129.27,378.26,8.2,1.0,0.05,8,0.967,0.9536,1.0,1.0,1
RD-TEZ-ITA-11,155.0,3.6232377216757308,303.224772509462,10.41,39.27,20.6,0.181,1.09,1,0.174,0.4142,0.6888,0.6503,1
RD-SELA-TWG-06,78.0,26.449359032325475,3164.6968068008405,11.51,40.51,5.1,0.185,1.54,6,0.152,0.8326,0.401,0.8198,1
RD-GHY-SHL-07,98.0,16.214826132421347,1596.5772542926627,14.23,59.23,20.8,0.247,2.98,2,0.124,0.546,0.3815,0.5133,0
RD-GHY-NAG-10,345.0,20.436114216125056,1528.423760587468,33.47,156.55,17.7,0.572,0.98,8,0.291,0.8698,0.6533,0.8766,1
RD-BMD-DRG-04,42.0,14.257068957776063,2083.9862169084363,3.82,14.47,6.1,0.098,0.91,5,0.16,0.6126,0.4888,0.6037,0
RD-SELA-TWG-06,78.0,15.571903153860749,3163.573556188926,2.94,7.8,16.7,0.076,1.94,8,0.096,0.7629,0.3334,0.7486,1
RD-SHL-SIL-08,215.0,25.591636105311633,1346.7751789413524,63.78,200.82,12.7,0.719,0.63,6,0.474,0.9737,0.856,1.0,1
RD-BHK-BMD-03,96.0,24.240665259408065,2453.805120823429,77.06,322.61,28.8,1.0,0.43,7,0.576,0.9335,0.9683,1.0,1
RD-GHY-GTK-12,540.0,19.761767717335353,1697.9482221640149,17.01,76.67,26.2,0.556,0.05,10,0.443,0.876,0.9885,1.0,1
RD-GHY-ITA-09,320.0,5.690440462583526,378.9792110881869,148.83,669.73,30.1,1.0,0.8,3,0.848,0.9041,0.9668,0.9809,1
RD-GHY-GTK-12,540.0,27.500652104448935,1615.0693373094318,41.82,193.76,9.9,0.946,0.05,9,0.559,0.9266,1.0,1.0,1
RD-SELA-TWG-06,78.0,22.66573148403901,3208.3762987581126,105.72,500.7,19.4,1.0,2.02,7,0.573,0.9995,0.8031,1.0,1
RD-GHY-ITA-09,320.0,10.941815723571473,328.98804625675115,37.12,95.88,16.4,0.37,1.34,3,0.282,0.6837,0.7363,0.7293,1
RD-BMD-DRG-04,42.0,19.651389763468337,2023.8897347537072,197.48,939.04,32.3,1.0,1.13,5,1.0,0.98,0.9514,1.0,1
RD-GHY-GTK-12,540.0,23.844617984470048,1615.3281728613995,8.59,26.96,13.1,0.14,0.78,8,0.196,0.8438,0.6532,0.8599,1
RD-SELA-TWG-06,78.0,26.566592647556377,3255.4388330153615,9.28,42.2,25.2,0.191,2.05,6,0.122,0.7522,0.392,0.7456,1
RD-BHK-BMD-03,96.0,28.965106367544458,2481.678637204086,6.88,24.44,16.7,0.381,0.5,6,0.233,0.9063,0.673,0.9199,1
RD-TEZ-ITA-11,155.0,4.72425496281148,361.89168387622215,53.99,154.96,19.8,0.567,1.77,1,0.34,0.6127,0.7508,0.7291,1
RD-BHK-BMD-03,96.0,28.922921742656474,2463.744650445549,0.05,0.16,6.7,0.301,0.28,6,0.255,0.8399,0.799,0.8725,1
RD-GHY-GTK-12,540.0,17.800039893243678,1643.1449738804888,21.57,77.35,24.8,0.558,0.26,7,0.363,0.8992,0.9643,1.0,1
RD-GHY-GTK-12,540.0,22.28591130828378,1675.0799123861282,167.32,698.49,23.5,1.0,0.28,7,1.0,0.9347,1.0,1.0,1
RD-SELA-TWG-06,78.0,23.364205419459292,3265.8777435282936,47.8,125.21,5.4,0.467,2.02,7,0.302,0.8515,0.5124,0.8512,1
RD-GHY-NAG-10,345.0,22.25803869668254,1477.1284581245802,56.58,215.75,11.2,0.769,0.64,7,0.44,0.9393,0.8171,0.9655,1
RD-TEZ-ITA-11,155.0,1.2228816634151833,392.1067131354397,4.54,18.51,10.4,0.112,1.54,3,0.119,0.3371,0.6558,0.6126,0
RD-TEZ-ITA-11,155.0,6.124767202675302,263.25382739131317,35.34,149.32,23.6,0.548,1.56,1,0.262,0.5847,0.7332,0.7096,1
RD-GHY-ITA-09,320.0,7.7471566169759445,419.8959457295883,49.86,193.57,11.6,0.695,1.33,4,0.342,0.7259,0.724,0.7239,1
RD-GHY-SHL-07,98.0,11.02215280230747,1446.9972524846735,14.0,52.6,12.5,0.225,2.83,4,0.125,0.5283,0.3377,0.4939,0
RD-GHY-ITA-09,320.0,9.538440831857205,311.1728355234911,73.75,233.26,6.0,0.828,1.25,2,0.459,0.8192,0.8482,0.8532,1
RD-GHY-SHL-07,98.0,13.690179317136907,1600.9592426930824,187.7,836.0,25.7,1.0,3.02,3,0.933,0.9443,0.9742,0.984,1
RD-TEZ-ITA-11,155.0,8.65657561290292,273.26091466564,77.05,309.96,22.2,1.0,1.78,2,0.447,0.8228,0.8508,0.8502,1
RD-DRG-SELA-05,62.0,25.551396946587936,4256.084630606757,0.67,2.18,18.2,0.057,2.45,9,0.071,0.7951,0.2956,0.7831,1
RD-BHK-BMD-03,96.0,28.52037662718167,2497.9017634314414,5.55,24.85,18.0,0.383,0.41,7,0.246,0.8235,0.7173,0.8465,1
RD-TEZ-ITA-11,155.0,6.0953091380929045,299.79986697033735,58.66,279.2,4.9,0.981,1.17,3,0.393,0.7624,0.871,0.8619,1
RD-GHY-TEZ-01,178.0,5.229345839118281,133.40473480915603,21.14,94.32,6.8,0.364,0.62,0,0.277,0.4132,0.844,0.7817,1
RD-DRG-SELA-05,62.0,30.481701820006744,4165.239944222947,154.75,764.41,25.1,1.0,2.24,8,0.795,0.975,0.9143,1.0,1
RD-GHY-ITA-09,320.0,3.570192896289166,331.7678972941434,159.04,712.08,28.5,1.0,1.0,3,0.875,0.9033,0.938,0.9524,1
RD-SHL-SIL-08,215.0,24.622280208294846,1400.2105260437893,106.62,494.64,19.0,1.0,0.61,6,0.678,0.9903,0.9244,1.0,1
RD-TEZ-ITA-11,155.0,6.454301280482155,390.05346778135856,26.9,107.89,26.7,0.41,1.66,2,0.218,0.4679,0.5933,0.5679,0
RD-BMD-DRG-04,42.0,13.307232985729414,2079.97843991748,15.1,41.2,8.8,0.187,0.99,5,0.205,0.6096,0.5037,0.6022,0
RD-GHY-ITA-09,320.0,5.238909015996175,360.65452874344857,54.19,142.26,9.9,0.524,0.95,2,0.391,0.6618,0.8295,0.8155,1
RD-GHY-ITA-09,320.0,12.826889944509922,306.9675434042635,34.91,116.2,20.6,0.437,0.88,3,0.308,0.7178,0.8046,0.7986,1
RD-GHY-GTK-12,540.0,24.51094717680455,1569.9959264492677,4.49,21.3,6.4,0.371,0.12,9,0.343,0.8744,0.9526,0.9947,1
RD-TEZ-ITA-11,155.0,8.818089192214718,337.16851748977376,177.3,794.33,5.8,1.0,1.65,2,0.92,0.9494,1.0,1.0,1
RD-GHY-SHL-07,98.0,12.518161625897683,1537.0351815637002,15.64,56.46,28.8,0.238,2.96,3,0.131,0.5749,0.3685,0.5385,0
RD-TEZ-ITA-11,155.0,6.7751718330014015,303.75107029156663,35.44,166.62,5.0,0.605,1.74,2,0.255,0.5814,0.7382,0.7138,1
RD-GHY-ITA-09,320.0,7.381124469360623,292.7545871180512,174.51,443.42,28.7,1.0,1.0,4,0.948,0.9669,0.9465,0.9871,1
RD-GHY-GTK-12,540.0,24.814467194652384,1678.0180975333367,14.93,64.71,13.3,0.516,0.19,9,0.359,0.9023,0.9824,1.0,1
RD-GHY-NAG-10,345.0,20.804244388624042,1511.2316157928037,18.89,94.2,8.4,0.364,1.05,7,0.218,0.8508,0.5748,0.8486,1
RD-SHL-SIL-08,215.0,25.196244334715054,1315.354614377763,43.29,124.21,26.7,0.464,0.57,8,0.389,0.936,0.9216,0.99,1
RD-TEZ-ITA-11,155.0,5.314096750611333,231.3718828973307,8.71,38.17,13.1,0.177,1.6,1,0.136,0.3999,0.6124,0.5792,0
RD-TEZ-ITA-11,155.0,5.5246900676183,364.8549085698198,49.74,180.02,25.2,0.65,1.41,3,0.337,0.7182,0.7725,0.7618,1
RD-GHY-NAG-10,345.0,14.896861853511204,1458.3858286678196,32.08,82.07,33.2,0.324,1.49,8,0.25,0.806,0.5218,0.8002,1
RD-GHY-NAG-10,345.0,20.31144131006251,1469.0511215796453,248.24,902.97,4.0,1.0,0.81,6,1.0,1.0,1.0,1.0,1
RD-GHY-GTK-12,540.0,18.540805930683423,1680.1267682793432,109.4,336.8,18.6,1.0,0.16,9,0.812,1.0,1.0,1.0,1
RD-DRG-SELA-05,62.0,35.13780337493109,4118.0336350560965,2.48,9.03,23.9,0.08,2.27,7,0.084,0.8726,0.3226,0.8559,1
RD-TEZ-ITA-11,155.0,5.299510946319702,361.20816584247416,135.53,590.65,4.4,1.0,1.41,2,0.737,0.8601,0.9558,0.9577,1
RD-BHK-BMD-03,96.0,25.868668346680767,2398.6969084553803,52.77,197.87,10.4,0.96,0.48,6,0.45,0.9518,0.8651,0.9906,1
RD-TEZ-BHK-02,54.0,15.304507212753988,231.85829802244476,27.07,135.23,20.4,0.751,0.14,4,0.44,0.7853,0.9383,0.943,1
RD-GHY-SHL-07,98.0,8.8309066402063,1502.3338271631726,27.76,138.21,10.6,0.511,2.94,4,0.188,0.6568,0.3925,0.615,0
RD-DRG-SELA-05,62.0,32.997116033890165,4186.046787716044,107.66,378.33,17.1,1.0,2.59,7,0.567,0.9902,0.8418,1.0,1
RD-GHY-NAG-10,345.0,17.1268247091378,1443.244029029438,30.64,90.01,14.2,0.35,0.73,7,0.306,0.8519,0.7281,0.8692,1
RD-GHY-TEZ-01,178.0,2.752295973866768,86.60186293367695,63.12,297.22,16.5,1.0,0.66,3,0.467,0.7598,0.9617,0.939,1
RD-GHY-GTK-12,540.0,16.123560949114957,1681.6857950362598,217.21,824.07,32.1,1.0,0.42,8,1.0,0.9612,0.9716,1.0,1
RD-GHY-TEZ-01,178.0,7.795447057151698,80.35545848985016,224.61,1035.21,14.7,1.0,0.75,4,1.0,0.9405,0.9959,0.9991,1
RD-SELA-TWG-06,78.0,19.870465192599283,3256.9620909181644,16.07,56.68,27.4,0.239,1.74,6,0.164,0.8531,0.4407,0.8435,1
RD-TEZ-ITA-11,155.0,2.317427272084826,322.19022783036075,9.13,34.51,31.3,0.165,1.75,1,0.131,0.4168,0.5717,0.5437,0
RD-TEZ-ITA-11,155.0,4.148682207386484,367.152032078052,21.19,72.65,30.7,0.292,1.56,2,0.196,0.5064,0.6334,0.6085,0
RD-GHY-NAG-10,345.0,13.327383285551154,1455.341210950372,7.55,20.6,13.9,0.119,0.82,7,0.187,0.7099,0.595,0.7188,1
RD-TEZ-BHK-02,54.0,19.37640713075657,237.2287969008789,27.87,87.01,19.6,0.59,0.12,4,0.451,0.7681,0.9548,0.9566,1
RD-SELA-TWG-06,78.0,22.489868022748972,3094.4659576205795,2.56,8.63,33.4,0.079,2.06,10,0.09,0.8475,0.3661,0.8289,1
RD-BHK-BMD-03,96.0,27.299338226855927,2469.41910884526,34.25,169.31,7.0,0.864,0.39,7,0.385,0.9292,0.8393,0.9648,1
RD-GHY-ITA-09,320.0,10.10060991790013,376.24333052643334,64.1,303.21,25.7,1.0,1.03,5,0.43,0.8319,0.8483,0.8549,1
RD-GHY-ITA-09,320.0,14.601175564648877,394.0235552714197,100.24,350.52,10.9,1.0,1.01,3,0.6,0.8704,0.9212,0.9313,1
RD-TEZ-BHK-02,54.0,15.319976499111158,267.2204865428807,0.19,0.6,22.2,0.302,0.17,4,0.299,0.656,0.8911,0.8801,1
RD-BMD-DRG-04,42.0,15.231402159006407,1995.4019852486788,11.84,48.76,14.8,0.213,1.47,4,0.157,0.6623,0.4241,0.643,0
RD-SELA-TWG-06,78.0,22.554788956209308,3231.2560228169964,55.59,186.19,15.6,0.671,1.8,8,0.346,0.8958,0.6129,0.9058,1
RD-BMD-DRG-04,42.0,14.057837028740249,2074.6166075395145,9.54,41.95,30.2,0.19,1.15,4,0.166,0.6262,0.4499,0.6126,0
RD-GHY-NAG-10,345.0,16.28854594307677,1476.033347801756,27.04,133.43,16.0,0.495,0.81,7,0.279,0.8333,0.672,0.8443,1
RD-GHY-ITA-09,320.0,8.887008274041351,248.47116940870623,27.51,93.35,24.7,0.361,1.03,2,0.259,0.5897,0.7774,0.7575,1
RD-TEZ-ITA-11,155.0,7.77396048172153,272.59380267837287,122.11,331.58,9.6,1.0,1.77,2,0.658,0.8649,0.9858,0.9878,1
RD-TEZ-ITA-11,155.0,7.24918877623169,320.0493829579506,35.09,140.35,26.2,0.518,1.5,1,0.264,0.532,0.7346,0.7051,1
RD-BMD-DRG-04,42.0,16.58361117429832,2107.235978733923,63.88,236.46,23.3,0.838,1.06,7,0.426,0.9146,0.7139,0.9133,1
RD-GHY-NAG-10,345.0,15.630853253692532,1462.5112062484095,25.2,110.29,17.4,0.418,1.32,8,0.227,0.8709,0.5957,0.8701,1
RD-BMD-DRG-04,42.0,14.1564119824794,2153.05658784744,20.74,68.61,4.4,0.279,0.92,6,0.237,0.6829,0.6164,0.6816,1
RD-TEZ-ITA-11,155.0,2.8000639647270864,335.5814411862365,44.64,144.73,6.9,0.532,1.64,2,0.302,0.5945,0.783,0.7574,1
RD-GHY-SHL-07,98.0,13.11980683160333,1586.7499499383225,65.91,325.35,32.7,1.0,2.91,3,0.366,0.8382,0.6616,0.8136,1
RD-TEZ-BHK-02,54.0,11.751652300588077,245.07779928051224,41.6,104.63,16.1,0.649,0.15,5,0.504,0.7978,0.9757,0.9811,1
RD-GHY-ITA-09,320.0,9.989098730904898,368.1255505672086,8.88,34.66,16.0,0.166,1.35,3,0.149,0.4817,0.6073,0.588,0
RD-GHY-TEZ-01,178.0,1.0,81.47102855202426,5.85,26.5,6.1,0.138,0.66,0,0.2,0.2082,0.8102,0.726,1
RD-SELA-TWG-06,78.0,22.486565978877678,3080.654997937152,44.78,218.64,26.6,0.779,1.47,7,0.31,0.902,0.5454,0.9025,1
RD-GHY-ITA-09,320.0,9.856512241874139,408.0950564978253,55.87,247.83,12.9,0.876,1.31,4,0.371,0.8165,0.7682,0.8161,1
RD-GHY-TEZ-01,178.0,6.833729393259006,33.39007668434476,22.21,79.86,29.8,0.316,0.85,1,0.252,0.409,0.8017,0.7426,1
RD-TEZ-ITA-11,155.0,8.353608712589502,261.9326564641376,200.56,587.32,17.6,1.0,1.31,3,1.0,0.9147,1.0,1.0,1
RD-GHY-ITA-09,320.0,8.593874450832327,316.40663690035626,131.58,463.57,12.8,1.0,1.17,2,0.734,0.9197,0.9876,1.0,1
RD-TEZ-BHK-02,54.0,13.689402698147678,202.3439524783669,190.25,905.09,10.2,1.0,0.09,3,1.0,0.9739,0.982,1.0,1
RD-GHY-ITA-09,320.0,4.240427396245082,290.46452840274196,29.07,101.07,23.0,0.387,1.13,3,0.259,0.4969,0.7743,0.7439,1
RD-TEZ-ITA-11,155.0,4.472716048279478,308.28169891402814,154.28,507.08,28.8,1.0,1.39,2,0.826,0.896,0.931,0.9385,1
RD-TEZ-ITA-11,155.0,6.7585447536927745,399.9143780242019,49.16,226.16,33.4,0.804,1.29,1,0.341,0.6618,0.729,0.714,1
RD-BMD-DRG-04,42.0,15.17403241573854,2086.92504891813,116.57,322.78,33.6,1.0,1.43,6,0.647,0.9529,0.8065,0.9632,1
RD-GHY-SHL-07,98.0,14.230060115984042,1402.631686577989,35.55,137.12,18.2,0.507,3.29,5,0.219,0.6503,0.4941,0.6189,0
RD-BMD-DRG-04,42.0,21.56990816990511,2056.5661542259513,0.95,4.76,5.0,0.066,1.15,4,0.125,0.6391,0.4674,0.626,0
RD-GHY-GTK-12,540.0,22.965300814867593,1579.84307959555,56.53,179.88,11.7,0.9,0.26,9,0.527,0.9935,0.8715,1.0,1
RD-GHY-GTK-12,540.0,19.87341522059383,1663.5636515054646,3.61,11.46,4.9,0.338,0.49,9,0.219,0.8596,0.745,0.8868,1
RD-TEZ-ITA-11,155.0,2.5524031959358124,345.89866881450826,3.37,11.21,25.3,0.087,1.23,2,0.131,0.3408,0.6191,0.5799,0
RD-TEZ-BHK-02,54.0,17.04011877405562,213.4327254807521,3.21,10.76,8.5,0.086,0.69,3,0.184,0.5891,0.7418,0.7311,1
RD-BHK-BMD-03,96.0,24.258651216902138,2368.995283040247,97.15,281.44,34.0,1.0,0.47,8,0.66,0.9984,0.9485,1.0,1
RD-GHY-GTK-12,540.0,17.303876199717507,1637.1555008037556,89.47,334.71,26.0,1.0,0.22,8,0.695,0.9592,0.9937,1.0,1
RD-TEZ-BHK-02,54.0,13.300578169678028,203.377306201434,165.58,630.96,15.5,1.0,0.28,4,1.0,0.9858,1.0,1.0,1
RD-BHK-BMD-03,96.0,24.335133426311906,2453.0804693188657,18.51,69.53,29.1,0.532,0.23,6,0.36,0.9106,0.8297,0.9453,1
RD-GHY-ITA-09,320.0,9.790232945102456,317.31546565018715,132.23,424.26,24.1,1.0,1.14,3,0.739,0.9223,0.9582,0.9751,1
RD-BMD-DRG-04,42.0,15.601581093769916,2140.774466614984,32.32,83.03,7.7,0.327,1.23,5,0.266,0.7384,0.5689,0.7287,1
RD-GHY-SHL-07,98.0,11.731754309306892,1549.8846327300762,22.17,97.18,27.7,0.374,3.13,2,0.159,0.574,0.4351,0.5434,0
RD-TEZ-ITA-11,155.0,3.5174739824270307,171.73947350573295,46.29,221.31,15.6,0.788,1.77,4,0.304,0.681,0.8373,0.8193,1
RD-SELA-TWG-06,78.0,25.388812762835332,3231.133210795908,68.04,285.4,15.2,1.0,1.73,8,0.407,0.9192,0.6951,0.9391,1
RD-TEZ-ITA-11,155.0,7.863721176397025,332.8926191459122,138.86,590.3,4.9,1.0,1.57,1,0.744,0.8849,0.9707,0.976,1
RD-GHY-TEZ-01,178.0,2.7520878865967955,58.96168767257602,50.41,183.54,26.1,0.662,1.01,2,0.368,0.5565,0.8913,0.844,1
RD-GHY-NAG-10,345.0,18.420540093004778,1365.4862184323233,194.19,489.62,10.6,1.0,0.85,9,1.0,0.9571,0.9909,1.0,1
RD-GHY-GTK-12,540.0,21.11324477759641,1621.892513545035,12.36,50.19,25.8,0.467,0.14,9,0.369,0.8811,0.9593,1.0,1
RD-GHY-GTK-12,540.0,25.50198254838009,1640.146624869477,62.69,190.9,29.0,0.936,0.13,7,0.608,0.9676,1.0,1.0,1
RD-SELA-TWG-06,78.0,25.279656699698204,3150.739506068962,0.9,2.27,12.7,0.058,1.89,8,0.088,0.7995,0.3473,0.7832,1
RD-TEZ-BHK-02,54.0,6.090064540337854,277.09871014159285,24.2,97.01,32.8,0.623,0.1,4,0.449,0.7194,1.0,0.9929,1
RD-TEZ-ITA-11,155.0,3.175146703248895,345.2967152910376,22.45,67.44,30.7,0.275,1.71,2,0.195,0.4836,0.6914,0.6599,1
RD-TEZ-BHK-02,54.0,16.012646876514406,237.70559246286737,19.0,70.07,30.7,0.284,0.64,3,0.263,0.6644,0.802,0.7966,1
RD-SHL-SIL-08,215.0,16.951468914447858,1426.039649922502,53.32,184.09,6.9,0.664,0.75,8,0.409,0.9551,0.89,1.0,1
RD-TEZ-ITA-11,155.0,5.525260882675153,315.7781606822234,94.7,436.34,5.5,1.0,1.37,1,0.549,0.8243,0.8771,0.876,1
RD-BHK-BMD-03,96.0,23.168937517174967,2391.9813511166267,8.97,22.85,16.6,0.126,0.79,8,0.197,0.8009,0.5157,0.8007,1
RD-BHK-BMD-03,96.0,26.07526513994365,2541.311023923057,49.28,140.55,18.7,0.768,0.22,8,0.508,0.9647,0.9133,1.0,1
RD-GHY-ITA-09,320.0,9.634776946953767,354.0952706302037,25.56,92.86,25.3,0.36,0.9,4,0.262,0.7048,0.7485,0.7434,1
RD-TEZ-ITA-11,155.0,6.198921237388307,318.92230696245144,139.35,589.22,23.8,1.0,1.44,3,0.754,0.9111,0.9556,0.9648,1
RD-TEZ-ITA-11,155.0,1.0,348.70650254335123,12.13,33.12,16.9,0.16,1.65,2,0.149,0.3432,0.6157,0.577,0
RD-GHY-GTK-12,540.0,23.27244694335067,1615.7685101411225,16.47,64.55,17.5,0.515,0.25,7,0.344,0.9097,0.838,0.9476,1
RD-GHY-TEZ-01,178.0,4.742813481011998,121.05143446657019,37.43,124.58,24.0,0.465,0.85,2,0.322,0.4852,0.9255,0.866,1
RD-GHY-ITA-09,320.0,4.153918400005147,331.8052699695677,172.3,448.13,20.9,1.0,0.95,3,0.942,0.972,0.951,0.9929,1
RD-GHY-TEZ-01,178.0,3.390932576083071,13.102704722287612,107.75,424.87,8.4,1.0,0.89,4,0.646,0.814,0.9676,0.9526,1
RD-GHY-NAG-10,345.0,14.10836538250118,1529.6535556614049,2.17,8.78,21.4,0.079,0.78,6,0.166,0.678,0.5676,0.686,1
RD-GHY-ITA-09,320.0,11.08233949133712,351.15812928200677,10.13,43.59,12.4,0.195,1.35,3,0.155,0.559,0.6563,0.6409,0
RD-DRG-SELA-05,62.0,30.31805642752464,4155.9891293842875,140.78,413.53,31.6,1.0,2.61,7,0.721,0.9302,0.8763,0.9849,1
RD-GHY-GTK-12,540.0,24.617311152129425,1619.4786875665782,18.89,78.64,10.3,0.562,0.05,10,0.452,0.9475,1.0,1.0,1
RD-SELA-TWG-06,78.0,26.90172768669586,3218.9771150676083,133.02,605.56,15.7,1.0,1.54,7,0.719,1.0,0.928,1.0,1
RD-TEZ-ITA-11,155.0,4.923881277701501,294.9915451313048,32.28,133.15,22.9,0.494,1.47,3,0.252,0.579,0.7467,0.7215,1
RD-BHK-BMD-03,96.0,33.60465708779196,2431.795064005753,126.13,602.14,16.8,1.0,0.42,6,0.806,0.9476,0.9441,0.9976,1
RD-BMD-DRG-04,42.0,10.421135338596464,2061.9008348936914,48.15,140.83,11.4,0.519,0.85,6,0.373,0.8264,0.7179,0.8295,1
RD-DRG-SELA-05,62.0,31.958143136453636,4121.153408945472,167.06,650.37,27.6,1.0,2.53,10,0.846,0.9649,0.8965,1.0,1
RD-BHK-BMD-03,96.0,24.770961214798746,2411.063367537015,24.83,70.39,15.6,0.285,0.55,6,0.306,0.8695,0.699,0.8883,1
RD-GHY-NAG-10,345.0,18.21489383032851,1494.4429337402423,3.12,13.29,26.1,0.094,1.17,7,0.134,0.7315,0.4729,0.7256,1
RD-GHY-ITA-09,320.0,6.448928544627244,359.9510556381366,55.9,171.71,8.7,0.622,0.82,2,0.413,0.722,0.8519,0.8443,1
RD-GHY-ITA-09,320.0,12.634704280009094,297.1470680835438,156.3,483.63,33.1,1.0,1.14,3,0.852,0.9393,0.9822,1.0,1
RD-TEZ-ITA-11,155.0,9.029560482237128,385.51911508097197,166.67,503.56,21.7,1.0,1.71,3,0.868,0.9657,0.9728,0.9898,1
RD-TEZ-BHK-02,54.0,11.538141972631935,275.6783075789513,165.2,680.06,4.9,1.0,0.28,4,1.0,0.9725,1.0,1.0,1
RD-GHY-NAG-10,345.0,16.831529688748088,1528.8340173622132,16.64,55.28,18.4,0.234,0.92,6,0.219,0.7228,0.606,0.7321,1
RD-SELA-TWG-06,78.0,25.388803749696507,3193.308532415975,90.27,379.85,9.5,1.0,1.41,8,0.526,1.0,0.7715,1.0,1
RD-TEZ-ITA-11,155.0,9.170488827596142,335.6890186580557,12.16,40.56,4.8,0.185,1.47,2,0.158,0.4416,0.5301,0.5077,0
RD-TEZ-BHK-02,54.0,11.128830611326155,193.110666682942,8.52,27.69,33.0,0.392,0.06,5,0.396,0.6993,0.9696,0.9609,1
RD-TEZ-BHK-02,54.0,10.681010879911124,231.427103467958,82.33,329.78,5.6,1.0,0.13,4,0.7,0.8523,1.0,1.0,1
RD-SELA-TWG-06,78.0,23.270954653889817,3261.134458938134,16.13,62.42,13.1,0.258,1.49,8,0.176,0.8332,0.4859,0.831,1
RD-SELA-TWG-06,78.0,28.811849892085853,3129.7673541359977,23.64,98.69,10.6,0.379,1.79,9,0.198,0.8841,0.4367,0.8714,1
RD-DRG-SELA-05,62.0,31.433720701583084,4195.629157634428,9.64,42.77,7.7,0.193,2.62,9,0.109,0.8039,0.3686,0.7998,1
RD-BHK-BMD-03,96.0,26.19819497453144,2440.1715482891655,13.05,59.82,17.9,0.499,0.48,8,0.266,0.8785,0.7371,0.9018,1
RD-SELA-TWG-06,78.0,26.406126664863454,3192.5018988551865,28.29,137.09,33.3,0.507,1.94,10,0.214,0.8981,0.4428,0.8851,1
RD-GHY-SHL-07,98.0,16.435445924191512,1557.6888090110347,138.97,513.61,21.0,1.0,3.23,4,0.702,0.9584,0.9083,0.9632,1
RD-SELA-TWG-06,78.0,27.84597791142937,3099.1984890242866,127.25,494.89,7.6,1.0,1.39,9,0.7,0.9872,0.9178,1.0,1
RD-BMD-DRG-04,42.0,10.485720841242198,2170.210808083757,34.51,92.3,8.0,0.358,1.24,6,0.276,0.7823,0.6313,0.7771,1
RD-TEZ-ITA-11,155.0,2.8758627344354277,186.49500104833191,12.76,40.42,28.4,0.185,1.72,2,0.15,0.3594,0.6611,0.6195,0
RD-SELA-TWG-06,78.0,22.897778362893117,3188.8276362030315,232.47,976.94,32.5,1.0,1.67,7,1.0,0.9969,0.931,1.0,1
RD-GHY-GTK-12,540.0,21.946384596817243,1606.948844675587,86.29,313.09,31.0,1.0,0.05,8,0.766,0.9112,1.0,1.0,1
RD-SHL-SIL-08,215.0,19.69536492657209,1482.1769099704504,52.08,147.03,17.1,0.54,0.53,7,0.438,0.8995,0.9087,0.96,1
RD-SELA-TWG-06,78.0,24.781515611464517,3272.4706884498432,4.12,16.38,25.9,0.105,1.76,6,0.108,0.7945,0.3935,0.7842,1
RD-SHL-SIL-08,215.0,21.992596452063474,1324.6892564546745,14.13,53.55,33.0,0.478,0.3,6,0.315,0.8649,0.866,0.9134,1
RD-BHK-BMD-03,96.0,26.32551791049075,2442.674086049423,5.04,16.65,15.8,0.106,0.52,7,0.219,0.8248,0.6106,0.8347,1
RD-TEZ-BHK-02,54.0,11.232690644127047,251.8140046976525,260.27,740.78,16.7,1.0,0.08,4,1.0,0.9729,1.0,1.0,1
RD-BHK-BMD-03,96.0,24.98045981171053,2479.8830500638996,14.87,52.27,7.6,0.224,0.69,7,0.237,0.8846,0.6322,0.8938,1
RD-BMD-DRG-04,42.0,15.473714654455907,2079.081486196515,13.11,33.62,10.4,0.162,1.35,4,0.169,0.6469,0.4457,0.6311,0
RD-TEZ-ITA-11,155.0,10.06286459875329,328.95104571147596,179.97,467.59,32.4,1.0,1.35,2,0.948,0.9805,0.9872,1.0,1
RD-TEZ-BHK-02,54.0,16.012527058576797,291.92975578407874,150.23,647.6,12.4,1.0,0.36,3,0.934,0.9693,0.999,1.0,1
RD-GHY-ITA-09,320.0,6.079233742570652,377.96355013737445,107.68,394.6,32.8,1.0,1.28,2,0.615,0.8792,0.9361,0.9471,1
RD-GHY-NAG-10,345.0,21.811398582259407,1448.4624016244866,13.09,58.7,18.7,0.246,0.9,7,0.204,0.7627,0.6103,0.7701,1
RD-GHY-NAG-10,345.0,18.207708358886624,1499.0490345205562,189.81,542.86,25.7,1.0,0.78,8,1.0,1.0,0.982,1.0,1
RD-GHY-TEZ-01,178.0,2.4109819567525457,56.9882391598401,33.61,144.65,14.1,0.782,0.44,2,0.369,0.5723,0.9471,0.8984,1
RD-GHY-ITA-09,320.0,6.472364906943065,288.2511418148942,39.09,98.9,5.8,0.38,1.41,2,0.287,0.6334,0.7569,0.7433,1
RD-GHY-ITA-09,320.0,5.269261067811578,363.43893209917456,33.78,145.75,12.5,0.536,1.01,2,0.29,0.6199,0.7474,0.7328,1
RD-BHK-BMD-03,96.0,24.42017162823053,2456.5452995077685,64.81,223.26,28.9,0.794,0.83,6,0.453,0.9705,0.8351,1.0,1
RD-BMD-DRG-04,42.0,15.53378077208247,2117.8436656658946,20.36,63.13,16.9,0.26,1.16,6,0.216,0.7235,0.525,0.7099,1
RD-GHY-NAG-10,345.0,20.68893055733598,1505.7136329964342,29.23,85.95,19.0,0.337,1.06,6,0.264,0.8415,0.6266,0.8463,1
RD-DRG-SELA-05,62.0,31.736996205161613,4245.557058000633,94.86,381.78,19.7,1.0,2.57,7,0.508,0.9753,0.6889,1.0,1
RD-GHY-ITA-09,320.0,9.850347522745595,409.6991136589422,26.24,101.83,6.7,0.389,1.39,3,0.228,0.655,0.6195,0.6457,0
RD-GHY-SHL-07,98.0,17.283303673114528,1527.9145814594438,5.15,21.58,5.8,0.122,3.13,6,0.079,0.6283,0.276,0.5781,0
RD-GHY-TEZ-01,178.0,9.286829580387717,86.6268657534478,81.45,263.82,4.3,0.929,0.77,1,0.537,0.7371,0.9639,0.9379,1
RD-GHY-NAG-10,345.0,20.800026912621757,1482.3517884628898,54.43,204.67,19.4,0.732,0.77,7,0.411,0.9137,0.7556,0.9322,1
RD-GHY-ITA-09,320.0,10.118642600083055,367.8502212649781,143.45,601.2,15.0,1.0,0.83,2,0.82,0.9061,1.0,1.0,1
RD-BHK-BMD-03,96.0,26.183062357594963,2435.387098722994,157.78,714.23,7.3,1.0,0.65,8,0.911,1.0,1.0,1.0,1
RD-GHY-NAG-10,345.0,19.827855349247578,1469.9647932349653,25.41,119.48,11.1,0.448,0.82,8,0.27,0.856,0.683,0.8673,1
RD-BHK-BMD-03,96.0,26.780976631644876,2401.3057906941294,0.45,1.55,19.3,0.305,0.31,7,0.248,0.8737,0.7054,0.8931,1
RD-SHL-SIL-08,215.0,20.83773219964121,1446.0845649071384,78.49,215.07,16.3,1.0,0.46,6,0.576,0.9276,0.9516,1.0,1
RD-GHY-TEZ-01,178.0,1.0,63.7295282633676,238.91,971.33,17.0,1.0,0.9,2,1.0,0.9556,0.9921,0.9975,1
RD-SHL-SIL-08,215.0,23.61651611061129,1525.1818321144167,132.26,568.12,25.6,1.0,0.06,6,0.975,0.9479,0.9591,1.0,1
RD-DRG-SELA-05,62.0,28.54421345697124,4209.011123730072,28.63,111.55,25.3,0.422,2.39,9,0.203,0.9279,0.46,0.9247,1
RD-GHY-TEZ-01,178.0,1.0,211.8073049799812,65.76,227.04,11.8,0.807,0.87,2,0.453,0.7077,0.8945,0.8673,1
RD-GHY-ITA-09,320.0,7.357927932692768,351.28524410139534,8.69,42.91,13.6,0.193,1.15,2,0.162,0.4907,0.6252,0.6054,0
RD-SELA-TWG-06,78.0,25.55564072454465,3249.2925889500752,41.24,187.53,26.2,0.675,1.52,8,0.292,0.8813,0.554,0.8843,1
RD-SHL-SIL-08,215.0,27.50147418699992,1424.9750398484452,0.68,2.11,25.0,0.057,0.6,8,0.184,0.7747,0.6802,0.8025,1
RD-GHY-TEZ-01,178.0,7.359186719267065,159.50800118829966,8.39,24.89,14.8,0.133,1.07,0,0.167,0.3567,0.6923,0.6375,0
RD-SELA-TWG-06,78.0,22.101620832382842,3178.1331696307393,123.58,529.18,4.3,1.0,1.9,7,0.66,0.9054,0.8805,0.9512,1
RD-GHY-ITA-09,320.0,6.971929191629855,309.6002415442564,69.32,237.92,15.2,0.843,1.3,2,0.434,0.7689,0.8092,0.8092,1
RD-DRG-SELA-05,62.0,29.041107783875425,4171.262281454082,1.88,6.94,26.2,0.073,2.85,7,0.068,0.8188,0.2976,0.8045,1
RD-DRG-SELA-05,62.0,29.711512551917426,4220.344178934112,7.59,36.71,21.4,0.172,2.29,8,0.107,0.8887,0.3082,0.8685,1
RD-GHY-NAG-10,345.0,20.825246566093114,1526.413038033222,94.59,285.73,10.0,1.0,1.08,7,0.568,1.0,0.8548,1.0,1
RD-TEZ-ITA-11,155.0,2.4377815354389547,321.5620561488974,16.31,57.81,10.2,0.243,1.26,3,0.19,0.4107,0.6942,0.6548,1
RD-GHY-NAG-10,345.0,19.026825424381727,1561.962766473175,9.84,32.58,25.7,0.159,0.66,6,0.218,0.7347,0.6413,0.7472,1
RD-TEZ-BHK-02,54.0,14.559874647850465,266.9313291581615,0.96,3.98,17.4,0.313,0.05,4,0.368,0.6453,1.0,0.9818,1
RD-GHY-SHL-07,98.0,13.311595838903306,1503.3182891705278,1.08,4.44,23.0,0.065,2.79,3,0.066,0.4785,0.3814,0.4521,0
RD-BMD-DRG-04,42.0,17.617282312765308,2091.926359149083,18.1,58.31,28.3,0.244,1.14,4,0.207,0.683,0.4905,0.6688,1
RD-SELA-TWG-06,78.0,20.647406610090204,3259.7203161710463,60.2,175.04,27.4,0.633,1.37,6,0.388,0.9656,0.6768,0.9808,1
RD-SELA-TWG-06,78.0,26.78425507962877,3177.7060331886587,74.28,338.68,6.4,1.0,1.73,9,0.436,0.9737,0.6964,0.9914,1
RD-SHL-SIL-08,215.0,21.748267303647992,1398.4893636607858,92.67,277.89,4.3,1.0,0.49,7,0.634,1.0,0.9154,1.0,1
RD-GHY-TEZ-01,178.0,2.237339216016723,103.4893885949847,51.52,218.39,14.8,0.778,0.68,1,0.41,0.5983,0.958,0.9123,1
RD-BHK-BMD-03,96.0,23.947828028360213,2457.9582630160694,16.99,49.31,28.6,0.464,0.21,10,0.36,0.9502,0.9274,0.9979,1
RD-BMD-DRG-04,42.0,17.106656504650545,2114.6783066947282,155.26,737.08,9.9,1.0,1.08,8,0.851,0.9784,0.9391,1.0,1
RD-TEZ-ITA-11,155.0,2.609683337829953,261.2501175353332,6.92,21.39,15.8,0.121,1.39,1,0.138,0.3253,0.677,0.6305,0
RD-BHK-BMD-03,96.0,26.027314133338667,2438.873895987097,227.83,806.79,25.9,1.0,0.38,9,1.0,1.0,0.9907,1.0,1
RD-SELA-TWG-06,78.0,22.875858474429815,3189.5147139190594,34.54,156.09,27.2,0.57,1.75,9,0.25,0.8581,0.554,0.8627,1
RD-TEZ-BHK-02,54.0,9.442514497080658,307.4736552630812,4.84,21.77,31.4,0.373,0.05,3,0.386,0.6067,0.961,0.9393,1
RD-GHY-SHL-07,98.0,17.819875927411854,1585.3464492568085,43.55,178.68,18.3,0.646,3.13,3,0.258,0.7927,0.5194,0.7536,1
RD-GHY-GTK-12,540.0,19.79959181009232,1608.9707352073028,190.65,685.79,4.8,1.0,0.05,9,1.0,0.9225,1.0,1.0,1
RD-TEZ-ITA-11,155.0,6.002464010338381,321.4591879027706,161.53,751.85,17.2,1.0,1.54,1,0.852,0.874,0.9875,0.9908,1
RD-BMD-DRG-04,42.0,16.52750954963342,2091.2387516684726,53.99,171.86,12.9,0.623,1.13,4,0.375,0.8937,0.6881,0.8899,1
RD-TEZ-ITA-11,155.0,4.261927519964402,304.49275024946604,48.69,128.96,14.2,0.48,1.22,3,0.343,0.5888,0.7813,0.7551,1
RD-GHY-TEZ-01,178.0,5.5171759826111195,120.59466224308805,157.18,468.45,7.2,1.0,0.43,2,0.949,0.9518,1.0,1.0,1
RD-BHK-BMD-03,96.0,30.05035608166693,2490.708755167578,60.55,262.87,21.1,1.0,0.34,8,0.52,0.9536,0.8478,0.9899,1
RD-BHK-BMD-03,96.0,22.748714364878218,2507.6884269544285,187.47,689.31,9.6,1.0,0.41,7,1.0,0.965,1.0,1.0,1
RD-GHY-ITA-09,320.0,5.726334341592052,396.71643733629986,138.88,592.19,15.8,1.0,1.0,3,0.781,0.9145,0.9166,0.9328,1
RD-GHY-NAG-10,345.0,18.25899905636149,1431.1889389797836,148.34,586.11,12.1,1.0,0.83,7,0.843,0.9382,0.9553,0.9985,1
RD-BHK-BMD-03,96.0,26.619092935544757,2481.248153639679,30.79,108.38,23.6,0.411,0.54,7,0.337,0.9172,0.697,0.9335,1
RD-BHK-BMD-03,96.0,23.74782404421016,2416.9272945024613,106.31,432.57,15.4,1.0,0.6,6,0.678,1.0,0.968,1.0,1
RD-GHY-SHL-07,98.0,16.612153689901163,1461.8736444327492,61.15,222.76,28.4,0.793,2.9,3,0.344,0.778,0.5837,0.7474,1
RD-GHY-NAG-10,345.0,20.591526280916344,1540.956890703501,1.23,3.41,26.4,0.061,0.65,7,0.18,0.6816,0.5814,0.6908,1
RD-GHY-GTK-12,540.0,25.303275949334406,1593.1329899694922,103.04,340.03,9.5,1.0,0.39,8,0.705,0.9829,1.0,1.0,1
RD-DRG-SELA-05,62.0,30.512085488341402,4156.422289361474,86.92,290.56,17.3,1.0,2.65,10,0.469,0.9458,0.6728,0.9714,1
RD-BMD-DRG-04,42.0,15.150935183383215,2099.547186818851,85.36,426.57,27.2,1.0,1.03,6,0.529,0.9712,0.7967,0.9796,1
RD-SHL-SIL-08,215.0,26.85921724715294,1356.4395510483494,43.79,183.38,4.3,0.911,0.38,6,0.432,0.9135,0.9318,0.9847,1
RD-BHK-BMD-03,96.0,29.507915596888623,2367.7977181922574,112.17,443.15,25.6,1.0,0.2,6,0.809,1.0,0.9365,1.0,1
RD-GHY-SHL-07,98.0,15.25734566486099,1676.8779555328017,60.28,157.17,7.0,0.574,3.12,3,0.337,0.8184,0.5917,0.7863,1
RD-GHY-NAG-10,345.0,19.90275862941428,1436.7676363856745,26.04,69.63,13.8,0.282,1.08,6,0.248,0.7869,0.6034,0.792,1
RD-BHK-BMD-03,96.0,27.168704361266215,2457.6710597751958,78.93,363.17,24.4,1.0,0.16,6,0.671,0.975,0.9315,1.0,1
RD-GHY-ITA-09,320.0,12.867024572375072,314.93359499309184,16.31,46.52,20.0,0.205,1.15,3,0.197,0.555,0.6667,0.6502,1
RD-GHY-GTK-12,540.0,23.694890613618142,1574.6764920183878,40.0,194.76,20.9,0.949,0.17,10,0.487,0.9657,0.9844,1.0,1
RD-SHL-SIL-08,215.0,22.08399863558369,1346.9557872150208,11.65,46.6,16.9,0.455,0.25,8,0.32,0.8284,0.9107,0.9523,1
RD-TEZ-BHK-02,54.0,9.256411176480865,147.6905312771464,82.1,215.55,4.7,1.0,0.05,3,0.747,0.8642,1.0,1.0,1
RD-GHY-SHL-07,98.0,13.046270369484812,1456.9794248901753,216.92,557.27,32.9,1.0,3.2,3,1.0,0.9428,0.9808,0.9903,1
RD-GHY-TEZ-01,178.0,2.607490782855952,46.60185802691019,86.01,322.4,28.1,1.0,0.61,1,0.582,0.758,0.9696,0.9464,1
RD-GHY-ITA-09,320.0,11.295331796575383,373.1421289534885,64.43,171.02,13.6,0.62,0.96,2,0.437,0.7516,0.879,0.8743,1
RD-BHK-BMD-03,96.0,25.92125388672585,2518.9593489692397,81.65,230.2,10.1,1.0,0.31,8,0.628,0.9663,0.914,1.0,1
RD-BHK-BMD-03,96.0,27.5765331477814,2358.1382392605146,169.27,460.6,19.6,1.0,0.76,8,0.949,1.0,0.9941,1.0,1
RD-GHY-NAG-10,345.0,16.261978291272552,1497.8978116017845,10.81,27.31,8.6,0.141,0.9,7,0.194,0.7267,0.5762,0.7325,1
RD-GHY-ITA-09,320.0,3.688007155735126,308.87963113639313,19.67,78.56,5.9,0.312,1.21,4,0.208,0.5046,0.6614,0.6403,0
RD-TEZ-BHK-02,54.0,10.765028841827812,254.24196505932449,142.54,474.07,27.6,1.0,0.12,5,0.988,0.9042,0.9635,0.9846,1
RD-TEZ-ITA-11,155.0,2.3990386434080495,326.1677396103582,352.72,1049.18,22.9,1.0,1.29,1,1.0,0.9858,1.0,1.0,1
RD-GHY-NAG-10,345.0,12.74679424331317,1474.3947550825717,14.31,52.04,9.0,0.223,0.86,7,0.214,0.7373,0.6377,0.7493,1
RD-GHY-TEZ-01,178.0,2.751987384174063,133.90484825740947,22.51,72.67,24.9,0.292,0.96,0,0.242,0.3426,0.7924,0.7263,1
RD-TEZ-ITA-11,155.0,6.76536926437035,283.82426511591024,33.88,128.18,7.4,0.477,1.9,1,0.241,0.5559,0.6379,0.6174,0
RD-GHY-ITA-09,320.0,11.23452696065559,266.4547782907809,3.36,16.45,24.0,0.105,1.29,4,0.127,0.4904,0.6025,0.5844,0
RD-GHY-TEZ-01,178.0,1.0,70.31233040692173,5.48,18.34,24.5,0.111,1.0,0,0.159,0.2637,0.7696,0.6966,1
RD-GHY-SHL-07,98.0,9.179937896177584,1614.599881306303,195.64,497.92,21.9,1.0,2.91,4,0.972,1.0,1.0,1.0,1
RD-SHL-SIL-08,215.0,23.99087415496369,1356.3108556445839,127.61,440.29,5.9,1.0,0.42,9,0.812,0.9894,0.9489,1.0,1
RD-GHY-SHL-07,98.0,13.603019955481725,1546.950590678932,24.71,104.69,13.2,0.399,2.74,4,0.177,0.7019,0.4375,0.6607,1
RD-GHY-GTK-12,540.0,20.237673865204926,1672.3339468234947,0.57,1.9,32.3,0.056,0.72,7,0.167,0.7595,0.6514,0.7798,1
RD-GHY-GTK-12,540.0,21.356745199123683,1676.416172826053,9.99,29.76,8.7,0.399,0.39,7,0.272,0.8533,0.7101,0.8762,1
RD-GHY-SHL-07,98.0,17.970285947392934,1516.0032027620791,116.77,375.86,12.2,1.0,2.77,3,0.606,0.93,0.8271,0.9238,1
RD-SHL-SIL-08,215.0,22.333259253090848,1423.472941443252,165.65,561.52,17.4,1.0,0.63,6,0.949,0.9546,0.9497,1.0,1
RD-TEZ-BHK-02,54.0,10.737570120789425,214.51082416644812,9.84,24.7,30.4,0.382,0.15,3,0.354,0.6272,0.9583,0.9397,1
RD-GHY-ITA-09,320.0,3.234340076797138,377.03056019809765,5.48,15.08,17.1,0.1,0.97,3,0.162,0.3753,0.6485,0.6158,0
RD-BMD-DRG-04,42.0,17.25509347953206,2008.3646893521714,180.99,766.21,12.2,1.0,1.12,4,0.968,0.9935,0.9165,1.0,1
RD-GHY-GTK-12,540.0,27.462682224316055,1626.1566598638265,61.2,208.61,14.4,0.995,0.14,8,0.598,0.9984,0.9555,1.0,1
RD-GHY-NAG-10,345.0,19.544682324197776,1524.0870516293812,10.39,37.05,30.7,0.174,0.92,6,0.19,0.7049,0.5335,0.7075,1
RD-GHY-ITA-09,320.0,9.903553507960046,357.37345177914574,189.52,872.5,24.1,1.0,1.32,5,0.994,0.9533,0.9923,1.0,1
RD-TEZ-ITA-11,155.0,2.553320795819431,324.29479728247424,122.57,573.89,6.6,1.0,1.42,2,0.676,0.8321,0.9344,0.9329,1
RD-SELA-TWG-06,78.0,25.46674249627506,3196.6930223976765,0.13,0.59,10.5,0.052,2.15,8,0.076,0.7951,0.3201,0.776,1
RD-TEZ-BHK-02,54.0,8.898528788299345,289.7311209637498,169.56,453.81,5.9,1.0,0.05,4,1.0,1.0,0.9641,1.0,1
RD-TEZ-ITA-11,155.0,3.6858683209811725,336.0492984635708,21.1,101.23,12.5,0.387,1.79,1,0.186,0.4479,0.5993,0.5717,0
RD-DRG-SELA-05,62.0,32.26960788062769,4149.3603077823855,3.79,14.44,24.3,0.098,2.44,7,0.086,0.856,0.3664,0.8467,1
RD-GHY-SHL-07,98.0,12.93056876067542,1511.4481842929488,17.22,83.95,15.1,0.33,3.0,2,0.138,0.5164,0.4425,0.4912,0
RD-GHY-NAG-10,345.0,18.58850699539864,1505.5757112126942,52.57,224.75,10.2,0.799,0.7,6,0.412,0.9149,0.772,0.9357,1
RD-TEZ-ITA-11,155.0,6.042101201645554,285.02086517513413,13.85,60.81,13.4,0.253,1.86,2,0.149,0.4701,0.5741,0.5505,0
RD-BMD-DRG-04,42.0,13.600606186839073,2111.306151927414,102.29,336.93,5.9,1.0,1.16,8,0.598,0.9336,0.8435,0.9497,1
RD-GHY-ITA-09,320.0,16.059124232128923,348.1235517437178,29.86,102.03,20.7,0.39,0.93,5,0.279,0.7397,0.8097,0.8061,1
RD-SELA-TWG-06,78.0,20.210501508630777,3185.155700865385,4.37,15.13,26.0,0.1,2.27,6,0.093,0.7296,0.3636,0.722,1
RD-SHL-SIL-08,215.0,18.690822207606956,1522.5856312498645,60.11,242.19,15.2,1.0,0.4,7,0.502,1.0,0.9423,1.0,1
RD-DRG-SELA-05,62.0,33.91323867666546,4207.600702303087,14.02,64.14,18.6,0.264,2.58,9,0.13,0.9005,0.344,0.8839,1
RD-GHY-GTK-12,540.0,22.26880329553561,1725.0307693567509,67.56,331.36,11.2,1.0,0.31,8,0.563,0.9445,0.9408,0.9961,1
RD-BHK-BMD-03,96.0,27.586705118664955,2516.9999942738104,2.78,8.07,29.1,0.327,0.33,7,0.255,0.8402,0.793,0.8721,1
RD-TEZ-ITA-11,155.0,5.4059183412077925,334.3342409937171,128.77,526.76,25.1,1.0,1.25,2,0.716,0.9373,0.9528,0.9659,1
RD-BMD-DRG-04,42.0,15.677680735489119,2110.432100889907,48.49,167.56,28.9,0.609,1.06,6,0.354,0.8282,0.7213,0.8316,1
RD-GHY-GTK-12,540.0,21.483262106781545,1612.2959942633395,64.17,245.57,26.9,0.869,0.73,10,0.462,0.9869,0.8597,1.0,1
RD-TEZ-BHK-02,54.0,12.972561268899911,240.907538308039,200.0,550.56,29.5,1.0,0.49,4,1.0,0.9509,0.9998,1.0,1
RD-GHY-SHL-07,98.0,14.50171499693733,1566.9939490657455,8.6,37.92,13.1,0.176,2.89,3,0.099,0.5344,0.274,0.4942,0
RD-GHY-ITA-09,320.0,11.0380358152623,349.9273700611072,18.8,77.24,23.9,0.307,0.86,4,0.235,0.5819,0.7056,0.6893,1
RD-TEZ-ITA-11,155.0,6.507987331991627,285.1592879788166,4.71,16.21,20.2,0.104,1.39,1,0.128,0.398,0.6161,0.5825,0
RD-BHK-BMD-03,96.0,22.2280589985371,2485.3433391870776,6.88,31.53,27.3,0.155,0.51,6,0.229,0.7658,0.6931,0.7886,1
RD-TEZ-ITA-11,155.0,5.43717256606716,269.1552742881199,113.11,482.31,33.2,1.0,1.68,2,0.62,0.8367,0.9021,0.902,1
RD-TEZ-BHK-02,54.0,16.92772525789692,209.63161909383123,15.25,66.99,27.4,0.523,0.05,3,0.435,0.75,1.0,0.9975,1
RD-SHL-SIL-08,215.0,29.140844110686004,1405.6944410932415,7.47,29.17,15.0,0.397,0.49,6,0.236,0.8697,0.7342,0.9,1
RD-GHY-SHL-07,98.0,19.34927667247012,1577.758588448933,80.27,312.85,13.0,1.0,2.75,2,0.436,0.7742,0.6589,0.7526,1
RD-DRG-SELA-05,62.0,29.518045038640867,4224.759654979276,176.68,537.38,31.1,1.0,2.39,8,0.894,0.9671,0.9325,1.0,1
RD-TEZ-BHK-02,54.0,11.243128752069568,173.30166845060543,4.05,12.73,29.1,0.342,0.31,7,0.265,0.5989,0.8872,0.8688,1
RD-GHY-GTK-12,540.0,23.273769102033715,1658.4878214768435,8.87,34.52,30.7,0.165,0.57,9,0.227,0.8161,0.7074,0.8403,1
RD-GHY-SHL-07,98.0,13.329602943664955,1455.569040514114,134.6,351.74,18.0,1.0,2.8,5,0.689,0.9616,0.876,0.9618,1
RD-GHY-ITA-09,320.0,9.557890284528224,366.8183696383429,178.18,877.24,25.5,1.0,0.93,3,0.972,0.9819,0.9191,0.998,1
RD-GHY-NAG-10,345.0,15.285239229544553,1537.6780012530867,173.82,685.56,14.8,1.0,1.28,7,0.923,1.0,0.9435,1.0,1
RD-BHK-BMD-03,96.0,25.34811939389548,2456.416951360147,16.1,46.93,19.1,0.206,0.58,7,0.26,0.8265,0.692,0.8464,1
RD-SHL-SIL-08,215.0,17.89373639321191,1390.1765387724238,167.07,700.26,18.1,1.0,0.65,6,0.953,1.0,1.0,1.0,1
RD-TEZ-ITA-11,155.0,9.078486644532592,269.0286633112204,14.29,48.01,15.9,0.21,1.35,2,0.175,0.5322,0.6523,0.6285,0
RD-GHY-ITA-09,320.0,7.779229480496734,323.9739460037186,10.93,36.1,20.4,0.17,1.37,7,0.158,0.5916,0.6053,0.5962,0
RD-GHY-TEZ-01,178.0,7.615916849061403,10.0,32.09,120.89,24.8,0.453,1.11,3,0.274,0.525,0.8488,0.8003,1
RD-GHY-ITA-09,320.0,9.823313453101063,386.6244520703056,76.62,229.27,17.2,0.814,1.36,3,0.465,0.7756,0.8612,0.8602,1
RD-BMD-DRG-04,42.0,16.022295407319,2096.2142798196123,36.38,109.52,24.8,0.415,0.88,7,0.315,0.7806,0.6482,0.7774,1
RD-TEZ-ITA-11,155.0,11.438670659822776,282.67396303237496,81.33,276.33,29.5,0.971,1.05,1,0.509,0.8123,0.8966,0.8934,1
RD-BMD-DRG-04,42.0,20.201940060572216,2110.9876477563776,33.3,120.55,22.2,0.452,1.36,5,0.263,0.8291,0.5537,0.8116,1
RD-BHK-BMD-03,96.0,23.101065715926197,2316.3498178057966,94.3,405.32,20.8,1.0,0.29,7,0.692,0.9572,0.9392,1.0,1
RD-DRG-SELA-05,62.0,36.36654867400001,4269.905576791768,43.27,171.8,18.4,0.623,2.38,10,0.271,0.9517,0.5323,0.957,1
RD-SELA-TWG-06,78.0,28.672793347976153,3248.4883889001744,1.94,9.15,13.2,0.08,2.01,8,0.089,0.8818,0.3706,0.8605,1
RD-GHY-SHL-07,98.0,15.795566480384847,1521.2698539232993,136.03,446.28,32.7,1.0,3.23,2,0.688,0.9402,0.9197,0.9469,1
RD-GHY-ITA-09,320.0,13.053742858669036,335.09697696429,198.91,531.11,10.3,1.0,1.09,2,1.0,0.9801,0.9913,1.0,1
RD-GHY-GTK-12,540.0,23.21196784702662,1620.6274362572146,78.42,333.61,24.0,1.0,0.09,9,0.706,0.9516,0.956,1.0,1
RD-TEZ-BHK-02,54.0,17.078474902148585,235.39129599733482,0.99,4.89,28.6,0.316,0.05,4,0.368,0.687,1.0,0.9881,1
RD-GHY-GTK-12,540.0,17.6070184810222,1610.8036304558566,8.17,23.32,26.8,0.378,0.48,7,0.243,0.8503,0.7709,0.8811,1
RD-GHY-NAG-10,345.0,20.27516613903343,1492.0549690999062,14.85,53.0,25.8,0.227,0.61,8,0.25,0.7796,0.6857,0.7948,1
RD-DRG-SELA-05,62.0,32.59660437239343,4166.913939465929,142.32,633.34,23.6,1.0,2.47,8,0.732,0.9822,0.8747,1.0,1
RD-BMD-DRG-04,42.0,16.340483038677228,2112.574501733139,6.84,22.11,24.5,0.124,1.26,4,0.145,0.6193,0.4421,0.6055,0
RD-GHY-SHL-07,98.0,13.893949844074902,1492.4559828361935,13.01,58.76,17.7,0.246,2.91,3,0.119,0.5211,0.3659,0.4895,0
RD-DRG-SELA-05,62.0,33.49665480435385,4127.924956423034,216.07,897.31,18.9,1.0,2.44,10,1.0,1.0,0.9766,1.0,1
RD-GHY-ITA-09,320.0,7.098097069354195,303.4000111234959,91.3,292.58,31.0,1.0,1.34,5,0.535,0.875,0.8586,0.8844,1
RD-TEZ-BHK-02,54.0,12.925961375603254,250.276349910823,23.43,104.45,28.8,0.648,0.42,5,0.328,0.7498,0.92,0.9205,1
RD-SELA-TWG-06,78.0,23.024138995464174,3182.8517581776628,2.68,9.03,22.7,0.08,1.63,6,0.107,0.7873,0.392,0.7775,1
RD-GHY-ITA-09,320.0,9.950607621807004,380.275646011792,0.7,2.17,32.4,0.057,1.07,2,0.131,0.4278,0.5728,0.5516,0
RD-GHY-ITA-09,320.0,9.80815322432782,396.95049392609195,3.12,14.78,33.4,0.099,1.0,3,0.148,0.4994,0.6193,0.6008,0
RD-GHY-NAG-10,345.0,20.491967073886226,1502.0704133736656,63.93,235.56,25.5,0.835,1.06,8,0.427,0.9655,0.7006,0.9742,1
RD-SHL-SIL-08,215.0,23.95356135670817,1397.0400139172716,0.68,2.53,12.7,0.058,0.56,7,0.192,0.8094,0.7003,0.8381,1
RD-GHY-NAG-10,345.0,17.285681272528006,1473.102241248795,53.98,178.66,24.0,0.896,0.47,8,0.458,0.8989,0.8531,0.9311,1
RD-BMD-DRG-04,42.0,12.67772486319787,2105.2002711574287,2.76,11.06,9.7,0.087,1.61,5,0.108,0.5857,0.3479,0.5664,0
RD-SHL-SIL-08,215.0,27.15995359098821,1365.8015841276972,21.88,98.52,14.0,0.628,0.31,9,0.349,0.8942,0.882,0.9434,1
RD-GHY-NAG-10,345.0,19.643118579489432,1495.9691817592459,27.26,88.08,24.7,0.344,0.79,7,0.282,0.8422,0.6659,0.852,1
RD-SHL-SIL-08,215.0,19.744769305938437,1311.5959378806692,119.02,359.71,6.7,1.0,0.29,8,0.809,1.0,0.9438,1.0,1
RD-TEZ-BHK-02,54.0,5.423774230185349,260.6929599838893,110.13,433.33,8.8,1.0,0.05,4,0.878,0.9007,1.0,1.0,1
RD-BMD-DRG-04,42.0,20.50848125574874,2086.9319041603444,2.86,13.52,22.5,0.095,1.18,5,0.132,0.6409,0.4538,0.6264,0
RD-BMD-DRG-04,42.0,14.101008903111122,2147.18000263973,42.3,197.63,7.0,0.709,1.5,5,0.298,0.8254,0.5929,0.813,1
RD-GHY-SHL-07,98.0,13.801679869920484,1607.0664131448445,4.66,20.57,11.7,0.119,3.27,3,0.075,0.5197,0.3041,0.4834,0
RD-GHY-ITA-09,320.0,7.02219138669304,405.1263478228007,0.45,1.33,22.3,0.054,1.25,2,0.117,0.4778,0.5886,0.5705,0
RD-GHY-GTK-12,540.0,22.364398367021412,1643.1721445398432,171.01,440.2,23.8,1.0,0.3,8,1.0,0.9463,0.9722,1.0,1
RD-BMD-DRG-04,42.0,11.33618953691344,2115.683384879904,15.68,58.53,14.8,0.245,1.4,4,0.179,0.6528,0.5346,0.6453,0
RD-GHY-SHL-07,98.0,14.849355933122048,1546.10163040166,29.1,99.37,23.3,0.381,2.94,3,0.194,0.7129,0.4433,0.6714,1
RD-SELA-TWG-06,78.0,20.260078764143984,3164.196204900389,123.44,614.28,22.2,1.0,2.0,8,0.656,0.9798,0.8124,1.0,1
RD-BHK-BMD-03,96.0,24.126318470059047,2499.8129035890365,42.8,145.44,9.7,0.785,0.33,7,0.442,0.9594,0.9226,1.0,1
RD-SELA-TWG-06,78.0,27.84390582219096,3292.789912128733,179.11,786.68,10.2,1.0,1.83,7,0.922,0.9748,0.931,1.0,1
RD-GHY-NAG-10,345.0,18.321730045188136,1495.5499731695766,112.7,312.72,6.0,1.0,0.79,6,0.681,0.9775,0.9305,1.0,1
RD-GHY-GTK-12,540.0,16.44176432737708,1608.379926161997,10.55,42.95,5.3,0.443,0.43,7,0.264,0.7936,0.8013,0.8365,1
RD-BMD-DRG-04,42.0,18.626872659361485,2086.5885032330107,43.41,210.05,32.3,0.75,1.8,5,0.29,0.8796,0.575,0.8615,1
RD-BMD-DRG-04,42.0,15.694370934888845,2053.9487035886737,106.77,351.31,28.2,1.0,1.05,5,0.627,0.9344,0.872,0.9545,1
RD-BMD-DRG-04,42.0,13.761636962244893,2008.3645457458445,112.0,554.1,20.0,1.0,1.23,5,0.639,0.9354,0.8708,0.9552,1
RD-BMD-DRG-04,42.0,10.92588753153916,2128.5891945124463,83.61,364.5,20.8,1.0,1.44,5,0.493,0.8661,0.8341,0.8825,1
RD-BMD-DRG-04,42.0,22.51998301472667,2060.319175017331,72.55,190.54,16.7,0.685,1.26,5,0.452,0.8724,0.6867,0.8694,1
RD-SELA-TWG-06,78.0,29.763292701549922,3123.3499210698283,158.92,702.58,13.9,1.0,1.61,8,0.836,0.9619,0.9428,1.0,1
RD-TEZ-BHK-02,54.0,14.998027716114455,193.5754369658733,157.8,438.93,18.0,1.0,0.11,5,1.0,1.0,0.9978,1.0,1
RD-TEZ-BHK-02,54.0,9.941528101648608,281.3869494390901,63.83,275.24,11.4,1.0,0.25,4,0.565,0.8185,0.9763,0.9847,1
RD-TEZ-ITA-11,155.0,9.099531424106939,231.7239355542099,19.6,90.43,25.9,0.351,1.66,1,0.184,0.4567,0.6588,0.6271,0
RD-GHY-TEZ-01,178.0,3.039711633805047,111.70346810806936,14.5,54.96,9.1,0.233,1.14,1,0.19,0.3551,0.8092,0.7429,1
RD-GHY-ITA-09,320.0,8.242181582509511,354.70213954971797,162.73,663.57,27.8,1.0,1.21,4,0.876,0.9538,1.0,1.0,1
RD-SHL-SIL-08,215.0,19.43770935048172,1434.2829505350785,30.31,125.73,29.7,0.469,0.58,9,0.327,0.8893,0.7807,0.925,1
RD-SELA-TWG-06,78.0,21.125973811841558,3161.0754217440826,36.09,129.26,28.0,0.481,2.02,8,0.248,0.9132,0.5,0.9067,1
RD-GHY-NAG-10,345.0,18.686782208108262,1426.815639491624,15.59,50.19,14.6,0.217,0.96,6,0.21,0.778,0.5548,0.778,1
RD-SHL-SIL-08,215.0,22.766040663235383,1441.5378585450653,248.86,1133.68,27.1,1.0,0.61,6,1.0,0.9601,1.0,1.0,1
RD-GHY-ITA-09,320.0,7.624260034183722,306.91733935478646,53.94,263.89,31.0,0.93,0.92,2,0.392,0.7657,0.9043,0.9005,1
RD-BMD-DRG-04,42.0,19.335560106389874,2066.20220278451,22.29,92.63,32.7,0.359,1.23,6,0.22,0.7486,0.5294,0.7337,1
RD-BHK-BMD-03,96.0,27.680716033463778,2445.242032425719,170.29,553.58,13.2,1.0,0.59,8,0.979,0.9771,0.9907,1.0,1
RD-GHY-SHL-07,98.0,12.76209128132531,1519.0772804810292,5.48,17.27,10.1,0.108,2.96,5,0.083,0.5663,0.3493,0.529,0
RD-GHY-ITA-09,320.0,4.562510945124948,290.68888692444784,146.98,599.42,25.1,1.0,1.17,3,0.806,0.8679,1.0,1.0,1
RD-SELA-TWG-06,78.0,23.234899064199205,3136.708949667904,2.66,10.45,21.3,0.085,1.43,7,0.116,0.8128,0.4046,0.8022,1
RD-TEZ-ITA-11,155.0,3.715743096367734,296.074730983804,33.22,126.68,33.0,0.472,1.66,1,0.248,0.4817,0.7059,0.673,1
RD-SHL-SIL-08,215.0,24.47493719335029,1433.7183892824194,66.39,207.34,13.4,0.991,0.5,7,0.51,0.94,0.9154,0.9931,1
RD-GHY-GTK-12,540.0,19.028237929329965,1718.5255779642237,24.51,65.31,30.5,0.518,0.14,10,0.429,0.9059,0.9647,1.0,1
RD-SELA-TWG-06,78.0,19.040174244192762,3236.5859237931068,120.22,577.22,14.8,1.0,1.69,6,0.652,0.9344,0.8425,0.9743,1
RD-GHY-TEZ-01,178.0,3.1396206891411476,68.18978597299181,24.76,114.1,19.8,0.43,1.2,1,0.233,0.483,0.8237,0.7718,1
RD-GHY-SHL-07,98.0,15.110981268178534,1619.116504015219,25.0,107.45,31.4,0.408,3.23,3,0.17,0.6793,0.4209,0.6383,0
RD-SELA-TWG-06,78.0,29.861498185013744,3141.1518397470336,12.29,58.3,22.6,0.244,2.03,8,0.136,0.8553,0.4002,0.8404,1
RD-DRG-SELA-05,62.0,29.3918701753512,4184.307844194977,165.9,662.12,32.1,1.0,2.29,8,0.846,0.9962,0.8972,1.0,1
RD-DRG-SELA-05,62.0,31.868400602580873,4170.786928986616,166.6,752.67,27.6,1.0,2.25,7,0.85,0.9525,0.9646,1.0,1
RD-SHL-SIL-08,215.0,26.070399056474436,1502.5339336663649,3.74,13.72,24.0,0.346,0.48,9,0.221,0.8623,0.7895,0.9001,1
RD-SELA-TWG-06,78.0,24.68033267191879,3237.8155645344705,6.66,30.26,10.4,0.151,1.7,7,0.122,0.8463,0.3784,0.8294,1
RD-SHL-SIL-08,215.0,24.08363665587455,1435.9474788504679,39.32,165.88,30.2,0.603,0.88,8,0.328,0.919,0.7147,0.9446,1
RD-GHY-SHL-07,98.0,15.074365333374487,1629.6388107185696,33.47,163.82,13.9,0.596,3.11,3,0.212,0.6692,0.4378,0.6308,0
RD-SELA-TWG-06,78.0,24.232128228318253,3186.1001439127404,13.56,54.94,29.2,0.233,2.14,7,0.139,0.8228,0.4358,0.8151,1
RD-GHY-SHL-07,98.0,16.450364843890338,1494.7596870576522,80.12,360.01,31.0,1.0,3.18,3,0.428,0.8992,0.6572,0.871,1
RD-BHK-BMD-03,96.0,23.018874248165382,2380.9825823133033,66.88,307.79,7.1,1.0,0.32,8,0.557,0.9279,0.9374,0.9853,1
RD-GHY-NAG-10,345.0,19.099836732882064,1538.5697217445158,16.86,58.05,11.1,0.243,0.71,6,0.244,0.7734,0.6641,0.7865,1
RD-TEZ-BHK-02,54.0,6.4163354159690265,260.49043998247976,11.39,48.41,16.4,0.461,0.17,3,0.354,0.5564,0.9068,0.8815,1
RD-BMD-DRG-04,42.0,17.131284182327033,2125.713279620743,9.66,29.4,13.1,0.148,1.11,5,0.169,0.7285,0.4705,0.7086,1
RD-GHY-SHL-07,98.0,12.84789735409823,1485.0640182505313,90.83,247.11,11.9,0.874,2.68,2,0.487,0.826,0.7137,0.8086,1
RD-GHY-GTK-12,540.0,16.297172963844766,1598.4458840594575,101.58,272.3,25.1,1.0,0.23,7,0.746,0.9502,0.9822,1.0,1
RD-GHY-TEZ-01,178.0,3.893297370350964,197.7596371295357,82.87,353.36,7.9,1.0,0.63,4,0.565,0.76,0.9356,0.9139,1
RD-SHL-SIL-08,215.0,16.59179310994556,1516.8705901538515,178.2,597.27,31.2,1.0,0.46,7,1.0,0.9901,1.0,1.0,1
RD-TEZ-ITA-11,155.0,1.3282359821658343,283.4393505231816,81.27,320.71,23.5,1.0,1.67,3,0.472,0.747,0.8472,0.837,1
RD-GHY-GTK-12,540.0,23.570075610975714,1739.8022104133092,9.09,29.14,9.4,0.397,0.05,8,0.406,0.9052,0.9325,0.9793,1
RD-SHL-SIL-08,215.0,23.57210505203457,1415.1422419633616,26.25,86.86,27.7,0.34,0.6,6,0.305,0.8755,0.7962,0.9137,1
RD-GHY-ITA-09,320.0,10.882274617499377,340.377355911954,20.12,97.64,15.8,0.375,1.08,4,0.221,0.6354,0.7059,0.6953,1
RD-GHY-TEZ-01,178.0,5.154426944089119,58.1694533246241,83.31,232.7,8.4,0.826,0.79,1,0.544,0.7403,0.9769,0.9509,1
RD-GHY-GTK-12,540.0,19.269708998085264,1658.4939712567211,103.55,494.61,10.5,1.0,0.7,7,0.65,0.9986,0.9587,1.0,1
RD-BMD-DRG-04,42.0,14.624342019606404,2075.8543576385805,3.74,11.37,16.7,0.088,1.33,6,0.126,0.6458,0.3933,0.625,0
RD-SHL-SIL-08,215.0,25.08592183021924,1383.8312077047765,9.77,39.77,10.7,0.433,0.36,8,0.277,0.8889,0.7892,0.9258,1
RD-TEZ-BHK-02,54.0,12.076595166836292,221.61464579817158,22.03,97.88,8.7,0.626,0.08,5,0.448,0.7049,0.9664,0.9586,1
RD-SELA-TWG-06,78.0,25.50283448198362,3130.544901004043,35.58,129.8,32.9,0.483,1.98,7,0.247,0.9114,0.488,0.9034,1
RD-SELA-TWG-06,78.0,18.847452058402247,3256.9593156675387,79.09,385.56,25.6,1.0,1.71,6,0.46,0.9553,0.7044,0.9749,1
RD-DRG-SELA-05,62.0,36.86265977467822,4133.887296380185,12.05,58.78,17.1,0.246,2.47,7,0.124,0.9489,0.3382,0.9267,1
RD-GHY-SHL-07,98.0,17.766513296195384,1556.0120417161984,142.53,388.57,33.1,1.0,2.99,2,0.722,0.9109,0.8839,0.9131,1
RD-TEZ-ITA-11,155.0,2.852686062369875,341.1141564751681,25.12,83.38,14.1,0.328,1.59,4,0.213,0.557,0.6882,0.6644,1
RD-BMD-DRG-04,42.0,17.746141241732246,2064.7288142998773,1.91,7.55,28.1,0.075,1.22,5,0.125,0.6248,0.4013,0.6067,0
RD-TEZ-ITA-11,155.0,4.9201394897940265,270.96125399241765,35.12,173.52,7.5,0.628,1.48,2,0.265,0.6382,0.7227,0.7054,1
RD-BHK-BMD-03,96.0,22.002805807739563,2431.883277086257,14.15,63.84,31.7,0.263,0.71,7,0.232,0.8488,0.6539,0.8627,1
RD-DRG-SELA-05,62.0,28.01324416205973,4214.517467365711,81.46,244.49,26.8,0.865,2.61,9,0.444,0.9776,0.7024,1.0,1
RD-TEZ-ITA-11,155.0,8.545982856516668,299.09421627002394,13.01,38.61,7.5,0.179,1.01,1,0.194,0.4205,0.7005,0.6616,1
RD-GHY-GTK-12,540.0,18.469974511808,1638.7052083118888,28.34,81.23,9.9,0.571,0.2,8,0.416,0.859,0.953,0.9928,1
RD-TEZ-BHK-02,54.0,14.804715824718382,231.79222832530917,12.96,59.04,9.5,0.497,0.28,4,0.318,0.7075,0.9335,0.9276,1
RD-DRG-SELA-05,62.0,36.306500891670495,4139.740736123476,70.33,343.01,13.7,1.0,2.71,7,0.391,0.9508,0.607,0.9668,1
RD-BHK-BMD-03,96.0,26.696661175450835,2476.510350705254,12.15,38.24,29.2,0.427,0.29,8,0.308,0.8741,0.7626,0.901,1
RD-TEZ-ITA-11,155.0,6.735591270545514,262.2836250318864,0.31,1.19,32.6,0.054,1.56,2,0.099,0.3803,0.5817,0.5497,0
RD-SELA-TWG-06,78.0,26.319070287185863,3226.2406851504675,15.32,54.18,14.0,0.231,1.55,7,0.169,0.8009,0.4849,0.801,1
RD-GHY-NAG-10,345.0,13.345922337310267,1565.151131505212,2.16,7.32,27.2,0.074,1.0,9,0.143,0.7002,0.5258,0.7024,1
RD-TEZ-BHK-02,54.0,13.716486458218439,287.4766633944989,221.11,791.09,31.1,1.0,0.26,3,1.0,1.0,1.0,1.0,1
RD-SELA-TWG-06,78.0,28.47089354545554,3102.978488724582,146.11,666.63,12.6,1.0,1.69,6,0.773,0.9841,0.9039,1.0,1
RD-SELA-TWG-06,78.0,22.80915998658919,3098.408822183893,9.88,43.02,21.2,0.193,1.77,9,0.134,0.8386,0.4439,0.8307,1
RD-GHY-GTK-12,540.0,21.43881003108551,1630.547746497152,61.0,229.86,20.2,1.0,0.48,11,0.49,0.9524,0.9145,1.0,1
RD-TEZ-ITA-11,155.0,3.016045710086381,374.43968165652694,23.44,64.38,24.3,0.265,1.54,3,0.208,0.4932,0.6454,0.6184,0
RD-SHL-SIL-08,215.0,16.904470243012053,1373.7568530935494,5.22,18.86,23.7,0.363,0.31,7,0.272,0.7826,0.808,0.8467,1
RD-SELA-TWG-06,78.0,24.297620303861738,3214.5930656507326,16.99,46.96,31.1,0.207,1.79,7,0.167,0.8226,0.4198,0.813,1
RD-GHY-ITA-09,320.0,12.396790977196412,338.4882437533746,1.13,4.53,13.3,0.065,0.94,5,0.145,0.4986,0.6022,0.5849,0
RD-GHY-SHL-07,98.0,13.445371250654764,1533.3619916645496,254.45,1262.22,16.1,1.0,3.25,4,1.0,0.9622,0.9549,0.9737,1
RD-GHY-TEZ-01,178.0,1.0,62.914948478874145,159.04,540.0,34.0,1.0,1.04,0,0.872,0.8777,0.9747,0.9688,1
RD-BMD-DRG-04,42.0,16.30647589284925,2139.204779818625,26.15,82.19,13.2,0.324,1.19,7,0.241,0.7835,0.5404,0.7675,1
RD-GHY-GTK-12,540.0,18.1624133819039,1580.158659554854,36.09,178.82,8.7,0.896,0.07,8,0.521,0.9,0.9704,1.0,1
RD-TEZ-BHK-02,54.0,12.09706900730902,247.23471065965424,158.23,615.71,17.7,1.0,0.39,5,0.963,0.9699,0.9257,0.9941,1
RD-GHY-SHL-07,98.0,16.571852566436853,1604.4752229781527,168.91,517.06,23.8,1.0,3.05,3,0.845,0.9542,0.9141,0.9599,1
RD-TEZ-BHK-02,54.0,14.515986912178054,220.65568494308962,43.72,128.88,4.5,0.73,0.05,3,0.568,0.8231,0.9727,0.9819,1
RD-SHL-SIL-08,215.0,25.129800266243485,1388.7081128143147,51.42,233.64,29.2,1.0,0.05,7,0.604,1.0,0.9831,1.0,1
RD-GHY-TEZ-01,178.0,8.394092895104581,26.86998601252685,4.77,13.34,8.9,0.094,0.61,0,0.202,0.3153,0.8654,0.7886,1
RD-GHY-ITA-09,320.0,14.053462186057345,376.2168642788023,90.24,376.14,30.9,1.0,1.32,5,0.531,0.9156,0.8917,0.9287,1
RD-TEZ-BHK-02,54.0,14.414687935491248,206.43132402700576,72.8,338.15,6.5,1.0,0.06,5,0.699,0.9195,0.9745,0.9977,1
RD-GHY-NAG-10,345.0,19.716538151173943,1529.911040654428,162.25,459.65,23.3,1.0,1.02,6,0.889,0.9915,0.9707,1.0,1
RD-TEZ-ITA-11,155.0,3.4245251992636185,352.5724918006612,60.46,239.14,32.9,0.847,1.69,1,0.373,0.6985,0.7843,0.7708,1
RD-GHY-SHL-07,98.0,13.821748410168777,1565.692666571677,7.73,19.89,31.3,0.116,3.17,3,0.091,0.4659,0.2999,0.435,0
RD-BMD-DRG-04,42.0,14.021820849945424,2108.4050730630797,234.82,980.96,16.2,1.0,1.06,6,1.0,0.9857,0.9994,1.0,1
RD-SHL-SIL-08,215.0,22.255210256162183,1407.898968635263,12.28,41.4,19.6,0.438,0.26,6,0.319,0.8562,0.9475,0.9921,1
RD-BHK-BMD-03,96.0,26.550967841152104,2486.3131968797675,48.66,149.14,7.0,0.797,0.36,7,0.46,0.9148,0.8599,0.9536,1
RD-BHK-BMD-03,96.0,28.0160018316221,2404.040111631111,177.4,873.04,19.0,1.0,0.39,9,1.0,0.9926,1.0,1.0,1
RD-TEZ-ITA-11,155.0,9.550127417499176,301.69041806756826,0.58,1.64,8.9,0.055,1.81,3,0.089,0.4045,0.5941,0.563,0
RD-SELA-TWG-06,78.0,27.085588491953267,3125.7172250253952,16.57,55.23,32.9,0.234,1.51,7,0.177,0.8709,0.4459,0.8606,1
RD-SHL-SIL-08,215.0,20.04853241625269,1396.454594645962,14.92,57.53,32.4,0.492,0.34,8,0.308,0.8257,0.8326,0.8759,1
RD-GHY-ITA-09,320.0,9.714886592773498,423.01438805874,16.52,66.57,9.0,0.272,1.1,3,0.202,0.514,0.6373,0.6189,0
RD-GHY-ITA-09,320.0,4.340862783352648,393.328681191166,35.61,107.91,31.9,0.41,1.17,3,0.286,0.5658,0.7095,0.6913,1
RD-GHY-GTK-12,540.0,21.63627913252829,1649.1069649512542,84.93,231.9,32.3,0.823,0.62,7,0.575,0.9643,0.97,1.0,1
RD-GHY-NAG-10,345.0,17.927333855381747,1454.9015930810824,53.45,154.74,16.6,0.566,0.86,8,0.396,0.921,0.7654,0.9406,1
RD-TEZ-ITA-11,155.0,8.388029910017574,368.08440259646875,1.13,4.49,26.3,0.065,1.47,3,0.107,0.4111,0.5278,0.5032,0
RD-GHY-NAG-10,345.0,22.889607464253224,1498.305807859304,98.7,435.91,33.0,1.0,1.06,10,0.589,0.9501,0.849,0.9806,1
RD-TEZ-ITA-11,155.0,9.661710877035267,335.0894415398592,59.73,270.38,18.9,0.951,1.44,4,0.382,0.7943,0.8154,0.8122,1
RD-DRG-SELA-05,62.0,29.66823253702476,4124.631007220612,62.96,262.04,16.8,0.923,2.35,11,0.364,0.9385,0.6244,0.9576,1
RD-SHL-SIL-08,215.0,29.454235137087792,1414.3583972070348,75.35,223.81,19.7,0.796,0.66,8,0.524,0.9532,0.9169,1.0,1
RD-TEZ-BHK-02,54.0,10.131270545134928,320.7148929094907,28.0,132.91,30.4,0.743,0.44,3,0.344,0.7319,0.819,0.821,1
RD-SELA-TWG-06,78.0,18.46017644721023,3268.2728947249498,3.53,9.48,6.7,0.082,1.6,6,0.112,0.6953,0.3338,0.6879,1
RD-BHK-BMD-03,96.0,25.314579674121358,2475.0734637101627,41.91,117.77,32.4,0.443,0.58,7,0.38,0.8882,0.7473,0.9126,1
RD-GHY-TEZ-01,178.0,3.957825185061173,78.82354692193994,9.83,32.21,21.3,0.157,0.92,2,0.187,0.3108,0.832,0.758,1
RD-BHK-BMD-03,96.0,24.78207569278994,2459.124965555635,2.61,12.81,16.5,0.093,0.51,6,0.21,0.7644,0.6708,0.7846,1
RD-SHL-SIL-08,215.0,19.40403302185659,1446.6139177413186,17.2,49.83,19.7,0.216,0.54,9,0.273,0.825,0.7977,0.8649,1
RD-GHY-GTK-12,540.0,17.356330073031927,1658.1810398887492,28.38,102.35,33.5,0.641,0.19,7,0.424,0.9309,0.9476,0.9977,1
RD-SHL-SIL-08,215.0,23.25667962745227,1475.3078307076485,9.92,34.54,32.5,0.415,0.42,8,0.263,0.8218,0.792,0.8611,1
RD-GHY-SHL-07,98.0,15.323448722885264,1559.74731126806,0.82,3.18,10.7,0.061,2.93,4,0.062,0.4798,0.3404,0.4503,0
RD-GHY-NAG-10,345.0,13.36258897102315,1506.488786616381,142.8,428.43,28.5,1.0,1.01,6,0.799,0.9747,0.9329,1.0,1
RD-GHY-TEZ-01,178.0,1.0,52.27667468664839,29.49,111.14,31.4,0.42,0.79,1,0.293,0.3876,0.8556,0.789,1
RD-BMD-DRG-04,42.0,12.68252990200408,2172.6268194661907,8.98,33.49,9.1,0.162,1.11,5,0.166,0.5732,0.4923,0.5676,0
RD-GHY-ITA-09,320.0,9.561782067180417,282.1087996683353,11.4,33.64,26.8,0.162,1.22,2,0.169,0.5038,0.7018,0.6776,1
RD-BMD-DRG-04,42.0,14.756398177895338,2185.0947218707643,150.9,713.77,8.9,1.0,1.36,4,0.811,0.9887,0.929,1.0,1
RD-GHY-GTK-12,540.0,17.044032272346396,1727.547064967348,94.92,318.47,22.9,1.0,0.45,8,0.654,0.979,0.929,1.0,1
RD-GHY-SHL-07,98.0,11.399173429169661,1577.3994744662791,187.15,574.3,10.5,1.0,2.98,3,0.931,1.0,0.9509,1.0,1
RD-TEZ-BHK-02,54.0,14.795034087297942,217.93404977999512,28.83,140.51,23.6,0.768,0.39,5,0.36,0.8539,0.8814,0.8971,1
RD-BMD-DRG-04,42.0,15.302914369431086,2121.528974231326,3.65,16.02,7.3,0.103,1.0,4,0.15,0.615,0.4549,0.6027,0
RD-GHY-NAG-10,345.0,10.38335431005551,1491.7422938485813,0.0,0.01,4.2,0.05,1.21,7,0.117,0.693,0.5327,0.6964,1
RD-TEZ-ITA-11,155.0,8.073741026598618,266.2262144118321,6.28,19.44,6.0,0.115,1.28,1,0.142,0.3582,0.5825,0.5484,0
RD-TEZ-ITA-11,155.0,8.651915528035579,323.4410432298765,39.48,171.88,21.5,0.623,1.14,1,0.306,0.6351,0.7802,0.7595,1
RD-DRG-SELA-05,62.0,29.413847133205103,4155.9692119382835,23.77,116.82,20.4,0.439,2.72,9,0.173,0.9223,0.4441,0.9174,1
RD-TEZ-BHK-02,54.0,14.917872221922364,221.26688454639117,135.71,570.21,30.3,1.0,0.42,7,0.85,0.9441,0.9944,1.0,1
RD-DRG-SELA-05,62.0,32.23233974783238,4244.475168180861,156.43,650.1,22.3,1.0,2.53,8,0.796,0.9816,0.9121,1.0,1
RD-SHL-SIL-08,215.0,22.076948647567296,1438.17562835874,43.41,165.65,27.1,0.602,0.74,9,0.363,0.9008,0.7564,0.9329,1
RD-DRG-SELA-05,62.0,31.097010075741707,4169.860346366899,121.77,314.26,14.1,1.0,2.44,7,0.636,1.0,0.8218,1.0,1
RD-SHL-SIL-08,215.0,24.461314432490624,1275.1585004389538,196.09,878.74,27.5,1.0,0.5,7,1.0,0.9285,0.9881,1.0,1
RD-GHY-TEZ-01,178.0,5.342474087513729,129.90007937552662,145.53,608.82,28.9,1.0,0.73,0,0.842,0.8674,0.9682,0.961,1
RD-GHY-ITA-09,320.0,10.518285522702001,332.250479976991,92.81,277.32,27.3,0.974,0.77,2,0.591,0.9027,0.9582,0.9722,1
RD-TEZ-BHK-02,54.0,16.097685036171047,285.8649248304656,15.71,70.11,11.2,0.534,0.15,3,0.381,0.7045,0.9424,0.9356,1
RD-BHK-BMD-03,96.0,23.552818566694913,2488.6114050707793,18.7,89.02,9.9,0.347,0.54,7,0.28,0.8524,0.7149,0.874,1
RD-GHY-GTK-12,540.0,21.58167754830584,1616.0578727817226,153.03,601.85,28.4,1.0,0.38,7,0.943,0.977,1.0,1.0,1
RD-TEZ-BHK-02,54.0,8.339844590284304,233.49304665599374,117.42,353.52,29.7,1.0,0.12,7,0.872,0.9485,1.0,1.0,1
RD-SHL-SIL-08,215.0,18.79574968117784,1494.452484638984,178.84,854.76,16.1,1.0,0.79,7,0.99,0.9198,1.0,1.0,1
RD-GHY-SHL-07,98.0,17.526608508301422,1581.2811447674803,9.19,45.27,23.8,0.201,2.85,2,0.103,0.5537,0.325,0.5156,0
RD-SHL-SIL-08,215.0,21.736287514585925,1409.112922179102,28.22,83.89,14.5,0.33,0.71,6,0.297,0.8219,0.7149,0.8517,1
RD-SHL-SIL-08,215.0,24.85517453500619,1468.5304190745053,114.07,408.6,21.5,1.0,0.16,7,0.836,0.9841,0.9574,1.0,1
RD-GHY-TEZ-01,178.0,6.761773266086045,93.04853618752468,27.69,82.34,20.3,0.324,0.59,1,0.313,0.462,0.8647,0.8069,1
RD-BHK-BMD-03,96.0,20.59603768372783,2521.3783179577467,113.39,508.61,22.5,1.0,0.1,6,0.864,1.0,0.9763,1.0,1
RD-GHY-SHL-07,98.0,14.399767239706222,1567.4864841038184,191.25,753.12,31.9,1.0,3.24,2,0.946,0.9665,0.9611,0.9789,1
RD-SHL-SIL-08,215.0,25.14597708464005,1402.104636706239,114.83,507.03,13.3,1.0,0.78,6,0.692,1.0,0.9972,1.0,1
RD-DRG-SELA-05,62.0,30.93032897975134,4212.061375336597,40.72,105.69,12.8,0.402,2.4,10,0.259,0.9794,0.5304,0.9824,1
RD-GHY-TEZ-01,178.0,5.123251668618698,110.22686992579789,155.4,398.37,31.8,1.0,0.65,0,0.899,0.823,0.9856,0.9715,1
RD-GHY-GTK-12,540.0,24.105829698540767,1752.6197746060602,84.64,222.51,4.5,1.0,0.44,8,0.609,0.9321,0.9576,1.0,1
RD-SHL-SIL-08,215.0,24.961977206359222,1349.1662811989443,106.22,400.39,26.0,1.0,0.8,6,0.65,0.9708,0.8992,1.0,1
RD-GHY-TEZ-01,178.0,3.30982796101945,97.9387975460727,176.02,759.59,10.0,1.0,1.08,3,0.948,0.898,0.9793,0.9763,1
RD-GHY-GTK-12,540.0,17.949791195609485,1712.0559186247688,0.33,1.34,28.6,0.304,0.41,9,0.221,0.833,0.7886,0.8666,1
RD-GHY-ITA-09,320.0,11.985226901517297,362.5989405453022,11.97,59.49,32.5,0.248,0.99,2,0.19,0.5035,0.6456,0.6255,0
RD-BMD-DRG-04,42.0,26.517614210634743,2092.035219871906,8.38,35.02,7.5,0.167,1.08,5,0.166,0.7216,0.4387,0.6988,1
RD-TEZ-ITA-11,155.0,8.138704089255437,266.7456557910625,6.24,21.91,31.1,0.123,1.42,2,0.133,0.3895,0.6749,0.6351,0
RD-SELA-TWG-06,78.0,22.188720234890223,3196.9163949826566,109.21,529.54,14.4,1.0,1.77,7,0.598,0.9234,0.8633,0.9665,1
RD-GHY-GTK-12,540.0,24.809034723030383,1696.8753018322848,95.53,473.34,9.1,1.0,0.21,7,0.728,0.9528,0.9579,1.0,1
RD-GHY-ITA-09,320.0,13.855089374840325,327.4031653367537,27.01,70.72,29.8,0.286,0.89,2,0.27,0.6342,0.7336,0.7214,1
RD-DRG-SELA-05,62.0,31.430035951455523,4201.562895995361,41.28,173.08,20.6,0.627,2.18,7,0.267,0.9305,0.4597,0.9271,1
RD-DRG-SELA-05,62.0,32.88076545762257,4215.232874095492,110.72,508.8,34.0,1.0,2.41,9,0.586,0.9616,0.8295,1.0,1
RD-GHY-TEZ-01,178.0,5.60507376889119,75.33579316930944,34.31,146.23,26.2,0.537,0.52,4,0.356,0.5619,0.9107,0.8629,1
RD-BMD-DRG-04,42.0,13.524159251154675,2162.6575700426138,14.46,40.27,30.5,0.184,1.3,5,0.179,0.6418,0.4186,0.6239,0
RD-BMD-DRG-04,42.0,15.78742250970868,2146.7630782487718,32.99,123.13,29.1,0.46,1.36,5,0.262,0.8193,0.5527,0.8024,1
RD-SELA-TWG-06,78.0,20.86434021057837,3207.4051609713456,168.54,664.92,15.0,1.0,1.66,6,0.879,1.0,0.9617,1.0,1
RD-DRG-SELA-05,62.0,28.30715636642413,4134.283075926406,27.48,78.98,27.6,0.313,2.66,7,0.191,0.8935,0.4347,0.8898,1
RD-GHY-SHL-07,98.0,12.96461195904406,1488.8042397580643,7.4,24.36,8.1,0.131,2.81,6,0.095,0.5807,0.3503,0.5421,0
RD-GHY-TEZ-01,178.0,4.7813168888470585,88.62052473001452,12.3,39.96,26.2,0.433,0.43,1,0.273,0.4257,0.8756,0.8121,1
RD-GHY-NAG-10,345.0,18.98733434901969,1500.6572394279883,10.69,40.5,29.5,0.185,0.74,7,0.211,0.8073,0.585,0.809,1
RD-SHL-SIL-08,215.0,21.176281608425636,1350.5427634096507,61.18,276.43,27.6,0.971,0.81,8,0.438,0.9744,0.8671,1.0,1
RD-BHK-BMD-03,96.0,26.791866185617874,2449.735063528987,41.81,188.51,16.7,0.928,0.48,6,0.4,0.938,0.8258,0.9715,1
RD-TEZ-BHK-02,54.0,11.398158139495342,270.1894535365879,189.15,520.96,22.5,1.0,0.05,5,1.0,0.9312,1.0,1.0,1
RD-SHL-SIL-08,215.0,27.8523571106381,1417.4146586339768,192.89,589.2,28.2,1.0,0.47,6,1.0,0.9907,0.9553,1.0,1
RD-GHY-NAG-10,345.0,17.375442479078597,1406.2017251967077,1.81,4.7,18.9,0.066,0.7,8,0.175,0.7394,0.5547,0.742,1
RD-TEZ-ITA-11,155.0,5.10586747741054,277.353583885208,191.08,701.59,9.9,1.0,1.72,1,0.982,0.9889,0.9928,1.0,1
RD-SELA-TWG-06,78.0,24.360543957739,3246.504290239568,17.67,45.93,10.8,0.203,1.85,9,0.168,0.8909,0.4731,0.8825,1
RD-GHY-GTK-12,540.0,23.868520306681933,1712.3630426347238,24.15,110.0,9.5,0.667,0.08,7,0.458,0.9219,0.9773,1.0,1
RD-TEZ-BHK-02,54.0,9.602377698545475,253.6822993734895,208.3,896.95,25.7,1.0,0.05,4,1.0,0.9781,1.0,1.0,1
RD-BMD-DRG-04,42.0,12.058841965620518,2096.3978998821794,25.04,63.92,7.9,0.263,1.47,4,0.218,0.6285,0.5008,0.6195,0
RD-GHY-ITA-09,320.0,6.524371453200676,389.5307438754632,8.86,43.35,14.9,0.195,1.31,3,0.152,0.485,0.5234,0.5109,0
RD-SELA-TWG-06,78.0,26.698366616368595,3195.722008288315,35.71,131.53,4.6,0.488,1.81,7,0.253,0.8787,0.566,0.8835,1
RD-SHL-SIL-08,215.0,16.762361766125203,1437.1218444650667,46.55,131.67,23.6,0.739,0.41,7,0.437,0.8798,0.9067,0.9553,1
RD-GHY-TEZ-01,178.0,2.7496027082469756,30.669543730013103,54.51,169.71,19.7,0.616,0.72,2,0.418,0.5326,0.9461,0.8918,1
RD-SELA-TWG-06,78.0,25.007951713539235,3164.37857050317,73.33,341.83,9.4,1.0,1.92,7,0.425,0.8879,0.6795,0.9072,1
RD-DRG-SELA-05,62.0,25.919269088102055,4147.066087264755,10.85,28.46,6.6,0.145,2.37,9,0.12,0.8619,0.3929,0.8554,1
RD-SHL-SIL-08,215.0,23.789200427581072,1396.1142226494098,109.77,311.82,33.2,1.0,0.86,9,0.66,0.9045,0.9405,0.992,1
RD-GHY-ITA-09,320.0,8.125925826303945,363.7834038018094,70.34,290.71,28.0,1.0,1.19,6,0.447,0.8722,0.804,0.8746,1
RD-GHY-GTK-12,540.0,24.168775360343854,1613.190664495569,43.27,140.98,6.8,0.77,0.05,8,0.566,0.8948,0.9556,1.0,1
RD-GHY-NAG-10,345.0,22.155712138824416,1427.8293468490713,113.4,347.05,4.9,1.0,0.87,7,0.675,1.0,0.9369,1.0,1
RD-SELA-TWG-06,78.0,22.088066022469373,3121.3487786261767,88.09,302.57,9.0,1.0,1.89,6,0.495,0.9346,0.7425,0.9605,1
RD-SHL-SIL-08,215.0,23.99173098270057,1383.2465864036155,13.85,66.4,4.4,0.521,0.24,9,0.336,0.8942,0.8785,0.9429,1
RD-GHY-NAG-10,345.0,16.99589559607091,1459.3228713647231,45.25,185.07,17.4,0.667,0.86,6,0.358,0.8583,0.75,0.8782,1
RD-GHY-ITA-09,320.0,9.475478277081418,349.5616358180224,138.64,677.08,20.1,1.0,1.33,2,0.756,0.9345,0.952,0.9706,1
RD-GHY-ITA-09,320.0,6.804605884622781,414.35905233530457,146.93,437.83,11.4,1.0,1.25,2,0.8,0.8874,0.9448,0.9569,1
RD-DRG-SELA-05,62.0,33.55522542928095,4167.401841099506,17.47,56.71,23.3,0.239,2.31,8,0.153,0.8984,0.3887,0.888,1
RD-GHY-ITA-09,320.0,1.7237516265204906,311.46687723577605,25.76,128.04,5.0,0.477,0.85,3,0.269,0.5329,0.7453,0.7211,1
RD-GHY-TEZ-01,178.0,6.652937178235172,139.40264270226285,16.92,60.06,13.1,0.25,0.69,0,0.247,0.3591,0.869,0.7975,1
RD-GHY-ITA-09,320.0,14.002001254841222,439.49421577754276,75.23,268.65,9.2,0.945,1.2,6,0.469,0.8836,0.8268,0.8887,1
RD-BHK-BMD-03,96.0,30.527222243937775,2465.014344579375,7.39,27.4,31.8,0.391,0.34,7,0.272,0.847,0.7251,0.8701,1
RD-GHY-NAG-10,345.0,20.190563565563405,1451.052997003157,17.33,78.6,4.3,0.312,0.56,9,0.27,0.819,0.7148,0.8359,1
RD-GHY-NAG-10,345.0,19.160525458600404,1542.3426846699592,139.09,356.89,25.3,1.0,1.04,6,0.779,0.941,0.9552,0.9987,1
RD-GHY-GTK-12,540.0,20.107665736067304,1754.2035636826245,243.58,667.0,9.6,1.0,0.12,8,1.0,1.0,1.0,1.0,1
RD-GHY-ITA-09,320.0,8.664927614686857,374.39540449289376,34.63,90.91,33.7,0.353,0.95,3,0.3,0.6179,0.7496,0.7346,1
RD-BMD-DRG-04,42.0,7.539200489712295,2070.1025327491093,68.42,320.34,18.0,1.0,0.85,6,0.467,0.8448,0.7779,0.8546,1
RD-SHL-SIL-08,215.0,24.008232692332225,1373.4342090337043,30.22,98.22,26.6,0.377,0.6,9,0.323,0.9269,0.7981,0.9638,1
RD-BHK-BMD-03,96.0,31.023494031411275,2450.314874622748,15.17,65.35,27.3,0.518,0.44,7,0.285,0.8417,0.7568,0.869,1
RD-SELA-TWG-06,78.0,20.321730740469054,3251.8903470763553,37.28,139.19,27.9,0.514,1.79,7,0.261,0.9293,0.4957,0.921,1
RD-SELA-TWG-06,78.0,27.068385817223,3143.3090403123024,160.15,606.42,7.6,1.0,1.85,8,0.833,0.9696,0.9353,1.0,1
RD-GHY-ITA-09,320.0,8.840555960807544,303.14297381594787,3.35,11.86,31.6,0.09,1.11,3,0.14,0.4821,0.5779,0.561,0
RD-GHY-TEZ-01,178.0,3.939690571999463,165.6657416701742,23.13,85.7,6.6,0.336,0.89,1,0.252,0.4299,0.8226,0.7643,1
RD-BHK-BMD-03,96.0,27.325279758999315,2404.132024245658,148.18,377.86,4.8,1.0,0.41,9,0.911,0.9551,0.933,1.0,1
RD-GHY-TEZ-01,178.0,10.056696659385983,139.27466336960336,103.22,407.06,17.1,1.0,0.73,2,0.645,0.8235,0.9871,0.973,1
RD-SHL-SIL-08,215.0,22.340806077933653,1320.8255299443442,97.12,471.51,17.8,1.0,0.39,9,0.679,0.9336,0.9593,1.0,1
RD-GHY-TEZ-01,178.0,1.0,78.33384513538735,5.39,18.77,7.0,0.113,0.7,3,0.192,0.3291,0.7939,0.726,1
RD-GHY-SHL-07,98.0,16.60586900127943,1620.138215529035,20.75,102.53,28.6,0.392,3.14,4,0.152,0.6111,0.4138,0.5753,0
RD-GHY-ITA-09,320.0,12.861653465644409,453.0967478001807,4.16,16.3,14.6,0.104,0.89,4,0.163,0.5395,0.6028,0.5891,0
RD-GHY-NAG-10,345.0,9.193527535701918,1507.6502686589333,69.5,287.68,7.0,1.0,0.93,8,0.464,0.9792,0.8061,1.0,1
RD-SELA-TWG-06,78.0,30.314917477279042,3232.395879416679,241.11,876.77,29.8,1.0,1.78,6,1.0,0.9593,1.0,1.0,1
RD-GHY-GTK-12,540.0,21.911910533683002,1677.393761849735,152.23,758.77,23.9,1.0,0.5,10,0.91,1.0,1.0,1.0,1
RD-BMD-DRG-04,42.0,19.61341722971548,2110.3122818813717,34.74,116.63,16.9,0.439,1.11,4,0.286,0.8012,0.6224,0.7938,1
RD-TEZ-BHK-02,54.0,10.955054739768105,246.30915786267985,82.29,286.33,20.9,1.0,0.21,4,0.665,0.9363,1.0,1.0,1
RD-TEZ-ITA-11,155.0,8.008735291515254,295.7427867285929,175.36,636.92,34.0,1.0,1.48,3,0.919,0.9559,0.9603,0.9759,1
RD-GHY-ITA-09,320.0,11.28277456352264,382.7120377391604,10.81,44.78,15.7,0.199,1.31,4,0.161,0.5802,0.6139,0.6033,0
RD-GHY-SHL-07,98.0,19.86606899874934,1497.544803135586,64.3,242.9,24.4,0.86,2.91,2,0.359,0.7906,0.6194,0.7635,1
RD-GHY-GTK-12,540.0,19.53991395351146,1600.6274765638225,133.01,397.71,17.8,1.0,0.4,7,0.843,1.0,0.9825,1.0,1
RD-GHY-NAG-10,345.0,16.91522860240781,1474.7171860910764,1.26,4.24,23.9,0.064,1.02,6,0.137,0.715,0.4247,0.7053,1
RD-GHY-TEZ-01,178.0,3.261010253559137,49.70856185914636,79.69,213.55,21.0,0.762,1.1,1,0.497,0.7284,0.9552,0.9283,1
RD-DRG-SELA-05,62.0,32.07668605130725,4193.261910860725,169.91,729.2,31.5,1.0,2.6,7,0.857,1.0,0.9297,1.0,1
RD-BMD-DRG-04,42.0,12.808662425648686,2072.8166128062335,6.08,23.97,23.4,0.13,1.21,4,0.146,0.5935,0.4413,0.5818,0
RD-TEZ-BHK-02,54.0,10.947063923366404,274.4107783750225,173.57,510.05,31.6,1.0,0.05,4,1.0,0.9324,0.9935,1.0,1
RD-BMD-DRG-04,42.0,13.227038688967873,2086.7276810887247,19.55,71.8,29.8,0.289,1.16,5,0.212,0.691,0.4958,0.6767,1
RD-BMD-DRG-04,42.0,14.703150012610108,2102.757727867079,112.03,352.8,6.8,1.0,1.18,6,0.642,0.9508,0.8944,0.9737,1
RD-TEZ-ITA-11,155.0,7.549860140383174,288.09759153284097,188.77,481.68,10.5,1.0,1.62,4,0.975,0.9481,0.9955,1.0,1
RD-TEZ-ITA-11,155.0,12.90134993015478,247.80367350624817,8.61,32.6,23.5,0.159,1.65,3,0.133,0.4222,0.5986,0.5688,0
RD-GHY-ITA-09,320.0,12.06693556500321,293.18053246338343,59.29,156.65,14.0,0.572,1.41,4,0.381,0.805,0.8648,0.8675,1
RD-GHY-SHL-07,98.0,11.431096345395797,1630.322918398932,56.26,231.17,9.0,0.821,3.16,3,0.317,0.7762,0.5485,0.7416,1
RD-TEZ-ITA-11,155.0,5.2427408347788855,379.10485192750144,21.15,84.44,16.2,0.331,1.42,1,0.203,0.4959,0.6274,0.602,0
RD-TEZ-ITA-11,155.0,4.186702316525793,287.3377388151674,88.63,312.94,30.7,1.0,1.45,3,0.516,0.805,0.9202,0.9153,1
RD-TEZ-ITA-11,155.0,6.600102486390516,346.5233745226299,3.32,14.06,31.8,0.097,1.41,2,0.12,0.4045,0.533,0.5074,0
RD-TEZ-BHK-02,54.0,10.714555489918805,166.5708891755556,147.78,455.14,24.3,1.0,0.49,3,0.891,0.9115,0.9701,0.9922,1
RD-BHK-BMD-03,96.0,24.743676212202722,2492.9806469689916,4.02,12.13,22.2,0.09,0.65,7,0.193,0.8214,0.5886,0.8287,1
RD-GHY-ITA-09,320.0,8.759377270127326,331.9889114346982,41.88,127.53,13.5,0.475,1.4,2,0.301,0.6852,0.7699,0.7616,1
RD-BHK-BMD-03,96.0,28.797918724463685,2398.8610879506123,5.31,17.91,23.2,0.36,0.4,6,0.248,0.8387,0.726,0.8622,1
RD-GHY-NAG-10,345.0,16.55714181093472,1621.9199672585328,6.61,30.26,22.4,0.151,1.29,7,0.142,0.7952,0.5044,0.7881,1
RD-SELA-TWG-06,78.0,30.223964319410467,3218.088055388086,4.13,14.08,9.4,0.097,1.77,7,0.107,0.817,0.4175,0.8076,1
RD-GHY-ITA-09,320.0,10.360155602917253,396.1254398302411,179.17,776.51,19.5,1.0,1.14,3,0.958,0.9065,0.9645,0.9789,1
RD-SELA-TWG-06,78.0,22.3497459675442,3256.7522188887515,11.55,29.17,31.5,0.147,2.02,9,0.133,0.7957,0.4245,0.789,1
RD-GHY-SHL-07,98.0,14.08747376670767,1495.300539702432,67.41,313.15,31.1,1.0,2.66,3,0.378,0.8417,0.6304,0.813,1
RD-GHY-SHL-07,98.0,15.42577065684962,1599.9944356326137,16.02,64.96,22.2,0.267,3.05,7,0.131,0.6542,0.4129,0.6146,0
RD-SELA-TWG-06,78.0,21.426909679807522,3136.5601043735555,8.34,39.84,25.7,0.183,1.75,6,0.128,0.8398,0.3973,0.8259,1
RD-GHY-NAG-10,345.0,16.147215057140503,1466.0076032673273,13.94,52.55,27.0,0.225,1.0,6,0.198,0.8146,0.585,0.8159,1
RD-GHY-SHL-07,98.0,14.292599305335841,1583.431928525554,5.65,19.37,30.1,0.115,2.97,2,0.084,0.4794,0.3267,0.449,0
RD-GHY-GTK-12,540.0,16.1651860665743,1718.2529160756112,30.63,85.96,30.7,0.337,0.64,10,0.319,0.8783,0.7357,0.9035,1
RD-SHL-SIL-08,215.0,27.696896004074837,1378.4882332330374,24.87,76.25,25.0,0.304,0.58,8,0.3,0.8907,0.7874,0.9273,1
RD-GHY-SHL-07,98.0,20.236601261826802,1524.4118021633176,215.19,968.47,6.8,1.0,3.12,2,1.0,0.9723,0.9258,0.9795,1
RD-GHY-TEZ-01,178.0,9.06033481501931,137.7675603500543,47.43,144.51,7.4,0.532,1.09,2,0.347,0.6175,0.8738,0.8357,1
RD-GHY-NAG-10,345.0,14.909196128454417,1457.5699466284736,179.04,630.74,23.7,1.0,0.64,10,1.0,0.9716,1.0,1.0,1
RD-BHK-BMD-03,96.0,24.912407022785658,2410.63889351798,35.48,141.08,22.7,0.52,0.55,8,0.356,0.8627,0.792,0.8937,1
RD-DRG-SELA-05,62.0,30.36147065121737,4225.804933288628,174.97,553.69,10.6,1.0,2.39,9,0.886,0.9674,0.9166,1.0,1
RD-BMD-DRG-04,42.0,16.04587598588742,2098.7590188876934,154.03,711.3,27.0,1.0,0.99,6,0.853,0.8879,0.9265,0.9489,1
RD-SELA-TWG-06,78.0,21.352741915144634,3194.30860927688,99.14,428.42,11.2,1.0,2.05,7,0.541,0.9687,0.8402,1.0,1
RD-GHY-GTK-12,540.0,21.59207875547677,1727.1172591433924,0.26,1.23,6.0,0.304,0.14,7,0.313,0.8211,0.9424,0.9772,1
RD-GHY-ITA-09,320.0,9.206656633864272,292.42104111012674,26.36,89.19,5.8,0.347,1.29,2,0.235,0.5866,0.7778,0.7576,1
RD-GHY-NAG-10,345.0,16.277728021225723,1486.8335773698677,0.42,1.17,25.0,0.054,0.93,7,0.142,0.7677,0.5567,0.7687,1
RD-BHK-BMD-03,96.0,23.86626074916921,2358.421320180413,172.78,774.43,22.9,1.0,0.13,6,1.0,1.0,1.0,1.0,1
RD-SHL-SIL-08,215.0,20.884299819188964,1399.1786213634512,9.9,46.09,21.7,0.204,0.81,6,0.199,0.764,0.6909,0.7936,1
RD-BHK-BMD-03,96.0,26.451321373887115,2460.4934608552644,44.12,170.63,20.0,0.869,0.5,6,0.406,0.9184,0.7902,0.9475,1
RD-GHY-NAG-10,345.0,19.408507443569537,1477.515793835134,110.59,468.87,20.4,1.0,0.63,6,0.693,0.9282,0.9081,0.9674,1
RD-DRG-SELA-05,62.0,30.899342279450956,4122.0070197423365,42.04,134.81,33.6,0.499,2.33,7,0.267,0.9439,0.5297,0.9493,1
RD-TEZ-BHK-02,54.0,12.710169658826752,167.62667913630253,16.5,42.02,4.2,0.19,0.66,4,0.249,0.5977,0.8189,0.8045,1
RD-GHY-NAG-10,345.0,16.59023100112737,1500.493803132001,14.16,45.55,26.9,0.202,0.67,6,0.237,0.7741,0.648,0.7852,1
RD-GHY-GTK-12,540.0,21.87940831867167,1714.0259318418498,264.02,739.93,18.6,1.0,0.27,10,1.0,0.9914,1.0,1.0,1
RD-SELA-TWG-06,78.0,24.286042087096604,3214.1907717715844,14.0,58.62,9.2,0.245,1.72,8,0.155,0.8494,0.4088,0.8361,1
RD-BHK-BMD-03,96.0,25.05396220410808,2422.0218266965157,11.92,54.22,12.6,0.231,0.87,7,0.202,0.8024,0.5729,0.809,1
RD-GHY-GTK-12,540.0,29.075384021443472,1638.4230288441258,40.95,168.91,30.9,0.863,0.3,9,0.442,0.9207,0.9541,1.0,1
RD-TEZ-BHK-02,54.0,11.042251051768256,87.23410268402449,5.64,23.47,11.4,0.128,0.69,3,0.194,0.5335,0.7478,0.7304,1
RD-DRG-SELA-05,62.0,30.45019103503627,4236.829131885039,143.59,472.75,10.9,1.0,2.15,10,0.745,0.9665,0.9031,1.0,1
RD-GHY-NAG-10,345.0,21.474448666978635,1480.8315587885968,27.79,110.04,10.5,0.417,0.86,9,0.277,0.8466,0.6455,0.8536,1
RD-GHY-TEZ-01,178.0,2.249612869718545,48.06944612637173,49.74,218.04,5.8,1.0,0.47,4,0.438,0.6632,0.9956,0.9573,1
RD-SELA-TWG-06,78.0,28.22822466882078,3146.6714222100245,2.43,9.55,14.9,0.082,2.13,7,0.088,0.8006,0.3547,0.7851,1
RD-GHY-SHL-07,98.0,14.33842947644645,1507.2015774018073,56.6,170.61,15.7,0.619,2.82,3,0.324,0.7697,0.5612,0.737,1
RD-TEZ-BHK-02,54.0,10.516222276602523,239.44280361971244,3.65,14.67,19.2,0.349,0.05,4,0.381,0.6697,0.9808,0.9672,1
RD-BMD-DRG-04,42.0,16.108098619285606,2175.4986993988505,4.68,14.48,24.3,0.098,1.29,6,0.134,0.6836,0.4119,0.6613,1
RD-GHY-NAG-10,345.0,17.47017146951085,1539.6369844663789,9.5,34.68,9.8,0.166,1.03,6,0.175,0.7271,0.5347,0.7284,1
RD-TEZ-ITA-11,155.0,7.5977265017921525,328.1962976716686,38.24,128.6,28.2,0.479,1.55,2,0.276,0.6051,0.7485,0.7261,1
RD-GHY-SHL-07,98.0,15.309397223673963,1521.8065048747333,213.33,640.98,22.3,1.0,2.78,7,1.0,0.9705,0.9811,0.9947,1
RD-GHY-ITA-09,320.0,10.051319131028228,457.599128350215,218.13,789.42,33.0,1.0,0.99,3,1.0,0.9959,1.0,1.0,1
RD-GHY-ITA-09,320.0,9.173460276820789,379.1875071831505,25.29,82.21,23.3,0.324,1.12,4,0.241,0.636,0.6788,0.6697,1
RD-SELA-TWG-06,78.0,17.372410429937904,3170.738740882932,12.41,42.53,6.3,0.192,1.59,7,0.154,0.7608,0.4117,0.7557,1
RD-BMD-DRG-04,42.0,13.86906775562112,2079.004283884238,161.85,754.86,28.6,1.0,1.14,4,0.877,0.9663,0.9072,0.9908,1
RD-TEZ-ITA-11,155.0,5.786741601644058,236.9223695779022,56.98,224.09,22.4,0.797,1.45,3,0.368,0.7603,0.8279,0.8201,1
RD-GHY-SHL-07,98.0,12.394466417885335,1565.064853915328,5.63,21.76,14.5,0.123,3.03,4,0.083,0.5017,0.3817,0.4732,0
RD-GHY-NAG-10,345.0,18.803906397632215,1463.1683898900146,13.67,35.45,10.9,0.168,0.67,11,0.235,0.865,0.6578,0.8726,1
RD-TEZ-BHK-02,54.0,8.060057228016863,179.80707893035978,142.59,404.39,16.6,1.0,0.21,4,0.945,0.9594,1.0,1.0,1
RD-DRG-SELA-05,62.0,32.388854703194426,4116.727913022471,5.26,14.81,13.1,0.099,2.63,10,0.088,0.8273,0.363,0.8202,1
RD-BHK-BMD-03,96.0,26.281754204644646,2394.4936029508854,112.95,544.8,26.3,1.0,0.63,7,0.705,0.9261,0.8908,0.9689,1
RD-TEZ-BHK-02,54.0,16.467875828827776,245.4768157482675,37.12,128.4,25.0,0.478,0.62,5,0.352,0.7701,0.834,0.8402,1
RD-GHY-GTK-12,540.0,22.646935392611116,1697.8208603296348,147.65,504.74,6.8,1.0,0.05,7,1.0,0.9746,1.0,1.0,1
RD-GHY-SHL-07,98.0,14.174568044717162,1505.9525295001222,7.31,28.65,32.9,0.146,3.4,6,0.085,0.6495,0.3266,0.6019,0
RD-GHY-SHL-07,98.0,16.58812723328946,1599.2810456668299,32.91,146.56,28.7,0.539,3.26,3,0.207,0.7002,0.4906,0.6647,1
RD-GHY-GTK-12,540.0,22.028985342213918,1687.353112504534,183.13,466.37,25.7,1.0,0.48,10,1.0,1.0,0.9946,1.0,1
RD-BHK-BMD-03,96.0,20.401751935503512,2466.0805984249023,83.58,379.17,20.9,1.0,0.42,7,0.608,0.9085,0.9228,0.9682,1
RD-BMD-DRG-04,42.0,18.37139974949353,2082.4636435716066,26.17,93.91,5.7,0.363,1.35,6,0.23,0.7381,0.5306,0.7241,1
RD-TEZ-ITA-11,155.0,1.8721790297541574,304.19685141812755,11.53,43.92,27.7,0.196,1.55,2,0.151,0.3731,0.5872,0.554,0
RD-GHY-ITA-09,320.0,10.405393116940695,328.68955498704645,24.9,81.3,32.0,0.321,0.81,4,0.269,0.6071,0.7556,0.7391,1
RD-GHY-GTK-12,540.0,25.10892301614861,1729.3476055439837,34.57,165.58,17.6,0.602,0.66,7,0.334,0.8758,0.762,0.9045,1
RD-BMD-DRG-04,42.0,9.792044947456942,2138.1431780593225,171.63,701.6,10.4,1.0,0.95,6,0.939,0.9957,0.9982,1.0,1
RD-GHY-SHL-07,98.0,11.503609374982982,1482.3981786466086,41.02,198.47,25.8,0.712,2.92,3,0.25,0.7203,0.5325,0.6878,1
RD-GHY-NAG-10,345.0,20.76728325185493,1460.4785642825266,191.37,825.39,13.1,1.0,1.15,7,1.0,0.9881,0.9174,1.0,1
RD-TEZ-ITA-11,155.0,4.680138023336963,280.07763872491756,52.34,228.83,10.3,0.813,2.08,2,0.322,0.6535,0.7885,0.7695,1
RD-SELA-TWG-06,78.0,23.895191052417086,3167.485052376642,10.58,43.06,22.3,0.194,1.48,7,0.15,0.7434,0.4039,0.7389,1
RD-SELA-TWG-06,78.0,28.220400116418826,3247.8455785470483,6.87,24.92,16.7,0.133,2.25,8,0.105,0.8521,0.3479,0.8308,1
RD-TEZ-ITA-11,155.0,5.507923673219587,264.2678265323428,172.59,562.61,20.6,1.0,1.34,1,0.914,0.9502,0.9337,0.9628,1
RD-DRG-SELA-05,62.0,31.656297039742388,4214.871771447203,251.64,964.25,5.1,1.0,2.46,9,1.0,0.9597,0.9935,1.0,1
RD-SELA-TWG-06,78.0,21.36394978007829,3155.1241395275097,3.27,14.44,31.6,0.098,1.83,8,0.101,0.7885,0.3655,0.7755,1
RD-SHL-SIL-08,215.0,17.778190421684368,1372.0849541982059,11.33,46.17,4.2,0.454,0.47,9,0.259,0.8746,0.8266,0.9168,1
RD-SHL-SIL-08,215.0,18.587116025978663,1390.9508761028303,159.56,399.21,11.7,1.0,0.57,7,0.931,0.9727,0.9717,1.0,1
RD-BMD-DRG-04,42.0,10.105511402464737,2143.9856589900965,198.52,658.18,13.7,1.0,1.16,5,1.0,0.9973,0.9857,1.0,1
RD-SELA-TWG-06,78.0,28.5295909606407,3226.5161440718443,84.44,409.09,28.0,1.0,2.31,6,0.465,0.9457,0.7377,0.9705,1
RD-GHY-GTK-12,540.0,18.83436439542725,1625.5796783426429,45.57,115.72,27.9,0.686,0.05,10,0.576,0.9253,0.9619,1.0,1
RD-TEZ-BHK-02,54.0,12.083191776580742,267.22566112142215,50.32,167.46,26.6,0.858,0.22,4,0.512,0.8594,0.9666,0.9813,1
RD-BMD-DRG-04,42.0,16.95282890363522,2130.1960603420703,0.23,0.67,28.4,0.052,1.58,7,0.097,0.6687,0.3711,0.6437,0
RD-BHK-BMD-03,96.0,25.261252821089414,2538.903893837582,38.97,118.24,28.3,0.694,0.41,7,0.401,0.8841,0.8172,0.9179,1
RD-DRG-SELA-05,62.0,25.15568851470018,4197.64059895965,148.59,514.77,31.4,1.0,2.32,9,0.764,0.9767,0.8821,1.0,1
RD-GHY-GTK-12,540.0,18.239878511322708,1654.7527611866856,3.58,11.59,16.8,0.339,0.36,8,0.25,0.8108,0.7854,0.8447,1
RD-DRG-SELA-05,62.0,35.27696040531577,4120.622170145388,10.37,41.05,14.2,0.187,2.28,8,0.12,0.9126,0.3346,0.8935,1
RD-GHY-TEZ-01,178.0,8.022225469463109,65.03891027345756,16.01,58.25,29.9,0.244,0.77,5,0.232,0.4926,0.8396,0.7877,1
RD-GHY-GTK-12,540.0,22.16783619456521,1686.5978138745022,40.05,188.11,4.9,0.927,0.37,9,0.417,0.9374,0.8901,0.982,1
RD-BMD-DRG-04,42.0,18.171639059801635,2052.56668880783,8.0,23.02,33.8,0.127,1.11,4,0.162,0.6713,0.4588,0.6548,1
RD-DRG-SELA-05,62.0,35.14437346931696,4172.3687217007655,26.73,109.07,31.7,0.414,2.54,8,0.19,0.918,0.3809,0.9047,1
RD-GHY-NAG-10,345.0,15.206242376878883,1583.3605800425878,3.47,13.76,33.8,0.096,1.34,6,0.125,0.7134,0.4299,0.7044,1
RD-BHK-BMD-03,96.0,33.06574417597455,2539.2925445594137,147.41,691.57,14.2,1.0,0.63,7,0.865,1.0,0.9882,1.0,1
RD-TEZ-ITA-11,155.0,5.858128062874395,312.3524635316896,91.04,279.79,21.4,0.983,1.33,2,0.534,0.8272,0.8767,0.876,1
RD-GHY-NAG-10,345.0,22.783417844212515,1550.2706650115745,18.27,72.5,10.2,0.292,1.2,6,0.203,0.8794,0.5621,0.8737,1
RD-GHY-ITA-09,320.0,8.302958581579036,360.0662983810807,200.36,839.33,4.9,1.0,1.02,3,1.0,0.9985,1.0,1.0,1
RD-BHK-BMD-03,96.0,25.49464879661813,2485.7326990240144,138.48,435.59,33.0,1.0,0.33,6,0.888,0.9917,0.9868,1.0,1
RD-BMD-DRG-04,42.0,19.309697158364646,2113.7665280565907,10.49,48.48,28.1,0.212,1.05,7,0.178,0.761,0.4776,0.7393,1
RD-GHY-NAG-10,345.0,16.984731125600163,1549.5302314931937,80.03,255.94,4.7,0.903,0.66,7,0.545,0.904,0.8548,0.9363,1
RD-SHL-SIL-08,215.0,22.37348528629191,1417.1555331715683,124.57,603.08,32.0,1.0,0.66,6,0.753,0.977,0.9027,1.0,1
RD-GHY-TEZ-01,178.0,1.0,106.47966846412895,287.21,1094.72,24.9,1.0,0.83,1,1.0,0.9893,0.9795,0.9983,1
RD-TEZ-ITA-11,155.0,7.407227975618952,361.3417358936454,70.04,343.12,21.0,1.0,1.58,3,0.423,0.8542,0.8027,0.8509,1
RD-TEZ-ITA-11,155.0,10.15242037213939,335.05934790388835,25.81,71.73,27.9,0.289,1.53,5,0.219,0.5582,0.6646,0.6426,0
RD-TEZ-BHK-02,54.0,13.812865348239914,219.8575758832411,80.94,375.89,7.2,1.0,0.09,5,0.719,0.8693,1.0,1.0,1
RD-TEZ-ITA-11,155.0,1.1781873131810885,353.61273245015474,10.82,30.68,16.3,0.152,1.38,2,0.157,0.3903,0.6182,0.5837,0
RD-GHY-SHL-07,98.0,16.398050130906935,1541.48564371291,1.45,3.68,10.0,0.062,2.6,3,0.071,0.4562,0.2866,0.4254,0
RD-GHY-GTK-12,540.0,20.916343553575174,1595.346162416063,174.94,498.14,12.6,1.0,0.22,10,1.0,0.9886,0.9905,1.0,1
RD-SELA-TWG-06,78.0,26.686625444769593,3170.9821812339314,25.26,107.06,19.6,0.407,1.6,6,0.213,0.9306,0.4435,0.9149,1
RD-GHY-NAG-10,345.0,14.561078796016671,1466.5394639944457,4.42,18.0,30.8,0.11,0.96,6,0.157,0.732,0.5789,0.7378,1
RD-BHK-BMD-03,96.0,23.79594417212913,2508.556488775495,164.12,643.01,27.9,1.0,0.2,9,1.0,0.9971,0.9893,1.0,1
RD-SHL-SIL-08,215.0,27.068388693996223,1335.8112771871504,0.92,2.8,18.5,0.059,0.58,8,0.189,0.755,0.7377,0.7903,1
RD-GHY-GTK-12,540.0,18.687137971581404,1547.0322860112412,87.02,378.39,12.4,1.0,0.28,8,0.661,0.9888,0.9764,1.0,1
RD-BMD-DRG-04,42.0,20.18170757195167,2099.1980269297924,35.56,139.2,21.1,0.514,1.42,4,0.27,0.8172,0.5477,0.7998,1
RD-DRG-SELA-05,62.0,36.257941938892046,4080.397086260856,40.0,162.81,8.9,0.593,2.52,9,0.253,1.0,0.5048,0.9977,1
RD-GHY-SHL-07,98.0,7.92350822799809,1586.5996215804782,12.25,59.82,19.6,0.249,3.4,2,0.108,0.5211,0.3643,0.4894,0
RD-GHY-TEZ-01,178.0,4.563893127666705,70.21942008863647,134.06,632.92,28.2,1.0,0.72,1,0.79,0.8379,1.0,0.9877,1
RD-SELA-TWG-06,78.0,19.67497381435791,3187.4325360179155,22.86,94.17,17.4,0.364,1.8,7,0.194,0.8471,0.4024,0.8332,1
RD-DRG-SELA-05,62.0,31.69228638858653,4211.74085793338,101.0,253.19,21.1,0.894,2.45,7,0.539,0.9905,0.7605,1.0,1
RD-GHY-ITA-09,320.0,11.25704698755927,350.82308112190236,56.81,190.33,24.0,0.684,1.02,2,0.396,0.7286,0.8625,0.8554,1
RD-GHY-TEZ-01,178.0,7.7364569195461765,59.049761138748416,27.78,117.96,23.2,0.443,0.95,1,0.267,0.547,0.8305,0.7861,1
RD-GHY-SHL-07,98.0,10.959085730088315,1622.2314223315245,41.15,175.85,13.3,0.636,2.97,5,0.25,0.7476,0.4711,0.7063,1
RD-GHY-TEZ-01,178.0,1.0,103.47000402967744,13.69,56.6,32.0,0.239,0.59,1,0.247,0.3735,0.858,0.7894,1
RD-DRG-SELA-05,62.0,28.42596275692238,4181.4273884935965,202.47,518.81,7.2,1.0,2.58,9,1.0,0.978,0.9776,1.0,1
RD-SELA-TWG-06,78.0,22.883959674161662,3203.144995870332,44.69,201.77,33.7,0.723,2.02,7,0.288,0.8744,0.5843,0.8819,1
RD-TEZ-ITA-11,155.0,9.417871552977434,319.67943913140795,122.71,545.88,5.0,1.0,1.51,1,0.672,0.8521,0.9151,0.9168,1
RD-GHY-GTK-12,540.0,22.758071232165406,1615.8153830195354,12.61,47.18,21.7,0.457,0.44,7,0.271,0.8302,0.7897,0.864,1
RD-TEZ-ITA-11,155.0,5.169358726421748,325.46735090110565,41.42,163.14,26.2,0.594,1.68,3,0.285,0.6368,0.7435,0.725,1
RD-TEZ-ITA-11,155.0,6.4197263417323915,271.29213291109795,15.75,68.27,14.5,0.278,1.37,2,0.18,0.4444,0.6149,0.5857,0
RD-GHY-SHL-07,98.0,11.294477103544189,1512.257072339873,265.69,907.44,28.8,1.0,3.34,2,1.0,0.9618,0.9446,0.9718,1
RD-BHK-BMD-03,96.0,22.846624178847346,2455.0439532306796,9.83,40.65,12.7,0.185,0.9,6,0.189,0.783,0.5201,0.7846,1
RD-DRG-SELA-05,62.0,32.55429506531306,4114.315424245587,2.04,8.26,24.2,0.078,2.85,7,0.069,0.8506,0.273,0.8298,1
RD-SELA-TWG-06,78.0,23.165807076135945,3049.5329428658415,23.79,63.72,19.7,0.262,1.62,6,0.205,0.8003,0.4564,0.797,1
RD-BHK-BMD-03,96.0,28.08906732445045,2552.7707870322565,130.42,527.12,12.4,1.0,0.76,8,0.767,0.9597,0.9703,1.0,1
RD-BHK-BMD-03,96.0,26.838038038747207,2352.6294444172395,61.78,236.61,6.1,0.839,0.58,8,0.474,0.9898,0.8693,1.0,1
RD-TEZ-ITA-11,155.0,10.333985704913623,294.7652613388882,4.05,12.07,22.9,0.09,1.46,2,0.121,0.4159,0.5776,0.549,0
RD-BHK-BMD-03,96.0,21.862423090642068,2503.2707815101617,1.25,3.23,6.8,0.311,0.44,6,0.217,0.7698,0.6549,0.788,1
RD-GHY-GTK-12,540.0,23.745469012514242,1642.4549965138754,3.94,16.22,33.0,0.354,0.24,8,0.288,0.8484,0.9106,0.9498,1
RD-BHK-BMD-03,96.0,22.86091051312586,2415.771954501164,14.2,55.82,13.0,0.236,0.61,7,0.247,0.8479,0.6836,0.8657,1
RD-BHK-BMD-03,96.0,30.687585092356294,2560.5479605636438,7.47,22.7,11.9,0.126,0.59,7,0.219,0.8144,0.6754,0.8327,1
RD-GHY-NAG-10,345.0,13.315703221054854,1505.380748244288,30.9,78.77,10.3,0.313,0.76,7,0.303,0.7757,0.6641,0.7886,1
RD-SELA-TWG-06,78.0,25.68986993590834,3249.132512355619,143.34,554.83,27.5,1.0,1.98,8,0.75,0.967,0.9025,1.0,1
RD-GHY-ITA-09,320.0,8.055488785737309,256.8498026234579,101.38,449.57,28.9,1.0,1.19,6,0.592,0.9167,0.9027,0.9313,1
RD-TEZ-BHK-02,54.0,16.714917322549283,297.18359209902354,169.5,775.63,14.0,1.0,0.6,6,0.973,0.9699,0.9365,0.9956,1
RD-BHK-BMD-03,96.0,27.114716166077557,2407.122758044866,148.42,391.52,14.8,1.0,0.09,9,1.0,0.9895,1.0,1.0,1
RD-SELA-TWG-06,78.0,21.55116041300429,3149.6145261114907,13.06,47.31,16.7,0.208,1.69,7,0.152,0.7763,0.3917,0.7674,1
RD-GHY-SHL-07,98.0,7.807697040557807,1519.9514676286747,6.27,21.84,25.8,0.123,2.89,4,0.088,0.483,0.2588,0.4473,0
RD-DRG-SELA-05,62.0,28.749614914752286,4116.429156001924,25.37,71.92,7.7,0.29,2.51,10,0.185,0.8437,0.4044,0.8404,1
RD-TEZ-ITA-11,155.0,9.241398480213704,366.91404492298534,16.59,70.89,31.9,0.286,1.65,2,0.171,0.5237,0.6295,0.6065,0
RD-DRG-SELA-05,62.0,34.64496554530904,4140.8023115164815,151.09,664.69,28.5,1.0,2.39,8,0.774,1.0,0.9096,1.0,1
RD-BMD-DRG-04,42.0,13.431429686223645,2104.1185225326917,148.01,675.86,19.2,1.0,1.22,7,0.807,0.9329,0.9096,0.9582,1
RD-BHK-BMD-03,96.0,28.57230996875586,2468.9431041371167,125.91,372.15,30.4,1.0,0.34,6,0.825,0.9493,0.9488,1.0,1
RD-GHY-NAG-10,345.0,17.315904851128796,1552.1997595665343,29.25,101.16,5.4,0.387,1.09,10,0.263,0.886,0.6795,0.8954,1
RD-GHY-NAG-10,345.0,15.325920957743811,1478.0966316934769,97.07,386.86,33.8,1.0,1.02,6,0.584,0.9708,0.8881,1.0,1
RD-BMD-DRG-04,42.0,20.402730458661452,2174.0742123442583,4.06,15.24,31.9,0.101,1.21,4,0.136,0.5922,0.4338,0.5799,0
RD-BMD-DRG-04,42.0,12.645964875893206,2084.336928112798,36.41,174.43,9.3,0.631,1.83,6,0.256,0.7988,0.5256,0.78,1
RD-SELA-TWG-06,78.0,26.40012555908985,3088.2120018026367,190.11,632.36,8.9,1.0,1.81,6,0.974,0.9896,0.9747,1.0,1
RD-SHL-SIL-08,215.0,20.688800539919153,1461.1960100808458,151.38,733.99,27.8,1.0,1.01,8,0.839,0.9721,0.9319,1.0,1
RD-GHY-NAG-10,345.0,19.112633710367014,1480.7599790084819,59.71,231.17,28.5,0.821,1.39,7,0.385,0.9335,0.7217,0.9465,1
RD-TEZ-ITA-11,155.0,11.936358277249148,377.75808491135047,5.64,23.76,13.0,0.129,1.58,1,0.123,0.4331,0.5184,0.4963,0
RD-GHY-SHL-07,98.0,8.620123443889419,1544.3540113912663,34.9,122.78,6.9,0.459,3.12,3,0.218,0.6198,0.4595,0.5875,0
RD-BHK-BMD-03,96.0,30.886600252139374,2520.2803012228665,85.63,256.39,16.6,0.905,0.68,6,0.569,0.9322,0.8617,0.9708,1
RD-BMD-DRG-04,42.0,17.122927198569567,2091.1622909032594,132.71,529.02,20.8,1.0,1.02,7,0.751,0.9576,0.9148,0.9834,1
RD-GHY-TEZ-01,178.0,1.0142305000894662,89.4233338309823,10.19,37.92,25.9,0.176,0.56,1,0.237,0.3101,0.9189,0.8358,1
RD-GHY-SHL-07,98.0,13.975223013131032,1624.564881879575,78.19,305.58,5.6,1.0,3.1,3,0.42,0.8576,0.6994,0.8369,1
RD-TEZ-ITA-11,155.0,8.587514200105929,337.6782918945406,198.47,574.07,25.3,1.0,1.45,1,1.0,0.9327,0.9824,0.9944,1
RD-BMD-DRG-04,42.0,18.12888142611057,2155.486423771727,179.63,505.83,12.9,1.0,1.26,6,0.952,1.0,0.9898,1.0,1
RD-SHL-SIL-08,215.0,19.241397446536613,1440.2235291489562,11.21,28.77,15.0,0.146,0.87,8,0.198,0.8277,0.6693,0.8517,1
RD-SHL-SIL-08,215.0,26.25545509781042,1426.604119633282,61.39,220.65,10.5,1.0,0.36,7,0.52,1.0,0.9242,1.0,1
RD-SHL-SIL-08,215.0,22.03702585191477,1277.531637712677,9.58,33.0,12.8,0.41,0.42,7,0.261,0.8137,0.7789,0.8517,1
RD-GHY-SHL-07,98.0,15.908440653976909,1522.5654795100043,64.04,306.45,16.0,1.0,3.14,2,0.354,0.8031,0.5709,0.7694,1
RD-GHY-TEZ-01,178.0,1.2164711544789664,136.0502929966275,17.73,60.84,16.3,0.253,0.8,1,0.237,0.3448,0.8234,0.7545,1
RD-GHY-SHL-07,98.0,11.154832857816407,1547.9636960627408,9.36,43.96,9.2,0.197,2.93,4,0.102,0.5271,0.3346,0.4925,0
RD-GHY-SHL-07,98.0,13.78602601808198,1543.5195027358156,8.09,33.34,21.5,0.161,3.1,3,0.093,0.5663,0.3109,0.5257,0
RD-GHY-GTK-12,540.0,21.989546970796507,1701.557809008097,12.08,50.01,28.8,0.467,0.18,8,0.352,0.8732,0.9601,1.0,1
RD-GHY-ITA-09,320.0,7.092486229002015,389.7624583683639,36.57,136.73,17.6,0.506,1.01,2,0.303,0.6732,0.7384,0.7302,1
RD-GHY-GTK-12,540.0,21.697540069158205,1653.721761525453,19.29,52.37,21.9,0.475,0.25,9,0.358,0.8803,0.8844,0.9286,1
RD-GHY-ITA-09,320.0,7.1276893654045885,437.71946801364186,158.97,397.92,25.3,1.0,1.29,4,0.853,0.9267,0.9377,0.9554,1
RD-SHL-SIL-08,215.0,14.800453859632938,1407.671915218457,20.35,82.67,9.1,0.326,0.72,7,0.259,0.7804,0.8036,0.8421,1
RD-GHY-TEZ-01,178.0,6.1640046752157875,47.41735881913942,24.62,107.33,10.8,0.658,0.48,1,0.318,0.527,0.9657,0.9092,1
RD-BMD-DRG-04,42.0,20.335201986621307,2063.262706127304,47.9,226.22,17.2,0.804,1.14,5,0.345,0.8939,0.6757,0.8884,1
RD-GHY-SHL-07,98.0,16.718593860051254,1479.0262140698599,18.9,59.52,7.5,0.248,2.83,2,0.148,0.5638,0.3593,0.5276,0
RD-GHY-TEZ-01,178.0,4.945043052005883,41.45848698926226,0.44,1.2,13.4,0.054,0.92,1,0.143,0.2638,0.7538,0.6825,1
RD-GHY-ITA-09,320.0,9.770848636217513,390.4246137214426,10.25,27.52,12.8,0.142,0.79,5,0.202,0.5454,0.6601,0.6431,0
RD-GHY-TEZ-01,178.0,1.0,114.46735114033952,126.5,560.2,8.2,1.0,0.59,1,0.774,0.8058,1.0,0.9829,1
RD-SHL-SIL-08,215.0,15.727435608060656,1453.9414976870055,16.0,56.83,13.7,0.239,0.58,7,0.259,0.7928,0.7471,0.8277,1
RD-DRG-SELA-05,62.0,25.598620159094764,4022.2487025611536,9.42,41.26,26.1,0.188,3.04,8,0.1,0.8436,0.3949,0.839,1
RD-DRG-SELA-05,62.0,34.997746995241265,4179.97969615416,47.6,122.58,21.8,0.459,2.65,9,0.286,0.961,0.5564,0.969,1
RD-GHY-SHL-07,98.0,15.4547369139624,1595.3728951193814,2.73,10.62,7.4,0.085,3.33,3,0.065,0.4487,0.3078,0.4201,0
RD-GHY-TEZ-01,178.0,2.1806905144526043,140.17201392006157,46.9,222.12,24.7,0.79,0.94,1,0.357,0.5739,0.9369,0.8891,1
RD-BHK-BMD-03,96.0,27.266197324164782,2503.2709019575877,8.63,35.71,5.3,0.419,0.16,6,0.344,0.8717,0.8935,0.9343,1
RD-TEZ-ITA-11,155.0,8.607987312138635,227.26067742695824,39.26,147.14,10.3,0.54,1.49,2,0.284,0.5897,0.8121,0.7842,1
RD-GHY-GTK-12,540.0,19.932512617789463,1692.6316113353575,37.33,104.23,12.9,0.647,0.05,12,0.538,0.9,0.9703,1.0,1
RD-BHK-BMD-03,96.0,22.21961490152747,2564.049966903743,29.68,125.38,15.6,0.718,0.29,8,0.393,0.9586,0.8287,0.992,1
RD-GHY-GTK-12,540.0,22.441981510245302,1645.9393995124433,11.73,56.21,9.5,0.487,0.05,7,0.418,0.8211,1.0,1.0,1
RD-GHY-SHL-07,98.0,15.050104009995591,1551.4567445210037,57.09,226.89,15.6,0.806,3.22,2,0.32,0.8149,0.5364,0.7763,1
RD-SHL-SIL-08,215.0,19.04647693382291,1419.6812554592898,105.02,359.73,26.4,1.0,0.62,9,0.669,0.9345,0.9227,0.9887,1
RD-SHL-SIL-08,215.0,23.32856048151546,1418.439815397915,39.81,195.0,21.4,0.7,0.62,7,0.364,0.9254,0.8459,0.969,1
RD-GHY-GTK-12,540.0,16.65075464743364,1629.565489282552,82.94,222.35,22.1,1.0,0.36,7,0.62,0.9138,0.9291,0.9771,1
RD-SHL-SIL-08,215.0,25.384410241365803,1452.2901725683996,91.58,258.87,22.3,0.913,0.62,9,0.605,0.9729,0.9141,1.0,1
RD-SELA-TWG-06,78.0,27.770328936859222,3200.1663709791596,3.94,16.59,8.1,0.105,1.42,9,0.122,0.8667,0.3574,0.8452,1
RD-GHY-GTK-12,540.0,13.50960564864274,1591.2433461957014,20.16,93.57,15.8,0.612,0.24,10,0.364,0.8187,0.9316,0.9663,1
RD-GHY-GTK-12,540.0,14.690851449390077,1661.936416417804,18.92,56.11,5.1,0.487,0.41,8,0.308,0.8338,0.8305,0.8726,1
RD-TEZ-BHK-02,54.0,14.741019949733921,208.6729442794691,219.37,1020.52,20.0,1.0,0.32,3,1.0,0.969,1.0,1.0,1
RD-SHL-SIL-08,215.0,19.53519498207856,1374.2398185321179,6.72,19.47,20.7,0.115,0.65,9,0.205,0.8059,0.7032,0.835,1
RD-TEZ-BHK-02,54.0,16.76592103256554,198.09964898792435,10.7,30.76,15.7,0.403,0.36,3,0.283,0.6877,0.8791,0.8729,1
RD-GHY-SHL-07,98.0,12.392134724758098,1436.969985153621,0.04,0.16,19.2,0.051,2.96,3,0.058,0.4194,0.3039,0.3936,0
RD-GHY-ITA-09,320.0,6.46925691954559,287.28552005446466,52.8,168.23,6.9,0.611,0.86,4,0.393,0.6998,0.8639,0.853,1
RD-BHK-BMD-03,96.0,23.81968581296185,2528.2442690091325,57.15,280.56,4.2,1.0,0.28,7,0.522,0.9149,0.9467,0.9926,1
RD-GHY-SHL-07,98.0,16.566987838733034,1574.2975835478985,121.41,351.52,26.1,1.0,2.95,3,0.624,0.8699,0.8881,0.8888,1
RD-BHK-BMD-03,96.0,34.279765438249896,2479.8939843648277,6.31,25.61,17.2,0.135,0.59,6,0.212,0.9117,0.6113,0.9165,1
RD-GHY-NAG-10,345.0,20.134244907613915,1500.2490651969795,3.19,14.28,10.7,0.098,0.53,6,0.208,0.8008,0.6639,0.8125,1
RD-BHK-BMD-03,96.0,23.352468346530475,2569.8551799433685,127.49,612.98,14.0,1.0,0.66,7,0.767,0.9981,0.9353,1.0,1
RD-BHK-BMD-03,96.0,26.701967708716293,2525.703889738084,144.39,597.94,6.0,1.0,0.64,8,0.85,1.0,0.985,1.0,1
RD-GHY-GTK-12,540.0,17.307610181230718,1654.3980779308972,66.2,181.34,13.6,0.904,0.24,8,0.58,0.8936,0.9216,0.9669,1
RD-DRG-SELA-05,62.0,28.663370294587345,4206.008371910369,4.91,24.5,12.5,0.132,2.44,9,0.091,0.8916,0.411,0.8848,1
RD-SHL-SIL-08,215.0,27.694351047455513,1399.3764796514968,4.47,13.79,27.5,0.346,0.39,8,0.246,0.8688,0.7591,0.9024,1
RD-BHK-BMD-03,96.0,30.807967372507214,2377.201747878269,159.97,467.63,24.1,1.0,0.41,7,0.966,0.9225,0.9173,0.9691,1
RD-BHK-BMD-03,96.0,23.9819441251221,2507.181436821782,12.23,60.97,26.0,0.503,0.32,8,0.3,0.8552,0.7654,0.8831,1
RD-GHY-TEZ-01,178.0,6.661645900200967,109.14714434293495,27.06,87.37,8.4,0.341,0.84,2,0.276,0.4892,0.8395,0.7872,1
RD-DRG-SELA-05,62.0,28.67458989709583,4130.349333660492,192.91,800.18,30.3,1.0,2.71,8,0.962,1.0,0.9433,1.0,1
RD-SHL-SIL-08,215.0,19.691937515006586,1432.2742741948025,33.13,151.19,11.6,0.804,0.05,7,0.516,0.9563,1.0,1.0,1
RD-GHY-ITA-09,320.0,4.995927424504776,281.102991172058,28.62,110.82,19.3,0.419,0.84,3,0.283,0.564,0.7655,0.7434,1
RD-GHY-NAG-10,345.0,16.238069406455438,1492.7580058524832,8.85,36.25,15.5,0.171,0.84,6,0.191,0.7315,0.5964,0.7392,1
RD-BMD-DRG-04,42.0,18.404182971350146,2086.629359705573,183.48,893.09,22.0,1.0,1.15,5,0.978,0.9841,0.9912,1.0,1
RD-TEZ-ITA-11,155.0,11.197766830679269,291.0345929450918,39.5,99.32,19.0,0.381,1.55,5,0.282,0.663,0.7326,0.7176,1
RD-GHY-SHL-07,98.0,15.69162493039494,1661.9416447442404,21.38,58.79,22.7,0.246,2.89,4,0.159,0.6248,0.4402,0.5903,0
RD-GHY-NAG-10,345.0,23.921837704267055,1515.1735728352921,23.56,117.02,12.5,0.44,0.83,7,0.26,0.8455,0.72,0.862,1
RD-BMD-DRG-04,42.0,15.643602977583498,2177.6274532573398,38.93,168.19,30.0,0.611,1.04,5,0.312,0.8445,0.598,0.8316,1
RD-DRG-SELA-05,62.0,34.617639535833945,4234.503251793834,44.28,158.47,29.9,0.578,2.41,9,0.275,0.9117,0.5139,0.9173,1
RD-GHY-ITA-09,320.0,6.860347954436625,298.43160993760563,22.42,97.36,26.3,0.375,1.09,2,0.23,0.5889,0.6984,0.6833,1
RD-BMD-DRG-04,42.0,18.90406082416943,2142.8628268330867,122.74,512.64,32.9,1.0,1.31,6,0.683,0.9695,0.9506,1.0,1
RD-BHK-BMD-03,96.0,24.98137384733829,2486.3330751059552,216.74,789.06,14.9,1.0,0.21,6,1.0,0.9452,0.9746,1.0,1
RD-SELA-TWG-06,78.0,26.017419948204612,3165.608240332886,136.03,467.1,17.9,1.0,1.58,6,0.731,0.9406,0.8576,0.9825,1
RD-GHY-TEZ-01,178.0,1.0,72.46904251067551,26.4,129.86,31.1,0.483,0.82,1,0.275,0.4112,0.9038,0.836,1
RD-GHY-NAG-10,345.0,25.008342431550936,1448.890845928166,63.64,309.06,16.5,1.0,0.66,7,0.47,0.946,0.8458,0.9762,1
RD-TEZ-BHK-02,54.0,9.441643344220191,130.2664160308613,167.31,692.88,7.5,1.0,0.13,4,1.0,0.9665,0.9945,1.0,1
RD-GHY-SHL-07,98.0,8.342611877271333,1613.0419908267327,143.65,655.35,6.3,1.0,2.99,2,0.728,0.8691,0.916,0.916,1
RD-BHK-BMD-03,96.0,28.16342877945097,2429.3111135990744,42.67,153.64,30.4,0.812,0.27,7,0.457,0.9331,0.8712,0.9731,1
RD-GHY-NAG-10,345.0,17.216927358799673,1485.4912230301047,100.81,480.98,18.0,1.0,0.65,6,0.644,0.9412,0.9433,0.987,1
RD-GHY-GTK-12,540.0,26.316278252475747,1603.7228825808381,12.05,53.6,27.3,0.479,0.3,9,0.308,0.8548,0.9132,0.9533,1
RD-GHY-ITA-09,320.0,6.341783880668768,359.7387735945457,152.17,565.12,26.1,1.0,1.06,3,0.838,0.9163,0.9368,0.9531,1
RD-SHL-SIL-08,215.0,23.65494311927571,1416.332254969328,42.63,188.95,7.7,0.68,0.52,6,0.395,0.9226,0.8917,0.9726,1
RD-SELA-TWG-06,78.0,29.576966754804452,3191.1966094096265,31.29,82.28,26.4,0.324,1.82,6,0.232,0.9238,0.4891,0.915,1
RD-TEZ-BHK-02,54.0,12.309028668290383,282.71305670118085,70.59,198.29,15.5,0.961,0.12,6,0.651,0.8854,0.9766,0.9948,1
RD-SELA-TWG-06,78.0,23.81363142843926,3194.237760897413,5.09,18.64,25.5,0.112,1.53,7,0.122,0.8075,0.3999,0.7968,1
RD-GHY-SHL-07,98.0,20.32767276710618,1581.8866222474546,36.49,116.34,12.4,0.438,3.18,4,0.225,0.7523,0.4871,0.7124,1
RD-GHY-SHL-07,98.0,14.723728456108383,1551.5033193822596,31.25,149.88,9.1,0.55,2.76,2,0.207,0.719,0.4645,0.6793,1
RD-TEZ-BHK-02,54.0,14.107391829110579,265.52413799138446,14.57,46.76,26.1,0.456,0.36,4,0.301,0.711,0.8907,0.8871,1
RD-BHK-BMD-03,96.0,28.414724798101254,2471.7013746915304,146.88,576.21,28.8,1.0,0.87,7,0.831,0.9899,1.0,1.0,1
RD-DRG-SELA-05,62.0,28.494065340883566,4133.111613467295,86.34,219.27,10.4,0.781,2.27,7,0.475,0.9945,0.7299,1.0,1
RD-GHY-SHL-07,98.0,10.751876546575257,1579.3509619897595,35.47,110.08,29.9,0.417,3.24,4,0.219,0.6378,0.4459,0.6028,0
RD-GHY-GTK-12,540.0,23.913463139555734,1631.4704343032784,189.39,598.56,10.4,1.0,0.19,7,1.0,1.0,1.0,1.0,1
RD-GHY-TEZ-01,178.0,5.5988137793197135,23.385720403344337,167.91,761.79,31.4,1.0,0.76,2,0.942,0.9718,0.9739,0.9818,1
RD-GHY-GTK-12,540.0,18.47913191379704,1682.0242781834481,187.46,664.02,19.1,1.0,0.55,11,1.0,1.0,0.9848,1.0,1
RD-GHY-ITA-09,320.0,4.919112731904871,360.6522811037193,40.37,163.63,26.7,0.595,1.22,2,0.305,0.596,0.8003,0.7798,1
RD-SHL-SIL-08,215.0,20.857208100875656,1342.5159236721038,6.28,16.71,29.1,0.106,0.58,8,0.214,0.7718,0.7242,0.8049,1
RD-GHY-NAG-10,345.0,18.174485135112544,1491.3586022161792,63.12,238.11,20.7,0.844,0.66,6,0.468,0.9421,0.8609,0.9744,1
RD-GHY-GTK-12,540.0,26.090992395884122,1714.2952460332644,13.63,48.82,6.7,0.213,0.66,8,0.237,0.872,0.6689,0.8887,1
RD-GHY-NAG-10,345.0,21.37000135833245,1513.3903130736924,2.55,6.84,20.8,0.073,0.69,6,0.18,0.7707,0.5944,0.7758,1
RD-DRG-SELA-05,62.0,29.85819229711084,4215.828261138724,1.29,5.61,25.4,0.069,2.51,8,0.072,0.8174,0.3003,0.8036,1
RD-GHY-NAG-10,345.0,19.964439613094466,1449.2841476634605,52.2,196.31,31.9,0.704,0.93,6,0.384,0.8886,0.7506,0.9073,1
RD-BHK-BMD-03,96.0,26.11232251087043,2421.452980025367,10.83,48.42,15.2,0.461,0.15,8,0.36,0.8886,0.9346,0.977,1
RD-SHL-SIL-08,215.0,23.752690620621195,1340.8160607739885,54.66,153.61,8.0,0.562,1.08,6,0.382,0.9507,0.797,0.9868,1
RD-TEZ-ITA-11,155.0,6.373686369308842,367.38650563670535,176.11,452.05,5.5,1.0,1.4,1,0.927,0.9146,0.9767,0.9862,1
RD-BHK-BMD-03,96.0,29.51870402581147,2484.245220989752,2.88,11.56,9.8,0.089,0.53,7,0.208,0.8262,0.6516,0.841,1
RD-BMD-DRG-04,42.0,16.014586764800775,2114.7541756123483,20.3,93.23,18.9,0.361,1.35,6,0.203,0.6656,0.5613,0.6598,1
RD-BMD-DRG-04,42.0,15.138083459329371,2090.521613167425,300.25,1391.73,29.9,1.0,1.19,4,1.0,1.0,1.0,1.0,1
RD-GHY-TEZ-01,178.0,4.140872134806259,47.059807281461936,52.38,254.42,31.5,0.898,0.95,0,0.383,0.6176,0.9443,0.9021,1
RD-TEZ-BHK-02,54.0,12.134979583624698,227.55434412835328,86.94,226.58,28.1,1.0,0.05,5,0.769,0.8917,0.972,0.9912,1
RD-BMD-DRG-04,42.0,14.373715498853578,2143.9745755642857,19.07,69.2,22.0,0.281,1.05,4,0.218,0.7465,0.5653,0.7358,1
RD-GHY-SHL-07,98.0,14.39685420911241,1661.0175897063245,8.11,37.02,22.5,0.173,3.05,3,0.094,0.5475,0.3523,0.5123,0
RD-SELA-TWG-06,78.0,23.94731671275925,3219.887869648822,3.34,13.33,31.6,0.094,1.99,6,0.096,0.7206,0.3524,0.7126,1
RD-TEZ-ITA-11,155.0,11.307186159458581,388.8359047301144,172.7,521.66,25.6,1.0,1.33,3,0.915,0.9297,0.9461,0.9581,1
RD-TEZ-ITA-11,155.0,2.0575273474737372,487.2737345799015,200.54,884.15,29.6,1.0,1.64,1,1.0,0.9173,1.0,1.0,1
RD-DRG-SELA-05,62.0,32.72032082335473,4146.908671354514,47.48,167.25,7.3,0.607,2.32,9,0.292,0.9261,0.5279,0.9326,1
RD-TEZ-BHK-02,54.0,10.730701325575588,218.7893520232239,31.55,138.25,12.2,0.761,0.24,4,0.417,0.7686,0.9685,0.9699,1
RD-GHY-ITA-09,320.0,9.793186388189358,311.2190845568033,20.72,57.62,23.2,0.242,1.13,4,0.22,0.58,0.7095,0.6928,1
RD-GHY-TEZ-01,178.0,8.15291182988456,152.5511189100537,206.13,922.79,16.2,1.0,0.76,0,1.0,0.9874,1.0,1.0,1
RD-SELA-TWG-06,78.0,25.392683910115352,3188.3857414115773,48.58,193.28,17.4,0.694,2.04,6,0.305,0.9041,0.5466,0.9046,1
RD-GHY-GTK-12,540.0,17.39587876945563,1622.7977780201768,38.97,128.54,5.2,0.728,0.15,7,0.488,0.9252,0.9436,0.993,1
RD-GHY-TEZ-01,178.0,6.494991581783756,90.23299788866827,18.59,65.3,33.0,0.268,0.64,1,0.262,0.3628,0.8181,0.752,1
RD-BMD-DRG-04,42.0,17.51382487876913,2165.717305685826,55.23,206.61,4.2,0.739,1.28,4,0.37,0.8541,0.6914,0.8526,1
RD-SELA-TWG-06,78.0,24.33206819823704,3162.8457913906864,99.32,409.4,30.7,1.0,1.78,7,0.551,0.9357,0.7245,0.959,1
RD-SHL-SIL-08,215.0,21.30898138269849,1414.8375900850967,34.78,103.81,11.8,0.396,0.57,8,0.35,0.8664,0.8801,0.9275,1
RD-GHY-TEZ-01,178.0,1.0,53.2139421985256,3.72,12.94,8.8,0.343,0.46,3,0.225,0.4058,0.9109,0.8417,1
RD-SHL-SIL-08,215.0,25.627607644229144,1400.700510398494,209.88,684.96,9.2,1.0,0.15,7,1.0,0.9783,0.9769,1.0,1
RD-SHL-SIL-08,215.0,18.7740117858412,1359.303444470134,3.72,17.94,30.2,0.11,0.65,7,0.191,0.7783,0.7,0.8083,1
RD-GHY-ITA-09,320.0,7.872606685805068,376.14370099273486,54.58,250.81,18.3,0.886,0.82,2,0.406,0.7937,0.8258,0.8282,1
RD-SHL-SIL-08,215.0,27.655671780394506,1395.8513547174193,5.86,14.74,14.1,0.099,0.63,8,0.204,0.8743,0.7617,0.9081,1
RD-GHY-SHL-07,98.0,10.016266386912292,1489.231761098424,2.37,7.69,16.2,0.076,3.6,5,0.06,0.4788,0.3009,0.4466,0
RD-GHY-TEZ-01,178.0,5.066197040141084,13.157945363662122,13.01,60.72,14.0,0.252,0.81,1,0.213,0.3529,0.8566,0.7854,1
RD-DRG-SELA-05,62.0,34.739043331806904,4132.623864885574,20.68,81.55,27.0,0.322,2.62,7,0.161,0.8778,0.3798,0.8682,1
RD-TEZ-ITA-11,155.0,1.0,349.33816910484904,0.43,1.26,28.2,0.054,1.79,2,0.089,0.3403,0.5299,0.4995,0
RD-GHY-ITA-09,320.0,6.5293123105091,258.92036938215654,127.45,453.27,23.0,1.0,1.44,2,0.698,0.9261,0.9594,0.9767,1
RD-GHY-NAG-10,345.0,18.63968406901345,1424.6621850519684,51.37,254.49,8.2,0.898,0.58,6,0.424,0.898,0.8408,0.9285,1
RD-SELA-TWG-06,78.0,26.844990945227142,3201.5497884827955,91.22,398.5,12.2,1.0,1.87,6,0.51,0.953,0.7891,0.9848,1
RD-BHK-BMD-03,96.0,25.26891304075495,2393.2804732314394,11.93,39.59,27.0,0.432,0.16,9,0.36,0.8592,0.9055,0.9444,1
RD-GHY-TEZ-01,178.0,8.263020140975515,126.82622316085055,3.73,17.23,20.4,0.107,0.83,1,0.168,0.3341,0.7946,0.7272,1
RD-GHY-SHL-07,98.0,12.469626874507382,1639.6835716319722,24.38,73.45,12.9,0.295,3.22,3,0.167,0.6052,0.4314,0.5716,0
RD-BHK-BMD-03,96.0,29.318872948606504,2353.7822035300906,27.17,93.95,16.2,0.613,0.23,7,0.401,0.9465,0.917,0.9927,1
RD-GHY-SHL-07,98.0,17.13813492202804,1502.0973645092827,206.43,558.76,31.5,1.0,3.08,4,1.0,0.9516,0.9542,0.9653,1
RD-TEZ-BHK-02,54.0,12.247503446585062,238.35823746751151,73.98,294.78,20.0,1.0,0.05,4,0.709,0.9181,1.0,1.0,1
RD-DRG-SELA-05,62.0,28.26422393046304,4184.6482646931545,83.25,363.35,12.5,1.0,2.56,8,0.454,0.9479,0.7055,0.978,1
RD-SELA-TWG-06,78.0,21.39515648759607,3205.9962860771616,8.62,34.72,10.4,0.166,1.6,9,0.136,0.8063,0.424,0.7986,1
RD-DRG-SELA-05,62.0,32.760429213932206,4089.6687140643594,66.98,246.33,12.0,0.871,2.32,7,0.383,0.9298,0.6746,0.9564,1
RD-SHL-SIL-08,215.0,23.114765650206362,1425.2759682949861,1.47,7.07,13.9,0.074,0.81,7,0.159,0.7803,0.6485,0.8042,1
RD-SELA-TWG-06,78.0,20.7564846734979,3135.8319738665114,24.35,97.66,26.0,0.376,1.85,11,0.199,0.8861,0.4374,0.8733,1
RD-DRG-SELA-05,62.0,32.92894300741666,4206.722722071075,87.37,388.51,23.0,1.0,2.33,7,0.478,0.9922,0.7418,1.0,1
RD-DRG-SELA-05,62.0,28.63236101465575,4047.2954874467932,203.91,971.92,14.2,1.0,2.64,7,1.0,0.9986,0.9672,1.0,1
RD-SELA-TWG-06,78.0,16.635284684507784,3282.4392982864974,13.65,67.45,25.8,0.275,1.77,7,0.152,0.8541,0.4315,0.8433,1
RD-BMD-DRG-04,42.0,11.908379844317043,2128.0625720055064,139.1,361.94,19.4,1.0,1.22,4,0.765,0.9979,0.919,1.0,1
RD-SHL-SIL-08,215.0,21.996934293391917,1416.1205927704762,69.51,175.97,4.2,0.637,0.52,7,0.521,0.9519,0.884,1.0,1
RD-SHL-SIL-08,215.0,19.25675079366337,1407.8649536080095,60.53,206.13,17.0,0.987,0.37,7,0.511,0.923,0.9574,1.0,1
RD-BHK-BMD-03,96.0,26.49874238816292,2487.12010339221,136.59,626.87,13.4,1.0,0.81,6,0.79,0.9971,0.9649,1.0,1
RD-SHL-SIL-08,215.0,19.72025801832216,1417.457919189364,11.32,49.64,11.3,0.465,0.29,7,0.307,0.8704,0.8743,0.9223,1
RD-GHY-ITA-09,320.0,8.80541931167878,374.14216156423674,6.33,18.74,5.2,0.112,1.17,2,0.149,0.4726,0.576,0.5584,0
RD-SELA-TWG-06,78.0,23.00758958084298,3149.7301768097814,272.66,936.69,8.4,1.0,1.98,6,1.0,0.9857,0.9746,1.0,1
RD-TEZ-BHK-02,54.0,12.595420091793144,343.58179273060597,1.43,6.95,28.3,0.073,0.69,4,0.175,0.5547,0.7319,0.718,1
RD-GHY-ITA-09,320.0,11.057596362654865,341.4278755265264,35.56,174.65,18.1,0.632,0.7,2,0.333,0.719,0.8364,0.8292,1
RD-BHK-BMD-03,96.0,22.350367810799927,2456.686486186177,260.97,655.29,13.5,1.0,0.65,9,1.0,1.0,0.9781,1.0,1
RD-GHY-TEZ-01,178.0,6.932227060943155,109.77793627618975,16.01,71.06,31.1,0.287,0.74,1,0.235,0.3988,0.8386,0.775,1
RD-GHY-GTK-12,540.0,20.53289600559749,1657.0800506290066,18.98,93.16,21.5,0.611,0.08,9,0.435,0.9024,1.0,1.0,1
RD-TEZ-BHK-02,54.0,7.694355966451209,244.628052700704,107.7,519.3,31.4,1.0,0.05,3,0.866,0.9088,1.0,1.0,1
RD-GHY-TEZ-01,178.0,3.3056530271146185,91.84326352547043,77.8,308.33,25.7,1.0,0.34,2,0.6,0.7672,0.98,0.9577,1
RD-GHY-NAG-10,345.0,18.1816972706676,1449.0822856219957,34.99,143.68,27.5,0.529,0.88,6,0.309,0.8756,0.651,0.8818,1
RD-SELA-TWG-06,78.0,25.678772909072013,3127.8496086085656,28.41,82.09,21.4,0.324,2.16,7,0.208,0.8696,0.3968,0.8529,1
RD-GHY-TEZ-01,178.0,1.0,117.38179902939206,163.9,700.28,12.1,1.0,0.8,1,0.918,0.8799,0.9875,0.9817,1
RD-TEZ-ITA-11,155.0,6.385827108485655,337.87793228651304,21.53,75.08,25.9,0.3,1.12,3,0.224,0.5531,0.6988,0.6739,1
RD-GHY-TEZ-01,178.0,6.61700820954279,86.78395315345988,10.86,31.79,26.6,0.156,0.98,0,0.186,0.4044,0.8154,0.7546,1
RD-DRG-SELA-05,62.0,34.778494865230094,4125.837123030397,35.76,113.37,32.4,0.428,2.41,10,0.236,0.9162,0.4946,0.9187,1
RD-BMD-DRG-04,42.0,18.16457929338694,2104.0285233750164,87.17,401.06,13.2,1.0,1.12,4,0.53,0.9525,0.815,0.9641,1
RD-BMD-DRG-04,42.0,11.574732335592111,2089.4865908155684,31.79,82.08,16.4,0.324,1.45,4,0.251,0.688,0.561,0.6807,1
RD-GHY-ITA-09,320.0,3.87678288962267,354.6150147180574,19.26,71.75,19.0,0.289,0.58,2,0.276,0.5731,0.8059,0.7823,1
RD-SHL-SIL-08,215.0,24.106342417530257,1399.744162240893,6.1,23.91,28.6,0.38,0.39,7,0.254,0.8526,0.8171,0.8942,1
RD-DRG-SELA-05,62.0,33.9521146507965,4181.900982241431,140.91,565.51,11.4,1.0,2.83,8,0.718,1.0,0.9071,1.0,1
RD-DRG-SELA-05,62.0,33.15703264028224,4145.9441686285245,215.0,978.16,27.3,1.0,2.65,8,1.0,1.0,0.967,1.0,1
RD-GHY-NAG-10,345.0,21.789981777353727,1462.5271013569086,0.96,2.9,30.5,0.06,1.02,6,0.136,0.7515,0.4881,0.7458,1
RD-TEZ-BHK-02,54.0,14.800051875194814,189.3261843316229,129.66,347.24,15.5,1.0,0.11,6,0.931,0.9531,0.9553,0.9836,1
RD-SELA-TWG-06,78.0,23.06276105153817,3205.0565892680756,32.23,146.56,30.6,0.539,2.0,9,0.23,0.8999,0.535,0.8992,1
RD-DRG-SELA-05,62.0,32.12923488511389,4235.603117189141,93.22,352.04,14.1,1.0,2.23,10,0.508,0.9264,0.767,0.9661,1
RD-GHY-GTK-12,540.0,21.892616814071914,1711.2381789531319,16.61,54.62,31.5,0.482,0.45,8,0.288,0.9253,0.7768,0.9544,1
RD-GHY-NAG-10,345.0,23.006802768395268,1520.2642620115457,218.32,661.14,9.5,1.0,1.25,9,1.0,1.0,0.9923,1.0,1
RD-TEZ-BHK-02,54.0,5.656122815853582,185.13635349375045,72.17,232.28,7.1,1.0,0.38,4,0.563,0.9066,0.9916,1.0,1
RD-SELA-TWG-06,78.0,22.639354922315736,3195.6999534983715,6.73,31.67,7.6,0.156,1.54,8,0.129,0.7722,0.4016,0.7649,1
RD-GHY-TEZ-01,178.0,1.0,69.99459459856372,181.6,537.92,24.9,1.0,0.72,4,1.0,0.9099,0.9599,0.959,1
RD-SHL-SIL-08,215.0,18.085129655397566,1408.4759878868304,9.24,26.39,18.6,0.388,0.46,8,0.251,0.8343,0.8053,0.8749,1
RD-GHY-TEZ-01,178.0,4.234529128681141,73.0190466137905,107.26,531.9,11.6,1.0,0.52,1,0.697,0.7794,0.9705,0.9504,1
RD-GHY-TEZ-01,178.0,4.003475034241525,50.313378752527996,105.78,320.98,25.5,1.0,0.7,1,0.66,0.8194,0.9302,0.917,1
RD-GHY-SHL-07,98.0,12.680299821282214,1578.4195008346785,195.89,725.88,17.6,1.0,3.09,3,0.97,0.9342,0.9327,0.9427,1
RD-GHY-NAG-10,345.0,14.517424794010703,1496.0154349510556,79.45,282.36,21.7,0.991,0.8,10,0.524,0.9206,0.8432,0.951,1
RD-TEZ-ITA-11,155.0,5.48748592315056,327.50589836799116,37.05,110.51,16.5,0.418,1.43,2,0.276,0.5474,0.6747,0.6509,1
RD-GHY-GTK-12,540.0,21.093238554711785,1734.7239391888843,24.7,78.89,33.4,0.563,0.29,9,0.368,0.9621,0.8966,1.0,1
RD-SELA-TWG-06,78.0,21.51424442159349,3177.9725346053847,21.56,58.32,4.5,0.244,2.11,8,0.177,0.8158,0.4107,0.8057,1
RD-BMD-DRG-04,42.0,11.1952224564251,2117.864279002951,15.87,53.52,8.0,0.228,1.19,5,0.192,0.6211,0.5498,0.6171,0
RD-TEZ-ITA-11,155.0,4.5332477299758285,324.64759048451845,72.61,282.13,26.5,0.99,1.25,4,0.453,0.7889,0.8553,0.8502,1
RD-TEZ-BHK-02,54.0,7.764817873570541,290.68639496402295,35.88,159.85,6.5,0.833,0.37,4,0.396,0.781,1.0,1.0,1
RD-SHL-SIL-08,215.0,19.572767130959804,1355.95455079017,22.6,82.53,7.3,0.575,0.35,8,0.342,0.8638,0.9034,0.9499,1
RD-TEZ-BHK-02,54.0,11.367272952188898,289.4655715950112,34.23,110.68,25.4,0.669,0.05,4,0.523,0.7605,1.0,0.9991,1
RD-GHY-GTK-12,540.0,21.500878573358094,1621.177459883939,27.2,99.28,27.5,0.631,0.27,7,0.388,0.9466,0.9318,0.9969,1
RD-SHL-SIL-08,215.0,18.632015299000557,1376.97471766824,79.03,280.87,20.8,1.0,0.22,7,0.649,0.9647,0.9383,1.0,1
RD-TEZ-ITA-11,155.0,9.751984523358447,262.4885910878881,2.41,7.5,9.2,0.075,1.65,1,0.104,0.3915,0.5417,0.5143,0
RD-SHL-SIL-08,215.0,18.58711893907568,1392.497279638943,9.42,46.94,15.6,0.206,0.62,6,0.222,0.742,0.7206,0.7759,1
RD-BMD-DRG-04,42.0,17.929401774029436,1967.3048106705892,109.58,293.72,28.8,1.0,1.22,6,0.628,0.8796,0.8795,0.9017,1
RD-GHY-NAG-10,345.0,16.268335473219057,1541.7218728264156,49.85,142.25,4.9,0.524,0.99,7,0.367,0.9286,0.748,0.9455,1
RD-SELA-TWG-06,78.0,23.864359702792456,3242.479093373618,10.34,39.5,13.4,0.182,1.88,6,0.132,0.7805,0.3737,0.7692,1
RD-GHY-GTK-12,540.0,17.652983501777396,1659.5417648903629,26.41,72.47,21.2,0.542,0.37,8,0.353,0.8863,0.8653,0.9284,1
RD-SELA-TWG-06,78.0,20.788751149037342,3113.575639741912,6.04,22.14,13.5,0.124,1.93,8,0.111,0.7868,0.3074,0.7671,1
RD-SELA-TWG-06,78.0,22.593781223765088,3251.9466439258367,19.87,62.13,33.0,0.257,1.54,6,0.191,0.8277,0.4976,0.8273,1
RD-GHY-TEZ-01,178.0,6.70428730407026,157.16275267735398,246.77,737.51,14.4,1.0,0.94,0,1.0,0.9632,1.0,1.0,1
RD-TEZ-BHK-02,54.0,11.269099895230092,182.27880248800466,13.25,54.94,20.4,0.483,0.37,3,0.291,0.6662,0.9092,0.8987,1
RD-SHL-SIL-08,215.0,19.153423578690663,1376.5742142307242,54.5,197.56,7.1,0.709,0.64,6,0.43,0.9463,0.898,0.9968,1
RD-DRG-SELA-05,62.0,32.307016067461696,4160.490510080033,41.83,158.04,13.4,0.577,2.69,12,0.258,0.9432,0.4986,0.9443,1
RD-GHY-NAG-10,345.0,12.088191537961075,1516.8828169025965,22.39,106.29,26.5,0.404,1.49,6,0.205,0.7812,0.5669,0.7825,1
RD-GHY-ITA-09,320.0,5.502520169644072,364.4919978528544,180.22,572.58,16.2,1.0,0.86,2,0.988,0.9327,1.0,1.0,1
RD-GHY-GTK-12,540.0,19.35657583942372,1746.6646256906017,35.99,115.79,8.3,0.686,0.19,9,0.456,0.9062,0.9249,0.9719,1
RD-SELA-TWG-06,78.0,25.939728183793903,3170.0112815409243,14.46,63.07,23.8,0.26,1.73,6,0.157,0.823,0.403,0.8113,1
RD-TEZ-BHK-02,54.0,10.173744486664718,244.6490931102494,20.65,92.4,11.4,0.608,0.05,3,0.46,0.6935,1.0,0.989,1
RD-GHY-ITA-09,320.0,6.510602728241926,352.21593415362247,47.69,168.69,7.6,0.612,0.74,5,0.384,0.7038,0.8819,0.8708,1
RD-GHY-NAG-10,345.0,17.576866890820092,1462.488790703801,34.37,106.88,12.0,0.406,1.15,8,0.281,0.8791,0.7421,0.8971,1
RD-GHY-NAG-10,345.0,14.768607539304343,1547.8755744161583,149.1,398.6,13.4,1.0,0.85,6,0.844,1.0,0.9311,1.0,1
RD-BHK-BMD-03,96.0,25.419095443719936,2404.254669752972,8.76,26.25,29.9,0.137,0.55,6,0.232,0.8008,0.6191,0.8131,1
RD-GHY-SHL-07,98.0,13.341806633098168,1491.1831093379976,140.79,376.03,17.1,1.0,2.92,2,0.716,0.9162,0.8718,0.9166,1
RD-BMD-DRG-04,42.0,15.208133651313045,2142.3656712855804,106.9,290.06,28.5,1.0,1.4,7,0.604,0.91,0.8242,0.924,1
RD-GHY-NAG-10,345.0,19.216945538355727,1547.3375219567938,25.02,100.88,8.9,0.386,0.86,8,0.264,0.8467,0.6387,0.8528,1
RD-GHY-SHL-07,98.0,16.528142134508446,1417.1018369773378,13.18,51.03,30.4,0.22,3.05,3,0.118,0.5628,0.3929,0.5295,0
RD-SELA-TWG-06,78.0,30.998684859259157,3249.6187070663227,3.25,13.35,27.0,0.094,1.57,6,0.112,0.825,0.3795,0.8102,1
RD-BMD-DRG-04,42.0,18.751415984561536,2161.5528951677784,109.77,383.95,11.5,1.0,1.24,5,0.627,0.9296,0.9124,0.9553,1
RD-TEZ-ITA-11,155.0,4.24922809873146,325.0112614784784,125.74,365.62,27.5,1.0,1.59,4,0.683,0.8695,0.9556,0.9589,1
RD-GHY-GTK-12,540.0,23.06977351788844,1664.291383679517,0.97,3.69,13.5,0.312,0.15,9,0.312,0.8342,0.8938,0.9316,1
RD-SHL-SIL-08,215.0,20.848558262048712,1359.254082843251,90.64,422.62,5.4,1.0,0.45,7,0.633,0.9662,0.9235,1.0,1
RD-GHY-NAG-10,345.0,17.995242221179822,1444.6718102036816,86.81,414.22,11.5,1.0,1.04,7,0.535,0.9354,0.8381,0.9647,1
RD-GHY-ITA-09,320.0,3.95925590570036,391.1191666905439,198.89,940.68,23.1,1.0,0.96,2,1.0,0.9264,0.9927,1.0,1
RD-SHL-SIL-08,215.0,17.532267246703274,1427.9450261870886,154.52,652.68,27.6,1.0,0.51,6,0.918,0.9824,0.9433,1.0,1
RD-GHY-SHL-07,98.0,17.10004993520642,1559.004027068961,133.76,560.42,20.3,1.0,3.13,2,0.679,0.8992,0.8972,0.9033,1
RD-TEZ-BHK-02,54.0,12.902164281476201,264.7075837289218,11.13,38.73,4.4,0.429,0.05,5,0.415,0.7141,0.9866,0.9793,1
RD-GHY-NAG-10,345.0,19.47405568249064,1514.4752704910125,37.5,95.18,13.0,0.367,0.99,8,0.309,0.8122,0.7155,0.8296,1
RD-GHY-SHL-07,98.0,11.724333080215516,1468.1990836320008,33.87,111.68,15.6,0.422,3.02,5,0.215,0.65,0.4812,0.6174,0
RD-TEZ-ITA-11,155.0,9.578153582619738,417.77707086446037,6.18,19.37,26.5,0.115,1.8,1,0.116,0.4495,0.5414,0.5187,0
RD-TEZ-BHK-02,54.0,8.146644467428517,235.7719264866792,224.18,883.49,24.2,1.0,0.22,7,1.0,1.0,1.0,1.0,1
RD-BHK-BMD-03,96.0,26.047416919643975,2481.0334207695664,11.9,59.5,6.5,0.248,0.95,6,0.194,0.8411,0.5512,0.8424,1
RD-TEZ-ITA-11,155.0,8.054013531228868,301.75593166121485,9.16,31.69,25.6,0.156,1.4,1,0.148,0.3934,0.6141,0.5802,0
RD-BHK-BMD-03,96.0,24.642171492139628,2487.6648772588137,248.66,680.3,10.4,1.0,0.11,8,1.0,1.0,1.0,1.0,1
RD-SHL-SIL-08,215.0,18.431499922170786,1365.6088446443089,25.52,87.99,27.9,0.593,0.38,6,0.345,0.8141,0.8978,0.9377,1
RD-GHY-SHL-07,98.0,15.268501650583936,1514.1860093222856,31.68,114.56,27.9,0.432,3.27,4,0.201,0.6622,0.4364,0.6243,0
RD-SHL-SIL-08,215.0,20.917548453599082,1445.7251608675915,224.18,654.96,18.4,1.0,0.65,8,1.0,1.0,0.9879,1.0,1
RD-TEZ-ITA-11,155.0,6.925803166526604,287.2087027628612,13.46,44.25,7.3,0.198,1.58,1,0.159,0.4352,0.6377,0.6057,0
RD-DRG-SELA-05,62.0,31.374281322838698,4220.418471691731,50.56,230.7,21.9,0.819,2.6,11,0.3,1.0,0.5338,1.0,1
RD-TEZ-ITA-11,155.0,4.152365276904441,463.1038946561407,44.68,164.86,26.7,0.6,1.36,1,0.316,0.619,0.7441,0.7236,1
RD-GHY-SHL-07,98.0,16.25895912674473,1587.2480405474703,12.86,42.73,10.6,0.192,2.72,2,0.122,0.5668,0.3068,0.5259,0
RD-SELA-TWG-06,78.0,26.60330680889245,3135.542749491089,20.6,82.11,23.8,0.324,1.96,8,0.177,0.8874,0.4237,0.8727,1
RD-GHY-NAG-10,345.0,21.284468857289337,1428.5744663955938,171.89,459.22,11.8,1.0,1.03,7,0.933,0.9964,0.9991,1.0,1
RD-GHY-ITA-09,320.0,7.284344695975986,363.9703773127876,45.03,214.52,32.9,0.765,0.72,3,0.374,0.8085,0.8731,0.876,1
RD-BHK-BMD-03,96.0,24.63650799401996,2566.057752599435,28.33,124.3,8.4,0.714,0.41,9,0.352,0.9512,0.7383,0.9719,1
RD-GHY-TEZ-01,178.0,7.320511249279591,179.6372308400541,16.5,73.13,21.4,0.294,0.56,1,0.267,0.4067,0.8129,0.7526,1
RD-GHY-ITA-09,320.0,8.972356814124684,349.73625018088416,56.97,192.45,4.5,0.691,1.17,2,0.386,0.7452,0.8348,0.8308,1
RD-GHY-TEZ-01,178.0,1.8148437305715865,136.08886030186238,24.35,107.43,29.9,0.408,0.58,2,0.299,0.4398,0.8614,0.801,1
RD-SELA-TWG-06,78.0,21.974918003332657,3255.785331088004,173.45,537.8,13.5,1.0,1.94,6,0.891,0.9476,0.9339,1.0,1
RD-DRG-SELA-05,62.0,27.83856420101599,4228.6431761504355,15.38,51.8,7.3,0.223,2.39,8,0.141,0.8661,0.402,0.8604,1
RD-BMD-DRG-04,42.0,18.36709361899066,2155.548188242853,15.1,70.86,25.2,0.286,1.16,6,0.191,0.7469,0.5,0.7289,1
RD-GHY-NAG-10,345.0,14.250668050741476,1598.7058408579967,4.74,18.2,11.3,0.111,0.79,7,0.177,0.7187,0.5978,0.7273,1
RD-SELA-TWG-06,78.0,24.53950237828621,3305.702666267597,64.98,245.72,29.9,0.869,1.7,6,0.394,0.9787,0.6794,0.9936,1
RD-GHY-SHL-07,98.0,13.811078119804742,1484.2154554768263,4.69,22.88,26.4,0.126,2.79,5,0.083,0.5631,0.3302,0.5245,0
RD-GHY-ITA-09,320.0,8.906623940957328,315.0393576252941,193.4,890.1,31.6,1.0,0.91,4,1.0,0.868,0.9469,0.9561,1
RD-BHK-BMD-03,96.0,25.97322928991631,2456.1124276598002,10.15,42.13,7.5,0.44,0.13,6,0.366,0.8457,0.9571,0.993,1
RD-BMD-DRG-04,42.0,21.43157826270153,2174.6361314345813,14.97,72.47,4.8,0.292,1.03,9,0.201,0.7408,0.5312,0.7267,1
RD-SELA-TWG-06,78.0,20.850681405499238,3215.0224141963,75.87,309.7,23.9,1.0,1.66,7,0.447,0.9768,0.6634,0.9895,1
RD-BHK-BMD-03,96.0,21.612420439909585,2382.5009441489146,19.31,75.25,8.4,0.301,0.58,8,0.275,0.8838,0.6796,0.8993,1
RD-TEZ-ITA-11,155.0,10.522932023375176,358.8998122744203,157.22,445.13,9.3,1.0,1.65,2,0.827,0.938,0.9846,0.9975,1
RD-GHY-TEZ-01,178.0,7.222256033834318,150.7860481414363,207.88,820.91,7.3,1.0,1.02,2,1.0,0.9183,0.9864,0.9863,1
RD-GHY-TEZ-01,178.0,3.139437015356487,125.67680886416123,143.83,360.4,33.9,1.0,0.57,5,0.858,0.8829,0.9207,0.9165,1
RD-SHL-SIL-08,215.0,20.2440405315046,1523.475019733893,64.54,299.05,29.4,1.0,0.34,7,0.538,0.9772,0.9165,1.0,1
RD-BHK-BMD-03,96.0,26.180577045171265,2421.830870628686,206.75,743.3,24.7,1.0,0.58,7,1.0,0.9887,0.9892,1.0,1
RD-TEZ-ITA-11,155.0,9.326942565939653,410.9053103945995,12.66,45.73,23.0,0.202,1.54,2,0.157,0.4654,0.6273,0.599,0
RD-SHL-SIL-08,215.0,23.053757888866805,1270.1814234441065,0.43,1.37,28.7,0.055,0.54,7,0.194,0.7379,0.7633,0.7983,1
RD-GHY-GTK-12,540.0,21.228720991268187,1630.506891996847,2.57,7.8,22.8,0.326,0.12,8,0.335,0.8251,0.9146,0.9506,1
RD-GHY-SHL-07,98.0,13.660251872197707,1509.9476458629165,84.52,378.96,19.3,1.0,2.58,3,0.459,0.8671,0.7415,0.8515,1
RD-SHL-SIL-08,215.0,24.041135130955656,1333.7805937196172,9.0,22.56,20.8,0.375,0.41,7,0.263,0.8458,0.7598,0.8803,1
RD-GHY-ITA-09,320.0,2.041447294473371,330.7196280306285,31.18,118.96,8.0,0.447,1.03,4,0.276,0.581,0.7826,0.7614,1
RD-GHY-SHL-07,98.0,17.39036402569692,1581.0965183013311,29.39,78.93,26.3,0.313,3.06,3,0.193,0.6695,0.4521,0.6325,0
RD-BHK-BMD-03,96.0,26.01326033843363,2430.21351131445,86.1,333.33,15.0,1.0,0.56,6,0.59,0.9527,0.8981,0.9962,1
RD-GHY-TEZ-01,178.0,11.732230411643018,150.8101820871774,16.68,75.38,12.9,0.301,0.79,1,0.232,0.5012,0.8528,0.801,1
RD-GHY-GTK-12,540.0,23.309046056229615,1666.9799304291075,188.1,787.46,18.4,1.0,0.21,7,1.0,0.9948,0.9988,1.0,1
RD-GHY-ITA-09,320.0,6.034526624116687,279.8591856714206,33.18,87.63,20.8,0.342,1.4,3,0.26,0.5929,0.7476,0.73,1
RD-GHY-ITA-09,320.0,2.900296951508814,328.819355461697,9.99,31.51,26.7,0.155,1.07,3,0.174,0.4378,0.705,0.6735,1
RD-GHY-TEZ-01,178.0,10.288664365263394,100.64393818262919,12.44,35.13,22.8,0.167,0.65,0,0.232,0.3522,0.8285,0.76,1
RD-GHY-NAG-10,345.0,19.394528903266657,1484.2302793262472,32.82,86.26,20.5,0.338,0.74,7,0.314,0.8479,0.7113,0.8632,1
RD-SELA-TWG-06,78.0,22.23082283719238,3259.430935791446,174.87,566.07,22.1,1.0,1.57,6,0.913,0.9878,0.9687,1.0,1
RD-SHL-SIL-08,215.0,26.765244371367206,1393.0355818885248,42.06,179.8,26.9,0.899,0.36,6,0.428,0.9343,0.8887,0.9837,1
RD-TEZ-BHK-02,54.0,15.9137536056217,251.16265250615646,114.93,374.98,23.2,1.0,0.52,6,0.732,0.9694,0.9896,1.0,1
RD-GHY-GTK-12,540.0,19.896045068466965,1614.0046797659616,52.47,241.07,8.2,1.0,0.05,9,0.608,0.9349,0.9994,1.0,1
RD-DRG-SELA-05,62.0,30.4686306113538,4207.393293436299,18.44,68.54,27.0,0.278,2.93,9,0.144,0.9152,0.3776,0.9018,1
RD-TEZ-BHK-02,54.0,7.119491396698295,245.38888280788242,9.19,34.78,24.5,0.416,0.2,3,0.327,0.6085,0.9479,0.9272,1
RD-GHY-NAG-10,345.0,20.478195001156806,1489.944682417946,105.23,495.82,19.6,1.0,0.89,8,0.635,0.9418,0.9543,0.998,1
RD-SHL-SIL-08,215.0,23.588120709145706,1390.5995753966163,30.77,129.59,11.7,0.482,0.75,7,0.304,0.8582,0.7675,0.8933,1
RD-TEZ-ITA-11,155.0,5.249186324985876,336.52799465175826,28.39,88.23,26.1,0.344,1.31,1,0.243,0.4355,0.6604,0.6265,0
RD-TEZ-BHK-02,54.0,11.572300778282957,242.95870972971147,38.37,143.79,27.6,0.779,0.05,3,0.543,0.7843,1.0,1.0,1
RD-GHY-ITA-09,320.0,8.577645286582138,326.4272893420899,6.67,21.22,6.5,0.121,1.15,2,0.152,0.4662,0.6123,0.5912,0
RD-DRG-SELA-05,62.0,34.47630479382377,4242.132838442589,8.86,43.6,28.1,0.195,2.69,9,0.104,0.9045,0.3228,0.8846,1
RD-SELA-TWG-06,78.0,24.427517008543887,3232.976926279571,37.51,163.94,7.3,0.596,1.74,9,0.264,0.9189,0.5346,0.9167,1
RD-GHY-TEZ-01,178.0,4.877694062246113,179.32931051825412,0.67,2.07,16.4,0.057,0.94,0,0.142,0.2905,0.7332,0.6672,1
RD-GHY-ITA-09,320.0,10.475759033969908,319.3088288139714,35.27,169.42,28.4,0.615,1.41,5,0.269,0.7398,0.7288,0.7377,1
RD-GHY-NAG-10,345.0,23.741137776019954,1487.368285100286,31.69,146.3,13.4,0.538,0.9,7,0.291,0.8475,0.6691,0.8574,1
RD-GHY-SHL-07,98.0,10.35563619532438,1532.245065873409,0.83,3.09,16.7,0.06,3.06,2,0.06,0.4374,0.3131,0.4103,0
RD-DRG-SELA-05,62.0,31.350693923506576,4240.168244165256,36.12,101.8,17.7,0.389,2.47,8,0.236,0.8915,0.4462,0.8895,1
RD-GHY-TEZ-01,178.0,9.152205929999553,67.58924656522701,193.67,754.96,30.4,1.0,0.9,2,1.0,0.9317,0.9698,0.9719,1
RD-GHY-NAG-10,345.0,22.94203741201179,1483.367777677711,1.12,3.95,20.5,0.063,0.83,7,0.156,0.7257,0.4733,0.7204,1
RD-GHY-GTK-12,540.0,22.41469838176262,1602.0685046935762,5.28,15.6,29.4,0.352,0.39,7,0.25,0.8386,0.7919,0.8724,1
RD-DRG-SELA-05,62.0,35.259291389184455,4204.315740252211,91.83,323.16,13.4,1.0,2.45,8,0.496,1.0,0.7586,1.0,1
RD-SHL-SIL-08,215.0,20.791821532564718,1368.6648460476242,3.07,13.1,18.5,0.344,0.47,6,0.22,0.7977,0.8049,0.8454,1
RD-GHY-NAG-10,345.0,12.447492710605744,1476.8213576914438,178.77,750.12,30.0,1.0,0.77,7,0.992,0.9694,0.9579,1.0,1
RD-DRG-SELA-05,62.0,28.727280786747524,4160.296475775691,129.72,436.8,16.6,1.0,2.82,7,0.666,0.9639,0.8468,1.0,1
RD-GHY-NAG-10,345.0,14.934049394957023,1578.985873372411,115.86,441.08,22.6,1.0,1.13,6,0.664,1.0,0.9109,1.0,1
RD-SHL-SIL-08,215.0,20.30017021654255,1350.9943051544576,112.09,371.71,31.4,1.0,0.44,7,0.736,0.9924,0.9536,1.0,1
RD-GHY-ITA-09,320.0,9.011230871015467,406.76158986202694,128.12,411.61,22.7,1.0,1.17,2,0.718,0.9509,0.957,0.978,1
RD-DRG-SELA-05,62.0,27.967529422570024,4098.046262237589,23.62,108.1,7.9,0.41,2.55,8,0.176,0.8848,0.433,0.8815,1
RD-GHY-NAG-10,345.0,19.577147668391667,1487.0064117788615,83.18,321.42,17.6,1.0,1.09,8,0.514,0.937,0.7532,0.9543,1
RD-DRG-SELA-05,62.0,30.531178669967705,4160.715552413249,170.27,545.36,17.9,1.0,2.43,7,0.863,0.9694,0.9532,1.0,1
RD-TEZ-BHK-02,54.0,10.836569983088934,211.00605325891885,9.36,25.99,32.5,0.387,0.23,3,0.317,0.6467,0.992,0.9744,1
RD-GHY-NAG-10,345.0,13.043110649674379,1599.6933392383394,2.48,7.59,31.9,0.075,0.79,8,0.167,0.7071,0.5453,0.7109,1
RD-TEZ-ITA-11,155.0,5.677545847033117,206.65321422729255,30.76,114.1,24.0,0.43,1.69,2,0.235,0.5163,0.735,0.7036,1
RD-BHK-BMD-03,96.0,27.49936617082661,2462.6701832608132,20.05,89.76,8.3,0.599,0.39,8,0.319,0.9342,0.7483,0.9569,1
RD-GHY-GTK-12,540.0,19.56732959503213,1616.2483455324607,108.21,427.29,29.9,1.0,0.07,8,0.853,0.9608,1.0,1.0,1
RD-BHK-BMD-03,96.0,33.83589689536362,2405.693003349295,30.5,93.48,5.2,0.362,0.69,7,0.311,0.9115,0.7224,0.9316,1
RD-GHY-TEZ-01,178.0,1.0,153.36320982926458,23.73,115.2,19.3,0.434,0.67,4,0.281,0.4142,0.7863,0.7293,1
RD-TEZ-BHK-02,54.0,12.407114051129826,192.766549669212,18.24,73.88,16.2,0.546,0.08,3,0.431,0.651,0.9928,0.9758,1
RD-GHY-NAG-10,345.0,16.969385323711307,1576.3052160864809,49.82,137.53,24.0,0.508,1.06,7,0.361,0.8503,0.7671,0.8726,1
RD-BHK-BMD-03,96.0,20.822929526481182,2438.5557895556144,8.65,30.46,26.9,0.402,0.05,7,0.404,0.8031,1.0,1.0,1
RD-GHY-SHL-07,98.0,16.582407830115294,1482.2509748654816,17.73,52.06,4.9,0.224,3.16,3,0.137,0.5943,0.3396,0.5534,0
RD-BMD-DRG-04,42.0,17.79674801341273,2072.815347844381,21.54,87.46,11.6,0.342,1.4,4,0.206,0.7539,0.5098,0.7365,1
RD-GHY-GTK-12,540.0,16.676144328831526,1702.2348584184072,68.12,322.23,29.0,1.0,0.05,7,0.682,0.977,0.9959,1.0,1
RD-BMD-DRG-04,42.0,21.21742043724731,2053.091663578141,70.59,342.35,18.5,1.0,1.09,5,0.455,0.92,0.7576,0.9246,1
RD-SELA-TWG-06,78.0,24.565871070128136,3157.1909320243303,194.86,714.9,6.4,1.0,1.82,6,0.995,0.9757,0.987,1.0,1
RD-DRG-SELA-05,62.0,29.09660114976828,4171.5872637205985,39.74,149.89,10.7,0.55,2.56,7,0.251,0.8643,0.4799,0.8689,1
RD-TEZ-BHK-02,54.0,13.248307595249264,260.7724512371964,169.01,604.2,30.2,1.0,0.22,3,1.0,0.9655,1.0,1.0,1
RD-SHL-SIL-08,215.0,22.385684786852917,1455.8344820688562,47.85,227.55,20.5,1.0,0.26,6,0.485,1.0,0.9574,1.0,1
RD-DRG-SELA-05,62.0,31.533490507136108,4118.755652125034,54.16,236.6,23.3,0.839,2.41,7,0.322,0.9401,0.5954,0.9551,1
RD-GHY-ITA-09,320.0,5.973508708145539,288.020822567345,103.66,334.83,17.5,1.0,1.05,4,0.613,0.9023,0.9445,0.9586,1
RD-TEZ-ITA-11,155.0,9.68228941188221,212.44736586390565,0.3,0.81,26.6,0.053,1.26,1,0.115,0.3917,0.6209,0.5862,0
RD-SHL-SIL-08,215.0,22.535761619361292,1431.1686590822314,61.82,241.09,12.9,0.854,0.71,7,0.453,0.9405,0.8464,0.9838,1
RD-GHY-ITA-09,320.0,9.786316570406623,358.1039424792817,52.19,145.17,25.8,0.534,1.38,4,0.35,0.748,0.7565,0.7559,1
RD-GHY-TEZ-01,178.0,2.2777650642257115,21.91126405926846,0.23,1.1,18.7,0.054,0.85,2,0.149,0.2794,0.7951,0.7211,1
RD-SHL-SIL-08,215.0,17.444100852990772,1415.692862288706,13.46,36.84,7.2,0.423,0.3,6,0.312,0.8796,0.9238,0.9722,1
RD-SELA-TWG-06,78.0,28.67826606089607,3123.4565033600093,81.98,333.33,33.6,1.0,1.63,8,0.477,0.9544,0.7366,0.9787,1
RD-TEZ-ITA-11,155.0,2.597241890531822,328.8597368406309,14.41,50.01,26.6,0.217,1.51,1,0.167,0.3299,0.681,0.6345,0
RD-TEZ-BHK-02,54.0,19.73084838363901,221.3527177045063,87.9,222.09,33.7,1.0,0.4,5,0.634,0.9186,0.947,0.9705,1
RD-TEZ-ITA-11,155.0,5.3761139763203865,239.34151462603592,57.71,186.06,29.5,0.67,1.74,3,0.359,0.6843,0.8243,0.8073,1
RD-GHY-SHL-07,98.0,9.056057828453879,1587.9543583133786,100.97,356.15,29.8,1.0,3.08,3,0.527,0.828,0.7638,0.8167,1
RD-TEZ-ITA-11,155.0,5.279992792608619,319.7068248339345,7.12,31.09,27.4,0.154,1.71,3,0.124,0.4354,0.526,0.5035,0
RD-SELA-TWG-06,78.0,25.245488757285504,3188.158597859885,169.65,784.41,12.4,1.0,1.55,9,0.889,1.0,0.9387,1.0,1
RD-TEZ-BHK-02,54.0,10.94451294483698,171.5916034654516,50.33,223.58,25.8,1.0,0.46,3,0.443,0.8384,0.9057,0.9188,1
RD-GHY-NAG-10,345.0,18.989369121583753,1589.5450440558202,10.6,48.56,14.4,0.212,1.13,8,0.172,0.8074,0.524,0.8017,1
RD-TEZ-ITA-11,155.0,2.1436803044745476,368.2020217709493,24.15,89.24,28.2,0.347,1.53,2,0.211,0.4671,0.6326,0.6041,0
RD-GHY-GTK-12,540.0,25.081833614556853,1623.587685251009,26.62,67.88,19.5,0.526,0.4,8,0.346,0.9352,0.8363,0.9723,1
RD-BMD-DRG-04,42.0,18.838879740488782,2119.9936793764628,15.42,73.85,33.3,0.296,1.34,4,0.18,0.7133,0.4248,0.6898,1
RD-TEZ-ITA-11,155.0,3.545134069284494,269.783523529028,2.54,12.41,21.2,0.091,1.51,2,0.111,0.3631,0.6042,0.5684,0
RD-BHK-BMD-03,96.0,34.2052541010689,2443.8834473880647,15.57,60.98,6.2,0.503,0.45,6,0.283,0.8953,0.6858,0.9111,1
RD-GHY-TEZ-01,178.0,3.614448146702116,115.49349946374832,46.89,149.14,17.1,0.547,0.7,0,0.385,0.534,0.8606,0.8125,1
RD-TEZ-BHK-02,54.0,12.03250665516245,245.86076471983338,147.76,590.02,22.1,1.0,0.16,5,0.994,0.949,0.9362,0.9749,1
RD-TEZ-BHK-02,54.0,12.603028318348716,265.7660155308193,10.57,31.76,4.0,0.406,0.08,3,0.393,0.6413,0.9983,0.9795,1
RD-TEZ-ITA-11,155.0,6.819436683210196,349.04963110480634,18.43,84.63,4.9,0.332,1.6,2,0.181,0.4692,0.6883,0.6555,1
RD-BMD-DRG-04,42.0,13.052548289991455,2121.9162714738322,0.19,0.69,23.5,0.052,1.3,6,0.112,0.5994,0.4125,0.5846,0
RD-DRG-SELA-05,62.0,30.956995838132883,4255.848957765528,268.97,908.33,8.3,1.0,2.72,8,1.0,1.0,1.0,1.0,1
RD-GHY-TEZ-01,178.0,1.0,132.64837561022452,24.42,109.39,4.8,0.415,0.71,0,0.279,0.387,0.8556,0.789,1
RD-GHY-TEZ-01,178.0,4.432089041020864,10.0,91.97,267.39,10.1,0.941,0.95,1,0.567,0.751,0.9967,0.9715,1
RD-TEZ-ITA-11,155.0,2.692803407845563,402.8060808704613,29.73,98.19,25.1,0.377,1.65,2,0.232,0.4566,0.6614,0.6294,0
RD-BMD-DRG-04,42.0,20.214370881003358,2102.8121872811407,26.1,127.98,22.2,0.477,1.46,4,0.224,0.7985,0.5217,0.7792,1
RD-TEZ-ITA-11,155.0,2.0212078875701716,335.5077160510638,148.21,487.95,19.5,1.0,1.65,4,0.785,0.8797,0.9716,0.976,1
RD-TEZ-BHK-02,54.0,15.42966166135475,203.35474102685345,203.41,645.66,25.1,1.0,0.5,6,1.0,0.985,0.9844,1.0,1
RD-GHY-NAG-10,345.0,20.67284192008024,1436.1573809281288,198.16,796.21,22.2,1.0,0.68,8,1.0,0.9507,0.9723,1.0,1
RD-TEZ-ITA-11,155.0,5.333872294103636,287.147190132722,28.43,83.38,29.7,0.328,1.52,1,0.232,0.4447,0.7376,0.6982,1
RD-TEZ-ITA-11,155.0,9.066937423494561,293.76299762469665,25.19,120.27,14.5,0.451,1.39,1,0.223,0.5413,0.7083,0.6815,1
RD-BHK-BMD-03,96.0,22.019928433354675,2414.163640806024,5.17,21.65,9.6,0.372,0.34,10,0.263,0.8428,0.7469,0.8688,1
RD-GHY-GTK-12,540.0,25.354971904556216,1595.3735919094283,88.58,319.72,9.4,1.0,0.05,10,0.777,0.9383,0.9883,1.0,1
RD-DRG-SELA-05,62.0,31.60496123902441,4163.676677662053,2.93,12.07,14.9,0.09,2.44,7,0.082,0.8617,0.2893,0.8419,1
RD-TEZ-BHK-02,54.0,17.327282414112638,231.11459204340676,25.83,101.76,17.1,0.639,0.1,4,0.454,0.743,0.9537,0.9519,1
RD-DRG-SELA-05,62.0,29.57843791113303,4149.870846444524,0.72,2.3,5.4,0.058,2.3,7,0.075,0.8555,0.3345,0.8421,1
RD-GHY-GTK-12,540.0,18.686280602251802,1680.5440641525995,18.55,92.04,24.4,0.607,0.45,8,0.297,0.85,0.7782,0.8817,1
RD-SELA-TWG-06,78.0,24.02754275236759,3235.8621730342024,6.65,17.65,20.8,0.109,1.84,7,0.116,0.8458,0.366,0.8274,1
RD-TEZ-BHK-02,54.0,6.540980280221535,248.06775941159145,0.52,1.92,13.8,0.306,0.15,3,0.309,0.5763,0.9573,0.9315,1
RD-GHY-TEZ-01,178.0,5.490256799026295,160.83490322574346,6.2,22.85,5.2,0.126,0.63,0,0.205,0.317,0.7832,0.7149,1
RD-SELA-TWG-06,78.0,26.706181597955897,3223.6786768666143,26.95,112.91,26.8,0.426,1.87,8,0.21,0.8476,0.4663,0.8417,1
RD-DRG-SELA-05,62.0,36.85310772177293,4154.9645811073,20.51,78.26,12.8,0.311,2.77,7,0.157,0.8853,0.4344,0.8822,1
RD-DRG-SELA-05,62.0,33.29845449721077,4259.25798681717,225.16,644.72,22.1,1.0,2.19,7,1.0,0.9983,0.9822,1.0,1
RD-TEZ-BHK-02,54.0,17.345079152314142,204.37105164113387,96.33,481.02,23.9,1.0,0.05,3,0.813,0.926,0.9714,0.9957,1
RD-BMD-DRG-04,42.0,18.623639857604623,2105.871828480459,57.31,180.77,16.6,0.653,1.12,5,0.391,0.85,0.7409,0.855,1
RD-BHK-BMD-03,96.0,30.67387535918948,2425.584339376333,16.92,62.09,29.6,0.507,0.28,7,0.336,0.9247,0.8383,0.9602,1
RD-TEZ-BHK-02,54.0,12.301000915303526,274.8338287382448,174.76,568.9,8.9,1.0,0.48,4,1.0,0.958,1.0,1.0,1
RD-GHY-SHL-07,98.0,11.626580694598797,1578.7478341416627,181.9,508.94,13.1,1.0,3.07,2,0.905,0.9534,0.9331,0.9618,1
RD-TEZ-ITA-11,155.0,3.55133972282185,425.03914529674347,106.44,411.99,33.2,1.0,1.4,2,0.602,0.8513,0.9295,0.9308,1
RD-SHL-SIL-08,215.0,22.026832428140295,1372.6083573342519,12.12,32.01,31.5,0.407,0.24,8,0.325,0.9263,0.8633,0.9723,1
RD-TEZ-BHK-02,54.0,14.253503208214504,283.33192684446135,281.84,823.65,28.1,1.0,0.05,5,1.0,1.0,0.9766,1.0,1
RD-TEZ-BHK-02,54.0,10.945954782883339,267.37730450248483,64.41,270.51,17.5,1.0,0.36,4,0.532,0.924,0.9506,0.9748,1
RD-DRG-SELA-05,62.0,31.304716030129434,4242.762015107487,8.14,27.01,16.6,0.14,1.94,7,0.12,0.8551,0.3587,0.8448,1
RD-GHY-TEZ-01,178.0,5.7780140112923055,44.641094299655705,29.33,84.24,17.0,0.331,0.72,1,0.301,0.4508,0.9507,0.8844,1
RD-BHK-BMD-03,96.0,28.024451685029398,2470.785689341645,51.21,217.79,11.5,0.776,0.54,9,0.431,0.9554,0.7479,0.9773,1
RD-GHY-TEZ-01,178.0,5.17282513784863,212.35179739731484,75.05,210.66,18.2,0.752,1.12,2,0.474,0.7135,0.9347,0.9065,1
RD-TEZ-ITA-11,155.0,3.569057528408191,394.42354150615876,68.36,218.09,23.1,0.777,1.84,3,0.405,0.7726,0.7661,0.7675,1
RD-BHK-BMD-03,96.0,30.264126874776817,2504.0483085431847,21.06,70.17,18.2,0.534,0.48,7,0.303,0.9657,0.7286,0.9844,1
RD-GHY-SHL-07,98.0,11.6515243282359,1516.3842867093374,14.9,52.68,20.9,0.226,2.92,2,0.128,0.4915,0.3346,0.4604,0
RD-GHY-ITA-09,320.0,9.448314981068135,369.0870840605904,16.58,52.62,22.9,0.225,1.3,4,0.188,0.5635,0.6275,0.6144,0
RD-SHL-SIL-08,215.0,26.418197393568352,1407.1475938276824,26.58,74.07,32.1,0.297,0.56,6,0.312,0.8839,0.8147,0.9243,1
RD-GHY-SHL-07,98.0,13.272094335298116,1474.9857100988015,205.43,964.91,13.3,1.0,2.7,3,1.0,0.9802,0.9474,0.9904,1
RD-TEZ-BHK-02,54.0,11.815558690726489,371.66917827008217,21.44,57.71,27.7,0.492,0.21,6,0.381,0.7967,0.9487,0.9547,1
RD-GHY-TEZ-01,178.0,11.152782029315077,10.0,6.6,22.05,24.8,0.124,0.5,1,0.23,0.3803,0.9424,0.8668,1
RD-GHY-GTK-12,540.0,17.836772856762245,1569.5230961510488,16.55,55.46,9.2,0.235,0.68,9,0.247,0.8198,0.7016,0.8431,1
RD-SHL-SIL-08,215.0,19.472387899083373,1426.071084375439,176.38,831.86,6.5,1.0,0.52,8,1.0,1.0,0.963,1.0,1
RD-GHY-ITA-09,320.0,3.119472800932135,364.9008140291956,53.09,202.88,7.6,0.726,1.01,4,0.381,0.7234,0.8298,0.8234,1
RD-SELA-TWG-06,78.0,26.47361708579823,3194.7568078849354,13.78,64.46,21.9,0.265,2.04,7,0.143,0.8803,0.3339,0.8543,1
RD-DRG-SELA-05,62.0,27.129522901380955,4117.81184508662,102.85,411.43,8.4,1.0,2.36,8,0.55,0.9944,0.8222,1.0,1
RD-TEZ-ITA-11,155.0,6.142210651834381,342.2100372945931,1.67,5.37,15.1,0.068,1.46,2,0.11,0.3999,0.5887,0.5577,0
RD-TEZ-ITA-11,155.0,3.9538886183889614,386.11419706677333,195.99,589.31,31.4,1.0,1.44,1,1.0,0.9439,0.983,0.9967,1
RD-GHY-ITA-09,320.0,10.950534689795738,320.21212010407277,19.4,74.63,10.8,0.299,1.04,3,0.22,0.5974,0.7137,0.6986,1
RD-SELA-TWG-06,78.0,29.138986475187522,3259.973933896208,141.9,669.87,32.4,1.0,1.61,7,0.757,0.9631,0.9039,1.0,1
RD-SHL-SIL-08,215.0,24.33834404257872,1439.400999252528,18.48,75.1,6.4,0.3,0.65,8,0.26,0.883,0.7672,0.9172,1
RD-DRG-SELA-05,62.0,25.154137881345314,4150.6626168761195,38.42,137.52,4.7,0.508,2.85,7,0.239,0.9177,0.4449,0.9133,1
RD-BHK-BMD-03,96.0,26.841922316775737,2459.180608531014,39.0,110.93,19.2,0.67,0.23,7,0.455,0.8995,0.9064,0.9507,1
RD-GHY-SHL-07,98.0,14.285701033769048,1521.4324011601614,6.88,27.48,21.8,0.142,2.65,3,0.096,0.5244,0.3219,0.4891,0
RD-DRG-SELA-05,62.0,29.96112714646263,4143.160676442236,4.34,20.37,12.3,0.118,2.83,10,0.08,0.8704,0.3493,0.8575,1
RD-TEZ-BHK-02,54.0,13.34900692270097,226.14686599005393,15.09,63.07,32.5,0.51,0.1,5,0.404,0.6825,1.0,0.9874,1
RD-SELA-TWG-06,78.0,24.323102780156425,3210.9907657470308,26.34,76.85,17.4,0.306,1.92,8,0.206,0.8125,0.4988,0.8134,1
RD-TEZ-ITA-11,155.0,4.528115104212143,275.7304107118501,5.24,15.77,27.4,0.103,1.81,1,0.111,0.3521,0.591,0.5555,0
RD-BMD-DRG-04,42.0,14.230332161901451,2220.2839837219726,177.34,545.37,28.1,1.0,1.11,4,0.952,0.9889,0.9439,1.0,1
RD-BMD-DRG-04,42.0,20.73070653943212,2171.9062837452307,79.98,319.34,20.4,1.0,0.36,7,0.605,0.9428,0.8595,0.9609,1
RD-GHY-NAG-10,345.0,21.082322951077952,1558.739796749873,135.63,582.44,4.6,1.0,0.83,6,0.783,0.9755,0.9273,1.0,1
RD-GHY-SHL-07,98.0,12.886673502995734,1475.1368455480597,199.03,532.42,21.9,1.0,2.91,6,0.987,0.9856,1.0,1.0,1
RD-GHY-ITA-09,320.0,10.07955000125866,366.76041210162725,13.43,41.19,32.9,0.187,1.33,2,0.172,0.5478,0.6088,0.5956,0
RD-SHL-SIL-08,215.0,16.37979775625189,1407.255114318061,20.41,84.41,14.0,0.581,0.43,7,0.309,0.814,0.84,0.8816,1
RD-SHL-SIL-08,215.0,20.193447613660844,1466.1623248101994,2.65,11.92,24.7,0.34,0.24,6,0.284,0.7788,0.8571,0.8937,1
RD-GHY-TEZ-01,178.0,1.3177200069858408,55.96165648769742,141.09,551.25,10.0,1.0,0.88,1,0.803,0.9111,0.9742,0.9732,1
RD-GHY-TEZ-01,178.0,2.77576963560961,114.04943700669662,12.77,55.76,22.8,0.236,0.55,1,0.249,0.3761,0.8288,0.7632,1
RD-GHY-GTK-12,540.0,18.80521578752034,1679.966684288481,102.39,426.61,18.7,1.0,0.36,8,0.711,0.9198,0.9805,1.0,1
RD-TEZ-BHK-02,54.0,17.569482562538756,238.00005667848203,121.75,526.26,17.8,1.0,0.11,5,0.895,0.9495,1.0,1.0,1
RD-TEZ-ITA-11,155.0,2.5338971844225586,301.17815940177024,57.59,182.41,20.8,0.658,1.52,1,0.368,0.6116,0.8199,0.7942,1
RD-SHL-SIL-08,215.0,22.63053867206758,1421.5412554129696,6.19,22.76,26.2,0.376,0.46,7,0.238,0.8389,0.8021,0.879,1
RD-GHY-ITA-09,320.0,10.247872267670935,407.3811060092265,136.08,440.02,32.1,1.0,1.3,2,0.746,0.8877,0.9496,0.9617,1
RD-GHY-NAG-10,345.0,16.323727810658728,1425.9771444240002,175.04,816.41,14.6,1.0,0.39,7,1.0,1.0,0.9903,1.0,1
RD-TEZ-BHK-02,54.0,9.646110883409744,153.3580622914136,122.2,355.86,15.2,1.0,0.28,3,0.826,0.8945,0.9404,0.9605,1
RD-BHK-BMD-03,96.0,24.066181803397193,2541.1691476380147,16.85,63.09,22.0,0.26,0.63,9,0.255,0.8695,0.7037,0.8888,1
RD-GHY-TEZ-01,178.0,7.644234018559114,168.46570968283112,10.1,44.34,30.3,0.198,0.69,1,0.214,0.3456,0.8478,0.7766,1
RD-GHY-NAG-10,345.0,19.995777080240188,1571.8326488030673,83.4,379.3,8.3,1.0,0.72,9,0.553,0.9679,0.9118,1.0,1
RD-GHY-GTK-12,540.0,14.234124541073284,1633.7642502637623,30.25,108.45,15.2,0.661,0.06,8,0.5,0.8608,0.9905,1.0,1
RD-GHY-TEZ-01,178.0,4.571029327441242,172.15004326286947,176.84,644.75,15.6,1.0,0.56,1,1.0,0.861,0.965,0.9569,1
RD-GHY-TEZ-01,178.0,1.0,90.5174169984374,15.24,68.74,22.0,0.279,1.04,1,0.201,0.3808,0.7454,0.6882,1
RD-TEZ-BHK-02,54.0,13.92238595730641,275.1218658588032,98.47,400.98,12.8,1.0,0.05,5,0.823,0.8745,1.0,1.0,1
RD-BHK-BMD-03,96.0,23.8719300866294,2432.0350637740485,96.99,358.7,4.6,1.0,0.66,6,0.626,0.9183,0.9089,0.9638,1
RD-TEZ-BHK-02,54.0,15.720894889515174,236.93329218297797,12.25,40.17,18.0,0.434,0.16,3,0.361,0.685,0.901,0.8935,1
RD-TEZ-BHK-02,54.0,13.00641069967102,221.2952849530767,72.53,316.38,7.7,1.0,0.19,3,0.627,0.8713,0.983,0.999,1
RD-GHY-NAG-10,345.0,19.623478908893688,1569.6495154256986,29.74,123.89,27.9,0.463,1.01,7,0.271,0.871,0.6481,0.877,1
RD-BMD-DRG-04,42.0,16.108900646722674,2138.773329955336,130.31,548.48,6.5,1.0,0.99,4,0.743,0.9651,0.9092,0.9899,1
RD-BMD-DRG-04,42.0,14.286115173911002,2039.1964840708408,23.73,108.79,20.0,0.413,1.57,7,0.207,0.7473,0.5097,0.7303,1
RD-GHY-GTK-12,540.0,20.613872469554728,1595.2783324325599,30.85,111.63,21.1,0.672,0.38,9,0.371,0.9198,0.8669,0.9614,1
RD-SELA-TWG-06,78.0,25.171516711634254,3187.1748500367366,209.51,840.89,32.4,1.0,1.49,8,1.0,1.0,0.9526,1.0,1
RD-TEZ-ITA-11,155.0,9.916357728953152,401.62449481868435,0.45,2.16,4.6,0.057,1.33,4,0.111,0.514,0.557,0.5384,0
RD-BHK-BMD-03,96.0,23.801395703961866,2491.978032277696,23.84,104.45,9.8,0.648,0.34,13,0.349,0.9354,0.838,0.9707,1
RD-BMD-DRG-04,42.0,17.120620307143085,2100.2366242816324,4.15,12.6,29.6,0.092,1.16,5,0.14,0.6133,0.4849,0.604,0
RD-GHY-NAG-10,345.0,21.56179873011749,1448.7745582228183,70.72,183.0,29.9,0.66,0.61,8,0.51,0.9481,0.8448,0.978,1
RD-TEZ-BHK-02,54.0,12.878842527762226,262.23009706822035,253.38,798.85,19.6,1.0,0.05,6,1.0,0.9431,0.94,0.9696,1
RD-BHK-BMD-03,96.0,28.98932155343306,2466.4723501979074,9.61,45.56,15.5,0.452,0.37,6,0.276,0.8961,0.7878,0.9256,1
RD-BHK-BMD-03,96.0,26.357264516691757,2350.4465848538903,88.61,405.86,25.2,1.0,0.27,6,0.674,0.9898,1.0,1.0,1
RD-GHY-ITA-09,320.0,9.035325442639174,457.89175360399463,185.85,857.14,11.0,1.0,0.97,6,1.0,0.957,1.0,1.0,1
RD-BMD-DRG-04,42.0,18.63511890906554,2021.4543473009383,16.69,74.31,8.0,0.298,1.33,6,0.187,0.7431,0.4715,0.7222,1
RD-GHY-TEZ-01,178.0,9.413650554653914,114.1566404736376,157.02,682.15,11.3,1.0,1.02,0,0.864,0.8584,1.0,0.9908,1
RD-TEZ-ITA-11,155.0,6.651057908388473,313.83704845804914,10.79,49.84,31.9,0.216,1.41,1,0.155,0.4125,0.6064,0.575,0
RD-BHK-BMD-03,96.0,22.35495989766984,2503.4248086890557,180.93,617.63,26.0,1.0,0.17,7,1.0,0.96,0.9556,1.0,1
RD-SHL-SIL-08,215.0,16.874360300101003,1464.5644859464162,163.04,594.84,21.8,1.0,0.35,7,0.995,0.9867,0.9506,1.0,1
RD-GHY-TEZ-01,178.0,3.978277806867107,126.28456855544059,112.24,548.11,9.9,1.0,0.85,0,0.672,0.7925,0.9873,0.9685,1
RD-TEZ-BHK-02,54.0,11.49404389530309,263.5059341394784,113.13,557.54,9.6,1.0,0.18,3,0.823,0.9173,0.9684,0.9913,1
RD-GHY-NAG-10,345.0,24.291343925478103,1532.637157695106,54.78,182.42,33.1,0.658,0.97,8,0.392,0.9319,0.7455,0.9483,1
RD-GHY-SHL-07,98.0,17.287849653151756,1602.923372277977,22.59,75.93,21.3,0.303,3.11,2,0.161,0.5687,0.4118,0.5365,0
RD-SHL-SIL-08,215.0,20.89882426686986,1382.3396052240273,41.42,183.06,8.6,0.66,0.68,6,0.363,0.8792,0.8122,0.9194,1
RD-BMD-DRG-04,42.0,16.828002167190224,2141.55915214317,197.58,655.91,22.4,1.0,1.22,5,1.0,0.9393,0.9431,0.9725,1
RD-DRG-SELA-05,62.0,34.125614621981505,4159.823880114096,6.51,20.74,33.0,0.119,2.56,7,0.096,0.9072,0.279,0.8811,1
RD-GHY-SHL-07,98.0,17.335979174983095,1666.189454232095,246.58,1079.49,22.0,1.0,2.91,2,1.0,1.0,0.9981,1.0,1
RD-BHK-BMD-03,96.0,26.283449756409688,2338.9969249307637,55.56,143.6,30.2,0.779,0.31,7,0.507,1.0,0.9181,1.0,1
RD-GHY-TEZ-01,178.0,5.569599519738154,142.68244799135152,29.84,85.33,11.7,0.334,0.54,0,0.332,0.4281,0.8869,0.8228,1
RD-GHY-GTK-12,540.0,20.569115814973852,1673.484224054541,23.04,104.94,12.6,0.65,0.46,7,0.316,0.8627,0.8293,0.9006,1
RD-TEZ-BHK-02,54.0,10.9673366237874,244.52394236772577,37.23,106.35,15.8,0.654,0.11,5,0.502,0.7545,0.9727,0.9719,1
RD-DRG-SELA-05,62.0,24.977205926339778,4171.474559729926,12.27,49.88,11.7,0.216,2.81,7,0.118,0.8812,0.4085,0.875,1
RD-GHY-TEZ-01,178.0,1.0,74.59277386551192,14.47,36.58,10.0,0.172,1.13,3,0.19,0.3794,0.7668,0.7074,1
RD-BMD-DRG-04,42.0,14.869947539707704,2067.304962145273,94.81,301.06,18.5,1.0,1.49,8,0.543,0.9369,0.8002,0.9469,1
RD-GHY-ITA-09,320.0,8.114092234511382,402.08482787604896,23.36,59.68,31.2,0.249,0.86,3,0.256,0.5893,0.7405,0.7229,1
RD-GHY-NAG-10,345.0,17.063662427191822,1494.864893504755,22.89,91.56,23.6,0.355,0.94,7,0.246,0.8492,0.5972,0.8499,1
RD-GHY-ITA-09,320.0,10.032525938385612,327.19245964099895,21.45,99.57,12.4,0.382,0.92,4,0.241,0.577,0.7563,0.7364,1
RD-SHL-SIL-08,215.0,19.674011295073335,1383.5673656023666,6.96,33.57,8.5,0.162,0.76,6,0.191,0.7407,0.6685,0.7689,1
RD-TEZ-ITA-11,155.0,8.73286200916036,340.21638630801704,93.81,437.97,7.2,1.0,1.37,2,0.545,0.8502,0.8572,0.86,1
RD-GHY-TEZ-01,178.0,1.0,113.82589890504738,72.29,201.56,30.3,0.722,1.1,2,0.463,0.6692,0.9136,0.8802,1
RD-BHK-BMD-03,96.0,25.901973774430274,2300.0236919667263,125.07,516.3,9.9,1.0,0.55,8,0.774,1.0,0.9297,1.0,1
RD-SHL-SIL-08,215.0,23.966455974142313,1317.9164325539118,37.39,104.13,7.4,0.397,0.75,9,0.335,0.9169,0.7801,0.9517,1
RD-BHK-BMD-03,96.0,26.361513846791297,2514.989866521397,10.0,36.27,14.6,0.421,0.29,6,0.3,0.8705,0.8369,0.9072,1
RD-GHY-TEZ-01,178.0,3.900421689196122,196.57974382153247,120.74,401.13,8.1,1.0,0.92,1,0.704,0.7965,0.9147,0.8988,1
RD-SELA-TWG-06,78.0,29.116283740850093,3190.5169237437904,31.6,146.19,11.6,0.537,1.81,6,0.234,0.8753,0.543,0.8773,1
RD-GHY-SHL-07,98.0,15.179852312379783,1542.3246436675445,9.46,43.76,14.0,0.196,2.73,3,0.106,0.5829,0.3122,0.5408,0
RD-GHY-NAG-10,345.0,18.239165732821508,1473.5221852011123,15.49,41.46,14.0,0.188,0.96,6,0.209,0.7595,0.5769,0.7633,1
RD-SHL-SIL-08,215.0,20.597828202882518,1313.907972951716,289.22,839.74,20.8,1.0,0.93,9,1.0,0.9813,0.9146,1.0,1
RD-GHY-GTK-12,540.0,19.065256149071168,1612.9239470148316,83.81,235.99,9.4,1.0,0.24,8,0.661,0.9129,0.9762,1.0,1
RD-GHY-ITA-09,320.0,11.13820174016199,253.0176592401017,225.11,654.59,16.8,1.0,0.92,2,1.0,0.9387,1.0,1.0,1
RD-GHY-TEZ-01,178.0,2.982034195305568,151.0447712497435,25.35,79.94,11.6,0.316,1.04,0,0.248,0.387,0.854,0.7875,1
RD-TEZ-BHK-02,54.0,18.28031000030657,247.3318629212081,178.95,869.22,18.0,1.0,0.05,5,1.0,0.9984,0.9596,1.0,1
RD-BMD-DRG-04,42.0,15.71931509143827,2066.567556299075,61.7,200.56,23.1,0.719,1.49,4,0.388,0.8638,0.6292,0.8538,1
RD-GHY-NAG-10,345.0,16.411165829242595,1537.2575594717932,13.09,58.21,4.2,0.244,1.02,8,0.193,0.8109,0.5583,0.8091,1
RD-GHY-SHL-07,98.0,15.383584975027688,1582.280607313427,190.18,923.83,28.7,1.0,2.86,5,0.947,0.9106,0.9439,0.9492,1
RD-TEZ-ITA-11,155.0,5.7279025160445824,245.2296874981485,21.74,93.72,13.0,0.362,1.46,2,0.203,0.4755,0.7417,0.7053,1
RD-BMD-DRG-04,42.0,20.560635570077736,2132.5357551220795,1.49,6.89,18.6,0.073,1.45,6,0.109,0.7029,0.4032,0.6779,1
RD-SELA-TWG-06,78.0,23.51286788807326,3151.1156722302635,225.56,627.24,10.7,1.0,1.9,9,1.0,0.9891,0.9561,1.0,1
RD-BMD-DRG-04,42.0,15.759719819519693,2046.0887387201471,42.14,206.16,8.9,0.737,1.06,8,0.325,0.8346,0.6577,0.8298,1
RD-BMD-DRG-04,42.0,19.634850936741014,2097.1123751374334,109.41,536.09,5.5,1.0,0.95,8,0.648,0.974,0.8919,0.9962,1
RD-BMD-DRG-04,42.0,7.309226088706005,2122.1918023020316,178.63,622.92,13.2,1.0,1.19,4,0.952,0.9873,0.9257,1.0,1
RD-GHY-NAG-10,345.0,20.25939385678246,1595.754268706289,9.55,25.25,6.3,0.134,0.87,7,0.191,0.7368,0.5625,0.7404,1
RD-GHY-SHL-07,98.0,10.735182875393015,1531.7203437993567,106.8,423.77,4.5,1.0,3.02,3,0.555,0.8985,0.7794,0.8867,1
RD-GHY-NAG-10,345.0,21.844422158445912,1478.470621444215,6.85,30.15,26.9,0.151,0.73,7,0.195,0.7959,0.6444,0.8054,1
RD-GHY-SHL-07,98.0,18.346239221331132,1532.4650125982073,101.17,401.96,19.7,1.0,3.08,2,0.528,0.9029,0.7011,0.8804,1
RD-SHL-SIL-08,215.0,25.341212542416063,1364.8260915770068,27.31,86.63,18.9,0.339,0.54,9,0.319,0.8941,0.8005,0.9323,1
RD-TEZ-ITA-11,155.0,3.8702583085741824,309.27841549569,5.18,21.34,5.4,0.121,1.5,1,0.124,0.3593,0.595,0.5598,0
RD-DRG-SELA-05,62.0,34.851534711667114,4076.576686916122,73.33,347.7,30.3,1.0,2.36,10,0.412,0.9569,0.6384,0.977,1
RD-BHK-BMD-03,96.0,23.587094437469865,2528.9233208543324,201.38,561.92,9.6,1.0,0.81,8,1.0,1.0,0.9525,1.0,1
RD-GHY-NAG-10,345.0,18.344808163181625,1506.3372433075408,226.04,734.34,8.8,1.0,0.75,6,1.0,1.0,1.0,1.0,1
RD-BHK-BMD-03,96.0,31.609254260679222,2370.4614502181266,198.5,683.98,31.1,1.0,0.41,7,1.0,0.9792,1.0,1.0,1
RD-SHL-SIL-08,215.0,24.747165832497924,1508.4936343418017,101.91,449.48,17.1,1.0,0.43,6,0.69,0.9628,0.9473,1.0,1
RD-BHK-BMD-03,96.0,28.55404806281905,2396.254335283047,52.74,165.77,7.9,0.603,0.71,7,0.411,0.9635,0.7977,0.9923,1
RD-BMD-DRG-04,42.0,7.2479114160908065,2103.117959640754,104.03,514.74,23.8,1.0,1.33,5,0.595,0.9759,0.8796,0.9963,1
RD-GHY-NAG-10,345.0,19.230183532156072,1557.5410023709571,186.32,664.56,12.2,1.0,0.99,8,1.0,1.0,0.9707,1.0,1
RD-TEZ-ITA-11,155.0,1.0,357.02553506334937,20.01,64.68,19.8,0.266,1.47,2,0.195,0.4044,0.6681,0.6304,0
RD-BHK-BMD-03,96.0,28.674402032652477,2407.0141657318436,2.44,10.37,13.1,0.335,0.36,9,0.244,0.9336,0.7097,0.9509,1
RD-GHY-ITA-09,320.0,7.560663674414975,356.4918432488653,12.71,62.67,32.9,0.259,1.42,4,0.163,0.626,0.6159,0.618,0
RD-TEZ-BHK-02,54.0,9.760519698138673,257.69454701070964,10.81,32.52,12.2,0.408,0.08,4,0.393,0.6889,0.9069,0.8996,1
RD-GHY-ITA-09,320.0,8.85514094820827,276.67442076270555,73.68,252.02,29.8,0.89,1.1,3,0.468,0.8517,0.8559,0.8648,1
RD-BMD-DRG-04,42.0,12.486603467640894,2134.957059136845,63.71,296.5,12.1,1.0,1.37,4,0.404,0.8871,0.7254,0.8886,1
RD-SHL-SIL-08,215.0,25.18809220399944,1460.37503770193,51.48,256.71,27.1,1.0,0.19,8,0.532,0.9973,0.9787,1.0,1
RD-GHY-GTK-12,540.0,25.66808231098247,1644.7623684655337,84.16,261.64,21.4,0.922,0.6,8,0.575,0.9428,0.9212,0.9916,1
RD-BMD-DRG-04,42.0,14.47678817952631,2085.3318364559595,114.21,460.24,21.9,1.0,0.98,5,0.668,0.9329,0.9437,0.9722,1
RD-GHY-SHL-07,98.0,14.195396874293449,1447.8086241836886,34.78,160.53,29.3,0.585,2.88,4,0.222,0.724,0.4724,0.6847,1
RD-GHY-NAG-10,345.0,17.532950000920383,1432.2268834742174,17.01,75.06,6.1,0.3,0.78,7,0.236,0.8487,0.6281,0.8533,1
RD-GHY-NAG-10,345.0,23.327526823062946,1533.6959236489615,86.44,372.25,16.9,1.0,0.99,10,0.538,0.9507,0.853,0.9818,1
RD-GHY-SHL-07,98.0,13.956103642990675,1631.239217227113,22.43,110.05,31.1,0.417,2.84,2,0.165,0.6238,0.4016,0.5858,0
RD-GHY-TEZ-01,178.0,6.108537944031676,90.53934308401794,4.87,12.79,21.4,0.343,0.42,3,0.239,0.3927,0.9123,0.8412,1
RD-GHY-GTK-12,540.0,20.73273989282522,1604.7357488961675,1.69,7.52,17.6,0.325,0.05,9,0.372,0.8808,0.9784,1.0,1
RD-GHY-TEZ-01,178.0,1.0,153.55848313144205,46.08,153.29,21.6,0.561,0.64,1,0.39,0.4957,0.897,0.8411,1
RD-GHY-SHL-07,98.0,11.687617936944527,1558.6207694313018,32.69,93.68,5.3,0.362,2.73,3,0.215,0.6261,0.5028,0.5974,0
RD-GHY-GTK-12,540.0,20.950399231207037,1586.2016715242676,3.36,10.88,33.2,0.336,0.05,8,0.379,0.8222,0.9854,1.0,1
RD-SHL-SIL-08,215.0,19.080361904974275,1312.0850955951587,94.4,268.5,25.1,1.0,0.39,8,0.664,0.9412,0.9599,1.0,1
RD-TEZ-BHK-02,54.0,12.596983679405584,240.6614361761362,31.63,112.18,6.6,0.674,0.33,3,0.389,0.7368,0.9325,0.9307,1
RD-GHY-TEZ-01,178.0,4.638167544893674,202.25795919608836,6.57,23.28,21.3,0.128,0.62,1,0.209,0.3334,0.7957,0.7281,1
RD-GHY-SHL-07,98.0,16.69604281672057,1469.4217188831244,9.54,44.07,26.3,0.197,2.86,2,0.104,0.5033,0.3083,0.4691,0
RD-BHK-BMD-03,96.0,34.67727020610724,2387.1185238311127,13.32,50.51,14.7,0.468,0.23,7,0.335,0.8636,0.8466,0.9017,1
RD-BMD-DRG-04,42.0,15.506429096382664,2189.024640270768,19.09,63.46,20.1,0.262,1.13,4,0.212,0.6487,0.5441,0.6423,0
RD-TEZ-BHK-02,54.0,11.806706030278884,223.69271763511284,177.12,822.15,29.0,1.0,0.05,4,1.0,0.9887,0.9654,1.0,1
RD-TEZ-ITA-11,155.0,6.150922125443454,380.2422604138168,3.57,12.13,12.9,0.09,1.32,2,0.126,0.3937,0.5723,0.5423,0
RD-GHY-GTK-12,540.0,21.081147919104122,1702.5929516100268,24.87,93.73,7.5,0.612,0.23,7,0.388,0.8999,0.9363,0.9822,1
RD-GHY-NAG-10,345.0,15.87517098498958,1453.1582880571225,19.12,73.94,8.5,0.296,1.05,7,0.218,0.7965,0.6001,0.8007,1
RD-GHY-TEZ-01,178.0,2.0382122645510004,110.57219371489958,28.76,103.52,32.4,0.395,0.95,3,0.272,0.4526,0.8186,0.7634,1
RD-SHL-SIL-08,215.0,24.683756598006028,1416.6037719401625,6.23,20.84,12.7,0.369,0.4,6,0.251,0.8107,0.8043,0.8519,1
RD-GHY-GTK-12,540.0,22.367494306697353,1768.3486330029511,20.59,97.53,20.6,0.625,0.08,7,0.441,0.873,1.0,1.0,1
RD-SELA-TWG-06,78.0,22.379462686119545,3177.979933463137,13.14,36.27,20.8,0.171,1.65,7,0.154,0.7826,0.4175,0.7762,1
RD-GHY-GTK-12,540.0,18.607965450793465,1820.4867018775028,54.25,213.5,33.2,1.0,0.48,8,0.457,0.9781,0.8453,1.0,1
RD-TEZ-ITA-11,155.0,4.010698909639718,287.30422920452526,132.26,570.22,14.7,1.0,1.32,3,0.727,0.8517,0.9539,0.9547,1
RD-GHY-GTK-12,540.0,16.532520065563514,1698.8154663428504,5.64,21.2,16.0,0.371,0.19,9,0.315,0.8362,0.9383,0.9752,1
RD-GHY-TEZ-01,178.0,1.6007010525482586,159.57672693174914,31.33,148.53,32.3,0.545,1.28,2,0.258,0.4839,0.7843,0.7356,1
RD-DRG-SELA-05,62.0,31.07669299202413,4159.08915984681,90.32,245.7,21.4,0.869,2.7,9,0.484,1.0,0.7026,1.0,1
RD-GHY-NAG-10,345.0,17.157462236771064,1444.3580156860799,19.21,74.2,21.8,0.297,1.44,6,0.193,0.8125,0.512,0.8051,1
RD-BMD-DRG-04,42.0,20.023101576883505,2120.14960935644,88.69,307.67,8.5,1.0,1.51,5,0.514,0.922,0.759,0.9266,1
RD-TEZ-BHK-02,54.0,12.41793772922201,290.92279782725063,1.04,3.92,30.9,0.313,0.32,4,0.249,0.5907,0.8505,0.8333,1
RD-SELA-TWG-06,78.0,20.46183867448873,3198.484136375305,3.43,15.32,18.1,0.101,2.07,8,0.094,0.8077,0.2863,0.7833,1
RD-GHY-TEZ-01,178.0,1.0175434118048816,63.7309774369686,21.6,63.82,13.0,0.263,0.74,1,0.262,0.4054,0.9074,0.8384,1
RD-TEZ-ITA-11,155.0,11.03286968114183,277.28928161410596,1.23,5.59,9.8,0.069,1.39,4,0.111,0.444,0.5776,0.5515,0
RD-GHY-TEZ-01,178.0,1.8698960217007965,157.1701719921566,121.37,366.31,30.1,1.0,0.93,0,0.707,0.8419,0.9252,0.9153,1
RD-SELA-TWG-06,78.0,21.658929450035046,3260.1588621625797,8.6,26.92,32.3,0.14,1.79,6,0.127,0.8046,0.383,0.7921,1
RD-GHY-TEZ-01,178.0,5.602133330538145,51.083047990951314,2.28,10.92,16.5,0.086,0.62,1,0.189,0.3009,0.879,0.7989,1
RD-BHK-BMD-03,96.0,26.40582899251789,2493.5807204770376,37.77,135.59,7.6,0.752,0.13,10,0.492,0.9504,0.9194,0.9969,1
RD-GHY-GTK-12,540.0,13.807245878957083,1621.6327424146355,84.16,210.93,9.4,0.753,0.52,9,0.589,0.9333,0.9125,0.9811,1
RD-GHY-GTK-12,540.0,19.89860018234775,1653.631499957149,39.02,179.66,9.5,0.649,0.51,7,0.38,0.917,0.9119,0.9648,1
RD-BHK-BMD-03,96.0,21.302293592805917,2472.0283451745595,1.0,3.5,27.5,0.312,0.25,10,0.272,0.804,0.8241,0.8579,1
RD-BMD-DRG-04,42.0,14.337511124046236,2050.76234475207,48.29,148.8,13.8,0.546,1.36,4,0.333,0.8236,0.6455,0.8178,1
RD-TEZ-ITA-11,155.0,8.998392254102178,395.98327196026054,2.73,9.87,22.2,0.083,1.52,2,0.112,0.3823,0.5707,0.5398,0
RD-GHY-NAG-10,345.0,14.400372561900458,1550.7355023493512,74.39,203.51,20.2,0.728,0.65,8,0.521,0.8856,0.8636,0.9195,1
RD-GHY-GTK-12,540.0,19.201833107380207,1692.5705420977074,189.36,904.84,15.9,1.0,0.05,7,1.0,0.9433,0.9883,1.0,1
RD-GHY-GTK-12,540.0,24.73020702644955,1664.1210260283187,23.56,74.49,19.3,0.548,0.34,10,0.349,0.9233,0.8607,0.964,1
RD-SELA-TWG-06,78.0,27.23504648815644,3239.2367543585206,65.03,309.74,20.3,1.0,2.01,7,0.383,0.9974,0.6528,1.0,1
RD-DRG-SELA-05,62.0,30.6707033619854,4197.977346715119,8.42,32.26,6.9,0.158,2.53,8,0.105,0.8694,0.2547,0.8442,1
RD-GHY-SHL-07,98.0,12.529244136157752,1539.24524249496,163.79,437.69,24.9,1.0,3.03,3,0.821,0.9641,0.9422,0.9737,1
RD-TEZ-BHK-02,54.0,14.36183039240452,230.65957285534904,19.73,77.52,33.2,0.558,0.43,5,0.306,0.7553,0.865,0.8683,1
RD-SHL-SIL-08,215.0,24.07904115905414,1344.904507751276,102.93,471.54,7.2,1.0,0.32,7,0.724,0.9288,0.9881,1.0,1
RD-GHY-ITA-09,320.0,8.123327437871417,453.21620956131886,185.39,610.31,19.3,1.0,1.4,3,0.97,0.946,0.9938,1.0,1
RD-SHL-SIL-08,215.0,22.547539413024463,1367.7261411175687,2.8,11.36,6.3,0.338,0.4,7,0.236,0.8333,0.8518,0.8955,1
RD-TEZ-ITA-11,155.0,6.983462832960725,434.0148819334311,11.63,41.67,27.8,0.189,1.01,4,0.187,0.4648,0.5994,0.5733,0
RD-DRG-SELA-05,62.0,30.761470510625742,4151.643150168693,11.91,58.08,12.0,0.244,2.91,8,0.114,0.8466,0.3553,0.8367,1
RD-SELA-TWG-06,78.0,20.17488397797215,3305.7205970345144,18.34,84.78,16.5,0.333,1.54,6,0.184,0.8297,0.4357,0.8215,1
RD-GHY-GTK-12,540.0,21.307731946885035,1532.8552892918876,11.18,47.08,6.9,0.457,0.49,7,0.254,0.8541,0.8045,0.889,1
RD-TEZ-BHK-02,54.0,16.69800102097323,245.2692430304247,103.19,319.8,28.0,1.0,0.06,4,0.841,0.9588,0.9982,1.0,1
RD-SHL-SIL-08,215.0,24.278022490740113,1393.9756050682158,188.32,753.62,24.9,1.0,1.1,7,1.0,0.9938,0.9548,1.0,1
RD-GHY-SHL-07,98.0,17.551064564804847,1567.6127664451787,17.25,82.82,21.0,0.326,2.67,3,0.144,0.6181,0.3805,0.5786,0
RD-DRG-SELA-05,62.0,34.481236813884436,4156.182717746893,3.58,11.43,33.9,0.088,2.89,7,0.076,0.8829,0.3113,0.8637,1
RD-TEZ-BHK-02,54.0,7.450699317238976,348.219683166257,139.69,526.26,5.5,1.0,0.05,4,1.0,0.9328,0.9609,0.9862,1
RD-DRG-SELA-05,62.0,33.95007709445834,4118.477173411211,320.88,1145.17,17.0,1.0,2.97,7,1.0,0.9829,0.9877,1.0,1
RD-BHK-BMD-03,96.0,27.819334173204467,2432.5089946632033,38.81,174.47,20.2,0.882,0.18,6,0.474,0.9561,0.9001,0.9998,1
RD-BMD-DRG-04,42.0,19.223147037756277,2185.060181372416,17.79,81.49,19.1,0.322,0.95,5,0.221,0.7633,0.5156,0.7458,1
RD-TEZ-ITA-11,155.0,12.97520574537593,373.0297087271632,134.82,484.28,9.4,1.0,1.57,5,0.726,0.9203,0.9013,0.9287,1
RD-GHY-SHL-07,98.0,14.0622012575753,1578.420012928653,178.39,630.01,10.0,1.0,3.2,6,0.886,0.9842,0.9689,0.9976,1
RD-GHY-ITA-09,320.0,9.9251701937512,317.91690744429485,15.11,48.98,14.3,0.213,1.11,3,0.194,0.5415,0.6682,0.6502,1
RD-SHL-SIL-08,215.0,22.738319247346908,1455.8180725917148,30.11,96.76,15.0,0.373,0.57,7,0.327,0.8914,0.8273,0.9333,1
RD-SHL-SIL-08,215.0,24.048080532611916,1407.7428222937167,19.44,73.5,28.9,0.295,0.56,7,0.28,0.8898,0.7896,0.9267,1
RD-GHY-TEZ-01,178.0,7.415520773911111,214.87608591475833,53.95,227.17,6.0,0.807,0.83,0,0.402,0.6517,0.8971,0.8623,1
RD-TEZ-BHK-02,54.0,12.111455788818002,232.2444923563979,159.96,625.9,7.2,1.0,0.09,4,1.0,0.967,1.0,1.0,1
RD-BMD-DRG-04,42.0,13.769412514303758,2116.7746826074695,68.34,255.7,19.0,0.902,1.02,6,0.45,0.9005,0.7597,0.906,1
RD-GHY-ITA-09,320.0,6.6205933838416495,325.2665971049804,89.63,446.22,9.7,1.0,1.25,4,0.532,0.8376,0.8734,0.8801,1
RD-GHY-SHL-07,98.0,15.912663447262055,1578.0132108178846,39.97,189.42,26.6,0.681,3.13,4,0.242,0.743,0.46,0.7009,1
RD-TEZ-ITA-11,155.0,3.621040038389367,267.9694660057746,37.61,104.28,32.6,0.398,1.29,1,0.287,0.5064,0.7216,0.6902,1
RD-SELA-TWG-06,78.0,27.20119073997101,3164.1617673642218,16.15,51.4,5.2,0.221,1.45,7,0.178,0.831,0.4772,0.8278,1
RD-TEZ-ITA-11,155.0,1.6770575539227632,309.32702195932825,159.32,414.71,9.1,1.0,1.24,1,0.858,0.9173,0.9724,0.9823,1
RD-GHY-ITA-09,320.0,13.59436639930929,358.61135662307123,0.41,1.39,26.8,0.055,1.02,2,0.133,0.4738,0.622,0.6009,0
RD-DRG-SELA-05,62.0,33.71113890570964,4161.986339358996,7.73,33.15,25.3,0.161,2.72,8,0.098,0.8934,0.323,0.8747,1
RD-DRG-SELA-05,62.0,31.777992227682148,4140.149220281199,156.53,624.88,15.5,1.0,2.36,8,0.8,0.9773,0.9355,1.0,1
RD-DRG-SELA-05,62.0,32.334758808643954,4306.672206735345,92.03,362.09,19.3,1.0,2.71,8,0.492,0.9563,0.7553,0.9932,1
RD-SELA-TWG-06,78.0,21.795674454040263,3129.162168011273,16.38,44.6,17.4,0.199,1.85,9,0.162,0.8243,0.4418,0.8173,1
RD-GHY-TEZ-01,178.0,1.0,27.923471458676644,197.07,969.69,31.2,1.0,0.52,3,1.0,0.9354,1.0,1.0,1
RD-DRG-SELA-05,62.0,30.005990289264403,4274.890854920423,20.73,96.65,15.8,0.372,2.4,8,0.166,0.9086,0.44,0.9043,1
RD-BHK-BMD-03,96.0,26.42416592836989,2422.7920240814506,13.04,61.44,16.1,0.505,0.45,6,0.271,0.8733,0.7414,0.8974,1
RD-BHK-BMD-03,96.0,26.775169070880946,2389.2000994693267,29.1,78.87,15.0,0.313,0.76,8,0.295,0.9031,0.6926,0.9195,1
RD-DRG-SELA-05,62.0,30.073286424151938,4115.610046379334,140.79,356.58,11.4,1.0,2.96,9,0.715,1.0,0.8429,1.0,1
RD-BHK-BMD-03,96.0,24.403570619834007,2459.9576414960943,27.05,68.61,24.1,0.529,0.43,6,0.341,0.935,0.8403,0.9706,1
RD-GHY-GTK-12,540.0,24.870577649811956,1634.357434227666,88.45,385.24,13.1,1.0,0.37,7,0.644,0.9995,0.9858,1.0,1
RD-BHK-BMD-03,96.0,27.206560867619984,2348.6839472621928,147.01,470.03,11.8,1.0,0.4,6,0.909,1.0,0.9959,1.0,1
RD-TEZ-BHK-02,54.0,14.715846567914737,174.24154307900284,94.03,440.7,20.8,1.0,0.05,5,0.802,0.9272,0.964,0.9885,1
RD-SELA-TWG-06,78.0,22.75254918624714,3207.8879446039414,34.35,159.73,18.5,0.582,1.74,9,0.25,0.9277,0.5292,0.9242,1
RD-SHL-SIL-08,215.0,22.676651433334786,1395.0475907062162,58.51,235.5,23.8,1.0,0.27,6,0.534,1.0,0.9315,1.0,1
RD-BHK-BMD-03,96.0,28.637601398230878,2443.426241152275,67.74,236.56,13.7,1.0,0.2,6,0.602,0.9965,1.0,1.0,1
RD-GHY-GTK-12,540.0,24.478493860720903,1722.7477841186126,108.66,279.42,12.0,1.0,0.26,9,0.771,0.9921,0.9892,1.0,1
RD-SELA-TWG-06,78.0,28.684236541865662,3197.5063150765714,14.44,36.52,33.6,0.172,1.72,7,0.158,0.8815,0.4055,0.8649,1
RD-BHK-BMD-03,96.0,25.677879251509324,2479.3845933426414,27.45,76.87,14.4,0.556,0.22,8,0.405,0.874,0.8663,0.9145,1
RD-GHY-ITA-09,320.0,8.620987143194494,264.9324072698745,15.41,47.42,11.9,0.208,1.42,3,0.176,0.4994,0.6615,0.6399,0
RD-GHY-ITA-09,320.0,12.613851117801767,353.0508013174286,5.82,16.98,27.9,0.107,1.48,3,0.128,0.5468,0.5863,0.5744,0
RD-GHY-TEZ-01,178.0,5.658765223155227,42.45834125272208,28.41,90.67,5.3,0.352,0.79,1,0.288,0.4167,0.8991,0.8324,1
RD-SHL-SIL-08,215.0,27.357745151722153,1457.6011151422688,20.23,95.94,24.8,0.62,0.39,9,0.318,0.9578,0.815,0.9963,1
RD-SHL-SIL-08,215.0,21.950053910466227,1515.9362413739552,4.91,22.34,15.1,0.124,0.84,7,0.172,0.8027,0.621,0.822,1
RD-BHK-BMD-03,96.0,23.576497554590595,2477.631442546176,181.59,529.57,9.5,1.0,0.47,7,1.0,0.9481,0.9985,1.0,1
RD-GHY-GTK-12,540.0,20.92838679375909,1671.8510810571483,2.32,10.94,30.1,0.336,0.5,7,0.211,0.8029,0.7036,0.8272,1
RD-GHY-ITA-09,320.0,5.950055254742149,379.72445649418245,106.0,458.42,8.0,1.0,1.31,2,0.605,0.9429,0.9,0.9568,1
RD-GHY-GTK-12,540.0,20.412492409183976,1590.3172606937142,94.16,275.28,19.5,1.0,0.4,7,0.663,0.9531,0.9049,0.9995,1
RD-DRG-SELA-05,62.0,26.663410893052678,4174.349038516888,70.42,309.48,5.7,1.0,2.35,8,0.399,0.9559,0.6601,0.9792,1
RD-GHY-NAG-10,345.0,18.28669719556133,1401.4565838523674,127.81,327.24,7.5,1.0,1.04,7,0.726,0.9469,0.9638,1.0,1
RD-GHY-NAG-10,345.0,19.401992468077633,1500.7565538674278,4.52,14.33,13.8,0.098,1.01,6,0.153,0.7391,0.4713,0.7325,1
RD-SHL-SIL-08,215.0,27.526366323665176,1423.9613775834978,13.67,35.3,7.5,0.168,0.81,6,0.217,0.8228,0.6774,0.8479,1
RD-TEZ-BHK-02,54.0,7.126720227043299,176.87420953657477,103.2,367.41,4.1,1.0,0.43,4,0.696,0.9439,0.9605,0.9874,1
RD-GHY-TEZ-01,178.0,1.0,93.14307775278074,163.8,737.2,7.9,1.0,0.48,1,0.969,0.8923,0.9889,0.9849,1
RD-GHY-ITA-09,320.0,8.141565471781755,399.3234296995501,177.07,857.05,26.5,1.0,1.18,2,0.945,0.9355,0.9567,0.9754,1
RD-GHY-TEZ-01,178.0,6.202387715967088,34.11036456023685,62.54,230.17,19.1,0.817,0.73,1,0.454,0.6966,0.9334,0.9029,1
RD-BMD-DRG-04,42.0,20.359346458861715,2024.004089725065,14.51,51.53,6.7,0.222,1.18,5,0.187,0.7303,0.4979,0.7133,1
RD-TEZ-BHK-02,54.0,7.265310685325934,299.83332191421175,61.81,222.51,26.6,1.0,0.24,6,0.559,0.8732,0.9831,0.9994,1
RD-GHY-NAG-10,345.0,16.033252826076,1506.8049936396453,88.19,295.72,27.5,1.0,0.89,9,0.556,0.9274,0.8209,0.9544,1
RD-GHY-NAG-10,345.0,15.93762858398711,1564.2519947599014,50.1,131.21,10.4,0.487,0.79,6,0.389,0.8773,0.8032,0.9034,1
RD-DRG-SELA-05,62.0,30.706647030771183,4130.551385569753,94.44,425.42,5.6,1.0,2.5,8,0.507,0.965,0.7453,1.0,1
RD-TEZ-BHK-02,54.0,18.07056421988642,272.5467838693255,73.9,333.04,23.0,1.0,0.39,6,0.57,0.8803,0.9706,0.9882,1
RD-SHL-SIL-08,215.0,26.410640531651183,1390.479406310522,2.77,9.79,29.1,0.333,0.1,8,0.344,0.8595,0.9225,0.9681,1
RD-TEZ-BHK-02,54.0,10.069433564797897,284.89113719950194,19.32,62.61,31.6,0.509,0.36,3,0.324,0.6877,0.8684,0.8627,1
RD-GHY-SHL-07,98.0,13.51795011903221,1561.357421877564,99.88,466.61,27.1,1.0,2.88,2,0.525,0.9507,0.7449,0.9323,1
RD-SELA-TWG-06,78.0,27.06013501640503,3096.6366965470816,19.39,51.73,26.2,0.222,2.08,8,0.168,0.916,0.4729,0.9055,1
RD-GHY-ITA-09,320.0,10.041588011439314,400.8178415801503,31.41,108.91,22.7,0.413,1.46,2,0.249,0.6611,0.6797,0.6732,1
RD-TEZ-ITA-11,155.0,5.5823755070222925,260.4638272068088,71.03,310.91,24.9,1.0,1.7,5,0.423,0.7915,0.8193,0.8157,1
RD-BHK-BMD-03,96.0,24.89760980075101,2475.7158217266415,4.9,14.48,32.0,0.348,0.25,6,0.291,0.8306,0.8305,0.8674,1
RD-GHY-SHL-07,98.0,16.2098212370721,1525.7483962559172,18.59,65.29,28.5,0.268,2.77,2,0.148,0.6045,0.3725,0.5656,0
RD-SELA-TWG-06,78.0,26.257035095059614,3135.3815573454244,152.53,616.37,24.8,1.0,2.02,9,0.791,1.0,0.9181,1.0,1
RD-SELA-TWG-06,78.0,24.603110862746327,3220.344787864815,79.36,245.11,11.9,0.867,1.77,8,0.458,0.9458,0.7392,0.9709,1
RD-SHL-SIL-08,215.0,21.297210227322832,1351.202812812741,2.88,11.18,19.1,0.337,0.44,7,0.227,0.837,0.8395,0.8839,1
RD-TEZ-BHK-02,54.0,17.50809783706588,210.72978307650672,92.28,287.8,16.6,1.0,0.05,6,0.794,0.9197,1.0,1.0,1
RD-SHL-SIL-08,215.0,21.928706236291728,1474.0232483175494,46.64,232.43,30.1,1.0,0.4,7,0.439,0.9243,0.8641,0.9705,1
RD-GHY-SHL-07,98.0,14.790271803742558,1578.2677093642978,4.14,12.18,19.0,0.091,2.71,2,0.082,0.4669,0.3563,0.4398,0
RD-DRG-SELA-05,62.0,32.684593940976626,4235.077051669503,143.89,613.96,5.7,1.0,2.33,8,0.742,1.0,0.8592,1.0,1
RD-GHY-GTK-12,540.0,19.178861094821336,1607.0222113023879,11.08,50.27,4.9,0.468,0.27,9,0.312,0.897,0.9171,0.9629,1
RD-GHY-SHL-07,98.0,13.311187904320464,1587.551441584705,8.38,36.3,27.6,0.171,3.09,3,0.095,0.5458,0.3963,0.5144,0
RD-GHY-SHL-07,98.0,12.499827062273642,1558.4974259848898,96.91,325.64,25.5,1.0,2.84,3,0.512,0.9055,0.767,0.8918,1
RD-GHY-NAG-10,345.0,22.99166421722541,1549.4055596402875,3.15,8.07,14.9,0.077,1.16,6,0.135,0.7463,0.4764,0.7397,1
RD-BHK-BMD-03,96.0,26.4414908023226,2459.1780309956957,126.05,465.0,5.5,1.0,0.53,7,0.782,0.973,0.956,1.0,1
RD-SHL-SIL-08,215.0,21.529002878145914,1402.791988900412,27.07,71.84,4.1,0.289,0.52,7,0.322,0.8814,0.7945,0.9192,1
RD-GHY-ITA-09,320.0,4.4497111532961435,407.41422815599725,32.8,141.58,15.0,0.522,1.04,2,0.283,0.6557,0.6925,0.6847,1
RD-TEZ-BHK-02,54.0,14.988145205144102,151.87636646206698,4.29,13.14,18.3,0.344,0.3,6,0.269,0.656,0.9074,0.8956,1
RD-GHY-NAG-10,345.0,17.66640793832421,1562.9999303938241,164.75,770.1,22.3,1.0,1.02,6,0.9,1.0,0.9246,1.0,1
RD-TEZ-BHK-02,54.0,11.591146773148647,182.71930080697496,84.34,257.35,20.5,1.0,0.43,4,0.609,0.8849,0.968,0.9863,1
RD-TEZ-ITA-11,155.0,3.1157333953029367,284.05286149191375,22.7,100.48,20.3,0.385,1.53,1,0.205,0.5134,0.6865,0.6584,1
RD-GHY-SHL-07,98.0,9.027525503803119,1581.342155372391,298.11,862.16,18.9,1.0,2.64,4,1.0,1.0,0.98,1.0,1
RD-SHL-SIL-08,215.0,23.668812575901676,1444.5235044617468,104.34,358.31,7.4,1.0,0.45,7,0.699,0.9292,0.9946,1.0,1
RD-BHK-BMD-03,96.0,29.852425754752353,2496.1018950702187,204.42,804.57,22.6,1.0,0.24,9,1.0,1.0,0.9933,1.0,1
RD-GHY-SHL-07,98.0,16.34839192177363,1581.7494297748362,17.99,51.53,30.5,0.222,2.85,4,0.144,0.682,0.4556,0.6443,0
RD-SHL-SIL-08,215.0,22.96372832583713,1468.644009752285,173.67,779.03,28.0,1.0,0.58,8,0.996,0.9837,0.9898,1.0,1
RD-DRG-SELA-05,62.0,38.304553031211256,4223.830879433322,3.25,14.0,26.9,0.097,2.33,9,0.086,0.9044,0.3706,0.891,1
RD-DRG-SELA-05,62.0,32.49794533911693,4150.152193376295,13.42,46.1,15.7,0.204,2.8,7,0.123,0.883,0.3665,0.8711,1
RD-GHY-GTK-12,540.0,27.64855973613858,1650.168599610493,4.05,16.91,26.2,0.356,0.21,7,0.3,0.8321,0.9287,0.9653,1
RD-GHY-TEZ-01,178.0,1.0,53.035578166375814,20.45,81.46,19.1,0.322,0.71,0,0.26,0.3802,0.8354,0.7697,1
RD-BHK-BMD-03,96.0,29.822065132502452,2399.5755127779007,60.01,258.11,23.3,1.0,0.3,7,0.532,0.9648,1.0,1.0,1
RD-TEZ-ITA-11,155.0,8.317200426394125,411.1424225460377,63.49,303.66,32.2,1.0,1.64,1,0.39,0.7958,0.7873,0.7924,1
RD-SHL-SIL-08,215.0,20.285343519422177,1330.3593606834777,89.64,269.06,16.9,1.0,0.25,6,0.684,0.9255,0.9879,1.0,1
RD-TEZ-ITA-11,155.0,8.10529574471292,263.6702913519727,34.18,137.27,15.9,0.508,1.65,3,0.253,0.6678,0.705,0.6919,1
RD-GHY-SHL-07,98.0,16.06226526042543,1514.2570865498456,171.33,430.36,33.4,1.0,2.98,3,0.857,0.939,0.8786,0.9399,1
RD-GHY-GTK-12,540.0,19.43125948349021,1695.8582831993042,24.14,90.79,27.6,0.603,0.25,11,0.378,0.8959,0.8821,0.9401,1
RD-GHY-TEZ-01,178.0,5.840679505494521,65.89080607870865,143.74,569.55,22.0,1.0,0.59,1,0.855,0.794,1.0,0.9811,1
RD-DRG-SELA-05,62.0,28.491688647900222,4162.711577724498,74.33,209.38,26.1,0.748,2.66,7,0.41,0.9258,0.6823,0.9537,1
RD-TEZ-BHK-02,54.0,11.963853448851744,206.85716845001429,16.97,80.5,21.7,0.568,0.13,5,0.395,0.7945,0.9673,0.9724,1
RD-SELA-TWG-06,78.0,23.88463939752782,3169.609351899008,12.51,37.04,13.4,0.173,1.78,6,0.146,0.7412,0.396,0.736,1
RD-GHY-NAG-10,345.0,18.64409589353454,1462.7704807533212,95.91,264.41,31.8,0.931,1.04,6,0.578,0.9379,0.8639,0.9707,1
RD-DRG-SELA-05,62.0,26.61293444054719,4210.59250967275,49.38,240.86,16.8,0.853,2.68,9,0.293,0.9976,0.5281,0.999,1
RD-SHL-SIL-08,215.0,17.839101090932893,1359.0495941770453,22.5,105.39,29.0,0.651,0.46,9,0.314,0.8673,0.8272,0.9098,1
RD-TEZ-BHK-02,54.0,14.034945695488835,194.94491214298156,17.72,59.6,24.3,0.499,0.25,5,0.351,0.7442,0.8545,0.8567,1
RD-GHY-GTK-12,540.0,15.441796164954065,1711.6081762055308,2.5,7.19,33.8,0.324,0.05,7,0.375,0.8656,0.9568,0.9975,1
RD-DRG-SELA-05,62.0,30.27354679943557,4123.470959751771,192.37,959.72,32.3,1.0,2.69,9,0.96,0.9425,0.9486,1.0,1
RD-GHY-TEZ-01,178.0,2.5313933805127737,79.04841839801402,189.67,895.64,9.8,1.0,1.17,1,1.0,0.9285,0.9933,0.9946,1
RD-SHL-SIL-08,215.0,24.225825348290492,1467.4115022212566,3.4,11.86,22.0,0.34,0.3,9,0.266,0.8505,0.8059,0.8908,1
RD-BHK-BMD-03,96.0,27.48974028943242,2432.4022967446995,12.13,58.66,31.2,0.246,0.75,7,0.216,0.8453,0.5548,0.8468,1
RD-GHY-TEZ-01,178.0,1.5706077697153762,114.6078902791273,45.61,195.66,33.1,0.702,0.77,2,0.371,0.5474,0.914,0.8639,1
RD-GHY-SHL-07,98.0,15.284445060213162,1579.1662150414336,48.76,210.3,33.9,0.751,3.04,5,0.284,0.8038,0.5208,0.764,1
RD-SELA-TWG-06,78.0,26.31026953870178,3220.442709281084,137.68,463.16,13.3,1.0,1.91,9,0.726,1.0,0.9643,1.0,1
RD-DRG-SELA-05,62.0,29.432529384337176,4153.624877749891,96.2,325.04,33.6,1.0,2.44,9,0.517,0.9405,0.7923,0.9832,1
RD-TEZ-BHK-02,54.0,13.459689878753093,190.25547918480567,63.91,275.8,32.6,1.0,0.05,6,0.662,0.9566,1.0,1.0,1
RD-TEZ-ITA-11,155.0,4.8233361388365745,360.95587780411324,217.16,794.74,33.6,1.0,1.46,3,1.0,0.973,0.9768,0.9948,1
RD-TEZ-BHK-02,54.0,6.362503984487344,270.80287661542314,63.11,173.69,22.9,0.629,0.58,6,0.48,0.792,0.9235,0.9297,1
RD-BHK-BMD-03,96.0,22.693228472602385,2475.102280773317,78.64,204.96,23.2,0.733,0.52,7,0.564,0.9373,0.9075,0.9823,1
RD-SELA-TWG-06,78.0,23.203466505202567,3172.9588907891707,9.45,47.16,11.7,0.207,2.11,6,0.121,0.8235,0.3341,0.8032,1
RD-TEZ-ITA-11,155.0,8.083709769823155,174.17789076356007,14.39,57.7,10.2,0.242,1.24,4,0.182,0.4978,0.6994,0.6687,1
RD-DRG-SELA-05,62.0,29.150479600837638,4140.2331362628465,2.87,8.16,11.5,0.077,2.38,7,0.083,0.8153,0.3101,0.8029,1
RD-GHY-GTK-12,540.0,24.697907915750147,1649.99486126983,11.39,48.09,11.1,0.46,0.31,10,0.299,0.8761,0.8467,0.916,1
RD-GHY-ITA-09,320.0,6.935660414822435,322.1264589650713,38.89,189.83,28.1,0.683,0.94,4,0.321,0.6907,0.802,0.7928,1
RD-BHK-BMD-03,96.0,23.30276106221324,2477.4620739214374,231.39,849.36,22.8,1.0,0.35,6,1.0,1.0,0.9725,1.0,1
RD-GHY-ITA-09,320.0,8.306757253996764,441.0119375174886,3.12,11.61,19.3,0.089,1.29,3,0.126,0.4247,0.576,0.5543,0
RD-SHL-SIL-08,215.0,21.544521183678263,1395.2920573540307,20.38,70.97,13.9,0.287,1.14,8,0.217,0.8722,0.6767,0.8949,1
RD-BHK-BMD-03,96.0,29.362705845955496,2411.2151675949385,184.33,868.79,18.1,1.0,0.26,7,1.0,1.0,1.0,1.0,1
RD-BHK-BMD-03,96.0,25.77643644172917,2341.209867808489,7.05,30.05,25.2,0.4,0.42,7,0.251,0.8951,0.6459,0.9056,1
RD-BMD-DRG-04,42.0,17.191020869807023,2074.6507745537074,43.79,177.42,11.0,0.641,1.68,5,0.296,0.8729,0.6051,0.8592,1
RD-GHY-ITA-09,320.0,10.737776161164934,352.67003243628045,18.74,91.02,14.3,0.353,1.08,3,0.214,0.6497,0.6306,0.6417,0
RD-GHY-ITA-09,320.0,3.1074323346240122,360.3532862070529,1.29,4.67,18.4,0.066,1.52,4,0.105,0.3822,0.5572,0.5336,0
RD-GHY-GTK-12,540.0,21.671038459272577,1689.4411800522587,17.5,73.78,16.4,0.546,0.29,11,0.334,0.8711,0.8869,0.9297,1
RD-TEZ-BHK-02,54.0,10.390690507076462,150.16083770615535,9.53,37.84,27.8,0.176,0.53,4,0.239,0.6151,0.8587,0.8441,1
RD-TEZ-BHK-02,54.0,14.17617062723189,312.405883052248,118.74,533.61,19.3,1.0,0.31,5,0.802,0.9383,0.9583,0.9845,1
RD-BHK-BMD-03,96.0,24.619078368107694,2468.8537358462663,11.17,36.13,26.2,0.42,0.3,7,0.301,0.8641,0.7427,0.8887,1
RD-SHL-SIL-08,215.0,26.096279715758115,1434.6882933867173,13.37,47.78,26.2,0.209,0.67,6,0.233,0.857,0.7345,0.8878,1
RD-GHY-GTK-12,540.0,21.55594354826646,1598.8347154178534,44.33,185.95,21.0,0.92,0.26,7,0.471,0.9448,0.9611,1.0,1
RD-SHL-SIL-08,215.0,22.647760887058876,1421.4353149868443,20.35,67.73,7.8,0.526,0.39,7,0.319,0.8744,0.876,0.9245,1
RD-GHY-NAG-10,345.0,20.719358200778352,1589.314516194332,24.13,113.77,9.4,0.429,0.82,6,0.264,0.8797,0.5986,0.8787,1
RD-SELA-TWG-06,78.0,20.294793746176136,3205.4036811110864,133.62,537.18,15.1,1.0,2.01,7,0.703,0.9615,0.9277,1.0,1
RD-DRG-SELA-05,62.0,34.37827239962732,4227.8201755030595,100.8,253.36,13.5,0.895,2.21,7,0.544,0.9688,0.8156,1.0,1
RD-TEZ-BHK-02,54.0,12.903708250845819,171.39533784335651,135.05,591.46,18.4,1.0,0.05,4,0.994,0.9807,1.0,1.0,1
RD-GHY-GTK-12,540.0,18.691293856785947,1688.436832579511,160.62,551.68,12.7,1.0,0.53,8,0.944,0.9383,0.952,1.0,1
RD-BMD-DRG-04,42.0,13.368301268690114,2118.4163630804683,29.13,86.18,20.9,0.337,1.05,4,0.265,0.75,0.5698,0.7396,1
RD-BMD-DRG-04,42.0,17.16764250097926,2082.5046566855635,168.88,664.46,20.6,1.0,1.12,5,0.911,0.9614,0.9843,1.0,1
RD-TEZ-BHK-02,54.0,10.623117171231538,343.2159406140971,18.86,59.34,30.3,0.498,0.05,4,0.452,0.7278,0.9364,0.9331,1
RD-TEZ-BHK-02,54.0,10.339943108643489,252.50340043431186,67.31,197.57,11.5,0.959,0.38,5,0.543,0.8904,0.9998,1.0,1
RD-SHL-SIL-08,215.0,24.184341905065637,1457.5580024559476,26.27,103.47,21.5,0.645,0.4,6,0.344,0.8957,0.8493,0.9404,1
RD-GHY-TEZ-01,178.0,3.7576726452384244,120.02455468211902,117.14,443.37,7.1,1.0,0.92,2,0.688,0.834,1.0,0.9871,1
RD-GHY-TEZ-01,178.0,5.095464320592425,145.6661751449568,13.99,37.94,9.1,0.176,0.79,0,0.22,0.2976,0.7452,0.6787,1
RD-GHY-ITA-09,320.0,6.554224653508972,373.8619430925684,104.21,364.46,14.1,1.0,0.77,3,0.644,0.9121,0.9588,0.9742,1
RD-SHL-SIL-08,215.0,19.20202108227616,1429.5390420963104,197.88,631.45,9.8,1.0,0.36,8,1.0,0.9785,1.0,1.0,1
RD-DRG-SELA-05,62.0,33.89228020012955,4213.23282305798,119.01,471.97,32.0,1.0,2.22,8,0.629,0.9757,0.8718,1.0,1
RD-DRG-SELA-05,62.0,26.11900846150496,4081.4280289053627,4.55,18.54,14.6,0.112,2.59,10,0.086,0.8207,0.3419,0.8117,1
RD-TEZ-BHK-02,54.0,12.136753646153378,243.16806748153286,24.26,104.7,12.1,0.649,0.12,7,0.434,0.787,0.9929,0.9962,1
RD-GHY-NAG-10,345.0,14.089767515893243,1459.5869198766436,258.06,743.42,9.0,1.0,1.31,7,1.0,0.9573,0.9917,1.0,1
RD-BMD-DRG-04,42.0,17.15117745919288,2157.1192720573363,135.53,613.27,9.2,1.0,1.45,5,0.735,0.924,0.8853,0.9461,1
RD-SELA-TWG-06,78.0,23.041984332256547,3113.5708112109523,100.84,326.98,15.6,1.0,2.07,7,0.549,0.9504,0.8194,0.9866,1
RD-BHK-BMD-03,96.0,25.023797529895084,2381.166903497668,39.2,129.69,25.1,0.732,0.41,6,0.403,0.9485,0.8571,0.9862,1
RD-DRG-SELA-05,62.0,34.516253378123956,4160.111118788287,26.48,99.41,9.4,0.381,2.58,9,0.188,0.9577,0.3951,0.9428,1
RD-SELA-TWG-06,78.0,23.375781531922318,3209.056699839858,21.96,97.54,8.7,0.375,2.0,7,0.183,0.8631,0.4123,0.849,1
RD-GHY-ITA-09,320.0,6.799874553742764,322.2143227726256,63.75,298.63,24.7,1.0,1.17,3,0.417,0.8719,0.8363,0.8785,1
RD-GHY-NAG-10,345.0,21.092541241481236,1503.9546748433195,183.7,526.0,19.5,1.0,0.55,7,1.0,0.985,0.999,1.0,1
RD-GHY-NAG-10,345.0,21.10083851293941,1539.8466282319528,142.15,489.21,33.6,1.0,0.55,7,0.855,0.9722,0.9851,1.0,1
RD-GHY-NAG-10,345.0,16.74221615800428,1479.1485691078003,2.36,8.29,26.4,0.078,0.94,8,0.15,0.7036,0.5072,0.7036,1
RD-GHY-ITA-09,320.0,4.053617201635058,312.4091156855965,162.33,783.01,6.2,1.0,0.99,6,0.891,0.9115,0.9673,0.9824,1
RD-BMD-DRG-04,42.0,17.40111251310255,2019.086640547485,61.3,207.47,9.9,0.742,1.56,4,0.383,0.8112,0.7158,0.8146,1
RD-BHK-BMD-03,96.0,26.82262571248029,2465.97311480317,23.13,94.29,23.2,0.614,0.15,7,0.417,0.8685,0.9649,1.0,1
RD-GHY-ITA-09,320.0,7.350356113892964,407.86601937156337,204.09,807.6,16.8,1.0,1.2,3,1.0,0.9904,1.0,1.0,1
RD-GHY-GTK-12,540.0,19.642018954147638,1673.09056025977,81.68,365.08,20.8,1.0,0.56,10,0.569,0.8865,0.8694,0.9291,1
RD-BMD-DRG-04,42.0,16.84546025804975,1989.5964765532315,40.28,114.06,7.1,0.43,1.06,6,0.316,0.8164,0.6764,0.8147,1
RD-GHY-GTK-12,540.0,20.68590336349413,1639.6301974094124,24.51,67.08,26.2,0.524,0.31,12,0.36,0.8883,0.8248,0.9249,1
RD-GHY-GTK-12,540.0,27.45771910058368,1659.0389509067236,29.21,114.81,25.1,0.683,0.24,7,0.407,0.924,0.9089,0.9714,1
RD-SHL-SIL-08,215.0,20.03455519375874,1402.5305423586108,30.49,78.87,19.5,0.563,0.31,7,0.388,0.9074,0.9355,0.9876,1
RD-TEZ-BHK-02,54.0,12.633692962627425,166.88341954275998,211.25,612.86,5.4,1.0,0.55,5,1.0,1.0,1.0,1.0,1
RD-SELA-TWG-06,78.0,24.477099684335553,3261.469089690157,10.93,53.08,20.2,0.227,1.82,7,0.137,0.8663,0.3745,0.847,1
RD-GHY-SHL-07,98.0,15.665908192186796,1514.7616818374877,82.65,207.97,23.9,0.743,2.91,3,0.444,0.7729,0.7018,0.7564,1
RD-BMD-DRG-04,42.0,18.450759727694134,2052.836451278935,23.91,85.31,28.7,0.334,0.88,6,0.257,0.7463,0.5733,0.7365,1
RD-SELA-TWG-06,78.0,24.041323024923766,3256.148997004145,251.82,880.11,26.9,1.0,1.62,7,1.0,1.0,1.0,1.0,1
RD-TEZ-BHK-02,54.0,14.87652358198201,165.54962550481895,12.73,41.04,21.2,0.437,0.05,4,0.423,0.7176,1.0,0.9926,1
RD-SHL-SIL-08,215.0,23.24561747039489,1443.6202873379073,73.5,306.87,14.4,1.0,0.58,7,0.529,0.9902,0.9074,1.0,1
RD-GHY-GTK-12,540.0,15.709597189175152,1638.4781746024748,29.57,76.74,23.1,0.556,0.05,8,0.499,0.8245,0.9801,1.0,1
RD-GHY-GTK-12,540.0,21.534530339093408,1688.621489220168,196.11,622.69,8.4,1.0,0.29,8,1.0,1.0,1.0,1.0,1
RD-SELA-TWG-06,78.0,23.448624188012218,3173.759445788736,1.76,5.08,8.0,0.067,1.85,7,0.093,0.7274,0.3039,0.7135,1
RD-GHY-SHL-07,98.0,12.518686618263743,1608.4092150770696,27.88,121.04,28.5,0.453,3.01,3,0.187,0.6636,0.3975,0.6217,0
RD-GHY-NAG-10,345.0,17.158429757702844,1517.235947375846,128.82,443.19,10.9,1.0,0.89,7,0.745,0.9605,0.9217,1.0,1
RD-TEZ-ITA-11,155.0,7.061389523975968,324.07968400353735,26.7,87.34,26.6,0.341,1.49,2,0.225,0.5566,0.6904,0.6665,1
RD-SHL-SIL-08,215.0,21.355118680418233,1472.196838184878,132.12,455.61,4.9,1.0,0.17,10,0.917,0.9892,1.0,1.0,1
RD-GHY-SHL-07,98.0,18.80360013028305,1568.6247213014562,9.19,26.03,13.0,0.137,3.09,3,0.099,0.5648,0.3464,0.5274,0
RD-GHY-SHL-07,98.0,12.266953163651523,1574.0777233844542,189.06,535.45,23.6,1.0,2.68,3,0.945,0.9473,0.9475,0.958,1
RD-TEZ-BHK-02,54.0,13.191736973369068,227.72942584765795,63.69,264.72,16.5,1.0,0.26,3,0.561,0.8584,0.939,0.954,1
RD-SHL-SIL-08,215.0,22.009910070664805,1440.3412307676733,151.29,439.12,28.9,1.0,0.4,7,0.929,0.9435,1.0,1.0,1
RD-SELA-TWG-06,78.0,26.16739900156322,3185.8849193251926,116.82,571.74,11.5,1.0,1.78,7,0.633,0.924,0.8676,0.9677,1
RD-TEZ-ITA-11,155.0,6.585188416465896,311.2192447434503,0.63,2.93,21.5,0.06,1.34,2,0.112,0.349,0.5914,0.5556,0
RD-TEZ-BHK-02,54.0,13.612246928576623,218.8463123379001,12.98,33.56,6.5,0.412,0.18,4,0.354,0.6616,0.9335,0.9211,1
RD-GHY-ITA-09,320.0,8.822703121920473,307.5755035837278,50.25,125.69,17.2,0.469,1.07,3,0.362,0.6995,0.8433,0.8332,1
RD-TEZ-BHK-02,54.0,10.49430386509434,173.43140882017718,166.15,655.89,30.1,1.0,0.24,6,1.0,0.9568,1.0,1.0,1
RD-GHY-SHL-07,98.0,11.239164027049817,1616.0685552833288,38.9,192.55,20.0,0.692,2.79,2,0.242,0.6583,0.469,0.6239,0
RD-GHY-NAG-10,345.0,16.368799644529346,1338.9416251079786,21.4,78.15,27.0,0.311,0.94,6,0.239,0.8,0.6278,0.8073,1
RD-GHY-GTK-12,540.0,19.554883598319467,1601.2214040070482,7.2,24.39,4.5,0.381,0.09,10,0.374,0.8667,0.9905,1.0,1
RD-BHK-BMD-03,96.0,30.6810902525433,2477.5954925173314,94.88,286.3,28.5,1.0,0.4,8,0.666,0.9543,0.914,1.0,1
RD-BMD-DRG-04,42.0,12.495999147491158,2117.2189432365903,151.42,505.51,25.2,1.0,1.19,6,0.825,0.9226,0.9589,0.9858,1
RD-GHY-NAG-10,345.0,13.123905497936066,1601.0893745399826,22.71,63.57,15.1,0.262,1.08,6,0.233,0.8055,0.5873,0.8077,1
RD-GHY-SHL-07,98.0,19.65857234239169,1557.3892271705927,281.74,1228.99,11.9,1.0,2.82,3,1.0,0.9896,0.991,1.0,1
RD-GHY-SHL-07,98.0,11.716112060796648,1512.283204483797,2.71,11.06,23.2,0.087,3.26,4,0.066,0.511,0.3202,0.4769,0
RD-DRG-SELA-05,62.0,27.779388968375155,4117.961244730206,13.67,36.93,4.8,0.173,2.56,9,0.129,0.853,0.3434,0.841,1
RD-GHY-NAG-10,345.0,20.864446254283394,1451.9156379956037,3.05,11.36,5.6,0.088,0.86,6,0.162,0.7814,0.5607,0.7819,1
RD-TEZ-ITA-11,155.0,4.5387917640663185,345.91312049924744,135.96,384.81,8.7,1.0,1.08,2,0.761,0.9392,0.8963,0.9466,1
RD-SELA-TWG-06,78.0,24.288852762002183,3276.6518032064064,40.86,130.75,23.3,0.486,1.7,7,0.282,0.8804,0.6035,0.89,1
RD-GHY-NAG-10,345.0,12.366403180879244,1547.8674130486124,59.73,193.44,32.1,0.695,0.54,6,0.472,0.8617,0.8515,0.8945,1
RD-SHL-SIL-08,215.0,20.54782282628257,1344.9688688598146,21.48,73.14,4.4,0.294,0.55,6,0.291,0.837,0.7703,0.8732,1
RD-BHK-BMD-03,96.0,25.897243991287215,2387.904408654093,3.5,10.99,17.6,0.087,0.58,9,0.202,0.8185,0.6029,0.8278,1
RD-TEZ-BHK-02,54.0,14.538436499671757,203.6188743574994,133.88,517.41,6.4,1.0,0.08,4,0.972,0.9465,0.9985,1.0,1
RD-SHL-SIL-08,215.0,20.05545359811284,1419.0880572436267,28.29,103.41,31.5,0.395,0.62,8,0.311,0.8686,0.8484,0.9138,1
RD-TEZ-ITA-11,155.0,1.0,304.37433005317007,51.69,145.71,33.1,0.536,1.19,1,0.36,0.5091,0.84,0.8001,1
RD-GHY-TEZ-01,178.0,1.1559876471250625,90.12330231156004,188.32,672.37,16.4,1.0,0.48,2,1.0,0.882,0.983,0.9777,1
RD-GHY-TEZ-01,178.0,4.509964290582636,10.0,13.33,49.09,6.2,0.214,0.89,2,0.206,0.3899,0.8107,0.7485,1
RD-SHL-SIL-08,215.0,25.985984214362773,1332.9938999036158,67.58,195.44,16.1,0.701,0.63,8,0.493,0.9032,0.9029,0.9551,1
RD-BHK-BMD-03,96.0,23.418308241967846,2468.262013750916,13.22,62.09,24.9,0.507,0.21,8,0.344,0.8622,0.8488,0.9007,1
RD-TEZ-ITA-11,155.0,7.184914084729199,256.2698113504153,43.68,149.03,14.5,0.547,1.47,1,0.305,0.6511,0.7269,0.7108,1
RD-DRG-SELA-05,62.0,30.796951592508993,4189.838442941848,96.38,418.68,21.0,1.0,2.91,7,0.509,0.9759,0.8009,1.0,1
RD-TEZ-BHK-02,54.0,9.635323304326985,356.18643318149674,35.21,92.0,8.3,0.607,0.05,4,0.526,0.7217,1.0,0.9933,1
RD-TEZ-ITA-11,155.0,1.0,340.46053748752144,12.89,58.68,5.7,0.246,1.63,3,0.154,0.4169,0.6262,0.5934,0
RD-SHL-SIL-08,215.0,22.803239074176727,1432.6063590471838,21.11,80.8,6.0,0.319,0.63,7,0.275,0.8646,0.7895,0.9023,1
RD-BMD-DRG-04,42.0,20.599087701548573,2054.750815668857,21.63,106.95,29.5,0.406,1.5,6,0.201,0.7471,0.4803,0.7269,1
RD-SHL-SIL-08,215.0,30.03118159362279,1431.4749112040438,24.29,104.46,5.1,0.398,0.66,7,0.286,0.9243,0.7835,0.9592,1
RD-DRG-SELA-05,62.0,37.23166539025837,4151.453212350841,14.18,43.77,7.6,0.196,2.13,8,0.142,0.9276,0.3774,0.9129,1
RD-GHY-ITA-09,320.0,13.339472502876651,427.63613028287085,23.97,85.32,5.4,0.334,1.29,4,0.224,0.6609,0.6177,0.651,1
RD-GHY-TEZ-01,178.0,1.0,29.29732476511586,37.46,135.65,27.3,0.502,0.69,0,0.343,0.4405,0.8898,0.8271,1
RD-TEZ-BHK-02,54.0,11.876128795580495,236.76133339694638,8.55,21.73,25.5,0.372,0.35,5,0.274,0.6533,0.8972,0.8856,1
RD-SELA-TWG-06,78.0,20.9928412022746,3188.5437686495134,151.52,691.43,20.6,1.0,1.66,6,0.8,0.9463,0.8953,0.9934,1
RD-SHL-SIL-08,215.0,18.754287528405843,1356.0830124866072,17.22,79.08,8.5,0.564,0.31,6,0.327,0.8129,0.8787,0.919,1
RD-GHY-TEZ-01,178.0,6.1219189649831875,61.9423214379317,120.36,356.4,10.5,1.0,0.72,2,0.725,0.8186,1.0,0.9848,1
RD-TEZ-ITA-11,155.0,6.341791514704959,303.0744228206619,6.27,21.91,20.7,0.123,1.62,1,0.123,0.3956,0.5899,0.5584,0
RD-DRG-SELA-05,62.0,35.17986794446737,4151.212677326746,26.18,84.99,29.3,0.333,2.73,8,0.184,0.8636,0.3638,0.8531,1
RD-BHK-BMD-03,96.0,34.34311003390265,2505.347031665059,38.71,159.25,12.0,0.831,0.25,7,0.447,1.0,0.9211,1.0,1
RD-BHK-BMD-03,96.0,24.12696035922492,2443.431284103762,7.98,39.11,27.7,0.43,0.24,8,0.309,0.8626,0.8415,0.9001,1
RD-GHY-SHL-07,98.0,12.048179428983898,1537.0147246877475,70.39,266.21,19.5,0.937,2.82,4,0.389,0.7824,0.6729,0.762,1
RD-TEZ-BHK-02,54.0,12.225854712816524,260.57519822197054,48.88,125.0,28.4,0.717,0.41,3,0.447,0.838,0.9511,0.963,1
RD-SHL-SIL-08,215.0,17.87906002131387,1446.8464745041558,11.57,36.32,15.9,0.171,0.68,6,0.223,0.7852,0.7237,0.8176,1
RD-TEZ-ITA-11,155.0,7.571739963165323,354.1953055678185,3.72,9.82,14.2,0.083,1.4,4,0.122,0.4487,0.5259,0.5044,0
RD-SHL-SIL-08,215.0,25.104446885049907,1421.4570759830804,33.68,117.3,32.1,0.691,0.2,7,0.444,0.9486,0.9032,0.9999,1
RD-BHK-BMD-03,96.0,31.297057996300627,2341.38008176863,5.68,20.08,13.3,0.367,0.4,8,0.25,0.847,0.7983,0.8794,1
RD-GHY-SHL-07,98.0,19.157376071588736,1478.6298809919765,78.25,304.37,8.1,1.0,2.81,3,0.426,0.8788,0.654,0.8512,1
RD-GHY-NAG-10,345.0,16.410828280935007,1501.4988560769243,91.49,402.11,25.7,1.0,0.78,7,0.583,0.98,0.8734,1.0,1
RD-GHY-NAG-10,345.0,14.792447215014668,1529.3681168867342,0.81,3.31,15.8,0.061,1.0,8,0.137,0.6814,0.5088,0.6832,1
RD-DRG-SELA-05,62.0,28.7581786233765,4280.402996151461,19.06,83.96,19.8,0.33,2.53,7,0.155,0.8844,0.4517,0.8837,1
RD-GHY-TEZ-01,178.0,4.419785496509679,126.07601728933334,60.05,170.94,13.0,0.62,0.84,1,0.429,0.6197,0.9281,0.8872,1
RD-BHK-BMD-03,96.0,30.14450251659369,2423.9465561379498,30.33,145.18,9.3,0.784,0.43,6,0.357,0.9666,0.7831,0.9932,1
RD-SELA-TWG-06,78.0,20.969026321440452,3181.275033041234,46.24,228.18,5.3,0.811,1.71,6,0.306,0.868,0.6023,0.8782,1
RD-GHY-NAG-10,345.0,17.931963951435083,1549.9622101492373,209.33,944.45,15.7,1.0,1.06,6,1.0,0.9849,1.0,1.0,1
RD-TEZ-ITA-11,155.0,1.6721164772003423,332.9829108635849,0.58,2.37,24.3,0.058,1.0,4,0.136,0.348,0.5911,0.5553,0
RD-TEZ-BHK-02,54.0,8.214971682434413,283.08375222463405,23.75,61.16,21.8,0.504,0.05,3,0.474,0.7002,0.9677,0.9592,1
RD-SELA-TWG-06,78.0,25.219200567889843,3116.923296504967,24.34,108.84,25.0,0.413,1.83,7,0.199,0.8847,0.3708,0.8632,1
RD-GHY-TEZ-01,178.0,3.197705472174576,10.0,52.75,186.38,13.6,0.671,0.64,2,0.421,0.637,0.9352,0.8963,1
RD-BMD-DRG-04,42.0,17.517746164001682,2072.253364199841,143.8,534.52,15.7,1.0,1.32,5,0.781,0.9922,0.9446,1.0,1
RD-DRG-SELA-05,62.0,31.709805513140243,4120.978581020712,1.4,4.51,5.5,0.065,2.54,9,0.072,0.8506,0.2874,0.8317,1
RD-GHY-GTK-12,540.0,22.24784366963972,1698.4478558191945,217.67,664.1,6.9,1.0,0.34,8,1.0,0.9578,0.9904,1.0,1
RD-DRG-SELA-05,62.0,30.17855048661975,4120.454352295896,118.33,537.33,26.5,1.0,2.53,9,0.618,0.9164,0.7903,0.9595,1
RD-BHK-BMD-03,96.0,28.92345531976645,2488.9445541417053,174.71,805.32,13.3,1.0,0.51,6,1.0,0.9491,0.968,1.0,1
RD-SELA-TWG-06,78.0,25.430001846561268,3139.138067505523,137.81,356.99,7.7,1.0,1.94,7,0.725,0.9787,0.9494,1.0,1
RD-TEZ-ITA-11,155.0,10.037171257601916,357.7443171116001,12.91,36.99,14.2,0.173,1.59,1,0.156,0.4215,0.6044,0.574,0
RD-GHY-NAG-10,345.0,13.459063128773447,1511.374638387605,11.95,49.63,32.7,0.215,0.67,7,0.226,0.7305,0.6327,0.7423,1
RD-GHY-SHL-07,98.0,19.42610206295799,1564.0448718537655,35.96,150.04,23.9,0.55,2.92,5,0.226,0.7583,0.4883,0.7181,1
RD-GHY-GTK-12,540.0,24.694693098050692,1732.430313980186,46.07,227.85,9.8,1.0,0.31,8,0.463,0.9591,0.8958,1.0,1
RD-GHY-TEZ-01,178.0,5.386833147336375,173.04765128113826,11.74,33.4,14.2,0.161,0.87,1,0.201,0.3476,0.7411,0.6806,1
RD-GHY-SHL-07,98.0,13.570227335739311,1575.960080093259,16.51,61.76,14.8,0.256,3.04,3,0.134,0.5755,0.427,0.544,0
RD-SELA-TWG-06,78.0,20.45151534072137,3217.9721621791864,19.6,88.89,30.7,0.346,1.88,7,0.175,0.7361,0.3533,0.7267,1
RD-SHL-SIL-08,215.0,17.985846171227763,1315.9085216510193,176.64,832.56,26.8,1.0,0.24,8,1.0,0.9957,0.9683,1.0,1
RD-TEZ-ITA-11,155.0,4.236553299750807,333.3221958324776,151.55,507.37,19.3,1.0,1.58,3,0.804,0.8942,0.9386,0.9457,1
RD-SHL-SIL-08,215.0,22.152463069942915,1470.3830388219444,5.95,17.48,5.9,0.108,0.79,6,0.183,0.771,0.6617,0.7969,1
RD-TEZ-ITA-11,155.0,3.4087794878348685,367.33282712247274,29.53,100.4,28.9,0.385,1.34,3,0.246,0.5316,0.7448,0.7144,1
RD-GHY-NAG-10,345.0,22.480018256869023,1547.3864488582158,22.75,111.1,7.2,0.42,0.85,7,0.254,0.8981,0.6789,0.9068,1
RD-GHY-SHL-07,98.0,20.494755319660484,1586.8905112718485,115.49,385.03,22.8,1.0,2.75,2,0.601,0.9444,0.7826,0.9316,1
RD-TEZ-ITA-11,155.0,4.003560791623707,314.8203555810687,40.19,161.04,10.5,0.587,1.7,1,0.278,0.5854,0.6864,0.6657,1
RD-TEZ-BHK-02,54.0,15.07974889495507,256.6046785878136,14.46,66.92,18.8,0.523,0.05,5,0.429,0.7216,1.0,0.9932,1
RD-GHY-ITA-09,320.0,11.957659805978416,375.30806128519737,114.9,309.53,13.5,1.0,1.31,3,0.647,0.9472,0.9155,0.9632,1
RD-DRG-SELA-05,62.0,31.29634098218395,4188.963587022198,86.95,310.33,15.5,1.0,2.6,7,0.47,0.9523,0.6861,0.9794,1
RD-GHY-NAG-10,345.0,14.095768148287734,1404.9764860521668,13.7,41.12,17.0,0.187,0.6,8,0.246,0.791,0.6517,0.8017,1
RD-BMD-DRG-04,42.0,15.248778888914966,2089.9086767131994,31.28,152.62,24.8,0.559,1.62,4,0.24,0.7839,0.5568,0.7698,1
RD-TEZ-BHK-02,54.0,13.647864771125995,233.66308859580082,45.51,189.36,27.7,0.931,0.17,3,0.513,0.8529,0.9406,0.9548,1
RD-GHY-NAG-10,345.0,20.383638858641895,1492.3690577252596,178.61,693.86,18.6,1.0,0.48,9,1.0,0.9854,0.9475,1.0,1
RD-SELA-TWG-06,78.0,22.21582678509775,3123.9966477327384,51.13,231.07,20.5,0.82,1.77,8,0.327,0.978,0.6244,0.9849,1
RD-GHY-NAG-10,345.0,19.34945446869574,1537.095986985268,8.42,33.46,13.4,0.162,0.81,6,0.192,0.7828,0.5749,0.7849,1
RD-SHL-SIL-08,215.0,25.155890864547047,1410.905343401713,6.93,18.93,19.5,0.363,0.27,9,0.292,0.8339,0.8789,0.922,1
RD-SELA-TWG-06,78.0,20.918006678894553,3151.8517279580037,73.03,352.8,16.0,1.0,1.88,7,0.425,0.9751,0.7512,1.0,1
RD-TEZ-ITA-11,155.0,5.177443998754825,181.54855592243172,79.59,274.98,13.4,0.967,1.23,1,0.487,0.8209,0.8814,0.8797,1
RD-GHY-ITA-09,320.0,10.880612903207547,410.74364264520875,16.0,52.38,27.5,0.225,1.22,4,0.191,0.592,0.6268,0.6164,0
RD-GHY-SHL-07,98.0,17.052171503402285,1520.9788974607288,6.15,27.66,14.7,0.142,2.85,2,0.088,0.5292,0.3085,0.4923,0
RD-SELA-TWG-06,78.0,28.289840812092994,3136.7315896475034,184.23,748.91,28.3,1.0,2.06,6,0.938,0.9488,0.8979,0.9962,1
RD-GHY-SHL-07,98.0,14.635389519964939,1513.7398938530707,32.14,114.78,13.2,0.433,2.89,3,0.209,0.6637,0.5034,0.6322,0
RD-GHY-ITA-09,320.0,4.849208479119573,369.8183182333742,2.62,7.65,30.8,0.075,1.28,3,0.125,0.4444,0.5624,0.5435,0
RD-GHY-ITA-09,320.0,7.818804503068863,316.9403391306105,168.02,612.73,16.2,1.0,0.67,3,0.955,0.957,0.9536,0.9783,1
RD-GHY-TEZ-01,178.0,6.079523597825073,42.70242541284133,20.92,92.74,28.8,0.359,0.75,1,0.258,0.4304,0.8467,0.7864,1
RD-GHY-ITA-09,320.0,7.458664262988137,234.56293006411187,22.24,106.73,11.9,0.406,1.32,3,0.214,0.5351,0.7416,0.7179,1
RD-GHY-NAG-10,345.0,19.279518065866302,1563.1091287915249,66.53,175.17,6.6,0.634,1.27,6,0.423,0.8816,0.7702,0.9032,1
RD-TEZ-ITA-11,155.0,10.77879345839207,285.17238434260616,109.91,449.94,8.6,1.0,1.49,3,0.613,0.8403,0.937,0.9366,1
RD-GHY-GTK-12,540.0,18.284642940747418,1619.7938035650623,59.6,280.09,25.1,1.0,0.24,8,0.55,1.0,0.9469,1.0,1
RD-DRG-SELA-05,62.0,28.587399079365532,4224.02241634146,10.48,42.43,15.0,0.191,2.65,7,0.112,0.8833,0.3534,0.8697,1
RD-GHY-ITA-09,320.0,9.85023151950217,195.94285881117065,10.82,38.45,6.6,0.178,0.98,2,0.186,0.5134,0.6885,0.6663,1
RD-GHY-SHL-07,98.0,13.503333419943539,1602.1324262968599,49.77,207.64,13.8,0.742,2.88,3,0.291,0.7623,0.5715,0.7313,1
RD-GHY-GTK-12,540.0,18.37191579169314,1736.2947109284853,116.58,448.43,11.1,1.0,0.65,8,0.718,0.9396,0.9273,0.9894,1
RD-GHY-ITA-09,320.0,1.5764397958365102,269.8934770697416,168.28,459.4,25.1,1.0,1.14,4,0.907,0.9137,1.0,1.0,1
RD-SHL-SIL-08,215.0,24.689512549024716,1395.264944105934,227.76,817.82,20.9,1.0,0.31,8,1.0,0.9916,0.9953,1.0,1
RD-BHK-BMD-03,96.0,28.683004525906657,2449.0993330061383,15.19,56.61,31.0,0.489,0.09,6,0.412,0.8732,0.9565,0.9963,1
RD-DRG-SELA-05,62.0,28.615706727660978,4131.944326554595,6.13,21.4,14.9,0.121,2.33,8,0.099,0.8855,0.3232,0.8676,1
RD-GHY-SHL-07,98.0,15.817595979252756,1556.9585625847124,6.0,25.21,31.4,0.134,2.98,3,0.085,0.5305,0.3461,0.4964,0
RD-TEZ-BHK-02,54.0,13.004379368287704,240.50041734042694,2.62,11.18,20.1,0.337,0.29,4,0.267,0.6,0.9157,0.8958,1
RD-GHY-SHL-07,98.0,18.200655139506072,1567.04216058947,67.95,319.17,20.9,1.0,2.6,3,0.382,0.9234,0.6629,0.8947,1
RD-DRG-SELA-05,62.0,35.83734860896072,4113.683398295601,31.25,152.71,13.0,0.559,2.28,9,0.218,0.9217,0.4577,0.9187,1
RD-DRG-SELA-05,62.0,30.928002133417,4069.95280825362,6.8,21.04,11.0,0.12,2.46,8,0.099,0.8497,0.3325,0.8366,1
RD-BMD-DRG-04,42.0,16.859303651764126,2209.9162540218176,9.59,26.41,14.3,0.138,1.36,4,0.152,0.626,0.464,0.6137,0
RD-TEZ-BHK-02,54.0,9.480970230304445,243.72875954690622,149.14,737.11,28.9,1.0,0.05,6,1.0,0.921,0.9585,0.9821,1
RD-GHY-TEZ-01,178.0,8.10653920685763,47.58052225060847,174.22,579.25,28.5,1.0,1.09,0,0.938,0.9146,1.0,0.9992,1
RD-DRG-SELA-05,62.0,33.29103443816849,4153.778257123739,50.13,246.08,5.8,0.87,2.07,8,0.312,0.9763,0.5527,0.9828,1
RD-GHY-ITA-09,320.0,8.65500474730183,271.9450166876465,83.54,226.03,8.6,0.803,0.9,5,0.533,0.8632,0.8774,0.8874,1
RD-GHY-SHL-07,98.0,14.364370608734976,1597.4196406494102,32.1,98.93,27.1,0.38,3.38,4,0.201,0.6824,0.4479,0.6439,0
RD-GHY-TEZ-01,178.0,1.0,104.45928455381423,167.73,811.27,19.5,1.0,0.55,0,0.974,0.8699,0.9737,0.9667,1
RD-DRG-SELA-05,62.0,28.243975526632855,4155.10694039015,162.18,494.93,16.5,1.0,2.73,7,0.819,0.9963,0.8924,1.0,1
RD-DRG-SELA-05,62.0,29.397939235469924,4155.037387205831,61.65,292.85,12.7,1.0,2.35,10,0.358,0.9987,0.6619,1.0,1
RD-DRG-SELA-05,62.0,32.637543742312836,4154.4791182167355,5.97,27.94,27.2,0.143,2.65,7,0.091,0.8653,0.3245,0.8497,1
RD-BHK-BMD-03,96.0,27.30651654396783,2516.087546025122,7.49,33.17,30.7,0.411,0.36,7,0.268,0.8977,0.7457,0.9215,1
RD-GHY-TEZ-01,178.0,1.0,149.50534843940994,5.58,15.87,30.3,0.103,0.95,2,0.164,0.2906,0.7356,0.6693,1
RD-SHL-SIL-08,215.0,22.286326233589968,1488.181310010037,64.23,272.36,17.7,1.0,0.14,9,0.615,0.9403,0.9223,0.9943,1
RD-GHY-TEZ-01,178.0,3.5112624582833476,88.3389971746458,25.01,100.43,10.0,0.385,1.1,1,0.242,0.4485,0.7894,0.7361,1
RD-TEZ-BHK-02,54.0,7.762677392311876,154.30222814522534,41.58,164.47,33.2,0.848,0.22,4,0.473,0.8154,0.921,0.9305,1
RD-DRG-SELA-05,62.0,34.19887745868375,4196.919967881978,12.38,43.19,6.1,0.194,2.28,9,0.13,0.9054,0.4007,0.8961,1
RD-GHY-SHL-07,98.0,14.865045779529783,1606.4367010471674,20.21,91.45,11.3,0.355,2.99,5,0.152,0.653,0.3929,0.6115,0
RD-TEZ-ITA-11,155.0,7.725251900298989,368.4940603507418,24.16,107.59,12.5,0.409,1.35,1,0.221,0.5346,0.7038,0.6767,1
RD-TEZ-BHK-02,54.0,12.564741415727982,310.0964126551366,27.11,83.3,27.6,0.578,0.05,5,0.49,0.7374,0.9988,0.9945,1
RD-GHY-GTK-12,540.0,21.691476929129077,1667.541088351146,2.14,9.47,29.6,0.332,0.28,7,0.266,0.8572,0.9469,0.9866,1
RD-BMD-DRG-04,42.0,15.820815012690117,2209.760779420081,132.34,637.2,12.1,1.0,1.04,7,0.748,0.9426,0.9266,0.9702,1
RD-GHY-GTK-12,540.0,19.67473194068951,1675.2196938123018,6.32,27.49,8.2,0.392,0.49,8,0.232,0.8414,0.7183,0.8658,1
RD-TEZ-BHK-02,54.0,14.100723387359633,194.66472132026055,9.45,47.14,21.6,0.457,0.05,3,0.408,0.6566,0.9972,0.9808,1
RD-GHY-NAG-10,345.0,13.47613385656276,1516.1791752940437,49.05,230.3,27.8,0.818,0.81,7,0.381,0.8963,0.7621,0.9163,1
RD-GHY-ITA-09,320.0,2.2632445579618796,382.4707615912752,2.45,9.36,9.2,0.081,1.12,3,0.135,0.4153,0.6055,0.5804,0
RD-TEZ-BHK-02,54.0,13.400070216999774,246.85278063840823,109.6,418.37,25.2,1.0,0.51,3,0.709,0.9462,0.9511,0.9784,1
RD-TEZ-BHK-02,54.0,12.002116621001175,288.8905770709114,14.96,49.09,29.9,0.464,0.05,4,0.433,0.6697,0.9916,0.9775,1
RD-SELA-TWG-06,78.0,18.07654716301878,3268.6084201419753,45.96,138.96,11.6,0.513,1.55,8,0.312,0.8583,0.5843,0.8668,1
RD-GHY-NAG-10,345.0,19.41121941043332,1528.9310416920387,3.24,12.86,32.7,0.093,1.0,8,0.148,0.7797,0.5111,0.7746,1
RD-GHY-GTK-12,540.0,18.19423090462375,1625.4292722271307,90.56,358.41,9.5,1.0,0.72,8,0.586,0.9939,0.9498,1.0,1
RD-GHY-SHL-07,98.0,13.472848061468921,1508.0960169555872,271.53,1270.48,4.7,1.0,2.82,2,1.0,1.0,1.0,1.0,1
RD-TEZ-BHK-02,54.0,18.688432693021177,284.2481333206244,96.88,466.73,21.8,1.0,0.05,4,0.816,0.9544,0.9875,1.0,1
RD-DRG-SELA-05,62.0,32.73123144106286,4100.769229938537,178.95,519.47,4.7,1.0,2.59,8,0.9,0.9792,0.9691,1.0,1
RD-DRG-SELA-05,62.0,31.100087357427004,4118.558189922577,1.25,5.41,23.6,0.068,2.86,7,0.065,0.8703,0.3154,0.8529,1
RD-GHY-TEZ-01,178.0,8.113969882220278,120.33845362522374,3.12,11.24,8.9,0.087,0.55,0,0.205,0.3559,0.8179,0.7509,1
RD-SELA-TWG-06,78.0,27.361660589379124,3191.8286098516787,0.78,3.08,11.4,0.06,1.83,7,0.089,0.81,0.4003,0.7992,1
RD-TEZ-BHK-02,54.0,17.929855702557255,172.69207376244572,54.79,199.78,4.1,0.966,0.05,3,0.619,0.9013,1.0,1.0,1
RD-GHY-SHL-07,98.0,12.92051327768436,1590.477312206525,16.34,43.58,6.9,0.195,2.97,4,0.134,0.5789,0.3267,0.5384,0
RD-BMD-DRG-04,42.0,17.61672482737505,2051.436598804831,18.94,71.46,5.6,0.288,1.03,5,0.219,0.7005,0.6076,0.6973,1
RD-BHK-BMD-03,96.0,24.911680040760857,2422.1283530712426,9.19,26.07,30.4,0.387,0.43,8,0.257,0.861,0.7159,0.8823,1
RD-GHY-GTK-12,540.0,24.069397269339156,1639.8544678914488,145.86,402.32,8.8,1.0,0.48,8,0.884,0.911,0.9485,0.9959,1
RD-DRG-SELA-05,62.0,29.286147531526233,4137.205561038182,69.88,228.15,26.1,0.81,2.31,11,0.397,0.9736,0.6741,0.998,1
RD-GHY-NAG-10,345.0,15.142599076177746,1490.8461447412164,172.26,809.26,22.5,1.0,0.82,8,0.955,0.9922,1.0,1.0,1
RD-GHY-GTK-12,540.0,22.67076790560284,1667.8633885830523,99.14,313.46,32.4,1.0,0.44,7,0.675,1.0,0.9705,1.0,1
RD-GHY-TEZ-01,178.0,1.0697434608432106,143.80111346063495,99.48,390.56,27.8,1.0,0.89,0,0.608,0.7305,0.9775,0.9499,1
RD-TEZ-ITA-11,155.0,2.1802713824328857,356.52428514122124,184.35,868.73,10.3,1.0,1.24,3,0.976,0.9617,0.9995,1.0,1
RD-GHY-ITA-09,320.0,8.210474347556753,323.69360379568843,11.33,29.86,19.5,0.15,0.92,2,0.193,0.4794,0.72,0.6918,1
RD-TEZ-ITA-11,155.0,7.7193597034470285,307.3802065309696,4.9,14.65,23.2,0.099,1.11,2,0.147,0.4209,0.6423,0.6085,0
RD-SELA-TWG-06,78.0,22.146391572063525,3185.570147275994,2.07,5.49,20.6,0.068,1.72,7,0.1,0.7612,0.3416,0.748,1
RD-TEZ-ITA-11,155.0,7.8952817607549814,319.2246947185148,135.56,515.53,19.5,1.0,1.3,1,0.744,0.8684,0.9523,0.9555,1
RD-BMD-DRG-04,42.0,17.201939050856065,2128.778036039379,68.05,172.36,32.2,0.625,1.4,4,0.423,0.8754,0.6645,0.8694,1
RD-GHY-SHL-07,98.0,18.77660703145842,1568.0494412520704,189.54,729.08,6.8,1.0,3.15,4,0.939,0.9411,0.9221,0.9481,1
RD-GHY-SHL-07,98.0,18.073762958377483,1583.0795203551606,45.98,186.91,21.5,0.673,2.91,3,0.273,0.7837,0.5048,0.7435,1
RD-DRG-SELA-05,62.0,31.58591772189784,4199.163582982825,50.31,139.17,12.1,0.514,2.54,10,0.3,0.9,0.5685,0.9138,1
RD-BMD-DRG-04,42.0,17.01256698450357,2113.2234628566325,10.05,29.95,21.6,0.15,0.81,6,0.199,0.6546,0.5508,0.6484,0
RD-BHK-BMD-03,96.0,20.91661952566964,2440.416445651387,20.57,87.72,19.1,0.592,0.46,6,0.305,0.8956,0.7748,0.9233,1
RD-TEZ-ITA-11,155.0,6.083872983346091,267.70821988965326,32.08,120.47,33.1,0.452,1.42,3,0.254,0.5794,0.7447,0.7197,1
RD-TEZ-ITA-11,155.0,8.61091215810925,361.65799556429795,50.85,229.39,24.7,0.815,1.71,3,0.328,0.7172,0.7824,0.7712,1
RD-GHY-TEZ-01,178.0,7.567443827923519,194.01445168453586,26.86,83.89,24.9,0.33,0.51,1,0.323,0.4603,0.885,0.8253,1
RD-TEZ-BHK-02,54.0,14.705501111295643,206.66951633889863,30.88,148.42,19.6,0.795,0.05,4,0.508,0.8339,0.9645,0.9754,1
RD-SHL-SIL-08,215.0,17.889632481528814,1468.2150663446048,77.01,257.24,8.1,0.907,0.94,8,0.498,0.9683,0.9022,1.0,1
RD-GHY-SHL-07,98.0,13.46772181588804,1526.7307725533246,5.13,14.41,32.1,0.098,2.92,3,0.082,0.4678,0.3916,0.4431,0
RD-SELA-TWG-06,78.0,26.640274196961524,3132.171791908613,35.8,114.91,31.2,0.433,1.77,6,0.255,0.9054,0.525,0.9029,1
RD-TEZ-BHK-02,54.0,13.11930150585236,239.05709090228956,42.0,140.97,7.7,0.77,0.36,4,0.43,0.8012,0.9067,0.9147,1
RD-GHY-GTK-12,540.0,28.060815696865333,1660.092431847893,35.55,97.78,8.1,0.626,0.38,11,0.394,0.9014,0.9475,0.9934,1
RD-TEZ-BHK-02,54.0,12.2488465141091,198.858997809769,14.12,61.39,25.2,0.505,0.17,3,0.365,0.6545,0.9492,0.935,1
RD-GHY-NAG-10,345.0,21.3896472226598,1470.6740203688053,53.25,177.65,24.0,0.642,0.73,7,0.411,0.9151,0.7955,0.939,1
RD-GHY-ITA-09,320.0,10.102797311144165,277.45696211989605,35.84,159.67,21.0,0.582,1.21,2,0.284,0.7036,0.7791,0.7725,1
RD-SHL-SIL-08,215.0,17.708687803840625,1387.7698708672397,18.59,71.97,13.2,0.54,0.49,7,0.289,0.9064,0.7757,0.941,1
RD-GHY-TEZ-01,178.0,5.717467220001192,122.27311514017191,16.92,59.77,17.5,0.249,0.72,1,0.244,0.4386,0.8853,0.8228,1
RD-BHK-BMD-03,96.0,31.981086987416884,2394.2827854052725,28.68,130.68,28.4,0.486,0.59,8,0.318,0.9201,0.6499,0.9298,1
RD-TEZ-ITA-11,155.0,2.852533976819299,348.32978672449985,130.01,500.28,31.3,1.0,1.47,5,0.708,0.9035,0.9221,0.9308,1
RD-GHY-SHL-07,98.0,14.089394476982001,1528.7311515842623,128.28,540.21,5.9,1.0,3.12,5,0.654,0.9041,0.8921,0.9075,1
RD-DRG-SELA-05,62.0,31.556513570005126,4139.387306914634,37.16,114.06,29.5,0.43,2.28,7,0.245,0.9636,0.5107,0.9649,1
RD-TEZ-BHK-02,54.0,5.847764078678365,197.79595951341875,143.94,587.3,29.1,1.0,0.2,4,0.957,0.9853,0.9453,1.0,1
RD-BMD-DRG-04,42.0,15.45275885164877,2090.1572454803463,77.39,215.34,4.5,0.768,1.16,6,0.482,0.8878,0.7679,0.8949,1
RD-TEZ-ITA-11,155.0,3.5861010127862882,382.4385809279991,23.72,92.81,13.1,0.359,1.5,2,0.211,0.4721,0.6569,0.6268,0
RD-GHY-NAG-10,345.0,16.655415843547914,1523.498311471181,40.89,142.57,15.4,0.525,0.77,7,0.348,0.8974,0.7317,0.9133,1
RD-SELA-TWG-06,78.0,24.544820361131027,3128.28672955193,21.08,69.81,23.3,0.283,1.98,7,0.179,0.8615,0.4426,0.8515,1
RD-GHY-GTK-12,540.0,21.675577441399884,1630.9258749288606,83.28,391.59,9.0,1.0,0.15,9,0.695,0.9722,0.9714,1.0,1
RD-BHK-BMD-03,96.0,26.824360511285015,2407.8287365995984,38.93,176.58,16.0,0.889,0.3,8,0.43,0.9835,0.864,1.0,1
RD-SELA-TWG-06,78.0,29.176134879504062,3188.9338532739216,2.29,6.39,28.4,0.071,1.95,6,0.092,0.8063,0.3344,0.7878,1
RD-BMD-DRG-04,42.0,16.793193507384764,2084.3107999236922,182.04,558.02,24.4,1.0,1.0,5,0.983,0.99,0.9827,1.0,1
RD-SELA-TWG-06,78.0,23.55471303510441,3162.521119262207,212.46,866.84,23.6,1.0,1.53,6,1.0,0.9968,0.9874,1.0,1
RD-GHY-SHL-07,98.0,12.921116973161595,1603.115979255437,1.66,6.43,14.3,0.071,2.79,3,0.068,0.484,0.3264,0.4531,0
RD-GHY-NAG-10,345.0,14.701410308208386,1534.400930399503,213.63,891.42,19.5,1.0,1.49,9,1.0,0.9612,1.0,1.0,1
RD-GHY-TEZ-01,178.0,1.0,10.0,4.3,19.87,24.7,0.116,0.61,2,0.2,0.2917,0.8591,0.7798,1
RD-TEZ-ITA-11,155.0,4.399693969141549,313.69119992681425,16.19,69.79,16.1,0.283,1.43,2,0.179,0.5193,0.6603,0.6347,0
RD-BMD-DRG-04,42.0,14.254538787334841,1957.5651684152765,3.41,14.21,22.5,0.097,1.21,4,0.133,0.5428,0.408,0.5326,0
RD-SHL-SIL-08,215.0,20.032480448316388,1333.327935860715,174.65,825.55,7.7,1.0,0.72,8,0.979,0.9995,0.9458,1.0,1
RD-GHY-GTK-12,540.0,14.896082285964054,1719.2680085860907,47.25,234.18,25.0,0.831,0.63,7,0.398,0.9616,0.8052,0.9935,1
RD-GHY-TEZ-01,178.0,6.0563437068994785,63.648477240524045,23.56,74.22,13.4,0.297,0.83,0,0.26,0.4074,0.8473,0.784,1
RD-GHY-SHL-07,98.0,20.99126650705241,1527.4651910090406,7.72,34.22,17.4,0.164,3.07,2,0.092,0.5466,0.3339,0.51,0
RD-BHK-BMD-03,96.0,26.34655312605815,2353.70708785394,203.87,736.9,17.2,1.0,0.33,8,1.0,1.0,0.9926,1.0,1
RD-SELA-TWG-06,78.0,24.088703090606614,3210.674591584847,122.39,439.69,12.7,1.0,1.77,7,0.659,0.9549,0.8539,0.996,1
RD-GHY-NAG-10,345.0,16.446208313037033,1521.8831778388655,175.12,556.04,4.9,1.0,0.97,7,0.954,0.9311,0.983,1.0,1
RD-GHY-GTK-12,540.0,19.551616179345874,1662.0078125473176,1.17,5.84,26.9,0.319,0.12,9,0.328,0.828,0.9731,1.0,1
RD-SHL-SIL-08,215.0,23.4025860220544,1426.2667259328807,7.87,27.92,22.6,0.143,0.74,6,0.198,0.8346,0.696,0.8615,1
RD-SHL-SIL-08,215.0,26.61178832290953,1394.02004125191,201.08,1003.24,7.2,1.0,0.23,6,1.0,0.9528,1.0,1.0,1
RD-GHY-GTK-12,540.0,15.975406909345661,1624.1271402459795,102.84,465.13,5.9,1.0,0.45,8,0.69,1.0,0.9678,1.0,1
RD-DRG-SELA-05,62.0,30.15797571464222,4232.134443613544,158.88,518.76,20.6,1.0,2.17,11,0.816,0.9877,0.9844,1.0,1
RD-SHL-SIL-08,215.0,18.839869401349222,1409.474726839176,15.01,65.21,4.7,0.267,0.62,8,0.248,0.8293,0.7767,0.8665,1
RD-GHY-SHL-07,98.0,15.674303034982785,1462.2455129284933,8.57,40.54,25.3,0.185,2.89,3,0.099,0.5273,0.343,0.4934,0
RD-GHY-NAG-10,345.0,22.241365562335282,1470.0263778177723,109.0,283.37,5.5,0.995,0.97,8,0.645,0.9976,0.8919,1.0,1
RD-DRG-SELA-05,62.0,36.84722577452385,4110.879958254864,70.05,329.25,21.2,1.0,2.53,7,0.393,0.9449,0.6233,0.9635,1
RD-BMD-DRG-04,42.0,14.854862115658076,2149.3889055429745,15.52,57.48,22.0,0.242,1.07,6,0.2,0.7172,0.5484,0.7066,1
RD-GHY-SHL-07,98.0,13.787369467091274,1533.8428260688765,69.41,201.27,15.4,0.721,3.17,3,0.378,0.7971,0.6731,0.7761,1
RD-GHY-TEZ-01,178.0,1.0,121.55607505854914,30.63,123.11,10.3,0.46,0.76,2,0.302,0.4412,0.8265,0.7693,1
RD-DRG-SELA-05,62.0,30.344592573395946,4174.865141468093,175.16,809.91,22.9,1.0,2.25,8,0.89,0.9892,0.9183,1.0,1
RD-SHL-SIL-08,215.0,21.519189104871185,1504.6539609948063,4.11,12.51,20.5,0.092,0.73,7,0.182,0.7698,0.6687,0.7966,1
RD-SELA-TWG-06,78.0,25.089815766641042,3121.6939458223333,19.37,49.71,30.5,0.216,1.83,6,0.176,0.7999,0.401,0.79,1
RD-TEZ-ITA-11,155.0,3.4064379259434183,292.12789030765566,20.8,84.23,9.7,0.331,1.61,1,0.192,0.4192,0.6642,0.6284,0
RD-GHY-TEZ-01,178.0,11.808856677118307,38.30321914319579,41.93,122.39,28.5,0.458,0.73,1,0.358,0.572,0.8947,0.8493,1
RD-SELA-TWG-06,78.0,17.060665334974598,3240.3421531851673,9.13,40.99,32.2,0.187,1.77,7,0.131,0.7639,0.348,0.7512,1
RD-GHY-SHL-07,98.0,19.867068222727028,1517.7693346978976,26.12,87.57,13.4,0.342,3.05,4,0.178,0.6765,0.4218,0.6358,0
RD-GHY-GTK-12,540.0,18.371273430172742,1672.0134823424482,109.65,498.65,20.9,1.0,0.15,10,0.818,0.9925,0.9958,1.0,1
RD-GHY-SHL-07,98.0,15.031366915881927,1600.1934311295508,34.62,108.85,23.1,0.413,3.35,3,0.214,0.6727,0.4383,0.634,0
RD-DRG-SELA-05,62.0,36.10786224375456,4225.678781310141,275.49,997.8,33.1,1.0,2.27,7,1.0,1.0,1.0,1.0,1
RD-GHY-ITA-09,320.0,11.39232237148071,315.35784986140925,128.65,601.34,10.3,1.0,1.21,2,0.717,0.95,0.9768,0.9975,1
RD-SELA-TWG-06,78.0,26.95427609454329,3191.7336140335215,5.36,20.14,26.7,0.117,1.53,6,0.124,0.7688,0.3673,0.7579,1
RD-SHL-SIL-08,215.0,24.820687917516544,1357.041382106176,24.62,70.23,15.5,0.534,0.39,9,0.341,0.9169,0.8955,0.9675,1
RD-GHY-NAG-10,345.0,18.051619734942655,1476.543880527785,16.77,63.67,26.3,0.262,0.82,6,0.229,0.8309,0.6364,0.8376,1
RD-GHY-NAG-10,345.0,13.735921907819307,1539.1109356199465,110.22,397.05,12.4,1.0,0.59,9,0.698,0.9766,0.9382,1.0,1
RD-GHY-TEZ-01,178.0,2.828064155353663,113.73694040812649,152.79,542.82,11.7,1.0,0.7,1,0.88,0.8759,1.0,0.9934,1
RD-GHY-ITA-09,320.0,3.524256907962588,372.97724709502114,40.65,178.81,14.2,0.646,1.17,2,0.31,0.6867,0.7615,0.7537,1
RD-DRG-SELA-05,62.0,34.05431162911541,4174.13202239908,23.91,61.85,31.3,0.256,2.62,8,0.176,0.9279,0.3628,0.9112,1
RD-TEZ-ITA-11,155.0,3.45573904419668,373.910776406571,4.8,23.02,9.3,0.127,1.56,3,0.119,0.3437,0.5796,0.5446,0
RD-GHY-ITA-09,320.0,7.356075697592078,291.0474053612089,190.48,604.27,27.8,1.0,0.76,2,1.0,0.9465,0.9609,0.9812,1
RD-BHK-BMD-03,96.0,26.353677650230978,2359.1204080525213,0.6,2.18,25.8,0.057,0.85,9,0.151,0.7839,0.5094,0.7842,1
RD-GHY-ITA-09,320.0,13.42955881089721,366.0297770694974,20.98,101.51,25.1,0.388,1.18,2,0.217,0.6182,0.6736,0.663,1
RD-SELA-TWG-06,78.0,20.5600836187738,3123.561141280059,1.83,7.62,9.6,0.075,1.67,6,0.101,0.7322,0.3799,0.7261,1
RD-BHK-BMD-03,96.0,26.281301622522534,2383.3147670478174,244.4,995.06,29.7,1.0,0.41,8,1.0,0.9703,0.9698,1.0,1
RD-GHY-GTK-12,540.0,16.611781305456795,1669.5010478047184,3.65,11.18,15.5,0.337,0.13,7,0.337,0.8201,0.9908,1.0,1
RD-BHK-BMD-03,96.0,22.960883276312153,2458.4401904962037,22.18,107.83,17.0,0.659,0.12,9,0.427,0.8679,0.9323,0.9718,1
RD-SELA-TWG-06,78.0,22.15771045816916,3331.0172799991965,192.38,851.39,33.7,1.0,1.61,7,0.992,1.0,0.9755,1.0,1
RD-BHK-BMD-03,96.0,23.14125023853214,2484.242803963979,30.01,132.12,30.2,0.74,0.26,7,0.402,0.8965,0.8958,0.9405,1
RD-DRG-SELA-05,62.0,34.475136948278305,4207.492111176235,32.15,119.0,27.7,0.447,2.7,8,0.213,0.9027,0.4038,0.894,1
RD-GHY-SHL-07,98.0,11.207168939473874,1566.8180282459373,0.34,0.99,5.8,0.053,3.07,2,0.058,0.4541,0.3015,0.4245,0
RD-DRG-SELA-05,62.0,34.226581468750844,4162.297742423124,49.92,125.02,17.8,0.467,2.25,9,0.306,0.9928,0.5136,0.9924,1
RD-DRG-SELA-05,62.0,33.487652066311156,4226.2317712174945,22.88,58.62,29.6,0.245,2.2,8,0.181,0.9333,0.4389,0.9267,1
RD-GHY-SHL-07,98.0,18.36529317861199,1569.024098375897,39.5,172.93,15.4,0.626,2.94,4,0.242,0.7313,0.4711,0.6913,1
RD-SELA-TWG-06,78.0,20.73642245701201,3211.79290405383,9.66,43.42,26.5,0.195,1.7,7,0.136,0.7827,0.4011,0.7744,1
RD-SHL-SIL-08,215.0,19.76073400449934,1483.3621986536527,6.82,19.61,32.2,0.365,0.4,9,0.255,0.8639,0.8395,0.9081,1
RD-BHK-BMD-03,96.0,27.41722984653729,2442.0312935807533,61.84,185.2,11.2,0.917,0.39,7,0.513,0.9524,0.9213,0.9992,1
RD-TEZ-ITA-11,155.0,5.783286117239351,265.8268068495036,142.41,671.93,30.7,1.0,1.13,3,0.787,0.9295,0.991,1.0,1
RD-SHL-SIL-08,215.0,25.430883977694446,1396.7696141113227,181.36,893.52,33.0,1.0,0.8,6,1.0,0.9637,0.9751,1.0,1
RD-BHK-BMD-03,96.0,24.02530639551999,2509.8324050780125,78.94,300.68,7.8,1.0,0.55,6,0.558,0.9691,0.8779,1.0,1
RD-BHK-BMD-03,96.0,25.495257125267464,2484.5627518882648,207.63,668.16,32.2,1.0,0.57,8,1.0,1.0,0.9984,1.0,1
RD-DRG-SELA-05,62.0,30.338100501365624,4186.159490060317,86.54,250.76,9.8,0.886,2.68,7,0.467,1.0,0.6889,1.0,1
RD-SHL-SIL-08,215.0,19.565423931183172,1391.191823472517,45.91,151.42,12.3,0.555,0.83,7,0.365,0.8667,0.8475,0.9119,1
RD-SHL-SIL-08,215.0,21.322506386999468,1366.810118777401,174.59,779.97,12.8,1.0,0.43,8,1.0,0.9953,1.0,1.0,1
RD-SELA-TWG-06,78.0,26.085278552818004,3202.1083910804946,20.59,61.97,31.7,0.257,1.73,7,0.186,0.915,0.5126,0.9101,1
RD-GHY-ITA-09,320.0,8.44462356913164,329.45774140974396,7.97,33.46,4.6,0.162,0.75,3,0.197,0.5102,0.7516,0.7244,1
RD-SHL-SIL-08,215.0,18.10385202417629,1435.1688894968468,229.8,1026.07,11.4,1.0,0.75,8,1.0,0.9723,0.9884,1.0,1
RD-GHY-GTK-12,540.0,25.10677204141758,1588.2316691873348,45.33,208.94,16.2,0.996,0.26,8,0.475,0.9391,0.8932,0.9841,1
RD-TEZ-BHK-02,54.0,12.447515200884784,291.65143742313023,27.24,131.14,4.8,0.737,0.5,6,0.327,0.815,0.803,0.8259,1
RD-BMD-DRG-04,42.0,12.903179100052398,2051.3531883949,25.65,92.23,6.4,0.357,1.28,4,0.232,0.7129,0.554,0.7033,1
RD-BHK-BMD-03,96.0,27.523832962392802,2438.2180623587797,5.44,24.48,28.4,0.382,0.35,6,0.26,0.8899,0.7244,0.9111,1
RD-GHY-GTK-12,540.0,20.302243768067793,1605.7347721901115,57.23,198.28,24.5,0.711,0.56,10,0.457,0.9284,0.8903,0.9732,1
RD-DRG-SELA-05,62.0,32.27917648317509,4164.579955056938,0.57,2.22,14.5,0.057,2.38,11,0.072,0.873,0.3237,0.8565,1
RD-TEZ-ITA-11,155.0,7.264020864942435,352.25379060097896,33.96,115.67,18.1,0.436,1.35,1,0.267,0.5214,0.7172,0.6877,1
RD-GHY-NAG-10,345.0,22.554124700964046,1501.5886432363495,105.36,478.52,10.3,1.0,1.2,6,0.609,0.9743,0.8779,1.0,1
RD-GHY-TEZ-01,178.0,7.83853131314657,68.72293523442727,23.16,99.54,18.3,0.382,0.81,1,0.26,0.4118,0.8577,0.794,1
RD-GHY-NAG-10,345.0,17.227808902216996,1542.64445778191,128.4,431.55,9.5,1.0,0.71,7,0.765,0.9363,0.9491,0.992,1
RD-TEZ-BHK-02,54.0,11.700695518895666,224.86349139362008,174.97,567.64,23.4,1.0,0.05,5,1.0,0.9189,0.9843,1.0,1
RD-SHL-SIL-08,215.0,28.644957701799605,1387.3138093577777,14.1,63.54,8.6,0.262,0.63,9,0.243,0.8325,0.7732,0.8692,1
RD-SELA-TWG-06,78.0,22.895164734509912,3201.3701084521917,174.02,650.89,6.1,1.0,1.74,8,0.901,0.9229,0.9532,1.0,1
RD-TEZ-ITA-11,155.0,7.6868878990624685,340.0316613399885,13.34,65.58,30.5,0.269,1.32,2,0.172,0.4819,0.5907,0.5668,0
RD-TEZ-BHK-02,54.0,10.138056903682568,284.588213995731,13.56,62.22,6.9,0.507,0.1,4,0.396,0.7247,1.0,0.9937,1
RD-GHY-NAG-10,345.0,19.579729315392658,1396.8667996362244,36.39,108.44,12.5,0.411,0.94,6,0.309,0.9052,0.6758,0.9132,1
RD-TEZ-BHK-02,54.0,12.704270395618643,191.94846959520146,4.69,22.61,5.0,0.375,0.06,6,0.377,0.702,0.979,0.9702,1
RD-BHK-BMD-03,96.0,19.77008245596084,2409.5446870277,112.52,456.25,14.1,1.0,0.35,8,0.762,0.9781,0.9722,1.0,1
RD-SHL-SIL-08,215.0,23.923100488326558,1432.947331899978,9.41,29.07,31.5,0.397,0.31,7,0.292,0.8835,0.8276,0.9256,1
RD-TEZ-ITA-11,155.0,2.1441802218121726,212.8655358652835,28.74,105.17,17.8,0.401,1.77,1,0.222,0.5128,0.7352,0.7035,1
RD-TEZ-ITA-11,155.0,5.657201597721546,287.2420526813717,22.82,94.1,20.1,0.364,1.28,3,0.219,0.5242,0.7208,0.6914,1
RD-GHY-NAG-10,345.0,19.637610716213725,1461.6704363277456,18.5,64.87,32.6,0.266,0.85,6,0.235,0.7829,0.6677,0.7959,1
RD-SELA-TWG-06,78.0,20.71988789041244,3211.3374048466426,7.78,35.28,18.7,0.168,1.74,8,0.125,0.7906,0.4025,0.7818,1
RD-TEZ-ITA-11,155.0,4.640674009703101,360.76203416534315,3.91,10.89,29.5,0.086,1.3,1,0.129,0.3587,0.5595,0.5277,0
RD-SHL-SIL-08,215.0,25.16889552396511,1370.385965198212,7.05,18.12,18.0,0.11,0.58,6,0.217,0.8437,0.7938,0.8826,1
RD-GHY-GTK-12,540.0,19.946442704743927,1736.1546723231606,2.51,8.37,28.7,0.328,0.05,7,0.375,0.8108,0.9854,1.0,1
RD-GHY-NAG-10,345.0,21.122760305011727,1518.7024001789584,141.99,671.22,14.9,1.0,0.86,7,0.81,1.0,0.9369,1.0,1
RD-GHY-TEZ-01,178.0,4.844969430863978,115.72920321790484,44.22,146.35,18.0,0.538,0.58,1,0.391,0.5099,0.933,0.8764,1
RD-DRG-SELA-05,62.0,32.556246358311896,4131.721336863532,66.87,290.77,21.3,1.0,2.36,7,0.382,0.9598,0.6472,0.981,1
RD-GHY-TEZ-01,178.0,2.2304450198591637,179.16318189013356,37.42,170.42,15.5,0.618,0.53,1,0.368,0.5397,0.9456,0.8923,1
RD-GHY-ITA-09,320.0,11.139857443189788,396.2761655451218,19.29,62.83,13.6,0.259,1.21,3,0.207,0.606,0.6602,0.6491,0
RD-GHY-SHL-07,98.0,13.404173831248322,1569.5925301478908,181.49,850.76,20.0,1.0,2.57,4,0.912,0.9749,0.9818,0.9961,1
RD-DRG-SELA-05,62.0,27.794335701448446,4142.63362435215,99.03,373.99,9.7,1.0,2.68,9,0.525,1.0,0.8126,1.0,1
RD-GHY-SHL-07,98.0,10.943146106895915,1714.0149794844558,146.43,404.1,29.9,1.0,3.12,4,0.739,0.8811,0.875,0.8826,1
RD-BMD-DRG-04,42.0,13.783146206083593,2134.798988944276,87.64,219.21,30.1,0.781,1.2,6,0.527,0.9016,0.8248,0.9159,1
RD-GHY-SHL-07,98.0,13.95076743278859,1461.18740702294,0.41,1.44,11.8,0.055,3.05,5,0.058,0.4882,0.2952,0.4546,0
RD-TEZ-ITA-11,155.0,7.760353917716196,305.5883543945145,185.92,521.72,20.5,1.0,1.4,1,0.973,0.977,0.9821,1.0,1
RD-DRG-SELA-05,62.0,30.920086922795356,4209.137045542903,42.77,159.05,26.2,0.58,2.87,10,0.259,0.971,0.5452,0.9768,1
RD-GHY-SHL-07,98.0,10.581346597332448,1523.2501163306974,90.33,341.11,12.4,1.0,2.97,3,0.479,0.8163,0.753,0.8041,1
RD-DRG-SELA-05,62.0,30.038703949147383,4125.497974549572,14.5,71.16,12.1,0.287,2.47,10,0.135,0.9598,0.3515,0.9384,1
RD-GHY-NAG-10,345.0,18.952157807970917,1499.233700120686,280.23,779.76,30.0,1.0,0.81,8,1.0,0.9977,0.9631,1.0,1
RD-TEZ-ITA-11,155.0,5.144783707786153,382.0278950260738,210.94,856.73,24.8,1.0,1.09,4,1.0,0.959,0.958,0.975,1
RD-SELA-TWG-06,78.0,22.32098231676586,3279.016305350054,81.74,397.25,15.4,1.0,1.8,6,0.468,0.9773,0.7286,0.9995,1
RD-SHL-SIL-08,215.0,26.041389302707724,1343.1264376663014,2.73,8.12,8.6,0.077,0.71,6,0.178,0.7885,0.6637,0.8137,1
RD-GHY-SHL-07,98.0,15.696708131126117,1542.7432585011816,31.39,90.28,8.8,0.351,3.22,3,0.2,0.6839,0.4854,0.6492,0
RD-GHY-NAG-10,345.0,20.384656654883266,1438.7778467376363,3.57,10.92,32.9,0.086,0.73,7,0.18,0.7268,0.6035,0.7356,1
RD-TEZ-BHK-02,54.0,13.991722698782326,267.61826961789023,36.51,100.41,5.3,0.635,0.17,3,0.467,0.7717,0.9557,0.958,1
RD-SELA-TWG-06,78.0,25.131912496819382,3147.7892239321263,58.66,232.31,26.2,0.824,2.16,6,0.349,0.9671,0.6278,0.9751,1
RD-GHY-SHL-07,98.0,11.553703749213838,1557.564106277504,1.6,5.53,14.5,0.068,3.02,4,0.064,0.4971,0.2972,0.4627,0
RD-TEZ-BHK-02,54.0,12.887056204177611,170.39530987483886,212.02,689.55,19.5,1.0,0.05,5,1.0,0.9483,1.0,1.0,1
RD-SELA-TWG-06,78.0,24.92477076970829,3184.520224112148,29.65,147.58,20.1,0.542,1.82,8,0.224,0.8615,0.4757,0.8558,1
RD-TEZ-ITA-11,155.0,5.44851352652551,352.4224800653999,218.5,886.55,20.6,1.0,1.28,1,1.0,0.9527,1.0,1.0,1
RD-TEZ-ITA-11,155.0,5.422634469696558,364.9943858600497,6.48,23.04,30.3,0.127,1.49,1,0.131,0.4071,0.5752,0.546,0
RD-SHL-SIL-08,215.0,20.926589200386555,1445.032645488298,9.81,37.58,12.4,0.425,0.17,7,0.342,0.8589,0.9019,0.9478,1
RD-TEZ-ITA-11,155.0,7.99507985016476,258.80875310546213,3.02,12.76,6.8,0.093,1.55,1,0.111,0.3275,0.6168,0.5766,0
RD-DRG-SELA-05,62.0,28.90977090682575,4145.2536439716805,1.25,3.48,10.4,0.062,2.45,8,0.074,0.8479,0.3198,0.8334,1
RD-TEZ-BHK-02,54.0,17.973481602062712,285.74496685018937,3.72,9.53,5.5,0.332,0.35,3,0.252,0.7238,0.8301,0.8307,1
RD-SHL-SIL-08,215.0,24.776794158685,1407.9630316285775,149.85,518.81,11.9,1.0,0.69,7,0.868,0.9387,0.9661,1.0,1
RD-BHK-BMD-03,96.0,26.109098125009908,2468.9463782841663,36.51,178.41,22.7,0.895,0.38,7,0.397,0.8676,0.8234,0.9026,1
RD-DRG-SELA-05,62.0,31.969072985727294,4186.374387856242,2.85,10.69,27.0,0.086,2.33,9,0.084,0.8443,0.3379,0.8325,1
RD-GHY-ITA-09,320.0,2.3550838294494953,347.5865797398942,8.45,40.23,13.9,0.184,0.94,6,0.178,0.4781,0.7067,0.6794,1
RD-GHY-NAG-10,345.0,20.91530840669393,1460.7112423846793,160.75,781.33,30.9,1.0,0.67,7,0.921,0.9614,1.0,1.0,1
RD-TEZ-BHK-02,54.0,18.4971823011856,210.2004367784941,29.84,78.13,10.2,0.56,0.29,4,0.391,0.7649,0.9243,0.9267,1
RD-GHY-ITA-09,320.0,8.102289294646773,372.41293882355484,66.66,264.95,31.1,0.933,0.98,6,0.447,0.8322,0.8904,0.896,1
RD-GHY-SHL-07,98.0,10.525332800333626,1500.3808929964184,8.21,39.24,26.0,0.181,3.22,3,0.092,0.554,0.3349,0.5167,0
RD-SHL-SIL-08,215.0,25.034224025092044,1332.2851419295987,64.07,272.84,19.0,1.0,0.34,6,0.536,0.9174,0.9512,1.0,1
RD-GHY-NAG-10,345.0,20.885321460666948,1534.642651725096,6.72,16.99,22.4,0.107,0.56,7,0.219,0.757,0.6274,0.7667,1
RD-SELA-TWG-06,78.0,25.554943825914997,3163.4003626892463,50.37,149.85,10.8,0.55,1.8,6,0.322,0.9524,0.6334,0.962,1
RD-TEZ-BHK-02,54.0,9.669930104788387,198.65994499074338,7.51,35.16,25.1,0.417,0.36,3,0.266,0.6404,0.832,0.8221,1
RD-GHY-TEZ-01,178.0,2.322940728751826,58.99677529011493,106.7,527.1,26.5,1.0,0.98,0,0.633,0.7774,0.9441,0.9246,1
RD-TEZ-ITA-11,155.0,6.773841998430592,368.41718820424654,11.77,35.09,5.5,0.167,1.55,2,0.152,0.4209,0.6076,0.5768,0
RD-BHK-BMD-03,96.0,25.020593023551356,2383.2902929151046,13.99,64.63,5.3,0.515,0.4,8,0.288,0.8758,0.7269,0.8979,1
RD-GHY-TEZ-01,178.0,1.0,115.32156944123726,229.63,707.38,32.6,1.0,0.5,1,1.0,1.0,1.0,1.0,1
RD-GHY-GTK-12,540.0,21.72538650305751,1694.1220778628308,39.29,123.64,33.1,0.712,0.32,7,0.427,0.892,0.9026,0.948,1
RD-GHY-NAG-10,345.0,14.286613759090232,1555.821241774632,5.16,16.55,32.5,0.105,0.74,8,0.186,0.7649,0.58,0.7688,1
RD-TEZ-ITA-11,155.0,7.014523825868617,402.64092447604366,32.87,113.01,11.3,0.427,1.77,3,0.241,0.5894,0.6285,0.6117,0
RD-DRG-SELA-05,62.0,35.44861804981479,4156.609051144889,28.19,91.2,22.0,0.354,2.64,9,0.195,0.9353,0.3704,0.9189,1
RD-BHK-BMD-03,96.0,29.16444353166826,2464.1383484191,189.86,580.63,7.6,1.0,0.64,6,1.0,1.0,0.9053,1.0,1
RD-TEZ-BHK-02,54.0,15.601081705445315,264.614118683495,31.39,142.9,15.8,0.776,0.1,4,0.477,0.8262,0.9877,0.997,1
RD-GHY-NAG-10,345.0,18.894527108332408,1517.6208958781024,30.69,152.22,17.2,0.557,0.98,9,0.279,0.9233,0.6494,0.9267,1
RD-TEZ-ITA-11,155.0,3.4158427883372346,317.3072005931462,163.62,428.39,19.3,1.0,1.37,2,0.871,0.9382,0.9864,0.9993,1
RD-GHY-ITA-09,320.0,10.398768784253793,380.3950633002116,152.75,453.45,33.6,1.0,1.22,2,0.829,0.9356,0.9578,0.9765,1
RD-GHY-SHL-07,98.0,11.356424125357162,1469.7940421039564,159.1,563.24,14.2,1.0,3.07,7,0.798,0.9482,0.8857,0.9499,1
RD-BHK-BMD-03,96.0,28.238576575752926,2421.758492526283,36.56,138.46,33.5,0.762,0.4,6,0.392,0.9242,0.8231,0.9576,1
RD-SHL-SIL-08,215.0,24.975380164452577,1417.0592050860357,0.83,3.08,34.0,0.06,0.67,6,0.174,0.8243,0.6643,0.8478,1
RD-TEZ-ITA-11,155.0,2.8628680581915202,270.4628958470597,49.5,128.62,16.2,0.479,1.6,1,0.326,0.5248,0.762,0.7297,1
RD-GHY-NAG-10,345.0,17.556738713593703,1544.5162093783108,36.65,180.48,4.1,0.652,1.08,7,0.297,0.898,0.6731,0.906,1
RD-DRG-SELA-05,62.0,30.07446838424925,4219.73788807536,9.11,35.72,16.8,0.169,2.36,9,0.112,0.8824,0.3036,0.8623,1
RD-GHY-NAG-10,345.0,20.67446653099743,1525.6465820274016,59.46,234.22,33.1,0.831,0.92,8,0.418,0.8742,0.8144,0.9018,1
RD-TEZ-ITA-11,155.0,2.2248564622020703,335.6921549451017,94.95,341.54,14.6,1.0,1.64,2,0.537,0.7795,0.9295,0.9208,1
RD-TEZ-ITA-11,155.0,5.187385577797771,214.9644781963852,2.56,10.32,13.7,0.084,1.3,1,0.123,0.3815,0.6201,0.5845,0
RD-DRG-SELA-05,62.0,31.07896852076427,4142.352028342972,216.93,899.59,12.3,1.0,2.37,7,1.0,0.9762,0.9644,1.0,1
RD-BHK-BMD-03,96.0,25.559088480460794,2414.6713262906123,245.34,990.7,5.9,1.0,0.05,6,1.0,0.9679,0.9628,1.0,1
RD-TEZ-BHK-02,54.0,11.003804932993788,268.5487895672758,23.36,60.55,22.0,0.502,0.05,5,0.473,0.737,0.9885,0.9845,1
RD-GHY-GTK-12,540.0,16.61718860813908,1684.2688569390646,45.46,224.48,31.8,1.0,0.46,9,0.42,0.9706,0.7978,1.0,1
RD-GHY-TEZ-01,178.0,5.987127187884283,38.7186921210799,165.48,771.79,21.8,1.0,0.7,0,0.939,0.8872,0.9488,0.9447,1
RD-TEZ-ITA-11,155.0,4.139678000652664,296.80162523977333,338.59,1144.69,13.6,1.0,1.09,2,1.0,0.974,0.9724,0.992,1
RD-BMD-DRG-04,42.0,19.011925001352374,2072.3708245938724,31.44,128.78,24.2,0.479,1.03,4,0.277,0.765,0.6028,0.7575,1
RD-TEZ-ITA-11,155.0,3.6048941013186546,405.23970788122926,25.56,69.49,14.1,0.282,1.66,2,0.212,0.4285,0.6636,0.6287,0
RD-GHY-ITA-09,320.0,4.344751913041462,252.91650174671992,203.22,840.45,31.2,1.0,1.02,3,1.0,0.9182,0.9684,0.9846,1
RD-DRG-SELA-05,62.0,31.030287637204612,4194.336394302151,8.9,26.26,26.1,0.138,2.85,9,0.101,0.889,0.319,0.8702,1
RD-BHK-BMD-03,96.0,23.48823054927121,2433.6486232136117,23.66,113.92,31.2,0.68,0.49,7,0.313,0.903,0.734,0.925,1
RD-GHY-TEZ-01,178.0,7.598459948082763,161.37992327007066,202.74,586.9,30.5,1.0,1.09,1,1.0,0.9517,1.0,1.0,1
RD-BHK-BMD-03,96.0,27.278168420192152,2411.8057871690885,5.84,17.87,24.9,0.36,0.29,7,0.279,0.8314,0.7325,0.8561,1
RD-SHL-SIL-08,215.0,18.313912904306143,1469.3575461236517,22.63,77.01,31.4,0.307,0.51,6,0.304,0.7597,0.8485,0.8829,1
RD-SHL-SIL-08,215.0,24.15316620757066,1396.8788353483228,141.36,543.07,6.5,1.0,0.78,6,0.816,0.9532,1.0,1.0,1
RD-SHL-SIL-08,215.0,21.56902237105491,1423.3263439483185,4.26,15.55,11.1,0.102,0.62,7,0.198,0.794,0.6957,0.8228,1
RD-BMD-DRG-04,42.0,17.956874345904666,2200.1872008162,14.16,67.77,20.1,0.276,1.35,9,0.174,0.7651,0.4995,0.7456,1
RD-GHY-SHL-07,98.0,17.357887377746984,1517.0973939316216,98.67,258.74,26.4,0.912,3.01,3,0.517,0.8707,0.7755,0.8594,1
RD-GHY-TEZ-01,178.0,4.697112191945272,85.00698705658257,92.83,395.37,30.1,1.0,0.68,1,0.603,0.7705,0.9302,0.9101,1
RD-GHY-GTK-12,540.0,21.411024774623783,1641.6738502756805,0.32,0.99,15.1,0.303,0.43,8,0.217,0.8082,0.7427,0.837,1
RD-GHY-SHL-07,98.0,14.883727486353388,1641.3902370007036,2.87,9.52,16.5,0.082,2.86,2,0.073,0.4883,0.3115,0.4558,0
RD-GHY-GTK-12,540.0,20.02000408402906,1626.152786602005,0.19,0.96,5.1,0.303,0.47,7,0.208,0.729,0.7435,0.7732,1
RD-GHY-GTK-12,540.0,20.507279603774514,1654.4750805869523,17.29,76.26,9.7,0.554,0.16,10,0.385,0.9069,0.9221,0.9692,1
RD-DRG-SELA-05,62.0,35.83999135407343,4188.150696441572,172.79,693.39,29.8,1.0,2.51,7,0.873,0.9364,0.9573,1.0,1
RD-GHY-SHL-07,98.0,21.48352372884358,1616.9761018036027,49.27,212.95,22.8,0.76,2.98,3,0.287,0.8573,0.5183,0.8133,1
RD-GHY-NAG-10,345.0,15.112238518448113,1551.8240470711637,10.26,44.12,9.8,0.197,1.07,9,0.175,0.77,0.5096,0.7654,1
RD-TEZ-ITA-11,155.0,2.8979914672245988,273.3929949254023,12.75,42.33,24.9,0.191,1.3,2,0.171,0.3884,0.6573,0.619,0
RD-SHL-SIL-08,215.0,19.99627094168956,1370.3936627499518,204.76,947.03,19.9,1.0,0.48,7,1.0,0.9886,0.9906,1.0,1
RD-GHY-TEZ-01,178.0,8.35739313644585,155.8023612964444,2.26,10.84,15.2,0.086,1.04,0,0.14,0.3303,0.6942,0.6365,0
RD-GHY-SHL-07,98.0,11.872281535919393,1579.6122608321673,33.13,82.88,16.9,0.326,3.08,2,0.21,0.63,0.4467,0.5957,0
RD-GHY-ITA-09,320.0,10.770107707703964,483.0157653641663,196.47,629.34,14.7,1.0,1.16,2,1.0,0.9865,0.9431,1.0,1
RD-TEZ-ITA-11,155.0,5.865331085607642,243.7940574743202,20.01,93.04,13.9,0.36,1.3,2,0.204,0.474,0.6322,0.6044,0
RD-SHL-SIL-08,215.0,22.582821864402966,1333.302057241942,125.07,490.99,6.5,1.0,0.37,7,0.812,1.0,1.0,1.0,1
RD-GHY-NAG-10,345.0,17.613636972288464,1488.2135265357101,18.67,55.14,21.5,0.234,0.56,8,0.275,0.7914,0.7024,0.8081,1
RD-SELA-TWG-06,78.0,22.674089154819388,3245.1160875750475,2.8,12.24,13.4,0.091,1.96,6,0.094,0.8357,0.4161,0.8245,1
RD-GHY-SHL-07,98.0,12.897880081553604,1530.645847678929,134.85,443.94,30.5,1.0,2.65,4,0.693,0.948,0.8202,0.9405,1
RD-DRG-SELA-05,62.0,31.78588420943443,4222.66381707634,55.1,239.67,11.0,0.849,2.37,8,0.327,0.9309,0.5648,0.9421,1
RD-SHL-SIL-08,215.0,18.38854465957527,1392.6816911751116,14.59,65.76,18.7,0.519,0.5,7,0.268,0.8424,0.7778,0.8794,1
RD-BMD-DRG-04,42.0,17.900511866912733,2107.6610556950804,9.93,38.94,4.1,0.18,0.9,5,0.19,0.7047,0.5039,0.6903,1
RD-GHY-NAG-10,345.0,17.370704263091206,1493.199983790483,6.22,26.09,31.9,0.137,0.87,6,0.175,0.6902,0.6165,0.7025,1
RD-SELA-TWG-06,78.0,18.207254076749113,3181.4436004702106,22.02,83.7,33.6,0.329,1.95,7,0.185,0.7882,0.4297,0.7828,1
RD-GHY-GTK-12,540.0,22.479792269496002,1639.1785638842148,43.49,132.76,26.5,0.493,0.54,11,0.395,0.9241,0.7926,0.9553,1
RD-BHK-BMD-03,96.0,26.629380286341057,2372.356395474568,0.68,2.92,11.1,0.31,0.25,6,0.269,0.8231,0.7901,0.8552,1
RD-GHY-GTK-12,540.0,17.77608353282993,1606.2298025508687,2.98,11.49,4.6,0.088,0.65,13,0.187,0.8797,0.6413,0.8924,1
RD-GHY-SHL-07,98.0,8.355563595088464,1509.0413729860356,40.67,138.39,28.8,0.511,2.91,3,0.249,0.6384,0.5239,0.6108,0
RD-TEZ-ITA-11,155.0,5.677721240361324,279.0701250338363,95.06,289.72,6.1,1.0,1.46,2,0.546,0.81,0.9321,0.9276,1
RD-SELA-TWG-06,78.0,18.967226957933054,3207.142599129219,6.58,28.15,16.1,0.144,1.9,7,0.114,0.779,0.381,0.7687,1
RD-BHK-BMD-03,96.0,21.8130223924234,2403.9005981836794,10.67,37.8,17.6,0.426,0.25,6,0.317,0.8235,0.8657,0.9007,1
RD-DRG-SELA-05,62.0,29.024184560387003,4156.766262327434,122.06,462.19,14.2,1.0,2.36,10,0.64,0.9415,0.8408,0.991,1
RD-TEZ-BHK-02,54.0,10.917521431096302,184.21047149916595,21.0,100.99,15.8,0.387,0.7,5,0.264,0.7009,0.8329,0.8305,1
RD-BHK-BMD-03,96.0,27.68195092952239,2458.340515242339,154.69,627.77,25.5,1.0,0.37,6,0.953,0.9714,0.9954,1.0,1
RD-BHK-BMD-03,96.0,25.180710867717014,2415.813617075688,47.39,136.02,15.4,0.503,0.74,6,0.383,0.882,0.7674,0.9093,1
RD-TEZ-BHK-02,54.0,13.55215027972443,147.44481630381495,61.2,303.42,21.3,1.0,0.05,3,0.649,0.8473,1.0,1.0,1
RD-SHL-SIL-08,215.0,22.25225560583655,1412.1290104377433,0.22,0.71,14.4,0.302,0.29,7,0.255,0.8225,0.8359,0.8787,1
RD-BMD-DRG-04,42.0,17.46297019738644,2164.7903936107527,31.59,134.2,15.0,0.497,1.33,4,0.257,0.8262,0.5761,0.8117,1
RD-GHY-TEZ-01,178.0,3.6301813758836254,123.85191982492415,15.46,44.93,12.6,0.2,0.76,1,0.231,0.354,0.8557,0.7848,1
RD-DRG-SELA-05,62.0,31.194210856201146,4211.966117785698,20.95,86.01,8.9,0.337,2.33,7,0.168,0.8919,0.466,0.8925,1
RD-BHK-BMD-03,96.0,23.52216189855788,2533.3345807638943,165.71,459.12,22.3,1.0,0.44,9,0.985,1.0,0.9933,1.0,1
RD-GHY-ITA-09,320.0,7.284176073417997,393.5709826809908,226.28,1095.03,10.4,1.0,1.09,3,1.0,0.9624,0.9689,0.9915,1
RD-TEZ-BHK-02,54.0,13.273146062341311,213.69940858798802,38.3,170.15,17.4,0.867,0.2,5,0.465,0.855,0.9452,0.9596,1
RD-TEZ-BHK-02,54.0,15.959015769437318,233.37979436116152,80.79,337.24,8.9,1.0,0.11,5,0.705,0.9086,0.9566,0.9785,1
RD-TEZ-BHK-02,54.0,12.97402303573487,369.4401559190825,168.0,789.41,13.3,1.0,0.24,4,1.0,0.8804,0.9761,0.9936,1
RD-SHL-SIL-08,215.0,20.256309196511364,1428.0027767216245,16.98,50.94,31.8,0.22,0.56,8,0.268,0.8007,0.7962,0.8413,1
RD-SELA-TWG-06,78.0,22.921942921666766,3150.435990319609,4.97,20.3,22.7,0.118,1.83,9,0.109,0.7999,0.3715,0.7865,1
RD-GHY-TEZ-01,178.0,2.7604474144602724,93.44164480168183,10.37,36.01,25.1,0.17,0.98,2,0.183,0.3816,0.785,0.7242,1
RD-GHY-ITA-09,320.0,3.1854884229357197,368.95237248201033,27.03,118.1,20.4,0.444,0.97,4,0.262,0.5707,0.7372,0.7177,1
RD-BHK-BMD-03,96.0,22.829476111254543,2470.59948702857,18.83,73.94,23.4,0.546,0.36,7,0.321,0.8453,0.8254,0.8812,1
RD-GHY-ITA-09,320.0,9.375686190940616,403.93848785632105,38.79,179.0,30.1,0.647,0.9,2,0.324,0.6956,0.8089,0.7999,1
RD-TEZ-BHK-02,54.0,12.712382682726957,261.8878435213464,56.88,212.73,27.6,1.0,0.49,3,0.467,0.8256,0.9024,0.9138,1
RD-SHL-SIL-08,215.0,21.72758185707895,1378.85002744123,0.25,0.68,26.8,0.302,0.33,8,0.242,0.8548,0.8655,0.9117,1
RD-TEZ-BHK-02,54.0,5.257061456652204,302.93168463014985,155.97,518.35,10.5,1.0,0.05,3,1.0,0.9287,1.0,1.0,1
RD-GHY-NAG-10,345.0,14.960927519755398,1476.4191029215735,18.66,77.37,27.2,0.308,0.93,9,0.227,0.8516,0.596,0.852,1
RD-TEZ-BHK-02,54.0,12.491048959059357,257.3512038637341,66.24,168.55,21.8,0.862,0.05,3,0.673,0.8989,1.0,1.0,1
RD-GHY-TEZ-01,178.0,2.5312567466543903,154.836025788509,122.38,581.16,21.0,1.0,0.45,1,0.781,0.8662,0.9591,0.9519,1
RD-BHK-BMD-03,96.0,22.01513214073235,2493.752441247304,16.01,74.88,9.1,0.55,0.35,6,0.311,0.9162,0.7571,0.9409,1
RD-BMD-DRG-04,42.0,17.709879902657303,2081.4806221268045,165.13,641.92,6.9,1.0,1.37,6,0.877,0.9478,0.8957,0.971,1
RD-BHK-BMD-03,96.0,24.169224895492032,2452.193362324671,10.02,32.94,13.7,0.16,0.52,7,0.243,0.79,0.699,0.8124,1
RD-GHY-GTK-12,540.0,24.717793375768274,1611.1918168701154,22.32,66.08,24.6,0.52,0.21,8,0.386,0.8609,0.9197,0.9605,1
RD-GHY-ITA-09,320.0,7.072352159437452,506.4866905322123,27.55,113.84,16.8,0.429,1.1,3,0.253,0.5739,0.6507,0.6371,0
RD-TEZ-BHK-02,54.0,7.665070407370305,146.15687709458393,177.67,701.59,10.7,1.0,0.35,4,1.0,0.9367,1.0,1.0,1
RD-SELA-TWG-06,78.0,29.1247141280518,3156.2795986277815,83.53,212.15,6.0,0.757,2.07,7,0.468,0.9697,0.6883,0.9864,1
RD-BHK-BMD-03,96.0,20.343913118150237,2469.4261092474567,112.33,539.47,4.8,1.0,0.15,6,0.831,0.9457,1.0,1.0,1
RD-BMD-DRG-04,42.0,18.0054018681714,2064.3279079335916,2.35,5.97,22.0,0.07,1.5,5,0.111,0.6535,0.3731,0.6301,0
RD-GHY-SHL-07,98.0,9.57127447410446,1632.2197057000242,8.48,28.08,24.1,0.144,3.05,5,0.096,0.4988,0.3731,0.4699,0
RD-GHY-TEZ-01,178.0,6.715668326136429,96.30556252388199,181.32,607.41,25.4,1.0,1.13,0,0.969,0.8845,0.9671,0.9623,1
RD-SHL-SIL-08,215.0,25.8002903043345,1318.9424490183155,25.59,80.69,20.4,0.319,0.67,7,0.29,0.8568,0.79,0.8948,1
RD-GHY-ITA-09,320.0,8.77612655602822,281.80254070718394,219.1,828.26,13.6,1.0,0.85,3,1.0,0.9375,0.9351,0.9563,1
RD-DRG-SELA-05,62.0,36.24477657598208,4169.556287842776,18.4,46.2,12.1,0.204,2.11,9,0.163,0.9509,0.4074,0.9384,1
RD-GHY-SHL-07,98.0,14.277803621238803,1584.783843417858,26.41,77.68,11.9,0.309,3.24,4,0.177,0.6043,0.4448,0.572,0
RD-TEZ-ITA-11,155.0,3.192419627033919,329.18429202389115,97.29,318.38,28.9,1.0,1.86,3,0.539,0.862,0.9039,0.9072,1
RD-GHY-ITA-09,320.0,6.941896866752913,395.70086602829554,40.56,171.04,31.7,0.62,1.17,4,0.309,0.7053,0.7504,0.7452,1
RD-BMD-DRG-04,42.0,17.019550163056802,2169.929039795909,115.72,418.5,30.4,1.0,1.12,4,0.664,0.9539,0.9052,0.9784,1
RD-GHY-SHL-07,98.0,12.456743001052565,1573.2571408649578,77.56,303.05,32.7,1.0,3.33,4,0.414,0.8444,0.646,0.8175,1
RD-GHY-SHL-07,98.0,14.762950674147577,1589.650933811576,78.81,383.19,14.7,1.0,3.25,3,0.421,0.8607,0.656,0.8343,1
RD-GHY-ITA-09,320.0,9.08548510929604,367.74783895489475,46.74,189.57,17.7,0.682,0.78,3,0.374,0.7403,0.7867,0.7841,1
RD-SELA-TWG-06,78.0,16.320230826458143,3233.733796494007,28.12,76.38,16.2,0.305,2.0,7,0.211,0.8423,0.4808,0.8387,1
RD-SHL-SIL-08,215.0,27.356571206442375,1386.2669934521748,189.26,744.91,7.9,1.0,0.74,8,1.0,0.96,0.9798,1.0,1
RD-GHY-TEZ-01,178.0,5.31170198376815,64.50100124794386,17.8,58.79,10.1,0.246,0.64,1,0.259,0.419,0.8279,0.7677,1
RD-GHY-ITA-09,320.0,5.894336684968535,431.1008811532206,7.2,33.73,29.0,0.162,0.98,3,0.169,0.458,0.6361,0.6124,0
RD-TEZ-BHK-02,54.0,18.41524357771964,226.69522284836205,42.94,163.98,24.7,0.847,0.25,5,0.465,0.8741,0.9055,0.9234,1
RD-GHY-SHL-07,98.0,15.140695876686406,1420.3595773065113,46.28,211.68,31.2,0.756,3.1,7,0.271,0.801,0.5303,0.7626,1
RD-BHK-BMD-03,96.0,23.292927900302903,2464.9994801318057,48.37,196.91,4.5,0.956,0.2,6,0.513,0.9353,0.9627,1.0,1
RD-GHY-SHL-07,98.0,10.128049279604882,1535.1573170465936,32.21,158.59,7.6,0.579,3.2,3,0.204,0.658,0.417,0.6185,0
RD-TEZ-ITA-11,155.0,7.639460807015748,383.3302688639053,54.19,254.07,32.9,0.897,1.71,2,0.343,0.735,0.7394,0.732,1
RD-BHK-BMD-03,96.0,31.944413957567445,2499.182248855231,31.7,150.47,23.6,0.802,0.34,6,0.387,0.9277,0.8975,0.9714,1
RD-GHY-TEZ-01,178.0,5.09227403953232,15.996294414131782,47.98,139.73,11.2,0.516,0.98,1,0.359,0.5322,0.9034,0.852,1
RD-GHY-GTK-12,540.0,22.661649046200523,1616.8926924040275,9.7,44.41,4.4,0.448,0.05,7,0.409,0.8962,1.0,1.0,1
RD-GHY-ITA-09,320.0,5.612224567970777,313.94742014641616,18.26,59.09,17.0,0.247,1.33,3,0.195,0.4766,0.6543,0.6309,0
RD-GHY-SHL-07,98.0,15.183858214034043,1536.3890208617686,38.26,139.65,21.1,0.515,2.74,4,0.24,0.7506,0.4683,0.7087,1
RD-TEZ-ITA-11,155.0,5.98727652307946,452.178169205478,24.99,111.97,26.6,0.423,1.52,3,0.215,0.57,0.5993,0.5827,0
RD-DRG-SELA-05,62.0,32.35438728194082,4228.195838413559,59.98,268.82,19.1,0.946,2.64,9,0.344,0.9763,0.6189,0.9925,1
RD-SELA-TWG-06,78.0,23.587175781298807,3252.7142709344953,19.44,48.81,12.9,0.213,1.73,6,0.181,0.7403,0.3703,0.7324,1
RD-GHY-TEZ-01,178.0,3.7200290388768535,43.49530785631133,84.06,328.68,29.0,1.0,0.93,1,0.532,0.7003,0.9391,0.9088,1
RD-GHY-ITA-09,320.0,8.961535965033953,366.0739167653794,26.99,87.73,25.7,0.342,1.33,3,0.235,0.558,0.7381,0.7171,1
RD-BHK-BMD-03,96.0,26.383516818296666,2518.8633835763403,37.48,136.22,25.9,0.504,0.69,6,0.343,0.8698,0.6812,0.8862,1
RD-SHL-SIL-08,215.0,17.842243949526114,1377.7088580243283,57.79,256.48,11.6,1.0,0.13,8,0.589,0.919,0.9606,1.0,1
RD-GHY-ITA-09,320.0,4.925777359368608,364.90892534822024,21.95,93.18,14.6,0.361,1.0,3,0.236,0.5621,0.6741,0.6578,1
RD-GHY-NAG-10,345.0,19.907439091219477,1470.894350275935,8.18,28.09,27.3,0.144,0.68,8,0.208,0.8137,0.625,0.8199,1
RD-GHY-GTK-12,540.0,17.522480156283045,1660.7570231430775,41.43,151.74,6.1,0.806,0.39,9,0.417,0.9106,0.934,0.9814,1
RD-TEZ-ITA-11,155.0,7.65841941158066,331.5351583012841,74.53,319.97,20.9,1.0,1.4,2,0.453,0.7966,0.791,0.7936,1
RD-BMD-DRG-04,42.0,18.905219696562078,2104.0772664821407,28.58,138.06,18.6,0.51,1.11,5,0.258,0.8492,0.5663,0.8319,1
RD-TEZ-BHK-02,54.0,11.86922876133862,244.79930284090298,187.3,931.5,8.5,1.0,0.31,3,1.0,0.9302,0.9873,1.0,1
RD-SELA-TWG-06,78.0,22.470462584130825,3134.4392503616446,30.0,76.2,18.5,0.304,2.14,6,0.216,0.891,0.5156,0.8882,1
RD-GHY-GTK-12,540.0,18.25636901366901,1674.1154320365451,24.69,104.49,10.2,0.648,0.17,12,0.415,0.9132,0.9027,0.9599,1
RD-BHK-BMD-03,96.0,31.5989960662232,2348.9198748270865,26.62,87.11,5.4,0.59,0.48,9,0.329,0.991,0.764,1.0,1
RD-GHY-ITA-09,320.0,9.884457557990533,438.3806096864639,42.18,173.04,8.8,0.627,1.26,3,0.311,0.7025,0.7275,0.7231,1
RD-TEZ-BHK-02,54.0,11.69219086970207,237.3592876091515,6.41,20.45,11.6,0.368,0.08,4,0.376,0.6674,0.9754,0.9618,1
RD-DRG-SELA-05,62.0,31.385874224456337,4140.741215228443,1.34,5.42,30.0,0.068,2.24,7,0.079,0.8556,0.3299,0.8416,1
RD-TEZ-ITA-11,155.0,10.263066128223624,425.0690686800521,165.05,720.75,14.4,1.0,1.47,2,0.872,0.9063,0.9377,0.9465,1
RD-GHY-TEZ-01,178.0,9.677636572325213,188.14315110518973,13.02,63.03,29.0,0.26,0.83,1,0.211,0.4078,0.8234,0.7622,1
RD-GHY-ITA-09,320.0,14.561508457561082,330.322524212631,8.11,33.37,20.6,0.161,1.15,5,0.159,0.5779,0.6276,0.6159,0
RD-BMD-DRG-04,42.0,15.771443804598633,2095.668389190352,104.5,288.8,33.8,1.0,1.23,6,0.604,0.8824,0.8546,0.9012,1
RD-DRG-SELA-05,62.0,30.737067878270977,4222.314098383979,43.42,151.7,9.5,0.556,2.24,9,0.276,0.937,0.5319,0.9432,1
RD-GHY-ITA-09,320.0,8.792353252244027,360.5937320227215,144.96,629.43,12.0,1.0,1.24,6,0.791,0.9155,0.9817,0.9973,1
RD-GHY-TEZ-01,178.0,7.166712847020129,210.91028451861825,29.89,101.16,31.6,0.387,0.85,2,0.288,0.4944,0.8866,0.8314,1
RD-DRG-SELA-05,62.0,33.0112843758239,4168.669951131383,41.99,160.77,8.0,0.586,2.34,9,0.266,0.9805,0.4723,0.9749,1
RD-SELA-TWG-06,78.0,29.93470668615287,3219.4910952374253,160.28,477.27,17.7,1.0,1.84,6,0.834,1.0,0.8857,1.0,1
RD-TEZ-ITA-11,155.0,4.5429618773646485,339.9115995081924,52.88,253.97,4.0,0.897,1.34,3,0.355,0.7523,0.7744,0.7677,1
RD-SHL-SIL-08,215.0,21.030647182161488,1445.7476379454126,0.19,0.58,19.5,0.052,0.63,6,0.177,0.7837,0.6702,0.81,1
RD-GHY-GTK-12,540.0,21.713262655494194,1644.4369551469124,104.81,364.79,12.1,1.0,0.37,8,0.72,0.9915,0.9033,1.0,1
RD-SELA-TWG-06,78.0,23.088430077071358,3261.54662903627,81.0,227.5,25.7,0.808,1.89,9,0.462,0.9496,0.6979,0.9686,1
RD-GHY-GTK-12,540.0,24.669568461658788,1647.33875124792,22.4,67.2,6.5,0.274,0.58,8,0.29,0.8484,0.7522,0.8769,1
RD-GHY-NAG-10,345.0,17.356433860863042,1578.5884060374985,103.06,473.06,13.4,1.0,0.83,7,0.631,0.9357,0.8304,0.9639,1
RD-TEZ-ITA-11,155.0,3.7223364983047604,306.00814606454014,4.62,11.75,31.6,0.089,1.34,1,0.13,0.377,0.6145,0.5791,0
RD-GHY-NAG-10,345.0,20.475765509224814,1527.3469050316364,112.5,315.39,22.2,1.0,1.09,6,0.651,0.9789,0.8471,1.0,1
RD-DRG-SELA-05,62.0,29.08174240668515,4198.655406971769,34.33,92.02,22.4,0.357,2.34,9,0.231,0.8949,0.45,0.8931,1
RD-GHY-GTK-12,540.0,25.227924007125388,1712.3537375804312,3.9,16.15,24.0,0.104,0.5,7,0.218,0.8301,0.737,0.8573,1
RD-BHK-BMD-03,96.0,28.755087498936852,2409.670228057196,6.89,26.22,24.9,0.387,0.45,6,0.243,0.8684,0.6787,0.8845,1
RD-GHY-ITA-09,320.0,12.40460038324682,403.09060157258193,10.85,31.67,31.3,0.156,1.06,2,0.179,0.516,0.6413,0.6227,0
RD-TEZ-BHK-02,54.0,15.922068919484799,234.71115232032136,0.62,3.09,6.2,0.31,0.18,5,0.299,0.6996,0.9056,0.8998,1
RD-GHY-NAG-10,345.0,14.78084955637853,1487.4858131827184,109.5,342.58,14.6,1.0,0.43,6,0.727,0.9709,0.9661,1.0,1
RD-SELA-TWG-06,78.0,25.555372266974473,3277.4447304136042,9.98,28.04,25.7,0.143,1.6,7,0.142,0.8383,0.3831,0.8227,1
RD-BHK-BMD-03,96.0,24.24963339863678,2414.649086109674,38.57,170.4,21.5,0.868,0.21,7,0.461,0.9589,0.9492,1.0,1
RD-GHY-SHL-07,98.0,15.712928032699475,1595.0020407507407,142.46,392.09,16.5,1.0,2.9,3,0.724,0.9934,0.9513,1.0,1
RD-GHY-TEZ-01,178.0,6.9542363133433085,77.57864573260571,91.96,245.29,15.2,0.868,0.85,1,0.578,0.7646,0.9103,0.8901,1
RD-BHK-BMD-03,96.0,24.446434538710797,2468.081063831212,13.45,40.76,15.8,0.436,0.05,8,0.426,0.8684,0.9958,1.0,1
RD-SHL-SIL-08,215.0,18.02336122769487,1555.1600638057048,200.62,952.45,18.0,1.0,0.6,7,1.0,0.9951,1.0,1.0,1
RD-TEZ-ITA-11,155.0,10.03056843400648,230.42317887401373,1.26,5.85,32.2,0.069,2.1,3,0.083,0.4256,0.6148,0.5839,0
RD-GHY-NAG-10,345.0,15.636737129583704,1519.232358138278,117.38,317.02,15.6,1.0,1.02,7,0.679,0.9753,0.9258,1.0,1
RD-GHY-SHL-07,98.0,7.496992541920569,1599.5086832392224,59.07,235.86,5.6,0.836,3.34,3,0.328,0.7659,0.5579,0.7331,1
RD-GHY-NAG-10,345.0,18.546949034183836,1509.967749221244,0.19,0.66,26.7,0.052,1.16,7,0.121,0.7176,0.476,0.7132,1
RD-GHY-SHL-07,98.0,14.257329558435417,1481.1111603801337,21.19,62.48,22.9,0.258,2.89,2,0.158,0.5566,0.4356,0.5275,0
RD-GHY-GTK-12,540.0,17.777788702329993,1690.1792402627402,37.09,98.86,13.4,0.63,0.33,8,0.415,0.926,0.9204,0.975,1
RD-SHL-SIL-08,215.0,20.555151875936094,1417.0060220263879,89.89,336.47,9.8,1.0,0.87,8,0.566,0.9305,0.92,0.9843,1
RD-GHY-SHL-07,98.0,12.442141223502198,1520.8040038816066,84.28,328.55,21.9,1.0,3.01,3,0.45,0.8626,0.6468,0.8349,1
RD-BHK-BMD-03,96.0,27.377330773585076,2433.9246602711323,22.71,79.5,13.4,0.315,0.83,8,0.256,0.8395,0.5739,0.8438,1
RD-SHL-SIL-08,215.0,24.40627211541436,1373.5818860492104,28.24,87.85,21.7,0.593,0.48,7,0.335,0.8967,0.8546,0.9422,1
RD-BHK-BMD-03,96.0,24.318647168710342,2433.5940425608615,199.17,728.46,4.8,1.0,0.05,7,1.0,0.9637,1.0,1.0,1
RD-GHY-ITA-09,320.0,11.099818784842018,382.8460516176323,34.21,88.91,20.8,0.346,1.06,5,0.288,0.6993,0.7131,0.709,1
RD-TEZ-BHK-02,54.0,16.523568763549225,186.6287316273408,0.37,1.21,19.5,0.304,0.32,4,0.247,0.6468,0.8598,0.8493,1
RD-SHL-SIL-08,215.0,24.067592378418844,1291.2966805153465,49.1,171.04,7.9,0.87,0.49,7,0.431,0.9324,0.8585,0.9776,1
RD-GHY-GTK-12,540.0,22.391985393621155,1581.9502137674278,184.62,731.85,31.1,1.0,0.56,9,1.0,1.0,0.981,1.0,1
RD-GHY-ITA-09,320.0,9.4370717719057,357.619474607737,1.32,4.77,11.4,0.066,1.09,3,0.132,0.4405,0.5694,0.5496,0
RD-TEZ-BHK-02,54.0,15.680343062697881,298.14878421802985,9.75,38.32,10.8,0.428,0.12,3,0.367,0.6738,0.9994,0.9855,1
RD-GHY-SHL-07,98.0,14.857639953270706,1595.5966884555728,144.25,678.74,9.9,1.0,2.61,2,0.738,0.9304,0.8944,0.9337,1
RD-SELA-TWG-06,78.0,25.179012983942823,3201.6870201969273,1.86,5.47,20.0,0.068,2.13,6,0.085,0.8022,0.3397,0.7847,1
RD-GHY-TEZ-01,178.0,1.5520891366294056,45.50656535423494,70.06,278.01,17.3,0.977,1.3,0,0.438,0.6807,0.9658,0.9316,1
RD-TEZ-BHK-02,54.0,18.600898107567158,183.11605673849425,17.84,69.56,11.2,0.532,0.35,6,0.319,0.7578,0.9168,0.9185,1
RD-SELA-TWG-06,78.0,21.78593288442651,3130.437113226331,18.99,75.69,7.2,0.302,2.09,8,0.166,0.8756,0.4603,0.8667,1
RD-SHL-SIL-08,215.0,17.213156412905953,1446.9505756221336,153.61,508.12,28.0,1.0,0.76,8,0.875,0.9574,0.9568,1.0,1
RD-BHK-BMD-03,96.0,29.67597527331545,2480.1130316356753,107.61,355.51,23.5,1.0,0.33,8,0.744,0.982,0.9477,1.0,1
RD-GHY-NAG-10,345.0,17.886473736997996,1578.620904413242,14.5,52.5,24.4,0.225,0.54,7,0.26,0.8095,0.6878,0.8236,1
RD-DRG-SELA-05,62.0,35.385395794825854,4237.185809697376,41.12,129.32,29.0,0.481,2.61,8,0.256,0.886,0.4629,0.8866,1
RD-BMD-DRG-04,42.0,16.343637102382974,2098.807008529991,99.62,438.12,6.6,1.0,1.27,4,0.578,0.8921,0.8653,0.9121,1
RD-GHY-GTK-12,540.0,21.107254839850427,1670.0812355846672,4.15,20.17,14.5,0.367,0.47,12,0.225,0.893,0.7167,0.9151,1
RD-TEZ-BHK-02,54.0,12.708217146758084,247.49740587923756,5.61,26.23,6.0,0.387,0.19,4,0.315,0.6278,0.9891,0.9689,1
RD-TEZ-BHK-02,54.0,13.612402720507752,106.33405210867974,106.26,292.94,8.7,1.0,0.26,4,0.76,0.9545,0.9938,1.0,1
RD-GHY-SHL-07,98.0,14.978836873879592,1529.6171163396596,6.14,18.66,24.1,0.112,2.79,3,0.089,0.4732,0.4014,0.4487,0
RD-DRG-SELA-05,62.0,35.31216973645119,4144.447055375061,2.56,10.96,21.5,0.087,2.41,10,0.081,0.8408,0.2763,0.8216,1
RD-SELA-TWG-06,78.0,19.406342275673403,3275.1781201245417,32.18,109.35,10.8,0.414,1.82,7,0.236,0.8044,0.4912,0.805,1
RD-SHL-SIL-08,215.0,21.503408258984784,1341.1226968933347,103.91,341.03,4.4,1.0,0.64,7,0.66,1.0,0.9771,1.0,1
RD-GHY-NAG-10,345.0,17.32198149218128,1485.1088828258373,194.88,693.66,11.2,1.0,0.59,7,1.0,1.0,0.9925,1.0,1
RD-BHK-BMD-03,96.0,29.43778788404336,2500.478699498438,34.11,132.72,30.6,0.492,0.55,7,0.349,0.8861,0.7282,0.908,1
RD-SHL-SIL-08,215.0,21.799161977100404,1390.6494128740671,85.05,275.37,23.4,1.0,0.29,6,0.651,0.9862,0.9556,1.0,1
RD-TEZ-ITA-11,155.0,5.218917481753115,268.9186205539717,8.67,28.9,7.8,0.146,1.67,4,0.133,0.4527,0.6004,0.5731,0
RD-GHY-GTK-12,540.0,20.189530751263877,1664.950651892911,60.43,180.11,7.2,0.9,0.41,9,0.502,0.9374,0.9217,0.9864,1
RD-GHY-NAG-10,345.0,16.89635755025214,1496.9593609914798,5.72,27.54,16.5,0.142,0.88,7,0.171,0.7468,0.5605,0.7495,1
RD-GHY-SHL-07,98.0,16.178430510413083,1536.6412153215217,22.1,103.79,5.5,0.396,3.32,5,0.156,0.6979,0.3705,0.65,1
RD-GHY-SHL-07,98.0,15.883566574723353,1457.1733171060987,97.9,439.6,11.6,1.0,3.24,4,0.51,0.8616,0.6688,0.8368,1
RD-GHY-TEZ-01,178.0,3.011681816022144,85.50119100082821,10.95,42.9,29.0,0.193,1.07,1,0.179,0.3605,0.7759,0.7135,1
RD-SHL-SIL-08,215.0,24.8035196290813,1442.7637631826528,9.41,46.18,11.2,0.204,0.64,7,0.219,0.7958,0.7383,0.8295,1
RD-TEZ-ITA-11,155.0,3.7608059707075663,187.33104499087744,221.29,823.57,33.8,1.0,1.3,6,1.0,0.9832,1.0,1.0,1
RD-BHK-BMD-03,96.0,26.561425510985497,2445.1858945244016,20.28,76.06,9.1,0.554,0.39,7,0.32,0.8687,0.8102,0.9019,1
RD-GHY-NAG-10,345.0,16.51129797199257,1558.9318973020797,44.65,133.5,10.9,0.495,0.83,7,0.358,0.8659,0.7466,0.885,1
RD-GHY-GTK-12,540.0,20.354517380414922,1590.4547505868593,6.59,18.3,30.4,0.361,0.26,8,0.294,0.9001,0.8243,0.9364,1
RD-TEZ-ITA-11,155.0,1.6218140100863874,302.4951666660475,209.4,924.02,8.0,1.0,0.97,4,1.0,0.9444,1.0,1.0,1
RD-GHY-ITA-09,320.0,9.327248096801176,336.00297905924344,113.44,295.7,11.3,1.0,1.05,5,0.659,0.906,0.9405,0.9552,1
RD-GHY-NAG-10,345.0,22.036962408855366,1477.9904908043902,18.4,71.52,19.4,0.288,1.36,6,0.194,0.8258,0.5267,0.8192,1
RD-GHY-TEZ-01,178.0,7.044403749952115,85.59696560631437,23.03,77.85,30.8,0.31,0.85,1,0.255,0.4761,0.8539,0.7988,1
RD-GHY-ITA-09,320.0,9.10178073723326,308.3924851169884,81.06,218.32,4.7,0.778,1.14,2,0.5,0.8355,0.9145,0.9199,1
RD-SHL-SIL-08,215.0,22.60471778113656,1319.6549493109621,13.63,44.76,11.5,0.199,0.51,8,0.262,0.8251,0.799,0.8652,1
RD-GHY-TEZ-01,178.0,3.842004627751401,214.9159547540504,180.8,736.81,5.9,1.0,0.4,0,1.0,0.8974,0.9402,0.9377,1
RD-GHY-ITA-09,320.0,4.161302290287399,479.92723644881676,152.67,496.16,12.1,1.0,1.09,5,0.838,0.8734,1.0,1.0,1
RD-GHY-TEZ-01,178.0,3.5040234790462583,90.25429658698403,15.68,76.74,17.7,0.306,0.81,1,0.226,0.3867,0.7934,0.7324,1
RD-BMD-DRG-04,42.0,16.91953195947029,2111.791520613629,118.08,476.45,6.4,1.0,1.03,5,0.682,0.9503,0.8923,0.9729,1
RD-GHY-GTK-12,540.0,19.701208579753526,1712.740353387223,5.28,21.62,23.9,0.122,0.53,10,0.218,0.8199,0.7556,0.8498,1
RD-GHY-NAG-10,345.0,21.674351953527704,1424.5124077532198,25.55,101.26,28.0,0.388,1.33,7,0.228,0.8891,0.5697,0.8837,1
RD-GHY-ITA-09,320.0,5.653368146096289,406.6897760110835,36.08,177.93,5.2,0.643,1.01,3,0.301,0.658,0.7056,0.6974,1
RD-GHY-SHL-07,98.0,16.73097132972715,1550.2417874657629,6.46,17.91,8.5,0.11,3.0,5,0.087,0.6231,0.3725,0.5824,0
RD-SHL-SIL-08,215.0,21.256983757276736,1376.16523231827,29.94,127.75,25.0,0.476,0.54,7,0.332,0.9099,0.8132,0.9494,1
RD-GHY-TEZ-01,178.0,1.0,132.4280348661448,11.32,52.94,25.8,0.226,0.79,4,0.208,0.3336,0.789,0.7221,1
RD-BHK-BMD-03,96.0,22.17292873915028,2425.635817609827,2.18,9.79,7.7,0.333,0.05,11,0.374,0.8468,0.9191,0.9559,1
RD-GHY-ITA-09,320.0,8.967764326992853,370.6837035169903,79.89,235.62,22.3,0.835,1.36,2,0.48,0.8615,0.8788,0.8885,1
RD-DRG-SELA-05,62.0,30.31281083051109,4166.567858473396,155.72,731.31,33.6,1.0,2.86,12,0.786,0.9651,0.9294,1.0,1
RD-TEZ-BHK-02,54.0,12.054671762282503,257.13314150421525,40.95,150.27,7.1,0.801,0.05,4,0.555,0.82,0.9642,0.9732,1
RD-DRG-SELA-05,62.0,33.96993042384148,4178.870911968109,92.56,272.68,18.8,0.959,2.88,7,0.491,0.9876,0.7582,1.0,1
RD-DRG-SELA-05,62.0,35.37955069349621,4255.326223610575,8.53,35.58,10.3,0.169,2.69,12,0.102,0.9063,0.3328,0.8876,1
RD-BHK-BMD-03,96.0,33.075406618644834,2458.653248065113,8.91,30.79,30.0,0.153,0.65,7,0.216,0.8145,0.6148,0.8255,1
RD-GHY-SHL-07,98.0,14.585305751861009,1539.529846575296,32.94,128.03,24.5,0.477,2.98,2,0.211,0.6478,0.4839,0.6157,0
RD-GHY-TEZ-01,178.0,2.0124628434700256,151.35925376717597,63.29,191.73,10.0,0.689,0.83,2,0.446,0.6189,0.9607,0.9178,1
RD-SELA-TWG-06,78.0,20.422378108002906,3165.5378543441975,208.66,995.75,29.8,1.0,2.21,8,1.0,0.947,0.9712,1.0,1
RD-GHY-GTK-12,540.0,18.75934948340631,1685.2900330686018,179.07,808.27,15.3,1.0,0.17,8,1.0,1.0,1.0,1.0,1
RD-GHY-SHL-07,98.0,14.845015600425224,1524.7475369844929,115.39,430.46,29.6,1.0,3.03,3,0.595,0.9251,0.7889,0.9138,1
RD-BHK-BMD-03,96.0,25.089907413177585,2508.5257963775834,35.26,106.0,20.5,0.403,0.56,6,0.352,0.8544,0.7492,0.8803,1
RD-SELA-TWG-06,78.0,25.685689410330518,3196.0279332047057,34.16,158.63,10.7,0.579,1.73,8,0.249,0.9298,0.5673,0.9314,1
RD-TEZ-BHK-02,54.0,13.260518915173744,327.98137689221016,129.26,532.55,23.2,1.0,0.18,6,0.896,0.9773,0.9827,1.0,1
RD-BMD-DRG-04,42.0,13.557544853444522,2118.2369407352294,0.71,2.31,21.1,0.058,1.46,4,0.105,0.5882,0.341,0.5681,0
RD-GHY-NAG-10,345.0,22.96529724332873,1489.0504341420692,207.19,1019.17,30.8,1.0,1.18,10,1.0,0.9917,1.0,1.0,1
RD-GHY-ITA-09,320.0,9.638330470619184,374.7537589415434,79.74,390.05,25.9,1.0,1.11,4,0.496,0.8566,0.9159,0.9242,1
RD-GHY-SHL-07,98.0,20.44871707027461,1540.6643765461722,61.89,171.97,18.4,0.623,2.94,3,0.347,0.8327,0.6399,0.8057,1
RD-DRG-SELA-05,62.0,30.49009453340188,4113.681107815253,169.24,645.35,32.1,1.0,2.22,10,0.863,0.9344,0.9441,1.0,1
RD-SHL-SIL-08,215.0,19.93869315507799,1361.9226108987068,10.53,40.42,33.6,0.185,0.65,7,0.223,0.7869,0.7158,0.8183,1
RD-TEZ-BHK-02,54.0,15.255747461885866,221.06957582258832,17.43,46.78,7.6,0.456,0.05,4,0.445,0.7002,0.9759,0.967,1
RD-GHY-SHL-07,98.0,14.636225403945993,1561.597279514505,10.23,29.81,9.9,0.149,3.13,4,0.103,0.5686,0.3621,0.5322,0
RD-GHY-TEZ-01,178.0,4.815433322140924,85.7153357464729,7.19,22.92,6.8,0.126,1.04,2,0.163,0.411,0.7368,0.6837,1
RD-GHY-NAG-10,345.0,18.767868182475727,1429.9025086888216,50.85,171.8,22.9,0.623,1.1,8,0.363,0.9135,0.7097,0.9257,1
RD-BMD-DRG-04,42.0,15.946149115941614,2110.2182526225047,15.22,62.27,15.1,0.258,1.32,5,0.181,0.7066,0.5288,0.6947,1
RD-TEZ-ITA-11,155.0,8.850529267966705,383.9378063434107,18.84,72.46,26.4,0.292,1.54,1,0.186,0.511,0.6646,0.6379,0
RD-DRG-SELA-05,62.0,35.9960787562943,4200.843646229235,2.53,9.02,23.5,0.08,2.56,8,0.077,0.9223,0.3634,0.9062,1
RD-SHL-SIL-08,215.0,20.804654539847377,1417.3532259585181,94.76,284.18,9.3,1.0,0.33,7,0.683,0.9442,0.9689,1.0,1
RD-TEZ-ITA-11,155.0,5.276095634468508,344.59641312272345,12.74,44.51,26.6,0.198,1.44,1,0.163,0.4594,0.6095,0.5821,0
RD-BHK-BMD-03,96.0,24.940466967556166,2458.800684702406,25.6,100.23,21.4,0.384,0.7,8,0.287,0.9097,0.6746,0.9233,1
RD-BHK-BMD-03,96.0,28.349503122350416,2515.175257062325,38.21,179.19,29.0,0.897,0.2,6,0.462,0.9587,0.9209,1.0,1
RD-GHY-ITA-09,320.0,4.712636026419609,273.9796978883045,11.21,29.43,21.5,0.148,1.47,3,0.154,0.5083,0.6134,0.5961,0
RD-GHY-ITA-09,320.0,10.00534137634108,349.21610203095,15.62,73.52,16.7,0.295,1.22,3,0.189,0.6254,0.6365,0.6287,0
RD-GHY-TEZ-01,178.0,4.760567393345585,143.1786051729214,69.72,280.55,9.2,0.985,0.78,2,0.481,0.7027,0.9843,0.9524,1
RD-GHY-NAG-10,345.0,13.063596333488684,1462.9786309068004,8.3,31.4,10.7,0.155,0.72,6,0.203,0.7114,0.5756,0.7181,1
RD-BHK-BMD-03,96.0,21.9042906021353,2418.2533754985266,80.92,398.13,16.8,1.0,0.91,7,0.52,0.9693,0.8351,1.0,1
RD-SHL-SIL-08,215.0,22.301998115722714,1360.913160452447,73.58,205.77,23.6,0.986,0.05,9,0.707,0.9853,1.0,1.0,1
RD-DRG-SELA-05,62.0,37.21834765166161,4166.57014018828,2.47,8.17,27.8,0.077,2.58,8,0.076,0.8827,0.277,0.859,1
RD-GHY-SHL-07,98.0,8.586540942479052,1477.0968244108747,3.85,13.52,27.2,0.095,3.0,4,0.075,0.4035,0.3161,0.3801,0
RD-TEZ-ITA-11,155.0,9.624772910782818,326.63081916822426,133.65,527.1,19.5,1.0,1.6,2,0.719,0.8429,0.9527,0.9522,1
RD-GHY-ITA-09,320.0,9.366223559792179,332.7447824919057,1.92,8.94,31.9,0.08,1.37,3,0.116,0.4319,0.5816,0.56,0
RD-BHK-BMD-03,96.0,24.641210629785277,2509.7952504602267,20.25,97.59,27.8,0.625,0.36,6,0.326,0.905,0.7489,0.9289,1
RD-GHY-NAG-10,345.0,22.12852811880697,1466.1294818734823,178.0,728.58,32.2,1.0,0.93,6,0.971,0.9405,1.0,1.0,1
RD-TEZ-BHK-02,54.0,10.06833329658341,295.5775199210123,40.73,130.81,5.1,0.486,0.5,4,0.39,0.7466,0.8859,0.8872,1
RD-TEZ-BHK-02,54.0,13.169446344947609,218.66818782716888,32.95,140.34,30.0,0.768,0.4,4,0.377,0.8226,0.8997,0.9108,1
RD-GHY-GTK-12,540.0,19.051933732424697,1502.2668316445881,9.81,30.02,23.3,0.4,0.37,7,0.276,0.7859,0.8531,0.8857,1
RD-DRG-SELA-05,62.0,28.458645341082676,4203.774764272714,72.44,287.85,6.2,1.0,2.56,8,0.403,0.9861,0.6867,1.0,1
RD-BMD-DRG-04,42.0,9.193781512400134,2047.9033665610825,8.74,28.05,24.0,0.143,1.18,5,0.16,0.6254,0.3745,0.6048,0
RD-SELA-TWG-06,78.0,24.74092016108024,3191.469435867344,37.41,137.45,19.0,0.508,1.78,7,0.262,0.8844,0.4752,0.8768,1
RD-SELA-TWG-06,78.0,23.133356395817035,3189.448525334499,13.45,52.19,17.8,0.224,1.79,7,0.15,0.7861,0.4383,0.7819,1
RD-GHY-GTK-12,540.0,22.92058243645903,1680.8280183664447,11.34,47.3,24.6,0.458,0.37,8,0.284,0.853,0.8262,0.8908,1
RD-BMD-DRG-04,42.0,11.075975993408363,2077.8211045979783,14.22,66.96,20.0,0.273,1.04,7,0.197,0.668,0.5284,0.6588,1
RD-SELA-TWG-06,78.0,25.244974876668575,3264.77569934481,93.69,381.51,19.2,1.0,1.99,8,0.517,0.944,0.7769,0.9744,1
RD-SHL-SIL-08,215.0,23.867294279969734,1388.3370076844215,80.02,324.64,25.8,1.0,0.91,9,0.516,0.9691,0.8872,1.0,1
RD-SELA-TWG-06,78.0,21.383076138639225,3182.815012017202,98.86,294.04,20.1,1.0,2.0,7,0.541,0.9651,0.8054,0.9989,1
RD-GHY-GTK-12,540.0,26.303184032106167,1681.0820481442395,95.83,350.26,32.6,1.0,0.46,9,0.655,0.9792,0.9378,1.0,1
RD-GHY-TEZ-01,178.0,2.1450026270030955,91.93779124134625,2.44,8.77,23.5,0.329,0.47,1,0.217,0.343,0.8235,0.7544,1
RD-GHY-TEZ-01,178.0,4.771808108498754,120.80296419100978,15.85,50.96,21.6,0.22,0.99,1,0.208,0.3314,0.7683,0.7033,1
RD-TEZ-ITA-11,155.0,4.417787474974338,248.94488913287393,146.94,692.8,15.5,1.0,1.4,2,0.791,0.932,1.0,1.0,1
RD-GHY-ITA-09,320.0,6.351639928016592,378.26382839769263,85.19,361.99,8.9,1.0,0.94,2,0.536,0.8421,0.8703,0.8776,1
RD-GHY-GTK-12,540.0,20.739595360767684,1646.4388197485732,12.82,42.9,27.1,0.443,0.05,8,0.423,0.8795,0.9965,1.0,1
RD-GHY-SHL-07,98.0,13.574967901977397,1557.0484640999732,157.36,568.09,15.1,1.0,2.98,3,0.792,0.9333,0.8722,0.9334,1
RD-TEZ-ITA-11,155.0,8.406188133994466,280.60824671611886,36.91,134.45,7.5,0.498,1.36,1,0.28,0.6076,0.7531,0.7308,1
RD-GHY-ITA-09,320.0,12.089040664491161,382.83479815254975,197.88,980.05,20.2,1.0,1.16,3,1.0,0.979,1.0,1.0,1
RD-TEZ-ITA-11,155.0,7.883744077665011,344.98479922557294,15.97,59.83,23.0,0.249,1.43,2,0.178,0.4607,0.6554,0.6244,0
RD-TEZ-BHK-02,54.0,14.104877558522299,218.0320058041766,4.62,22.52,25.1,0.375,0.31,3,0.27,0.6491,0.9378,0.9235,1
RD-GHY-SHL-07,98.0,13.027734519968277,1465.3214203475754,17.34,46.38,8.1,0.205,3.26,2,0.134,0.5214,0.4184,0.4939,0
RD-SELA-TWG-06,78.0,24.27839287310054,3189.299741961915,13.18,56.46,17.7,0.238,1.61,7,0.156,0.8437,0.4081,0.8308,1
RD-GHY-GTK-12,540.0,23.15958652375764,1630.6312495424759,9.17,39.67,10.0,0.432,0.25,8,0.31,0.8146,0.912,0.9466,1
RD-TEZ-BHK-02,54.0,10.65427882863812,249.92156825252104,25.21,79.45,23.0,0.565,0.18,3,0.41,0.7308,0.9794,0.9749,1
RD-BMD-DRG-04,42.0,14.784949585549018,2166.298159400143,16.91,66.04,32.4,0.27,1.43,4,0.183,0.6499,0.5201,0.6411,0
RD-BMD-DRG-04,42.0,15.48485030834697,2068.712312242464,84.69,239.14,12.6,0.847,1.23,6,0.511,0.9084,0.8022,0.9194,1
RD-DRG-SELA-05,62.0,31.135379594837623,4173.938263154025,5.13,19.96,14.6,0.117,2.46,8,0.091,0.8663,0.2994,0.8472,1
RD-GHY-GTK-12,540.0,21.510132832762167,1728.4102652406157,16.46,63.25,29.6,0.511,0.36,7,0.31,0.8525,0.8674,0.9082,1
RD-TEZ-BHK-02,54.0,9.785061002487193,243.6103237452268,37.45,123.05,27.2,0.71,0.34,4,0.413,0.7956,0.9416,0.9478,1
RD-TEZ-ITA-11,155.0,5.514110848980461,316.98303622829445,21.43,102.83,26.3,0.393,1.74,3,0.189,0.5294,0.7031,0.6754,1
RD-GHY-GTK-12,540.0,17.270387475361535,1744.5137254384565,138.69,586.9,21.7,1.0,0.45,8,0.857,0.9688,0.9942,1.0,1
RD-SHL-SIL-08,215.0,20.207877584500856,1415.8140214294635,47.76,140.46,23.8,0.518,0.54,6,0.416,0.9108,0.8742,0.9586,1
RD-GHY-TEZ-01,178.0,7.618717783535153,135.68864902916337,11.41,52.05,26.2,0.223,0.85,1,0.201,0.3803,0.8212,0.7569,1
RD-GHY-GTK-12,540.0,24.3562101930954,1582.4965290694117,19.78,97.55,26.8,0.625,0.1,11,0.427,0.9269,0.9616,1.0,1
RD-BMD-DRG-04,42.0,18.479296865227333,2206.629755698097,178.52,830.65,22.7,1.0,1.04,7,0.963,0.9977,0.9924,1.0,1
RD-TEZ-ITA-11,155.0,1.5649710670155335,373.65959554025187,108.39,507.99,9.1,1.0,1.46,3,0.608,0.8696,0.9082,0.9124,1
RD-DRG-SELA-05,62.0,36.142844099420955,4174.645480964636,8.37,38.79,24.4,0.179,2.32,8,0.11,0.935,0.3377,0.9141,1
RD-SHL-SIL-08,215.0,19.984368321164403,1423.3309532260548,221.45,722.87,19.2,1.0,0.81,7,1.0,1.0,1.0,1.0,1
RD-BMD-DRG-04,42.0,10.033931010678621,2111.4828656403897,42.26,182.79,11.6,0.659,1.21,5,0.314,0.7404,0.6651,0.7412,1
RD-GHY-NAG-10,345.0,18.99463124393579,1493.5496786466106,1.6,5.43,4.1,0.068,0.93,6,0.147,0.6957,0.5299,0.6986,1
RD-GHY-NAG-10,345.0,22.32244392598549,1522.508549932424,7.91,36.9,27.5,0.173,0.98,9,0.172,0.8516,0.5583,0.8472,1
RD-TEZ-BHK-02,54.0,13.981898863625174,264.91400349675376,1.46,4.74,13.7,0.316,0.42,5,0.224,0.6631,0.7812,0.7768,1
RD-GHY-GTK-12,540.0,23.406310864918467,1583.4479188546907,95.52,356.51,29.3,1.0,0.31,8,0.693,0.9456,0.9728,1.0,1
RD-DRG-SELA-05,62.0,33.55002216742361,4139.120209977331,41.61,191.99,17.4,0.69,2.22,10,0.268,0.9642,0.4726,0.9599,1
RD-BMD-DRG-04,42.0,19.122258572533884,2163.603321918407,2.4,11.37,33.9,0.088,1.04,4,0.141,0.6118,0.4431,0.5987,0
RD-GHY-GTK-12,540.0,25.11195914855483,1516.7000821885583,1.99,7.92,28.1,0.326,0.49,8,0.212,0.8284,0.7317,0.8551,1
RD-BMD-DRG-04,42.0,15.949428237129746,2089.2194981157168,20.04,53.36,28.2,0.228,1.27,5,0.207,0.6695,0.5451,0.6618,1
RD-GHY-TEZ-01,178.0,4.049821935870626,93.50293715480069,24.39,74.2,8.8,0.297,0.99,2,0.248,0.3976,0.8395,0.7757,1
RD-GHY-GTK-12,540.0,20.2917823864849,1721.6536429613934,72.65,209.77,30.9,0.749,0.58,9,0.524,0.9855,0.9246,1.0,1
RD-GHY-NAG-10,345.0,11.45987743903329,1478.8660783275607,37.78,102.01,12.8,0.39,0.84,8,0.326,0.7825,0.7429,0.8043,1
RD-GHY-ITA-09,320.0,7.875633865095198,377.1275209733368,38.03,103.69,18.3,0.396,1.25,3,0.292,0.6431,0.7162,0.7058,1
RD-GHY-TEZ-01,178.0,4.7525415829093625,131.25057231104313,4.09,17.2,31.0,0.107,0.84,3,0.168,0.3504,0.7713,0.7082,1
RD-TEZ-ITA-11,155.0,5.155459628438392,315.17326200368166,69.16,317.46,22.1,1.0,1.61,4,0.417,0.8485,0.831,0.849,1
RD-TEZ-ITA-11,155.0,7.452666942538215,210.93368490900275,150.11,383.95,28.7,1.0,1.35,3,0.809,0.8851,1.0,1.0,1
RD-SELA-TWG-06,78.0,17.877491700014605,3268.988558419044,8.48,22.87,20.2,0.126,2.07,7,0.117,0.7741,0.3525,0.7609,1
RD-GHY-SHL-07,98.0,9.09708906169223,1506.8018550053464,0.11,0.28,7.8,0.051,2.85,3,0.06,0.4485,0.3145,0.4204,0
RD-TEZ-ITA-11,155.0,1.0,379.2760317773358,36.87,140.04,16.4,0.517,1.37,3,0.279,0.5356,0.7689,0.7373,1
RD-SHL-SIL-08,215.0,24.879937802413487,1437.9095231572308,55.72,224.18,30.3,1.0,0.37,7,0.49,0.9607,0.9811,1.0,1
RD-GHY-TEZ-01,178.0,2.9290612457000575,126.13639453781731,19.14,47.93,15.1,0.21,0.92,0,0.231,0.3596,0.7879,0.7242,1
RD-BMD-DRG-04,42.0,15.342629569939406,2123.4160472699587,169.29,654.5,10.8,1.0,1.23,4,0.906,0.9231,0.9604,0.9873,1
RD-GHY-SHL-07,98.0,20.42600871585664,1529.4449606455787,5.6,14.94,8.1,0.1,2.84,3,0.086,0.5509,0.3088,0.5118,0
RD-SELA-TWG-06,78.0,23.63367424552408,3187.0134957913792,179.75,863.35,16.4,1.0,1.99,7,0.919,0.9669,0.9547,1.0,1
RD-BMD-DRG-04,42.0,16.463510138702325,2088.9996052905653,74.93,238.83,8.0,0.846,1.03,6,0.481,0.944,0.8002,0.9537,1
RD-GHY-NAG-10,345.0,18.909206627992337,1516.4657139275905,10.97,34.76,24.1,0.166,0.76,8,0.21,0.807,0.618,0.8128,1
RD-GHY-GTK-12,540.0,15.103608744166687,1666.2940002751775,175.79,751.01,28.4,1.0,0.58,8,1.0,0.9615,0.9549,1.0,1
RD-GHY-GTK-12,540.0,19.180847030871508,1730.0789377128917,0.31,1.05,8.8,0.303,0.09,7,0.34,0.8377,0.952,0.9888,1
RD-TEZ-BHK-02,54.0,11.694107656463714,200.00124658599276,4.28,13.07,21.4,0.344,0.05,3,0.384,0.5687,0.9411,0.9152,1
RD-BMD-DRG-04,42.0,13.779883346480387,2108.509193350639,169.79,587.03,24.9,1.0,0.67,4,0.964,0.9488,0.9716,1.0,1
RD-DRG-SELA-05,62.0,31.53740976767818,4167.649772495223,116.57,418.66,33.4,1.0,2.28,7,0.616,0.9581,0.8747,1.0,1
RD-TEZ-ITA-11,155.0,7.98660823621228,209.1454809968635,137.2,536.64,18.1,1.0,1.74,3,0.729,0.8908,0.9504,0.9568,1
RD-SHL-SIL-08,215.0,19.37820836807105,1409.7531449737899,7.1,24.74,10.2,0.132,0.71,8,0.198,0.7985,0.7328,0.8315,1
RD-GHY-TEZ-01,178.0,6.826325001849711,106.63231783870424,5.13,23.35,17.8,0.128,1.1,0,0.149,0.31,0.7297,0.6662,1
RD-TEZ-ITA-11,155.0,9.009708783435144,313.15025030209506,21.82,103.18,28.2,0.394,1.59,1,0.197,0.5226,0.6868,0.6596,1
RD-DRG-SELA-05,62.0,30.79876705243648,4178.244498028699,224.91,1054.17,23.6,1.0,2.51,9,1.0,0.983,0.9958,1.0,1
RD-SHL-SIL-08,215.0,23.425888459417724,1257.6540324555265,139.28,561.83,29.9,1.0,0.43,8,0.864,0.969,0.944,1.0,1
RD-SELA-TWG-06,78.0,19.67311015157122,3252.8551585695805,0.32,1.45,15.5,0.055,1.96,6,0.083,0.7932,0.3092,0.773,1
RD-SELA-TWG-06,78.0,25.017005200285375,3157.097493467974,22.96,98.72,20.5,0.379,1.99,6,0.188,0.8855,0.3708,0.8639,1
RD-BMD-DRG-04,42.0,10.897743418438282,2086.715710982732,49.61,228.16,24.8,0.811,0.87,6,0.377,0.8304,0.7274,0.8345,1
RD-GHY-NAG-10,345.0,17.25783545387945,1507.5634699729044,58.7,207.36,5.7,0.741,0.99,6,0.409,0.9764,0.7835,0.9967,1
RD-TEZ-BHK-02,54.0,12.046074706513267,227.3675814562024,9.0,24.59,12.0,0.382,0.05,4,0.406,0.7005,0.9898,0.9803,1
RD-GHY-NAG-10,345.0,20.886698830136,1502.801763771355,194.02,839.34,14.1,1.0,1.02,7,1.0,0.9461,0.9684,1.0,1
RD-GHY-TEZ-01,178.0,9.268462111414134,101.19792030772902,2.98,14.57,26.0,0.099,0.57,2,0.202,0.3801,0.8074,0.7443,1
RD-GHY-SHL-07,98.0,9.868344161553004,1615.6821522934986,32.29,90.97,26.3,0.353,2.79,5,0.212,0.6645,0.5014,0.6328,0
RD-GHY-GTK-12,540.0,18.361045804917147,1585.6601725307792,216.09,708.48,23.3,1.0,0.05,9,1.0,1.0,0.9213,1.0,1
RD-BHK-BMD-03,96.0,27.197860274954664,2433.201021351927,189.02,788.59,25.7,1.0,0.49,8,1.0,0.9588,0.9459,1.0,1
RD-SHL-SIL-08,215.0,23.12300853013759,1422.7460406656946,105.72,386.93,14.3,1.0,0.67,8,0.664,0.9625,0.9257,1.0,1
RD-GHY-NAG-10,345.0,21.272608168422998,1575.928835649203,26.22,68.55,19.0,0.278,0.7,6,0.288,0.8723,0.7142,0.8869,1
RD-TEZ-BHK-02,54.0,19.211147299428625,148.08407560161322,150.45,425.09,24.9,1.0,0.05,3,1.0,0.938,1.0,1.0,1
RD-GHY-TEZ-01,178.0,7.1932582514627885,57.27755984353007,142.2,657.83,30.1,1.0,0.84,1,0.813,0.9096,0.9862,0.9849,1
RD-DRG-SELA-05,62.0,33.25836347110018,4186.830576040128,22.38,65.22,15.2,0.267,2.35,8,0.175,0.9021,0.4335,0.8975,1
RD-GHY-SHL-07,98.0,13.284390204385991,1633.3153706523503,76.17,237.97,28.8,0.843,3.34,2,0.408,0.7696,0.6559,0.7479,1
RD-GHY-SHL-07,98.0,11.210055637310353,1516.1996241680758,146.18,685.0,9.4,1.0,2.76,3,0.744,0.936,0.8743,0.9363,1
RD-GHY-NAG-10,345.0,20.722830601720663,1471.4104200913753,33.32,113.5,27.1,0.428,0.95,7,0.293,0.8864,0.6463,0.8914,1
RD-GHY-NAG-10,345.0,16.473913599607506,1448.9191022746922,81.77,273.03,29.2,0.96,0.72,7,0.546,0.906,0.8947,0.9437,1
RD-GHY-SHL-07,98.0,18.332039026735657,1604.6362166015379,15.68,56.14,25.1,0.237,3.02,6,0.13,0.6119,0.3734,0.5723,0
RD-GHY-SHL-07,98.0,11.971377978630489,1468.1164663962318,14.21,52.94,12.9,0.226,2.84,4,0.126,0.5418,0.3804,0.5095,0
RD-GHY-NAG-10,345.0,19.492439046128712,1586.1047844047205,164.24,474.35,23.8,1.0,0.69,8,0.934,0.9974,0.9338,1.0,1
RD-TEZ-ITA-11,155.0,2.635435350151985,265.534017562898,21.6,77.11,16.3,0.307,1.6,1,0.196,0.4929,0.6799,0.6501,1
RD-GHY-TEZ-01,178.0,2.419635230621694,114.55364952677189,65.54,171.06,19.2,0.62,0.76,0,0.465,0.5908,1.0,0.9506,1
RD-SELA-TWG-06,78.0,21.900469721549324,3227.920314453707,5.76,15.0,19.1,0.1,1.89,7,0.111,0.8334,0.3577,0.8151,1
RD-TEZ-BHK-02,54.0,8.70569385158657,302.1688069476305,142.94,499.39,26.2,1.0,0.48,6,0.871,0.9343,0.9952,1.0,1
RD-GHY-NAG-10,345.0,25.759254870459383,1426.1074100657236,25.18,95.95,33.5,0.37,1.09,8,0.243,0.8666,0.6336,0.871,1
RD-GHY-NAG-10,345.0,11.031114365052684,1437.9290708820288,4.66,15.94,6.6,0.103,1.0,7,0.155,0.738,0.5258,0.7375,1
RD-BMD-DRG-04,42.0,17.740308239805056,2115.75977923776,0.67,1.86,10.9,0.056,1.23,4,0.119,0.6608,0.4011,0.6395,0
RD-BHK-BMD-03,96.0,27.31610411489102,2506.711622335337,14.95,48.9,14.8,0.463,0.26,6,0.334,0.8768,0.8466,0.9146,1
RD-DRG-SELA-05,62.0,29.707662383639025,4212.99730139767,23.63,65.35,21.3,0.268,2.6,9,0.175,0.9328,0.3825,0.9184,1
RD-SHL-SIL-08,215.0,21.637947576965356,1413.9504443580233,2.53,10.78,31.4,0.336,0.22,6,0.288,0.8383,0.8821,0.9257,1
RD-SHL-SIL-08,215.0,19.774957117911445,1438.4857224228197,225.62,836.06,20.9,1.0,0.62,7,1.0,1.0,1.0,1.0,1
RD-BHK-BMD-03,96.0,22.30214135737939,2445.953377076067,42.21,180.93,33.5,0.903,0.13,9,0.513,0.9508,0.9682,1.0,1
RD-GHY-TEZ-01,178.0,2.924667487017168,73.34728379305834,230.14,701.68,17.2,1.0,0.92,3,1.0,0.9534,0.9819,0.9871,1
RD-GHY-NAG-10,345.0,15.555372670549831,1550.6617117206354,33.57,89.11,27.6,0.597,0.48,9,0.36,0.8558,0.8599,0.8933,1
RD-TEZ-ITA-11,155.0,3.887929878365455,306.61476280021446,4.71,18.29,14.7,0.111,1.59,4,0.118,0.3996,0.536,0.5098,0
RD-DRG-SELA-05,62.0,24.690364677846304,4234.930500989043,104.0,457.61,12.8,1.0,2.84,8,0.545,0.9455,0.8113,0.9907,1
RD-GHY-ITA-09,320.0,6.271753715454037,375.3173630285591,4.86,21.04,13.9,0.12,1.3,2,0.134,0.4144,0.5668,0.545,0
RD-BHK-BMD-03,96.0,27.021265015329192,2415.2279747763278,14.19,70.21,7.6,0.534,0.43,7,0.281,0.8547,0.6908,0.8731,1
RD-GHY-NAG-10,345.0,19.72260565827531,1431.8087304407566,8.04,39.01,31.2,0.18,0.92,7,0.179,0.7967,0.5609,0.7962,1
RD-SELA-TWG-06,78.0,20.73408361410979,3132.1832514947946,30.77,91.93,20.4,0.356,2.03,7,0.223,0.8204,0.4914,0.8198,1
RD-GHY-ITA-09,320.0,6.080660900118062,345.7814760288639,37.94,153.75,29.6,0.562,1.79,4,0.264,0.6727,0.6821,0.6766,1
RD-TEZ-ITA-11,155.0,7.24575637965921,438.84496664782296,111.11,299.27,28.9,1.0,1.3,5,0.63,0.8939,0.882,0.9001,1
RD-BMD-DRG-04,42.0,21.835608993585282,2058.801157279585,20.31,62.24,6.9,0.257,1.46,5,0.197,0.7746,0.4986,0.7544,1
RD-GHY-ITA-09,320.0,8.606715484527435,342.28618748200665,1.61,6.17,13.9,0.071,0.91,4,0.149,0.4344,0.655,0.6274,0
RD-GHY-SHL-07,98.0,14.087910754323723,1529.5574221419608,14.62,47.97,29.8,0.21,3.32,5,0.121,0.5508,0.3556,0.5156,0
RD-BMD-DRG-04,42.0,18.442656139903328,2037.0954679589108,0.39,1.63,22.1,0.055,1.7,5,0.093,0.6369,0.3711,0.6149,0
RD-BMD-DRG-04,42.0,13.457366376496944,2114.9229652629515,29.34,119.67,29.2,0.449,1.32,6,0.247,0.82,0.5453,0.8021,1
RD-SELA-TWG-06,78.0,20.838497987567933,3224.311570917587,121.08,499.3,28.8,1.0,1.64,6,0.659,0.9776,0.8661,1.0,1
RD-SHL-SIL-08,215.0,20.020192770335612,1437.583328130896,51.65,161.97,6.2,0.84,0.3,7,0.492,0.892,0.9509,1.0,1
RD-SHL-SIL-08,215.0,16.650274288010007,1404.446608572314,21.76,106.39,11.9,0.655,0.32,6,0.345,0.8245,0.8757,0.9176,1
RD-SELA-TWG-06,78.0,25.284361187132994,3200.9275068954444,74.49,247.22,27.2,0.874,1.63,8,0.442,0.9672,0.7286,0.9898,1
RD-GHY-NAG-10,345.0,21.726897419399798,1543.3695314330107,74.83,341.86,13.6,1.0,0.72,7,0.513,0.9433,0.8478,0.9738,1
RD-GHY-NAG-10,345.0,14.72866748859022,1506.7422610192134,31.19,84.66,10.2,0.332,0.97,7,0.281,0.8175,0.6458,0.8261,1
RD-SELA-TWG-06,78.0,25.78089550330444,3230.636876193884,135.35,592.87,15.1,1.0,1.51,8,0.731,1.0,0.8879,1.0,1
RD-SHL-SIL-08,215.0,27.51148849987627,1436.0700954612564,30.78,92.06,30.7,0.607,0.45,6,0.354,0.9236,0.8734,0.971,1
RD-GHY-TEZ-01,178.0,1.0,154.78109096051452,1.72,4.29,23.2,0.064,0.77,0,0.166,0.2449,0.7644,0.6898,1
RD-GHY-TEZ-01,178.0,7.725299111670132,87.8813798716288,27.07,92.42,14.2,0.358,0.81,0,0.279,0.4235,0.8369,0.7765,1
RD-GHY-GTK-12,540.0,18.56219097191129,1569.2583103180707,140.86,659.03,30.8,1.0,0.43,10,0.873,1.0,0.9946,1.0,1
RD-GHY-NAG-10,345.0,19.60443224311685,1528.6919106200978,182.66,811.1,19.2,1.0,0.8,6,1.0,0.9865,0.9744,1.0,1
RD-SHL-SIL-08,215.0,23.444823016441504,1468.4208699791486,16.59,60.97,12.0,0.253,0.59,6,0.261,0.8618,0.8083,0.902,1
RD-SELA-TWG-06,78.0,19.119683544463683,3134.3334390181158,26.1,86.48,30.2,0.338,1.93,8,0.204,0.8532,0.4484,0.8446,1
RD-GHY-SHL-07,98.0,13.599394790029299,1399.090083321882,67.69,262.78,7.9,0.926,2.95,3,0.374,0.7818,0.6652,0.7606,1
RD-BHK-BMD-03,96.0,27.159340050229037,2455.4412039109393,14.71,60.49,20.6,0.502,0.26,8,0.332,0.9229,0.8326,0.9577,1
RD-GHY-TEZ-01,178.0,5.6471337579187875,150.2612272650132,9.54,34.18,5.5,0.164,0.96,1,0.181,0.3304,0.7698,0.7045,1
RD-TEZ-BHK-02,54.0,15.58086713731997,299.0916278576466,43.48,165.96,22.7,0.853,0.23,5,0.478,0.8435,0.9736,0.9858,1
RD-GHY-ITA-09,320.0,6.973467642991694,340.2959373013141,146.36,567.75,21.6,1.0,1.02,2,0.815,0.9476,0.9674,0.9878,1
RD-DRG-SELA-05,62.0,30.658973784853977,4224.660967429329,17.25,76.88,12.6,0.306,2.77,8,0.142,0.8682,0.3819,0.8597,1
RD-TEZ-ITA-11,155.0,2.3304736062301936,287.4914980072965,1.22,3.93,17.5,0.063,1.62,3,0.1,0.3252,0.5936,0.5555,0
RD-SELA-TWG-06,78.0,23.722777478446098,3198.6938575690524,76.09,265.01,6.9,0.933,1.67,8,0.447,0.9788,0.7381,1.0,1
RD-GHY-TEZ-01,178.0,3.5246328544365197,180.36015423907315,198.22,774.97,24.0,1.0,0.81,1,1.0,0.9663,1.0,1.0,1
RD-DRG-SELA-05,62.0,29.861972515443963,4190.7562082048,111.69,530.17,32.6,1.0,2.27,11,0.593,0.9723,0.8097,1.0,1
RD-DRG-SELA-05,62.0,35.015822675391185,4140.853639263781,19.68,76.39,21.9,0.305,2.2,8,0.166,0.9742,0.4647,0.968,1
RD-SELA-TWG-06,78.0,23.55231365308926,3160.9555623207857,21.02,65.24,21.0,0.267,1.71,8,0.188,0.8421,0.4343,0.8326,1
RD-BMD-DRG-04,42.0,14.886466915725713,2205.7887752355737,174.05,460.48,4.8,1.0,1.29,6,0.924,0.9947,1.0,1.0,1
RD-GHY-TEZ-01,178.0,4.131404201282298,25.91956562729864,91.02,374.92,27.1,1.0,0.54,0,0.617,0.7387,0.9599,0.9343,1
RD-DRG-SELA-05,62.0,26.961798885749694,4152.7987439994795,17.33,67.32,6.8,0.274,2.51,7,0.147,0.9324,0.3838,0.9182,1
RD-GHY-TEZ-01,178.0,8.280423278031343,44.210438442922886,51.63,133.67,20.1,0.496,1.0,4,0.375,0.614,0.9015,0.8613,1
RD-BHK-BMD-03,96.0,24.73103862918883,2436.7031435269814,128.24,548.14,13.2,1.0,0.42,7,0.816,0.9914,1.0,1.0,1
RD-TEZ-BHK-02,54.0,11.597323775211997,172.58991536484731,0.83,2.93,26.6,0.31,0.05,5,0.368,0.6339,1.0,0.9801,1
RD-BMD-DRG-04,42.0,22.948249140110647,2065.8577457876645,30.55,142.06,10.0,0.524,1.26,5,0.256,0.8212,0.5369,0.8022,1
RD-BMD-DRG-04,42.0,15.262551040366706,2047.5071159752479,34.05,169.91,11.6,0.616,1.4,5,0.264,0.809,0.5599,0.7935,1
RD-SELA-TWG-06,78.0,20.655662694123023,3201.340936009022,16.04,68.31,18.8,0.278,1.99,8,0.155,0.8453,0.385,0.8293,1
RD-GHY-ITA-09,320.0,14.992449430541518,320.7817670820076,54.06,147.33,9.5,0.541,1.38,4,0.358,0.8184,0.8505,0.8553,1
RD-GHY-NAG-10,345.0,17.970421352568977,1478.1389971302408,57.93,250.39,18.6,0.885,0.55,6,0.46,0.9014,0.8531,0.9335,1
RD-GHY-GTK-12,540.0,24.616456184190493,1678.933339062408,140.62,356.23,21.2,1.0,0.15,8,0.966,1.0,0.9679,1.0,1
RD-BHK-BMD-03,96.0,27.106654505173847,2397.6187406912513,18.04,84.86,22.3,0.333,0.54,8,0.276,0.8382,0.66,0.8534,1
RD-BHK-BMD-03,96.0,21.662429536681362,2527.518628252698,18.86,66.45,11.2,0.522,0.38,8,0.314,0.9057,0.7055,0.9237,1
RD-BMD-DRG-04,42.0,16.098913409227002,2169.837320900757,43.38,150.97,21.6,0.553,0.69,6,0.371,0.8486,0.7337,0.8527,1
RD-GHY-GTK-12,540.0,21.614356340354615,1629.6359972019345,41.36,135.27,32.9,0.751,0.47,9,0.399,0.9673,0.9033,1.0,1
RD-GHY-NAG-10,345.0,13.953224356520234,1588.2192450071316,36.37,108.67,11.6,0.412,0.88,7,0.315,0.8403,0.6896,0.8531,1
RD-TEZ-ITA-11,155.0,4.3364773523444615,305.8598981785525,157.41,635.84,19.1,1.0,1.63,1,0.828,0.8767,0.9576,0.9619,1
RD-GHY-TEZ-01,178.0,7.727627079779804,26.940512732077437,18.73,87.51,10.4,0.342,0.84,0,0.237,0.4314,0.8778,0.8149,1
RD-GHY-NAG-10,345.0,18.71141273096283,1410.205067429612,170.71,616.21,33.7,1.0,0.85,6,0.944,0.9449,0.94,0.9884,1
RD-GHY-ITA-09,320.0,5.748162300567623,466.2669426539723,11.65,57.36,5.2,0.241,1.09,6,0.18,0.5656,0.6443,0.6303,0
RD-BHK-BMD-03,96.0,23.36114384696669,2379.999857944841,37.52,138.65,12.3,0.762,0.49,6,0.378,0.8519,0.8146,0.8862,1
RD-GHY-TEZ-01,178.0,4.302412233333345,77.97149231518303,18.23,55.72,14.4,0.236,0.92,2,0.226,0.387,0.7998,0.7383,1
RD-DRG-SELA-05,62.0,32.12609635893029,4151.991577915784,116.33,411.76,32.0,1.0,2.27,9,0.615,1.0,0.843,1.0,1
RD-GHY-ITA-09,320.0,5.0920471993593175,310.17520695132254,79.4,356.81,18.0,1.0,1.23,2,0.486,0.8607,0.8886,0.898,1
RD-SHL-SIL-08,215.0,21.825791590227833,1451.0496235190735,148.2,526.9,19.4,1.0,0.79,7,0.847,1.0,1.0,1.0,1
RD-TEZ-BHK-02,54.0,13.026136071778204,280.45091123605084,14.83,68.44,24.9,0.528,0.32,3,0.312,0.7137,0.9069,0.903,1
RD-TEZ-ITA-11,155.0,13.16970771907124,362.3750432980723,64.67,240.65,19.1,0.852,1.55,1,0.399,0.7483,0.8229,0.8138,1
RD-BHK-BMD-03,96.0,22.664720977965437,2459.942366673656,32.31,145.66,26.7,0.786,0.2,7,0.438,0.9358,0.899,0.9796,1
RD-TEZ-ITA-11,155.0,8.429050562885077,304.40545257681526,49.05,147.55,30.1,0.542,1.33,1,0.338,0.6835,0.8142,0.7975,1
RD-SELA-TWG-06,78.0,28.923407269093623,3153.5736169521247,153.89,679.24,7.1,1.0,1.97,7,0.799,0.9861,0.8699,1.0,1
RD-SHL-SIL-08,215.0,25.110333534233504,1394.6092506515608,104.17,389.92,17.4,1.0,0.64,6,0.661,0.9721,0.9755,1.0,1
RD-GHY-GTK-12,540.0,17.161306653971266,1548.786729339658,11.65,39.24,31.0,0.431,0.39,8,0.278,0.8176,0.8149,0.8549,1
RD-GHY-GTK-12,540.0,21.06914438705761,1618.284728942098,6.81,18.09,31.1,0.36,0.19,8,0.322,0.8078,0.924,0.9574,1
RD-SHL-SIL-08,215.0,22.612140966082784,1397.4666200904533,12.5,32.01,30.8,0.157,0.57,7,0.245,0.7647,0.7558,0.8017,1
RD-GHY-NAG-10,345.0,13.332028019982621,1558.5227767020185,181.35,537.18,15.4,1.0,0.99,8,0.98,0.9831,0.9867,1.0,1
RD-GHY-NAG-10,345.0,16.194395775756586,1513.6360907801961,20.67,72.7,23.8,0.292,0.93,6,0.236,0.7642,0.6542,0.7766,1
RD-BMD-DRG-04,42.0,19.74531181594318,2052.6533451240057,121.31,442.04,9.5,1.0,1.35,5,0.674,0.9228,0.9136,0.9488,1
RD-BMD-DRG-04,42.0,15.10544307300644,2115.596619741668,158.78,543.4,5.6,1.0,1.12,5,0.864,1.0,0.9361,1.0,1
RD-BMD-DRG-04,42.0,15.212498407811225,2187.810604161196,18.65,81.87,12.9,0.323,1.65,5,0.18,0.7465,0.4616,0.7242,1
RD-DRG-SELA-05,62.0,34.11995002436983,4207.033216847753,1.23,3.6,29.6,0.062,2.78,8,0.067,0.8459,0.3106,0.8304,1
RD-GHY-SHL-07,98.0,16.975637941259837,1680.1467020847278,7.33,18.95,31.1,0.113,2.96,2,0.092,0.5143,0.3298,0.4806,0
RD-SELA-TWG-06,78.0,26.753811692249823,3188.2208241688886,55.21,166.04,18.8,0.603,1.6,6,0.353,0.9674,0.637,0.9767,1
RD-TEZ-BHK-02,54.0,13.485355959263718,190.13318298629707,191.59,834.93,30.6,1.0,0.05,3,1.0,0.9923,1.0,1.0,1
RD-TEZ-BHK-02,54.0,8.186030506181702,207.18343612149295,7.65,24.64,25.2,0.382,0.17,5,0.335,0.605,0.9328,0.9125,1
RD-GHY-ITA-09,320.0,4.160153761099341,436.4057015832284,11.09,43.67,32.9,0.196,1.04,2,0.182,0.4564,0.6219,0.5992,0
RD-GHY-NAG-10,345.0,22.3229479421337,1570.4644217167397,95.51,323.93,27.5,1.0,0.84,7,0.595,0.99,0.8702,1.0,1
RD-GHY-ITA-09,320.0,4.286539096562857,398.7059688102405,7.37,25.81,29.9,0.136,1.32,3,0.144,0.4673,0.5536,0.5374,0
RD-GHY-SHL-07,98.0,14.561992654623532,1616.1062212056,42.22,133.9,24.1,0.496,2.82,4,0.257,0.697,0.439,0.6563,1
RD-GHY-SHL-07,98.0,12.083568205196672,1436.9825852460137,95.04,377.75,23.8,1.0,3.02,6,0.5,0.9391,0.7832,0.9265,1
RD-SHL-SIL-08,215.0,18.861608379886533,1433.4540556130949,31.58,124.07,21.4,0.714,0.43,9,0.362,0.9153,0.8403,0.9584,1
RD-GHY-SHL-07,98.0,14.264735864649627,1505.3900324352746,163.45,632.56,4.3,1.0,2.97,2,0.82,0.9295,0.9327,0.9408,1
RD-SHL-SIL-08,215.0,21.58377725684972,1401.5997255348273,118.49,486.02,24.5,1.0,0.57,7,0.74,0.967,0.9284,1.0,1
RD-TEZ-ITA-11,155.0,14.020529299992077,373.4332008934792,129.47,548.75,16.2,1.0,1.15,2,0.725,0.8765,0.9165,0.9215,1
RD-TEZ-BHK-02,54.0,11.941495769701572,275.55050551109457,45.35,135.41,30.5,0.751,0.16,6,0.516,0.8215,0.9203,0.9307,1
RD-GHY-ITA-09,320.0,12.475025245122835,408.51819950848267,2.45,10.17,7.8,0.084,1.17,6,0.131,0.5548,0.5721,0.5619,0
RD-TEZ-ITA-11,155.0,2.3744811347933625,348.2645522443253,203.0,784.36,32.7,1.0,1.46,3,1.0,0.9555,0.9279,0.9671,1
RD-DRG-SELA-05,62.0,29.888879488409813,4159.524519247055,34.8,113.59,27.9,0.429,2.42,9,0.231,0.8891,0.4791,0.8916,1
RD-TEZ-BHK-02,54.0,8.650859635871075,249.3546143849654,74.52,319.47,27.5,1.0,0.24,4,0.619,0.8612,0.9782,0.9928,1
RD-SELA-TWG-06,78.0,19.473473942695144,3180.9641943333263,84.32,228.37,5.7,0.811,1.78,8,0.481,0.9265,0.7537,0.9543,1
RD-BMD-DRG-04,42.0,15.815632757461897,2103.31703488205,4.5,15.76,12.3,0.103,1.19,5,0.14,0.6668,0.4261,0.6474,0
RD-TEZ-ITA-11,155.0,7.643666583534625,351.6129596698397,3.33,9.55,31.2,0.082,1.21,3,0.133,0.4386,0.5739,0.5476,0
RD-DRG-SELA-05,62.0,29.617582719475614,4153.991103912914,5.1,13.16,10.8,0.094,2.42,8,0.092,0.8293,0.3171,0.8164,1
RD-TEZ-ITA-11,155.0,2.71438729762381,369.49860056430174,98.66,373.63,26.3,1.0,1.91,2,0.543,0.8523,0.8662,0.869,1
RD-BMD-DRG-04,42.0,19.62101676024152,2080.0567774259557,0.53,1.77,7.5,0.056,1.0,4,0.136,0.6341,0.4674,0.6215,0
RD-BHK-BMD-03,96.0,25.013118534673904,2514.8387149881223,25.57,64.55,7.1,0.515,0.22,7,0.396,0.8455,0.9203,0.957,1
RD-GHY-GTK-12,540.0,20.343557671296587,1709.2552945273503,12.9,63.94,23.4,0.513,0.4,8,0.283,0.846,0.7766,0.8777,1
RD-DRG-SELA-05,62.0,29.409973116016353,4216.336636102409,194.23,728.15,16.1,1.0,2.37,7,0.976,1.0,0.9381,1.0,1
RD-DRG-SELA-05,62.0,32.09122860633504,4189.592370233591,5.9,23.95,17.1,0.13,2.51,9,0.094,0.8574,0.3331,0.8437,1
RD-SELA-TWG-06,78.0,20.314914434315288,3107.9291463197496,8.7,34.01,24.0,0.163,2.12,6,0.117,0.7703,0.3557,0.7579,1
RD-GHY-SHL-07,98.0,14.401294326879324,1590.3383902497444,13.45,51.12,6.4,0.22,2.99,5,0.12,0.5904,0.3282,0.5489,0
RD-GHY-NAG-10,345.0,17.619611657461583,1363.8606977249615,31.81,149.0,13.2,0.547,0.86,7,0.295,0.9046,0.6239,0.9055,1
RD-GHY-TEZ-01,178.0,6.810088925697919,126.21414245387795,3.64,17.7,6.5,0.109,0.85,0,0.165,0.3043,0.7246,0.661,1
RD-GHY-ITA-09,320.0,7.306252886400824,330.5218330442416,12.21,53.7,14.1,0.229,1.14,4,0.179,0.5792,0.6376,0.6253,0
RD-BHK-BMD-03,96.0,23.847606193405156,2476.334766914467,23.4,98.17,12.2,0.377,0.5,6,0.308,0.8017,0.753,0.83,1
RD-BMD-DRG-04,42.0,16.711082956590776,2134.507152898721,164.12,817.13,21.0,1.0,1.04,4,0.896,1.0,0.9528,1.0,1
RD-GHY-GTK-12,540.0,18.51375596829322,1597.7322777577438,149.97,635.72,9.8,1.0,0.05,7,1.0,0.9898,1.0,1.0,1
RD-BMD-DRG-04,42.0,16.83571339115518,2100.6808203949013,3.37,14.44,20.4,0.098,1.37,5,0.123,0.6462,0.41,0.627,0
RD-GHY-ITA-09,320.0,7.958967709992402,430.1838204544829,51.33,234.09,27.6,0.83,1.03,3,0.37,0.7796,0.7585,0.7794,1
RD-GHY-GTK-12,540.0,23.873680374069494,1598.69610264116,39.56,155.08,10.4,0.567,0.5,7,0.384,0.9157,0.847,0.9546,1
RD-SELA-TWG-06,78.0,27.603275827393727,3127.732592426718,53.24,133.84,30.1,0.496,1.91,7,0.332,0.8668,0.5738,0.8734,1
RD-SELA-TWG-06,78.0,22.841818356042097,3185.702127977729,26.76,121.42,33.5,0.455,1.59,8,0.221,0.8692,0.5024,0.8664,1
RD-GHY-SHL-07,98.0,12.595097822369624,1525.0979151902807,127.18,471.32,32.9,1.0,2.77,4,0.655,0.9271,0.8349,0.9222,1
RD-GHY-GTK-12,540.0,16.751043463305862,1638.1430566634426,22.67,90.53,19.3,0.602,0.05,7,0.469,0.8675,0.9788,1.0,1
RD-SHL-SIL-08,215.0,21.798498821716755,1472.1410737375736,28.94,77.58,17.1,0.559,0.28,6,0.392,0.8354,0.9289,0.971,1
RD-GHY-ITA-09,320.0,6.903732419536702,309.32586217984675,176.22,530.1,15.3,1.0,0.9,4,0.965,0.9145,1.0,1.0,1
RD-BHK-BMD-03,96.0,27.77607560558826,2525.5944966460956,270.56,985.17,32.1,1.0,0.39,8,1.0,0.9873,1.0,1.0,1
RD-BHK-BMD-03,96.0,23.99131620408204,2447.437753070641,68.08,339.43,11.3,1.0,0.05,8,0.681,0.9873,1.0,1.0,1
RD-GHY-GTK-12,540.0,16.76678422037921,1628.2244550062094,84.0,276.86,29.8,1.0,0.32,8,0.635,0.987,0.9389,1.0,1
RD-TEZ-ITA-11,155.0,2.5423804097994225,363.1605509045247,12.98,42.03,9.8,0.19,1.77,3,0.149,0.4152,0.6074,0.5761,0
RD-SELA-TWG-06,78.0,24.70003008516807,3218.934711866846,156.85,488.67,24.1,1.0,1.84,8,0.817,0.9394,0.8645,0.9823,1
RD-GHY-SHL-07,98.0,13.949163332851619,1533.533878044653,27.05,100.17,33.0,0.384,2.99,3,0.184,0.6489,0.4391,0.6124,0
RD-GHY-SHL-07,98.0,11.638747512055026,1588.658402269864,50.48,236.01,11.5,0.837,2.63,2,0.3,0.7541,0.5996,0.7268,1
RD-GHY-GTK-12,540.0,17.56382653875812,1620.4270324492245,117.85,329.18,8.0,1.0,0.36,7,0.783,0.9753,0.9529,1.0,1
RD-SELA-TWG-06,78.0,21.866764689001037,3225.3011303448525,24.9,90.39,25.8,0.351,2.12,8,0.192,0.8568,0.4308,0.8456,1
RD-GHY-NAG-10,345.0,13.50588361856445,1514.4891600895503,15.5,42.58,26.7,0.192,1.05,6,0.201,0.7826,0.5937,0.7869,1
RD-BHK-BMD-03,96.0,30.18242822066287,2463.88857590815,174.07,555.78,23.2,1.0,0.58,7,0.997,1.0,0.9775,1.0,1
RD-SELA-TWG-06,78.0,24.31052033943321,3162.536262758814,7.9,38.59,31.1,0.179,1.66,6,0.129,0.7992,0.3894,0.788,1
RD-GHY-NAG-10,345.0,17.43081961794685,1531.8577973467268,21.81,105.83,14.3,0.403,0.95,7,0.24,0.7878,0.6493,0.7984,1
RD-GHY-NAG-10,345.0,19.617393293888988,1511.4502276145324,18.02,57.35,14.3,0.241,0.87,6,0.23,0.8037,0.6141,0.8091,1
RD-GHY-SHL-07,98.0,14.967041714541269,1581.6368265153526,169.45,566.42,8.6,1.0,2.96,3,0.849,0.8853,0.9647,0.9661,1
RD-GHY-SHL-07,98.0,15.944825719598672,1467.9612883288648,173.32,668.58,9.4,1.0,3.02,4,0.866,1.0,0.9309,1.0,1
RD-GHY-SHL-07,98.0,15.241588053744248,1595.3672503939406,141.26,484.82,32.9,1.0,2.76,3,0.72,0.9351,0.8996,0.939,1
RD-TEZ-BHK-02,54.0,16.384194010151166,205.91096488697937,86.07,358.02,23.5,1.0,0.21,3,0.683,0.894,0.9672,0.9868,1
RD-SHL-SIL-08,215.0,21.137784337741117,1422.864897159296,84.9,345.61,24.1,1.0,0.64,6,0.572,0.966,0.9274,1.0,1
RD-DRG-SELA-05,62.0,31.005878629651335,4190.796425439199,142.8,558.21,15.7,1.0,2.33,7,0.737,1.0,0.8854,1.0,1
RD-TEZ-BHK-02,54.0,13.749188338372571,258.6564498682849,26.96,81.9,33.9,0.573,0.5,8,0.326,0.8383,0.8432,0.8577,1
RD-BHK-BMD-03,96.0,29.92832927540003,2478.2609223911036,218.01,617.52,24.7,1.0,0.64,7,1.0,0.961,1.0,1.0,1
RD-GHY-GTK-12,540.0,18.55473704022666,1725.6442810260196,13.22,60.99,17.1,0.503,0.24,8,0.331,0.9031,0.9334,0.9799,1
RD-GHY-TEZ-01,178.0,1.0,120.98247854645514,157.27,416.43,15.6,1.0,0.7,2,0.9,0.8838,1.0,0.9946,1
RD-TEZ-BHK-02,54.0,10.970874723239566,238.0973509733025,51.95,235.56,13.7,1.0,0.05,4,0.605,0.8561,1.0,1.0,1
RD-GHY-SHL-07,98.0,18.907731878257174,1537.6665630433552,2.97,14.22,16.1,0.097,2.83,2,0.074,0.5798,0.3986,0.5455,0
RD-BMD-DRG-04,42.0,17.689489276092242,2232.249403106369,34.89,139.99,22.5,0.517,0.99,4,0.297,0.803,0.5899,0.7916,1
RD-GHY-ITA-09,320.0,4.164832122776276,279.3326502900646,69.51,216.75,9.8,0.773,1.04,2,0.455,0.7433,0.9122,0.9051,1
RD-GHY-TEZ-01,178.0,2.474069422043695,94.94815114910074,10.83,44.5,6.9,0.198,0.74,1,0.212,0.3164,0.8526,0.7771,1
RD-GHY-TEZ-01,178.0,1.5199952654782,50.29176766705262,165.23,429.3,12.5,1.0,0.75,1,0.931,0.9135,1.0,0.999,1
RD-GHY-SHL-07,98.0,14.146121357761565,1565.3335312066222,23.46,69.72,7.5,0.282,3.13,3,0.165,0.611,0.3493,0.5694,0
RD-TEZ-BHK-02,54.0,13.114549224781486,282.09211550021627,180.41,652.77,15.2,1.0,0.51,5,1.0,0.9513,0.9819,1.0,1
RD-GHY-SHL-07,98.0,14.118539924220022,1565.5395258348383,63.15,305.38,27.1,1.0,3.05,4,0.351,0.8643,0.5647,0.8259,1
RD-TEZ-BHK-02,54.0,12.875163653398712,270.8244187394091,46.43,162.17,16.0,0.841,0.06,4,0.571,0.7776,1.0,1.0,1
RD-BMD-DRG-04,42.0,19.00024619013525,2120.8342417874037,169.06,550.74,5.9,1.0,1.42,6,0.893,1.0,0.958,1.0,1
RD-BMD-DRG-04,42.0,15.356416227178014,2030.288369606693,20.35,91.83,27.6,0.356,1.27,4,0.208,0.723,0.4958,0.7063,1
RD-GHY-GTK-12,540.0,16.69246840907847,1625.9518293354606,1.69,5.33,11.7,0.318,0.05,8,0.372,0.8518,1.0,1.0,1
RD-BHK-BMD-03,96.0,24.174330114244444,2461.578367885351,59.62,207.76,10.7,0.993,0.33,6,0.52,0.939,0.9411,0.9905,1
RD-DRG-SELA-05,62.0,29.108452384762266,4136.704547643814,43.27,119.46,33.3,0.448,2.6,7,0.266,0.9316,0.4967,0.9333,1
RD-GHY-ITA-09,320.0,5.433954197375204,404.5663814257782,9.43,25.31,16.7,0.134,0.82,3,0.195,0.4667,0.6348,0.612,0
RD-SHL-SIL-08,215.0,14.650265068676068,1383.754812525885,3.39,9.26,11.8,0.331,0.4,6,0.238,0.7343,0.7849,0.8187,1
RD-GHY-TEZ-01,178.0,6.0086204383011115,93.37871541288688,77.94,362.08,13.0,1.0,1.04,2,0.494,0.7657,0.9636,0.9417,1
RD-SHL-SIL-08,215.0,29.54167591766548,1477.7359359097447,102.25,436.97,14.2,1.0,0.65,7,0.651,0.9878,0.9556,1.0,1
RD-GHY-SHL-07,98.0,13.029890406714461,1585.4192463148138,29.62,120.66,14.7,0.452,2.88,2,0.197,0.6827,0.4886,0.6483,0
RD-BMD-DRG-04,42.0,15.886048997869155,2140.6037661778323,32.53,124.24,29.5,0.464,1.12,5,0.276,0.7974,0.6015,0.7877,1
RD-GHY-NAG-10,345.0,21.161964961067792,1414.0960453817336,23.18,84.31,28.2,0.331,0.93,7,0.248,0.884,0.5942,0.8822,1
RD-SHL-SIL-08,215.0,20.426769664413392,1386.1000476958425,2.41,9.71,15.4,0.082,0.58,8,0.197,0.8163,0.711,0.8459,1
RD-GHY-TEZ-01,178.0,3.5678757899149924,54.45465767002093,47.6,187.22,30.7,0.674,0.71,1,0.387,0.6095,0.8911,0.851,1
RD-DRG-SELA-05,62.0,25.870712682880043,4162.121696426879,40.65,121.48,4.3,0.455,2.12,9,0.266,0.8733,0.5324,0.884,1
RD-SHL-SIL-08,215.0,19.410708749294354,1294.6703131255342,24.17,111.84,21.5,0.673,0.36,7,0.346,0.8975,0.8901,0.9478,1
RD-GHY-GTK-12,540.0,18.36875266937864,1614.7581891660625,35.42,155.87,24.9,0.82,0.11,7,0.494,0.9144,1.0,1.0,1
RD-GHY-SHL-07,98.0,16.358742418611858,1580.1525392574472,130.78,473.84,20.6,1.0,2.85,2,0.67,0.8939,0.8786,0.8957,1
RD-BHK-BMD-03,96.0,28.257407630600856,2522.8666402067556,2.97,9.32,17.5,0.081,0.94,8,0.153,0.8017,0.4526,0.7938,1
RD-BHK-BMD-03,96.0,36.07902185624892,2413.858701793744,13.25,59.16,14.8,0.497,0.22,8,0.34,0.8849,0.9154,0.9576,1
RD-GHY-GTK-12,540.0,24.85847106891287,1640.5305588790034,46.79,198.13,30.3,0.96,0.16,9,0.523,0.9169,0.9784,1.0,1
RD-GHY-SHL-07,98.0,15.031811170896649,1667.7061693196888,66.61,288.15,10.7,1.0,3.1,2,0.366,0.8272,0.6963,0.8075,1
RD-BHK-BMD-03,96.0,23.61642678450126,2488.9500591379315,60.71,174.58,22.3,0.882,0.21,7,0.564,0.9284,0.9228,0.9756,1
RD-TEZ-BHK-02,54.0,11.668903808100058,219.31532822617245,76.23,282.2,31.4,1.0,0.1,6,0.688,0.9335,0.9711,0.9964,1
RD-GHY-TEZ-01,178.0,3.923019278045901,138.57456810033764,109.13,273.17,28.4,0.961,0.69,4,0.677,0.8534,0.9973,0.9874,1
RD-BHK-BMD-03,96.0,27.23881668306189,2570.7379938033177,11.88,41.34,9.3,0.188,0.54,6,0.247,0.815,0.6961,0.8359,1
RD-TEZ-ITA-11,155.0,5.650625711490075,368.8256099185802,33.73,137.87,6.1,0.51,1.26,1,0.271,0.521,0.6797,0.6529,1
RD-TEZ-ITA-11,155.0,2.8015253095494255,326.7410623841601,24.17,82.32,17.6,0.324,1.58,2,0.209,0.4596,0.6283,0.5994,0
RD-GHY-GTK-12,540.0,20.23453132556988,1590.699368639635,9.6,36.37,14.8,0.421,0.28,7,0.3,0.8007,0.8204,0.8558,1
RD-BMD-DRG-04,42.0,16.16281470108663,2129.320312825139,75.19,194.28,33.8,0.698,1.26,4,0.465,0.8815,0.738,0.8849,1
RD-GHY-SHL-07,98.0,13.506403199583083,1589.7220554496364,29.04,84.18,31.9,0.331,2.97,2,0.193,0.637,0.4794,0.6052,0
RD-GHY-ITA-09,320.0,8.354510387067533,369.7647762231069,185.66,665.97,10.0,1.0,0.99,4,1.0,0.9222,0.9606,0.9774,1
RD-SELA-TWG-06,78.0,25.255846179231803,3223.1510399000363,163.08,672.85,6.7,1.0,1.76,8,0.85,0.9849,0.9351,1.0,1
RD-TEZ-BHK-02,54.0,13.799210649742935,302.01178516374546,37.87,163.92,18.9,0.846,0.1,5,0.512,0.8373,1.0,1.0,1
RD-SELA-TWG-06,78.0,28.29207862542458,3198.7782691719,32.02,94.7,12.9,0.366,1.84,6,0.235,0.8356,0.4761,0.832,1
RD-BHK-BMD-03,96.0,24.979217276794756,2455.4562726382683,116.23,400.43,25.3,1.0,0.11,9,0.873,0.9332,0.9986,1.0,1
RD-GHY-ITA-09,320.0,2.3218121214377234,383.6708113709131,182.29,829.79,30.2,1.0,1.57,5,0.948,0.9726,0.9746,0.9986,1
RD-GHY-TEZ-01,178.0,2.893309687341781,10.0,143.33,614.21,11.7,1.0,0.71,3,0.834,0.8728,0.972,0.9655,1
RD-GHY-GTK-12,540.0,19.919336193299436,1634.5689455824547,6.5,30.49,18.4,0.402,0.2,9,0.315,0.8261,0.907,0.9433,1
RD-SHL-SIL-08,215.0,21.742894234730304,1366.4052522434124,123.1,333.74,25.0,1.0,0.54,7,0.766,0.9861,0.9435,1.0,1
RD-GHY-GTK-12,540.0,25.358053478155085,1556.1719145098332,13.39,41.47,27.6,0.438,0.16,8,0.368,0.8602,0.9027,0.9437,1
RD-BMD-DRG-04,42.0,14.970736482373665,2075.275535794353,10.53,41.74,22.0,0.189,1.43,4,0.153,0.6282,0.4265,0.6122,0
RD-GHY-TEZ-01,178.0,4.700762648314012,64.72991969028314,37.58,168.6,22.1,0.612,0.59,2,0.359,0.5622,0.932,0.8828,1
RD-GHY-GTK-12,540.0,27.962004476152693,1595.4444325501775,57.34,146.88,14.2,0.79,0.3,8,0.518,0.913,0.9125,0.9611,1
RD-SELA-TWG-06,78.0,28.897483704225717,3229.955050654154,22.19,62.91,23.5,0.26,1.7,8,0.194,0.8801,0.4188,0.8653,1
RD-SHL-SIL-08,215.0,19.77010554339699,1432.3443277906981,16.86,82.86,27.8,0.576,0.23,7,0.352,0.9124,0.9121,0.9653,1
RD-TEZ-BHK-02,54.0,13.287188177764351,275.9659141466759,151.93,415.96,29.1,1.0,0.2,5,0.996,1.0,0.9751,1.0,1
RD-TEZ-ITA-11,155.0,12.003309244595211,301.9493723575323,213.62,789.02,29.7,1.0,1.41,2,1.0,0.9893,0.9673,1.0,1
RD-SHL-SIL-08,215.0,22.511851526323735,1309.8174408812145,184.87,857.47,20.1,1.0,0.26,6,1.0,0.9483,0.9961,1.0,1
RD-DRG-SELA-05,62.0,35.6107037511363,4174.9552190601225,5.53,17.36,31.3,0.108,2.99,8,0.083,0.8879,0.3477,0.873,1
RD-BHK-BMD-03,96.0,26.006442056614084,2465.2924636979183,23.51,84.34,19.8,0.581,0.05,6,0.473,0.8479,0.9775,1.0,1
RD-GHY-NAG-10,345.0,17.864268118095815,1415.8282828500073,140.31,696.35,26.5,1.0,0.91,6,0.797,0.9549,0.9772,1.0,1
RD-DRG-SELA-05,62.0,28.766369937557673,4172.3659869022,201.06,698.27,4.1,1.0,2.43,10,1.0,1.0,0.9792,1.0,1
RD-GHY-GTK-12,540.0,27.52069035267049,1707.4854511908397,63.33,223.5,22.8,1.0,0.49,8,0.497,0.9304,0.8406,0.9681,1
RD-TEZ-BHK-02,54.0,8.283508346093287,176.34428998873875,48.37,201.54,18.3,0.972,0.36,3,0.457,0.8272,0.9338,0.9445,1
RD-GHY-TEZ-01,178.0,7.05060211567528,149.0736585265132,32.65,99.98,4.4,0.383,0.66,1,0.325,0.454,0.87,0.8108,1
RD-BHK-BMD-03,96.0,27.542435974145288,2400.2822559386823,23.0,86.21,18.2,0.587,0.23,7,0.382,0.9366,0.8919,0.9794,1
RD-BHK-BMD-03,96.0,24.231962773344723,2374.0771717656066,143.56,593.87,22.1,1.0,0.46,9,0.878,0.9312,0.9737,1.0,1
RD-GHY-TEZ-01,178.0,5.858605418524181,117.0069582756249,22.79,105.79,9.5,0.403,0.69,1,0.274,0.4381,0.9031,0.839,1
RD-GHY-ITA-09,320.0,11.187561704562174,339.29287055418047,118.77,585.85,30.4,1.0,1.08,4,0.681,0.9461,0.9384,0.9653,1
RD-GHY-GTK-12,540.0,19.495472304501153,1679.198694252783,94.61,269.79,33.2,1.0,0.37,9,0.67,0.9762,0.9213,1.0,1
RD-TEZ-ITA-11,155.0,7.7745774981189495,325.242426455425,8.24,23.92,7.0,0.13,1.5,4,0.138,0.4271,0.5967,0.5674,0
RD-TEZ-ITA-11,155.0,5.171032863510316,293.5057250482774,28.38,89.0,9.1,0.347,1.6,3,0.227,0.4641,0.6947,0.6609,1
RD-TEZ-ITA-11,155.0,9.478034734932859,349.9199114098386,25.72,111.5,28.7,0.422,1.32,3,0.23,0.6101,0.71,0.6905,1
RD-GHY-SHL-07,98.0,17.032244892073894,1602.2771679192674,42.64,180.15,19.5,0.651,2.88,5,0.258,0.7917,0.548,0.756,1
RD-SHL-SIL-08,215.0,30.14730681136125,1412.6484967030879,114.53,371.72,30.3,1.0,0.64,10,0.71,0.9659,0.9528,1.0,1
RD-GHY-TEZ-01,178.0,1.2694998190410565,77.08191632847604,98.11,388.79,16.1,1.0,0.9,2,0.601,0.782,0.9283,0.9099,1
RD-GHY-SHL-07,98.0,8.354806390649603,1471.1752220530382,113.8,497.72,11.3,1.0,2.98,2,0.589,0.8047,0.8102,0.8044,1
RD-BMD-DRG-04,42.0,14.626578808845464,2103.8096227760325,45.92,150.25,17.4,0.551,1.2,7,0.332,0.8601,0.6254,0.8497,1
RD-BMD-DRG-04,42.0,20.603244515217725,2106.9634333025992,123.96,602.79,4.4,1.0,1.05,5,0.708,0.9989,0.9777,1.0,1
RD-GHY-TEZ-01,178.0,6.963454374004487,141.9699189469047,72.72,220.12,28.8,0.784,1.05,1,0.469,0.7237,0.9126,0.8867,1
RD-GHY-TEZ-01,178.0,6.099229086176614,119.78222783398742,30.91,144.37,10.5,0.531,0.9,1,0.288,0.5272,0.819,0.7729,1
RD-BMD-DRG-04,42.0,12.11992400687381,2042.8930497686442,12.54,40.28,24.8,0.184,1.32,5,0.169,0.6621,0.4389,0.6444,0
RD-TEZ-BHK-02,54.0,11.230101761403477,217.06450333494868,144.1,432.34,22.4,1.0,0.46,3,0.882,0.9283,0.9382,0.9631,1
RD-TEZ-BHK-02,54.0,10.917271312803857,255.43641637654528,12.09,59.91,9.8,0.5,0.19,3,0.344,0.6285,0.9821,0.9624,1
RD-TEZ-ITA-11,155.0,7.45341118030359,316.2519092826289,252.23,874.73,10.6,1.0,1.39,2,1.0,0.9968,0.9332,1.0,1
RD-BHK-BMD-03,96.0,28.599001279355,2488.4365151300844,136.23,511.78,23.7,1.0,0.62,7,0.815,0.9829,0.9341,1.0,1
RD-GHY-ITA-09,320.0,11.063838114987064,364.07747366888265,176.64,862.37,15.5,1.0,0.98,6,0.959,0.8891,0.9807,0.9924,1
RD-SELA-TWG-06,78.0,24.350784699547667,3173.1464769994955,27.8,103.36,29.4,0.395,1.47,8,0.231,0.9335,0.478,0.9224,1
RD-TEZ-ITA-11,155.0,12.085287968477463,326.3521350911423,90.37,270.19,9.2,0.951,1.34,3,0.53,0.8434,0.87,0.8716,1
RD-BMD-DRG-04,42.0,15.551173550527732,2128.7288950425104,9.04,39.95,15.0,0.183,1.23,6,0.158,0.6973,0.4345,0.6761,1
RD-GHY-SHL-07,98.0,16.48265449112341,1483.171269051504,4.17,11.08,7.1,0.087,2.86,2,0.079,0.5116,0.3498,0.4797,0
RD-TEZ-BHK-02,54.0,13.23277426090268,246.24259902423213,196.43,740.61,18.3,1.0,0.25,4,1.0,0.9757,0.9593,1.0,1
RD-TEZ-BHK-02,54.0,8.861424174643867,230.61077961904638,35.49,154.76,6.5,0.566,0.54,3,0.358,0.7368,0.9115,0.9106,1
RD-BHK-BMD-03,96.0,30.05214783951113,2428.687973162881,182.56,656.54,20.2,1.0,0.05,7,1.0,0.9786,1.0,1.0,1
RD-TEZ-ITA-11,155.0,5.014436047499361,397.4174307658771,28.08,81.16,18.2,0.321,1.86,2,0.216,0.5195,0.6406,0.6165,0
RD-GHY-SHL-07,98.0,12.082273286410611,1490.978241017236,172.71,554.2,11.9,1.0,2.95,4,0.864,0.9613,0.9577,0.9732,1
RD-BMD-DRG-04,42.0,16.2711146700125,2106.4370288256086,147.48,702.91,32.7,1.0,1.18,5,0.807,0.9582,0.9213,0.9849,1
RD-DRG-SELA-05,62.0,30.96058096630044,4170.745722477771,34.62,135.3,32.9,0.501,2.7,8,0.224,0.8653,0.5054,0.8731,1
RD-SELA-TWG-06,78.0,23.708968826448324,3209.7459026777583,142.33,498.03,11.6,1.0,2.09,9,0.741,0.9855,0.8866,1.0,1
RD-BMD-DRG-04,42.0,15.423379222373066,2085.054955816304,101.86,362.59,13.5,1.0,1.14,5,0.597,0.9757,0.8667,0.9942,1
RD-GHY-NAG-10,345.0,18.60180955599335,1480.808972435879,32.16,146.85,12.0,0.54,0.9,8,0.293,0.9187,0.6295,0.9196,1
RD-TEZ-BHK-02,54.0,12.396370613476837,330.8427828953931,22.36,64.13,9.6,0.264,0.52,5,0.3,0.7248,0.8046,0.8064,1
RD-GHY-NAG-10,345.0,13.305114513572105,1533.9892179357432,164.86,520.12,13.8,1.0,1.07,7,0.896,0.9612,0.9598,1.0,1
RD-TEZ-BHK-02,54.0,6.779235846499526,191.93559868593118,54.9,256.95,23.0,1.0,0.38,5,0.483,0.8428,0.9618,0.9741,1
RD-TEZ-ITA-11,155.0,6.435732466796667,263.5570411368896,55.37,211.2,32.0,0.754,1.46,3,0.361,0.6615,0.8181,0.7986,1
RD-TEZ-ITA-11,155.0,6.48200139765036,309.89775715305535,1.8,5.3,5.1,0.068,1.39,2,0.114,0.3297,0.5381,0.506,0
RD-GHY-GTK-12,540.0,27.030257138400213,1652.8019410837771,198.38,983.59,22.1,1.0,0.36,10,1.0,1.0,0.9321,1.0,1
RD-BHK-BMD-03,96.0,23.01435950995081,2491.5123123674043,51.48,153.27,17.0,0.561,0.72,7,0.404,0.9389,0.8044,0.9694,1
RD-GHY-GTK-12,540.0,19.57857029320264,1656.2176824585715,72.7,314.97,8.2,1.0,0.05,8,0.703,0.9048,0.9612,1.0,1
RD-TEZ-ITA-11,155.0,7.5788857631599456,252.31538920590185,103.93,397.41,25.2,1.0,1.7,3,0.576,0.89,0.9189,0.9258,1
RD-SELA-TWG-06,78.0,20.638404342228963,3285.405668495004,108.82,501.02,5.1,1.0,1.9,8,0.591,0.9315,0.7978,0.9653,1
RD-GHY-NAG-10,345.0,19.398637543900485,1473.0899018487714,9.63,28.41,22.9,0.145,0.88,6,0.19,0.7776,0.5856,0.7812,1
RD-GHY-ITA-09,320.0,6.980685867975185,511.1464221242776,36.05,97.84,30.5,0.376,1.38,2,0.274,0.6154,0.671,0.6603,1
RD-BMD-DRG-04,42.0,15.9023291914791,2028.0590351236672,8.33,31.88,26.4,0.156,0.86,4,0.186,0.6471,0.5161,0.6382,0
RD-GHY-GTK-12,540.0,15.110733311841528,1612.0334964410579,59.69,194.69,15.5,0.949,0.23,10,0.553,0.9677,0.9889,1.0,1
RD-BMD-DRG-04,42.0,11.839916306511569,2123.8074331206867,149.85,550.52,13.2,1.0,0.82,4,0.85,0.9598,0.9685,1.0,1
RD-TEZ-BHK-02,54.0,13.431410487081939,211.18206699301658,20.51,54.44,22.9,0.231,0.54,3,0.288,0.6125,0.8278,0.8147,1
RD-GHY-GTK-12,540.0,19.525389343620375,1709.782033194755,18.56,58.13,6.5,0.494,0.1,9,0.422,0.919,0.9384,0.987,1
RD-BMD-DRG-04,42.0,3.1138270477959846,2004.5865297260602,18.58,75.18,32.4,0.301,1.35,5,0.195,0.6291,0.4879,0.6188,0
RD-GHY-TEZ-01,178.0,4.708337765043944,150.3054854342883,191.11,894.48,13.9,1.0,0.61,1,1.0,0.9227,1.0,1.0,1
RD-SHL-SIL-08,215.0,22.005295333843723,1446.335917895061,50.32,215.48,26.7,0.768,0.65,9,0.408,0.9588,0.8531,1.0,1
RD-BHK-BMD-03,96.0,21.22046271623381,2471.1267712427516,60.33,168.68,13.5,0.862,0.3,8,0.532,0.8938,0.8962,0.9399,1
RD-TEZ-ITA-11,155.0,3.3318328783364155,337.63882726991886,148.73,432.77,17.9,1.0,1.63,2,0.788,0.926,1.0,1.0,1
RD-GHY-GTK-12,540.0,20.43133604800595,1661.1643645211968,4.22,11.32,28.9,0.338,0.3,7,0.271,0.8602,0.8586,0.9019,1
RD-SHL-SIL-08,215.0,24.07938842706842,1343.0704175924961,72.13,235.55,9.8,0.835,0.99,6,0.471,0.9663,0.8184,1.0,1
RD-SELA-TWG-06,78.0,21.48461980990657,3206.882150832971,222.92,796.71,22.9,1.0,1.71,6,1.0,1.0,1.0,1.0,1
RD-SELA-TWG-06,78.0,24.402970369135218,3198.7158889074653,12.51,42.87,6.7,0.193,1.21,8,0.176,0.784,0.4702,0.7837,1
RD-GHY-TEZ-01,178.0,1.2911077798187582,116.17400594544236,48.37,232.55,4.1,0.825,0.82,1,0.377,0.5634,0.8847,0.8388,1
RD-GHY-SHL-07,98.0,13.134598031263062,1594.1902398446487,16.65,42.25,19.3,0.191,3.02,3,0.135,0.5167,0.3833,0.4869,0
RD-DRG-SELA-05,62.0,34.9878204940534,4174.204673063984,14.12,65.85,22.7,0.269,2.98,7,0.123,0.8832,0.3459,0.8686,1
RD-BMD-DRG-04,42.0,15.035853439479848,2072.744389294057,9.78,31.23,5.8,0.154,1.0,5,0.179,0.6705,0.5077,0.659,1
RD-SELA-TWG-06,78.0,27.586637770620783,3275.3666709759887,87.11,354.57,4.8,1.0,1.62,7,0.501,0.931,0.7916,0.9639,1
RD-BMD-DRG-04,42.0,19.414431884919274,2105.0073664729302,83.88,296.35,22.9,1.0,0.83,5,0.542,0.9871,0.7862,0.9935,1
RD-TEZ-ITA-11,155.0,2.939511465817315,283.8504135944513,43.82,110.93,23.8,0.42,1.44,2,0.307,0.5233,0.754,0.7221,1
RD-TEZ-ITA-11,155.0,6.759119411353392,222.61024880221606,37.96,169.18,29.8,0.614,1.73,3,0.267,0.6842,0.7675,0.7531,1
RD-BMD-DRG-04,42.0,13.765090768983661,2162.3897566662167,22.66,80.86,17.7,0.32,0.85,5,0.254,0.7329,0.5725,0.7239,1
RD-GHY-SHL-07,98.0,15.761015098154417,1590.2132870601217,53.25,210.14,15.1,0.75,3.37,3,0.3,0.8124,0.5062,0.7703,1
RD-BHK-BMD-03,96.0,26.311103143486893,2377.8849381734085,24.93,64.24,15.5,0.514,0.22,6,0.393,0.8756,0.9328,0.9734,1
RD-GHY-TEZ-01,178.0,4.18763764547708,185.36349830749728,219.15,664.91,16.6,1.0,0.84,2,1.0,0.9795,0.9718,0.9873,1
RD-SHL-SIL-08,215.0,22.48849097256989,1418.1592924878303,96.07,376.39,29.3,1.0,0.4,6,0.67,0.9446,0.9362,1.0,1
RD-BMD-DRG-04,42.0,18.858259635030745,2116.193929020327,88.19,323.75,16.0,1.0,1.28,5,0.524,0.8767,0.8155,0.8905,1
RD-BHK-BMD-03,96.0,29.83256655368645,2479.247939901109,0.08,0.24,13.3,0.051,0.54,7,0.193,0.8556,0.5955,0.8617,1
RD-BHK-BMD-03,96.0,27.846596134492167,2417.793625381953,94.98,246.61,14.0,0.872,0.53,7,0.638,0.9579,0.87,0.9972,1
RD-GHY-NAG-10,345.0,20.48493694147161,1475.4273186224666,5.33,26.19,20.9,0.137,0.76,6,0.183,0.788,0.5492,0.7867,1
RD-BMD-DRG-04,42.0,16.331315384775213,2056.4833154311227,161.82,615.93,5.3,1.0,1.28,5,0.867,0.9665,0.9516,0.9975,1
RD-TEZ-BHK-02,54.0,12.591071817405552,160.04810514584113,8.74,31.49,14.7,0.405,0.19,4,0.332,0.608,0.9826,0.9599,1
RD-SHL-SIL-08,215.0,27.591608436051892,1378.1890408833895,10.14,42.96,33.0,0.193,0.84,8,0.197,0.8727,0.6831,0.8962,1
RD-GHY-GTK-12,540.0,25.56678697170867,1646.5267232625745,200.21,776.94,32.4,1.0,0.06,7,1.0,1.0,0.958,1.0,1
RD-GHY-SHL-07,98.0,15.6491647730802,1576.2926450570374,174.13,557.04,12.2,1.0,2.82,3,0.873,0.9686,0.953,0.9798,1
RD-BMD-DRG-04,42.0,18.203996642533273,2092.5751399886017,31.57,135.46,21.9,0.502,1.11,5,0.271,0.8555,0.6252,0.8454,1
RD-GHY-NAG-10,345.0,14.982478527189851,1519.476911241687,65.7,250.54,10.5,0.885,0.64,7,0.483,0.9317,0.8338,0.9605,1
RD-TEZ-ITA-11,155.0,1.3044074874307015,287.18766212248283,180.98,612.92,5.4,1.0,1.37,3,0.952,0.9269,0.9782,0.9895,1
RD-SHL-SIL-08,215.0,25.43838801408018,1361.7877051263447,148.08,532.75,9.2,1.0,0.19,8,0.981,0.9225,1.0,1.0,1
RD-SELA-TWG-06,78.0,23.384946892840237,3115.2385496690245,21.36,88.72,13.2,0.346,1.57,9,0.196,0.9161,0.4686,0.9051,1
RD-BHK-BMD-03,96.0,29.48914115986252,2490.5459906781407,53.49,180.72,6.5,0.902,0.28,9,0.506,1.0,0.9207,1.0,1
RD-GHY-SHL-07,98.0,15.867987738688907,1612.0312159295472,47.98,130.38,22.5,0.485,2.76,3,0.285,0.6536,0.5872,0.6312,0
RD-GHY-GTK-12,540.0,23.810769384397727,1710.9907905580153,52.43,196.97,18.4,0.957,0.12,10,0.567,0.9737,1.0,1.0,1
RD-BHK-BMD-03,96.0,20.86097315668598,2532.7928139135165,76.9,287.35,22.0,1.0,0.63,7,0.536,0.988,0.8657,1.0,1
RD-SHL-SIL-08,215.0,26.758007263038945,1345.797063174689,222.56,786.81,27.6,1.0,0.15,9,1.0,1.0,0.9313,1.0,1
RD-GHY-SHL-07,98.0,10.027179071442234,1574.5678083328658,23.5,116.12,19.6,0.437,3.2,2,0.164,0.613,0.4464,0.5801,0
RD-TEZ-BHK-02,54.0,10.935322370030681,304.68297093054184,49.73,133.57,11.2,0.745,0.21,3,0.515,0.8234,0.9686,0.978,1
RD-DRG-SELA-05,62.0,37.1413516403026,4184.293552839923,13.35,34.05,10.0,0.164,2.27,8,0.135,0.9217,0.3829,0.9084,1
RD-BHK-BMD-03,96.0,25.886807440630584,2417.7289604234625,34.01,150.98,10.1,0.553,0.6,8,0.34,0.9479,0.7194,0.966,1
RD-BHK-BMD-03,96.0,27.673505671824028,2393.7528222232763,58.69,200.41,8.6,0.968,0.49,6,0.477,0.9365,0.8474,0.9731,1
RD-SHL-SIL-08,215.0,21.00920500150629,1435.1600855670188,4.02,17.69,27.6,0.359,0.34,9,0.257,0.8361,0.8483,0.8925,1
RD-DRG-SELA-05,62.0,34.50140546416012,4191.256348043166,4.82,15.22,24.7,0.101,2.57,8,0.088,0.9089,0.3444,0.8916,1
RD-GHY-NAG-10,345.0,15.895051698511747,1490.3429787048278,6.55,28.47,14.3,0.145,0.73,9,0.193,0.7819,0.6008,0.7871,1
RD-SELA-TWG-06,78.0,24.33880114307909,3195.2849088769785,83.97,343.02,15.0,1.0,2.13,6,0.468,0.9406,0.6971,0.9599,1
RD-SHL-SIL-08,215.0,20.861402969339863,1401.6914041370223,143.05,366.46,32.3,1.0,0.42,9,0.886,0.9894,1.0,1.0,1
RD-BMD-DRG-04,42.0,14.153687287556014,2053.561691985005,171.88,451.98,27.6,1.0,1.09,7,0.928,0.9408,0.9454,0.975,1
RD-GHY-ITA-09,320.0,13.036305131600914,436.05331391676623,60.82,168.32,31.1,0.611,1.19,3,0.402,0.8128,0.7997,0.8164,1
RD-SELA-TWG-06,78.0,20.34031823522294,3220.760401288947,4.08,16.88,9.1,0.106,1.95,7,0.101,0.7723,0.3589,0.76,1
RD-GHY-SHL-07,98.0,13.28823057669575,1481.5807167450748,1.6,7.98,13.0,0.077,3.03,4,0.064,0.4417,0.2897,0.4126,0
RD-GHY-GTK-12,540.0,22.062250299931385,1657.453485659128,42.64,204.58,6.6,0.982,0.1,7,0.532,0.9247,0.9656,1.0,1
RD-SHL-SIL-08,215.0,27.241341126791852,1408.0202493534475,22.97,71.7,18.3,0.289,0.5,7,0.307,0.8982,0.8379,0.9414,1
RD-GHY-NAG-10,345.0,18.4843639947198,1519.486924012499,135.37,640.73,26.1,1.0,0.76,6,0.79,0.9156,0.9484,0.9884,1
RD-GHY-TEZ-01,178.0,1.9437545971093613,56.28970305830404,3.07,13.59,28.9,0.095,1.06,0,0.142,0.2644,0.7381,0.6687,1
RD-TEZ-BHK-02,54.0,13.086820765955665,247.14512635856715,10.99,30.54,11.8,0.402,0.05,4,0.415,0.6805,1.0,0.9871,1
RD-GHY-NAG-10,345.0,19.509804760435465,1516.174476541722,202.9,520.64,19.9,1.0,0.83,6,1.0,0.9627,0.9924,1.0,1
RD-GHY-SHL-07,98.0,15.089421970726756,1555.5103689865648,23.13,59.03,7.1,0.247,3.01,4,0.165,0.655,0.385,0.6126,0
RD-GHY-GTK-12,540.0,23.279935259518695,1617.3406923291489,19.83,82.31,33.1,0.574,0.41,7,0.311,0.8946,0.8019,0.928,1
RD-GHY-GTK-12,540.0,17.616614099151903,1627.1373279032116,19.81,97.35,6.0,0.624,0.2,8,0.379,0.8835,0.9427,0.9863,1
RD-GHY-GTK-12,540.0,15.786957461409827,1658.9498864516445,58.74,260.28,23.8,1.0,0.05,9,0.638,0.969,0.9387,1.0,1
RD-GHY-TEZ-01,178.0,2.6733744137392463,130.36837380036923,89.87,429.38,5.3,1.0,0.75,0,0.579,0.6855,0.9784,0.9442,1
RD-GHY-SHL-07,98.0,13.169874683717413,1524.1896297870348,46.69,135.19,21.9,0.501,3.1,2,0.273,0.7362,0.4963,0.6986,1
RD-BMD-DRG-04,42.0,12.666810766062838,2216.0305641221507,52.52,164.51,33.2,0.598,0.99,4,0.38,0.8198,0.7055,0.8216,1
RD-SELA-TWG-06,78.0,22.40678685051118,3241.40888157496,1.08,3.48,12.4,0.062,1.79,6,0.092,0.7839,0.3719,0.772,1
RD-TEZ-ITA-11,155.0,7.476115999387744,311.96240799024014,167.91,495.99,32.1,1.0,1.45,1,0.886,0.9127,0.942,0.9517,1
RD-TEZ-ITA-11,155.0,7.892162536247652,291.21721707865527,21.42,81.32,5.2,0.321,1.39,2,0.206,0.5424,0.7135,0.6865,1
RD-DRG-SELA-05,62.0,29.274761442538406,4243.381130218817,15.21,38.12,22.0,0.177,2.4,10,0.14,0.8447,0.3538,0.8348,1
RD-TEZ-ITA-11,155.0,9.174158346004901,354.7144312749827,194.91,564.18,33.5,1.0,1.5,1,1.0,0.9491,0.9957,1.0,1
RD-BMD-DRG-04,42.0,16.905917480835264,2126.896645264778,6.2,15.88,8.1,0.103,1.16,4,0.15,0.6432,0.4624,0.6293,0
RD-TEZ-ITA-11,155.0,10.015418569804439,386.23546635131436,58.32,157.79,24.4,0.576,1.25,1,0.387,0.6228,0.7902,0.7675,1
RD-GHY-TEZ-01,178.0,1.0,132.66383289799012,180.49,456.56,21.6,1.0,0.98,1,0.978,0.8915,1.0,0.9957,1
RD-TEZ-BHK-02,54.0,8.2421267969757,309.9584759769901,48.54,233.79,7.9,0.829,0.51,4,0.425,0.791,0.8585,0.8666,1
RD-GHY-SHL-07,98.0,13.779366697120139,1510.5086581800408,3.13,12.84,21.5,0.093,2.98,3,0.072,0.4829,0.3944,0.4571,0
RD-GHY-NAG-10,345.0,12.242530539323866,1604.4227667080409,63.08,236.97,18.1,0.84,0.97,7,0.43,0.9242,0.7964,0.9479,1
RD-TEZ-BHK-02,54.0,9.755144695184114,299.35367048284706,62.85,186.59,13.7,0.922,0.16,4,0.594,0.8743,0.9487,0.9659,1
RD-BMD-DRG-04,42.0,22.22715547109576,2153.867051851115,22.88,91.15,23.5,0.354,1.25,5,0.221,0.7491,0.528,0.7341,1
RD-BHK-BMD-03,96.0,33.40840652061377,2458.5580875411865,52.19,142.67,13.1,0.526,0.56,7,0.432,1.0,0.8249,1.0,1
RD-DRG-SELA-05,62.0,29.372785172406477,4247.770916640434,1.39,6.2,12.3,0.071,2.64,8,0.07,0.8054,0.3545,0.7994,1
RD-GHY-ITA-09,320.0,10.732830006328696,222.2868202927454,0.65,2.99,18.4,0.06,1.21,4,0.12,0.4836,0.6819,0.657,1
RD-TEZ-ITA-11,155.0,10.743953680244815,297.28179827849954,71.41,184.04,14.7,0.663,1.38,2,0.439,0.729,0.8747,0.8611,1
RD-GHY-NAG-10,345.0,15.740127150097463,1485.66548051408,72.93,315.2,19.8,1.0,0.71,6,0.505,0.9379,0.9097,0.9772,1
RD-GHY-SHL-07,98.0,7.643168069951564,1559.10501857564,83.36,237.31,28.6,0.841,3.24,3,0.443,0.8302,0.6883,0.8094,1
RD-GHY-GTK-12,540.0,22.662643732006146,1648.531443171464,221.91,980.49,24.6,1.0,0.24,8,1.0,0.9825,0.9681,1.0,1
RD-TEZ-BHK-02,54.0,15.167552324558406,298.19459241130323,2.73,8.8,6.5,0.329,0.17,5,0.312,0.6809,0.9795,0.9677,1
RD-SELA-TWG-06,78.0,24.958304163716313,3234.8841697991106,1.5,4.06,6.9,0.064,1.48,8,0.108,0.7698,0.3841,0.7607,1
RD-DRG-SELA-05,62.0,27.20223260910322,4205.439152332912,0.35,1.49,25.5,0.055,2.56,7,0.067,0.8186,0.3279,0.808,1
RD-GHY-GTK-12,540.0,20.95099874689562,1624.578016523113,21.7,79.82,6.4,0.566,0.21,8,0.381,0.8917,0.8983,0.9437,1
RD-DRG-SELA-05,62.0,36.14974969347208,4122.968964464739,187.1,859.51,18.5,1.0,2.28,7,0.945,0.9272,0.9448,1.0,1
RD-BHK-BMD-03,96.0,23.54248084820555,2486.9778916575365,12.9,63.2,32.3,0.511,0.45,7,0.27,0.828,0.7269,0.8521,1
RD-GHY-TEZ-01,178.0,6.328082840659791,149.67996511929616,106.05,485.56,21.5,1.0,0.6,0,0.677,0.791,0.9348,0.9175,1
RD-GHY-GTK-12,540.0,16.88846045353742,1639.3861094338206,29.17,88.13,9.7,0.594,0.07,7,0.486,0.8827,0.991,1.0,1
RD-GHY-SHL-07,98.0,15.20651167920388,1553.78265835614,19.84,55.18,15.6,0.234,3.38,2,0.144,0.5628,0.3439,0.5254,0
RD-GHY-GTK-12,540.0,22.903551900391168,1662.5842086353225,7.73,29.16,10.3,0.397,0.33,8,0.278,0.8505,0.8001,0.885,1
RD-BHK-BMD-03,96.0,24.40218859845413,2464.120617346294,28.71,98.53,22.7,0.378,0.52,6,0.33,0.8801,0.8082,0.9128,1
RD-GHY-GTK-12,540.0,24.215217456534702,1729.7008704316631,149.6,680.18,20.2,1.0,0.17,10,0.998,0.9908,0.9647,1.0,1
RD-SHL-SIL-08,215.0,21.301361750264455,1507.1511410785326,142.54,441.88,17.6,1.0,0.59,9,0.848,0.9742,0.9454,1.0,1
RD-TEZ-BHK-02,54.0,11.629656065001619,288.0354976555035,56.96,196.68,24.8,0.956,0.07,3,0.617,0.8804,1.0,1.0,1
RD-BMD-DRG-04,42.0,16.368834736341842,2103.0628309403032,181.32,691.72,20.8,1.0,1.55,8,0.944,0.9899,0.9202,1.0,1
RD-GHY-TEZ-01,178.0,2.0268773658968775,72.69039060877043,67.27,243.2,20.1,0.861,0.87,0,0.46,0.6551,0.9119,0.8767,1
RD-BMD-DRG-04,42.0,17.129234230044986,2035.445989545745,18.51,51.71,26.2,0.222,1.33,6,0.196,0.7688,0.4912,0.7481,1
RD-GHY-SHL-07,98.0,10.195610737883738,1667.9792932987548,66.98,326.02,33.2,1.0,3.14,3,0.368,0.7815,0.6157,0.7544,1
RD-GHY-NAG-10,345.0,22.360849956592546,1573.3869438198706,227.61,920.91,5.4,1.0,1.29,9,1.0,0.9716,1.0,1.0,1
RD-TEZ-ITA-11,155.0,5.899837766219511,386.29234622392073,123.26,549.42,9.1,1.0,1.56,2,0.672,0.8369,0.8983,0.8983,1
RD-DRG-SELA-05,62.0,31.61582510746841,4097.194194692482,222.59,1014.66,12.5,1.0,2.32,7,1.0,0.9888,0.9291,1.0,1
RD-TEZ-BHK-02,54.0,15.60552964018989,276.2551337316933,0.56,2.01,13.2,0.307,0.23,5,0.278,0.6636,0.8896,0.8797,1
RD-SELA-TWG-06,78.0,28.24538283281862,3237.7540508356883,159.07,511.44,27.8,1.0,1.9,9,0.826,1.0,0.9556,1.0,1
RD-BMD-DRG-04,42.0,16.735370290503095,2142.0141305057546,12.76,32.87,13.8,0.16,1.56,4,0.157,0.6644,0.4494,0.6475,0
RD-TEZ-ITA-11,155.0,12.124851309099723,398.05020453750524,36.9,170.98,14.1,0.62,1.59,3,0.268,0.7305,0.6714,0.7164,1
RD-GHY-TEZ-01,178.0,2.495056037315286,145.5565251156695,190.31,478.16,18.6,1.0,0.9,1,1.0,0.9141,0.9734,0.9729,1
RD-GHY-TEZ-01,178.0,2.1066320458341323,63.299842700808014,21.3,73.05,7.4,0.293,0.77,2,0.257,0.4192,0.8344,0.7737,1
RD-GHY-TEZ-01,178.0,1.0,82.32982182756422,76.07,329.42,8.4,1.0,0.66,0,0.528,0.6994,0.9647,0.9332,1
RD-GHY-ITA-09,320.0,4.709505372633051,354.7392973020639,68.69,320.85,32.3,1.0,0.84,2,0.47,0.834,0.8757,0.8819,1
RD-GHY-SHL-07,98.0,12.175483276569242,1543.0058242856883,61.3,200.92,27.0,0.72,2.88,2,0.345,0.8015,0.6014,0.7716,1
RD-DRG-SELA-05,62.0,30.347667276275256,4166.104765319163,26.72,103.52,17.4,0.395,2.77,9,0.186,0.9385,0.4783,0.9371,1
RD-SHL-SIL-08,215.0,17.927041836674878,1428.090835876504,7.57,21.62,6.6,0.122,0.73,8,0.198,0.7773,0.6814,0.8052,1
RD-GHY-NAG-10,345.0,23.230289738780773,1549.9337535091684,19.27,90.29,30.4,0.351,0.95,6,0.228,0.8661,0.6339,0.8705,1
RD-SELA-TWG-06,78.0,26.46291862589986,3141.8978748790296,35.31,112.42,16.0,0.425,1.78,7,0.252,0.8732,0.517,0.8719,1
RD-SELA-TWG-06,78.0,22.173119144439177,3216.816296708494,103.84,323.54,18.0,1.0,2.15,10,0.56,0.9653,0.8066,0.9993,1
RD-BMD-DRG-04,42.0,18.652442291153925,1983.4860425005766,3.85,18.67,9.3,0.112,0.79,6,0.173,0.6477,0.5051,0.6376,0
RD-TEZ-ITA-11,155.0,3.3233986258391117,313.6724827570767,4.71,21.51,26.5,0.122,1.14,2,0.144,0.355,0.6955,0.6502,1
RD-GHY-NAG-10,345.0,14.462821330261598,1575.1102975731842,219.48,611.22,33.6,1.0,0.78,7,1.0,0.9687,0.9637,1.0,1
RD-SELA-TWG-06,78.0,19.275259107475343,3179.683063464993,50.6,232.8,25.0,0.826,1.96,7,0.317,0.9149,0.6148,0.924,1
RD-TEZ-BHK-02,54.0,10.764770767250003,223.2735283527209,148.19,526.94,11.3,1.0,0.14,3,1.0,0.9209,0.9813,1.0,1
RD-GHY-GTK-12,540.0,23.045783214009745,1651.5307232399175,10.44,28.08,14.2,0.394,0.26,8,0.313,0.8643,0.8431,0.904,1
RD-BHK-BMD-03,96.0,23.56790576409486,2493.990376041221,183.63,904.5,29.0,1.0,0.73,6,1.0,0.9628,1.0,1.0,1
RD-TEZ-BHK-02,54.0,5.8609238330085835,345.3767788081468,23.27,64.23,12.9,0.514,0.12,5,0.429,0.6177,0.9928,0.9709,1
RD-DRG-SELA-05,62.0,32.866648123051995,4211.979503280556,26.19,127.57,14.6,0.475,2.28,7,0.194,0.9149,0.4604,0.9128,1
RD-BMD-DRG-04,42.0,18.818804124157726,2133.870247686835,41.92,164.57,5.6,0.599,1.19,6,0.314,0.8546,0.616,0.8434,1
RD-GHY-NAG-10,345.0,17.237376817731896,1421.607815052935,133.99,425.53,26.7,1.0,0.84,8,0.775,0.9543,0.9125,0.9938,1
RD-SHL-SIL-08,215.0,24.619491123735408,1439.7798182851548,48.2,161.83,19.2,0.839,0.5,6,0.426,0.8949,0.8535,0.9403,1
RD-TEZ-ITA-11,155.0,2.0215912566408405,302.9258451463743,264.88,1071.26,19.5,1.0,1.49,4,1.0,0.9704,1.0,1.0,1
RD-TEZ-ITA-11,155.0,4.7688445703658795,345.89322639949967,19.45,96.06,23.9,0.37,1.31,2,0.201,0.4395,0.6809,0.6456,0
RD-SELA-TWG-06,78.0,24.24739007847676,3144.9359440558196,78.04,222.02,10.5,0.79,1.9,8,0.448,0.9553,0.6866,0.9724,1
RD-SELA-TWG-06,78.0,27.12532373008331,3177.2713037316516,41.91,200.24,23.9,0.717,1.91,7,0.279,0.957,0.5186,0.9499,1
RD-GHY-GTK-12,540.0,19.52085527806862,1655.603011790609,1.84,8.16,7.9,0.327,0.29,8,0.261,0.8552,0.8556,0.897,1
RD-SHL-SIL-08,215.0,21.4121473757123,1349.0696435335572,168.58,535.88,24.8,1.0,0.85,8,0.934,0.9921,0.9558,1.0,1
RD-SHL-SIL-08,215.0,23.09044160851169,1353.0872006850507,22.76,86.74,4.8,0.589,0.24,7,0.376,0.8818,0.8833,0.9327,1
RD-GHY-NAG-10,345.0,13.713927109943464,1487.2737301005056,2.13,10.2,32.2,0.084,0.71,7,0.175,0.7076,0.5508,0.712,1
RD-SELA-TWG-06,78.0,27.058101842878198,3152.7449746833745,25.74,65.21,19.7,0.267,1.8,7,0.207,0.8345,0.4698,0.8302,1
RD-SHL-SIL-08,215.0,25.598210928625953,1396.9437137199811,22.43,73.2,26.8,0.294,0.67,7,0.275,0.8477,0.8446,0.8929,1
RD-GHY-GTK-12,540.0,19.206179105963948,1678.53231936567,2.39,11.16,13.4,0.337,0.34,9,0.249,0.9225,0.8004,0.9549,1
RD-GHY-GTK-12,540.0,28.169057882635126,1613.478331646864,40.88,114.15,23.7,0.681,0.31,8,0.439,0.9412,0.925,0.9906,1
RD-GHY-NAG-10,345.0,14.771082206351274,1530.1557907180584,153.62,428.02,14.2,1.0,1.0,7,0.85,0.9594,0.9764,1.0,1
RD-BHK-BMD-03,96.0,24.36449836469609,2399.525974255651,19.33,51.63,7.3,0.222,0.52,6,0.287,0.8456,0.6945,0.8648,1
RD-GHY-NAG-10,345.0,16.235686273772465,1472.518790266727,74.92,311.99,17.5,1.0,1.03,6,0.48,0.9816,0.8249,1.0,1
RD-GHY-GTK-12,540.0,22.183464586367272,1620.8847677413273,10.52,31.82,18.2,0.406,0.39,9,0.275,0.9534,0.7575,0.9787,1
RD-BHK-BMD-03,96.0,24.136211320674633,2433.114612065099,56.69,243.65,18.2,0.862,0.64,7,0.44,0.9548,0.786,0.9822,1
RD-TEZ-BHK-02,54.0,15.900340693540072,266.3361671331475,4.25,17.9,25.7,0.36,0.39,4,0.244,0.6648,0.858,0.8499,1
RD-TEZ-ITA-11,155.0,6.0600504180494585,339.4608378484387,9.78,41.43,11.3,0.188,1.35,3,0.154,0.4399,0.5814,0.5545,0
RD-SHL-SIL-08,215.0,21.20135600795609,1310.9872137324526,112.52,478.27,11.0,1.0,0.5,9,0.725,0.9769,0.9465,1.0,1
RD-SHL-SIL-08,215.0,24.115970512899384,1409.0974594841568,19.69,75.44,25.5,0.301,0.54,8,0.284,0.8191,0.7937,0.8587,1
RD-SHL-SIL-08,215.0,17.418980638277766,1390.4145095685828,22.98,112.08,29.1,0.424,0.56,7,0.296,0.8735,0.7793,0.9096,1
RD-BMD-DRG-04,42.0,19.341142172495882,2065.354874095072,160.98,684.02,20.1,1.0,1.24,5,0.866,0.9803,0.8738,0.9998,1
RD-BHK-BMD-03,96.0,25.827812815897925,2409.891765692618,40.64,177.03,25.1,0.89,0.26,7,0.454,0.8908,0.9315,0.9742,1
RD-TEZ-ITA-11,155.0,6.016741941432884,391.34177701153163,45.97,198.3,29.5,0.711,1.39,1,0.32,0.6396,0.7359,0.7181,1
RD-TEZ-BHK-02,54.0,12.381135058242508,263.87686709982734,7.67,29.13,9.5,0.397,0.05,5,0.399,0.6677,0.9884,0.9741,1
RD-GHY-GTK-12,540.0,15.319499645697945,1705.7627524873596,148.81,540.03,30.9,1.0,0.39,7,0.92,0.9774,1.0,1.0,1
RD-SELA-TWG-06,78.0,18.701541857927413,3145.2302737568207,84.16,291.44,27.6,1.0,1.82,10,0.479,0.97,0.7248,0.992,1
RD-DRG-SELA-05,62.0,34.337985933586815,4156.587412681408,181.85,744.19,24.2,1.0,2.67,8,0.912,0.9583,0.9411,1.0,1
RD-DRG-SELA-05,62.0,27.538776469785084,4122.776910154006,35.14,116.33,29.8,0.438,2.24,7,0.237,0.9107,0.4823,0.912,1
RD-TEZ-ITA-11,155.0,10.524105687951835,256.98606373744417,71.87,263.49,26.3,0.928,1.35,3,0.443,0.8255,0.8191,0.8251,1
RD-BHK-BMD-03,96.0,25.12012707720032,2477.1980284439214,58.26,148.91,20.7,0.796,0.43,8,0.487,0.9698,0.8915,1.0,1
RD-TEZ-ITA-11,155.0,7.716165798676356,330.52422146867934,23.47,59.05,19.7,0.247,1.27,3,0.223,0.5247,0.6868,0.6599,1
RD-TEZ-BHK-02,54.0,13.007403388750205,151.86386800716957,21.49,89.98,10.7,0.6,0.28,4,0.358,0.7393,0.8924,0.8925,1
RD-SELA-TWG-06,78.0,22.145888731413905,3122.0630386730527,10.27,38.67,13.5,0.179,1.91,6,0.131,0.7931,0.3871,0.7822,1
RD-GHY-NAG-10,345.0,13.76240960701029,1454.717238113954,39.77,142.34,26.9,0.524,0.57,6,0.373,0.8639,0.7898,0.8887,1
RD-GHY-NAG-10,345.0,19.881404734066408,1465.2852284896132,97.5,366.65,26.3,1.0,0.63,6,0.632,0.9874,0.9041,1.0,1
RD-SELA-TWG-06,78.0,18.827951222535855,3241.599750344936,9.47,24.37,20.1,0.131,1.73,7,0.134,0.773,0.3743,0.7624,1
RD-GHY-GTK-12,540.0,16.99824356918598,1603.652514040033,23.8,65.05,7.0,0.267,0.64,7,0.287,0.8555,0.7317,0.881,1
RD-GHY-GTK-12,540.0,22.644587014831526,1679.3976889113192,1.86,7.02,14.8,0.323,0.11,9,0.335,0.8985,0.981,1.0,1
RD-TEZ-ITA-11,155.0,4.149217612741274,342.9553958247562,24.32,89.0,15.6,0.347,1.45,3,0.216,0.48,0.6985,0.666,1
RD-GHY-SHL-07,98.0,20.049780483645478,1568.5526264414866,6.78,31.13,28.3,0.154,3.33,2,0.084,0.577,0.2788,0.5325,0
RD-BMD-DRG-04,42.0,12.78232050558456,2100.1882596460546,72.5,196.4,17.3,0.705,1.32,4,0.448,0.8855,0.6996,0.8836,1
RD-DRG-SELA-05,62.0,33.178890253745365,4169.932737256332,176.59,691.8,25.1,1.0,2.85,9,0.884,1.0,0.9082,1.0,1
RD-TEZ-BHK-02,54.0,10.321290946218113,203.34297355336557,0.23,1.09,13.5,0.304,0.14,7,0.312,0.611,0.9673,0.9459,1
RD-GHY-NAG-10,345.0,19.760391231088363,1502.7937922442813,44.59,174.99,25.7,0.633,1.12,8,0.331,0.965,0.7718,0.984,1
RD-GHY-GTK-12,540.0,21.29989208299217,1688.4549282735607,8.72,36.66,28.1,0.172,0.82,7,0.192,0.8213,0.6569,0.839,1
RD-GHY-NAG-10,345.0,18.048503233460966,1458.42102958038,22.91,95.01,14.1,0.367,0.61,7,0.287,0.8771,0.6833,0.8875,1
RD-SELA-TWG-06,78.0,30.097579678336217,3110.1720788340817,7.11,27.07,27.4,0.14,1.57,6,0.13,0.8605,0.4035,0.8455,1
RD-GHY-NAG-10,345.0,18.512542357375775,1537.1053087525095,28.84,84.01,23.8,0.33,0.75,8,0.294,0.8177,0.705,0.8335,1
RD-DRG-SELA-05,62.0,30.150914343444832,4168.772216453746,101.2,314.42,7.9,1.0,2.24,8,0.545,0.9964,0.7898,1.0,1
RD-GHY-ITA-09,320.0,9.37848925475436,322.87495489188177,74.33,245.37,20.4,0.868,1.42,3,0.451,0.8392,0.8367,0.8467,1
RD-GHY-SHL-07,98.0,16.93468397407051,1603.5824251716294,16.81,42.6,20.7,0.192,3.07,3,0.134,0.5954,0.3698,0.5571,0
RD-SELA-TWG-06,78.0,25.936168913731336,3248.6059727808133,12.35,56.18,14.0,0.237,2.18,6,0.132,0.7475,0.39,0.7411,1
RD-TEZ-ITA-11,155.0,4.151190986744407,331.99411214018926,66.07,284.42,31.4,0.998,1.57,2,0.405,0.784,0.8474,0.842,1
RD-BHK-BMD-03,96.0,25.39331655520403,2447.479331262422,5.85,27.94,4.3,0.393,0.05,9,0.391,0.8905,0.9662,1.0,1
RD-GHY-NAG-10,345.0,15.328358764524806,1464.5069948461705,59.24,245.0,24.4,0.867,0.68,8,0.446,0.9068,0.9136,0.9528,1
RD-TEZ-BHK-02,54.0,13.938509500683708,274.9994947810151,20.52,75.45,23.3,0.552,0.19,6,0.385,0.7495,0.9161,0.9167,1
RD-GHY-ITA-09,320.0,4.710663003584601,357.9418214384479,30.25,96.42,31.3,0.371,1.09,2,0.267,0.5687,0.6889,0.6723,1
RD-SELA-TWG-06,78.0,22.839291321307257,3235.9678911827323,173.43,796.67,16.8,1.0,1.44,6,0.912,0.9785,0.8975,1.0,1
RD-DRG-SELA-05,62.0,28.81094466700381,4178.072482184786,54.15,236.59,14.8,0.839,2.66,8,0.316,1.0,0.5874,1.0,1
RD-SHL-SIL-08,215.0,22.783919348352534,1288.09633138847,30.03,85.41,24.9,0.585,0.47,7,0.347,0.8974,0.8812,0.9464,1
RD-BHK-BMD-03,96.0,27.121204327558765,2442.2446558686356,8.76,30.91,15.3,0.403,0.23,7,0.314,0.8388,0.8438,0.8814,1
RD-BHK-BMD-03,96.0,25.1322183643744,2503.8682146657825,78.05,321.98,5.7,1.0,0.25,7,0.63,0.9381,0.9568,1.0,1
RD-GHY-GTK-12,540.0,19.320630467511123,1610.5766334455407,258.44,913.14,32.4,1.0,0.14,9,1.0,1.0,1.0,1.0,1
RD-SELA-TWG-06,78.0,28.519941241229755,3258.4719903983582,11.2,38.74,9.9,0.179,1.84,7,0.138,0.8248,0.4558,0.8194,1
RD-GHY-GTK-12,540.0,24.072875048155947,1699.7785413055976,187.84,623.81,6.0,1.0,0.63,8,1.0,0.9657,0.92,1.0,1
RD-GHY-GTK-12,540.0,20.105938489021494,1593.3367985482157,69.19,244.7,27.2,1.0,0.24,7,0.594,0.9163,0.9704,1.0,1
RD-TEZ-ITA-11,155.0,8.072841971542113,393.7437981315807,114.88,299.34,9.2,1.0,1.21,2,0.653,0.8802,0.8948,0.9007,1
RD-SHL-SIL-08,215.0,21.13181108344098,1471.9393995667408,17.76,66.97,21.1,0.523,0.4,7,0.305,0.8719,0.8792,0.9273,1
RD-GHY-SHL-07,98.0,13.119001858390531,1551.9425915846261,88.19,335.47,24.6,1.0,2.92,2,0.47,0.8553,0.7712,0.8439,1
RD-SELA-TWG-06,78.0,25.49723742561881,3222.7165960362195,170.5,778.82,25.5,1.0,1.34,7,0.904,0.9801,0.921,1.0,1
RD-GHY-GTK-12,540.0,20.1591587541689,1663.0041573487235,203.17,945.21,20.6,1.0,0.19,8,1.0,0.9685,0.991,1.0,1
RD-GHY-GTK-12,540.0,19.77392761757903,1679.7355421625746,85.04,220.13,16.8,1.0,0.05,8,0.761,0.9063,1.0,1.0,1
RD-BMD-DRG-04,42.0,18.822201881076193,2120.797968773219,98.42,489.9,21.1,1.0,1.15,5,0.58,0.9339,0.8597,0.9522,1
RD-GHY-TEZ-01,178.0,12.126377955637224,121.53790136900672,13.61,45.69,13.6,0.452,0.43,1,0.278,0.4482,0.8966,0.8344,1
RD-BHK-BMD-03,96.0,27.00446356459445,2481.3224085551274,43.0,152.85,33.0,0.559,0.56,6,0.389,0.9391,0.8531,0.9764,1
RD-GHY-GTK-12,540.0,15.272416145105886,1675.548338831004,26.21,104.56,33.8,0.399,0.71,8,0.288,0.8845,0.7727,0.9144,1
RD-TEZ-ITA-11,155.0,6.717590093999856,300.5778929614044,9.5,40.3,17.5,0.184,1.34,1,0.153,0.3964,0.6252,0.5906,0
RD-BHK-BMD-03,96.0,26.284540414519967,2495.110495059335,90.87,250.28,28.5,1.0,0.43,6,0.64,0.9494,0.936,0.9983,1
RD-GHY-ITA-09,320.0,4.714514782770918,369.03564800610434,15.42,66.72,21.7,0.272,0.8,5,0.226,0.5155,0.7345,0.7091,1
RD-GHY-SHL-07,98.0,12.356555485171924,1516.1138063294068,31.65,118.2,15.5,0.444,2.98,3,0.205,0.6673,0.4527,0.6305,0
RD-SELA-TWG-06,78.0,24.312837063702705,3181.6589666036225,25.65,109.34,32.9,0.414,1.19,7,0.238,0.9181,0.5065,0.9121,1
RD-GHY-SHL-07,98.0,8.530627461481714,1578.362760080122,110.75,391.34,30.4,1.0,3.21,3,0.571,0.9287,0.8054,0.9195,1
RD-GHY-GTK-12,540.0,19.01946656526541,1689.2344296016126,19.05,68.05,11.0,0.527,0.16,8,0.39,0.9477,0.9354,0.9985,1
RD-GHY-GTK-12,540.0,24.460311182885988,1682.4853423340405,5.43,19.46,6.2,0.365,0.19,8,0.315,0.8328,0.9821,1.0,1
RD-GHY-GTK-12,540.0,25.857826944502598,1578.6582952751746,5.98,22.03,28.7,0.373,0.31,9,0.275,0.8927,0.8422,0.9315,1
RD-GHY-SHL-07,98.0,15.28816862806576,1537.8106841283093,81.99,334.73,5.4,1.0,2.83,4,0.443,0.9164,0.7033,0.8936,1
RD-SELA-TWG-06,78.0,23.427538062193406,3203.396521671301,16.48,53.68,12.6,0.229,1.57,6,0.174,0.774,0.4813,0.7758,1
RD-GHY-NAG-10,345.0,18.902149982407295,1459.8868296508156,34.87,95.01,12.0,0.367,0.95,6,0.301,0.8214,0.673,0.8331,1
RD-GHY-TEZ-01,178.0,6.090059458587919,75.61638291690494,4.74,12.34,13.9,0.091,1.07,3,0.149,0.3922,0.7162,0.6629,1
RD-GHY-GTK-12,540.0,19.571337196476996,1705.6555880134797,20.75,81.21,33.0,0.571,0.19,8,0.386,0.8887,0.9485,0.9927,1
RD-TEZ-ITA-11,155.0,6.865635536714888,297.198535488262,179.91,747.3,6.3,1.0,1.03,2,0.97,0.9026,0.9894,0.997,1
RD-BHK-BMD-03,96.0,26.767603211314455,2413.0715631740118,86.29,402.38,18.3,1.0,0.58,6,0.587,0.9725,0.9088,1.0,1
RD-SHL-SIL-08,215.0,27.4276867039206,1407.795765266049,6.72,18.85,24.8,0.113,0.69,7,0.2,0.8292,0.7324,0.8609,1
RD-BHK-BMD-03,96.0,23.324920752809913,2469.6901471681253,190.56,479.39,18.8,1.0,0.41,7,1.0,0.9673,0.9795,1.0,1
RD-GHY-GTK-12,540.0,23.05275698697724,1729.0226121352123,107.84,272.61,16.8,1.0,0.33,8,0.744,0.9273,1.0,1.0,1
RD-TEZ-ITA-11,155.0,9.146895952556125,349.5765925595513,178.55,685.92,10.0,1.0,1.61,3,0.928,0.9864,1.0,1.0,1
RD-GHY-GTK-12,540.0,23.550351309148446,1598.8951184532568,6.46,16.48,31.9,0.355,0.23,8,0.306,0.8911,0.8728,0.9341,1
RD-TEZ-BHK-02,54.0,13.754034478002541,269.55392382531704,39.12,159.43,31.9,0.831,0.08,4,0.528,0.7797,0.9687,0.9717,1
RD-BHK-BMD-03,96.0,32.888849940602235,2435.573945998205,34.24,167.6,28.3,0.859,0.37,8,0.389,0.9368,0.8322,0.9712,1
RD-GHY-SHL-07,98.0,17.97337721087244,1484.8828175983363,7.27,29.67,16.1,0.149,3.08,4,0.09,0.5991,0.3106,0.5552,0
RD-BHK-BMD-03,96.0,29.597042860501794,2372.730422140002,4.25,17.88,7.6,0.36,0.36,7,0.253,0.875,0.7569,0.9011,1
RD-TEZ-BHK-02,54.0,13.200010126789987,168.14061544007222,6.59,30.97,19.0,0.403,0.1,5,0.364,0.6388,0.9526,0.936,1
RD-SHL-SIL-08,215.0,19.19336381707685,1412.6691864096,235.12,949.94,19.0,1.0,0.37,10,1.0,0.9746,0.9146,1.0,1
RD-GHY-TEZ-01,178.0,4.650613136509021,155.0213968590325,116.74,325.39,11.9,1.0,0.89,1,0.689,0.8411,0.989,0.9774,1
RD-GHY-ITA-09,320.0,8.824036179853545,286.149242468975,64.01,282.27,26.9,0.991,1.12,2,0.422,0.7604,0.8794,0.8758,1
RD-GHY-NAG-10,345.0,20.09769343548594,1549.8570708074255,53.24,182.79,7.4,0.659,1.23,7,0.364,0.8866,0.7257,0.9022,1
RD-BHK-BMD-03,96.0,28.545810536415694,2481.6174186758935,6.42,26.71,30.2,0.139,0.55,6,0.221,0.8318,0.5958,0.8394,1
RD-GHY-SHL-07,98.0,14.870974801794594,1514.040877664988,203.61,747.59,13.1,1.0,3.06,4,1.0,0.9617,0.9833,0.9957,1
RD-TEZ-BHK-02,54.0,20.177693615652842,281.7841308336115,306.76,1223.5,22.2,1.0,0.05,4,1.0,1.0,1.0,1.0,1
RD-SHL-SIL-08,215.0,19.771618071592815,1421.4323574231516,66.5,166.25,8.1,0.604,0.69,6,0.478,0.9313,0.8622,0.977,1
RD-GHY-NAG-10,345.0,19.238697786263568,1459.3147420116063,12.82,63.62,10.8,0.262,1.06,8,0.188,0.813,0.4935,0.8032,1
RD-TEZ-ITA-11,155.0,5.648160064933302,318.0701007358702,34.38,88.37,16.3,0.345,1.62,1,0.255,0.5114,0.6609,0.6345,0
RD-GHY-GTK-12,540.0,23.1259802018262,1694.7491561344857,3.95,12.73,18.1,0.342,0.05,8,0.382,0.8319,0.9794,1.0,1
RD-TEZ-ITA-11,155.0,2.6256023958778547,357.735961964273,44.82,115.34,18.9,0.434,1.18,1,0.328,0.5586,0.7584,0.7302,1
RD-SHL-SIL-08,215.0,25.050625000565656,1399.577827572877,58.87,179.09,14.7,0.897,0.31,7,0.522,0.9263,0.9442,0.9987,1
RD-TEZ-ITA-11,155.0,1.0,259.02375916829135,63.48,237.05,24.7,0.84,1.49,1,0.397,0.6763,0.8664,0.8464,1
RD-TEZ-ITA-11,155.0,1.8609627241277344,355.0099018690382,41.8,139.93,27.6,0.516,0.99,1,0.33,0.5696,0.7608,0.7337,1
RD-SELA-TWG-06,78.0,29.22299844713738,3180.4825108514374,276.65,729.11,8.3,1.0,1.9,8,1.0,0.9769,0.9493,1.0,1
RD-TEZ-BHK-02,54.0,14.572109715413587,179.9675495094075,205.86,963.06,4.9,1.0,0.26,4,1.0,0.9753,0.9812,1.0,1
RD-SHL-SIL-08,215.0,24.40125154990658,1411.1242606638173,3.7,10.31,17.9,0.084,0.66,7,0.189,0.8195,0.7479,0.8535,1
RD-GHY-ITA-09,320.0,10.85526730225978,432.8604500940992,121.14,414.82,17.4,1.0,1.12,2,0.689,0.9298,0.9393,0.9574,1
RD-GHY-NAG-10,345.0,22.25092824508079,1417.8335677831378,8.44,28.4,15.6,0.145,1.22,7,0.155,0.767,0.4835,0.7596,1
RD-GHY-NAG-10,345.0,18.29188661521823,1515.5489568092844,87.8,423.21,14.9,1.0,0.81,6,0.562,0.9672,0.8822,1.0,1
RD-GHY-GTK-12,540.0,20.60877099381005,1659.790208814323,31.23,145.3,10.7,0.784,0.38,10,0.372,0.9203,0.8862,0.9646,1
RD-GHY-NAG-10,345.0,15.142450988271776,1464.836767720373,86.38,354.79,31.2,1.0,1.13,8,0.526,0.9368,0.823,0.9639,1
RD-SHL-SIL-08,215.0,22.679170110635848,1486.3277567277544,17.9,47.09,18.6,0.457,0.49,6,0.285,0.8756,0.8327,0.9187,1
RD-GHY-GTK-12,540.0,20.83959769278362,1699.8441470039463,3.53,10.78,25.5,0.336,0.15,9,0.326,0.8415,0.9123,0.9506,1
RD-GHY-NAG-10,345.0,22.39338753671329,1451.176410077445,171.4,696.25,27.3,1.0,1.09,7,0.926,0.9638,0.9674,1.0,1
RD-SELA-TWG-06,78.0,27.087242162510577,3176.2249882861124,211.56,805.2,27.5,1.0,1.78,9,1.0,1.0,1.0,1.0,1
RD-GHY-ITA-09,320.0,9.663302556008173,437.1773695469846,114.26,328.41,30.2,1.0,1.19,2,0.651,0.9013,0.9552,0.9691,1
RD-GHY-GTK-12,540.0,19.853573296223832,1604.1033164249213,176.0,767.88,17.2,1.0,0.22,7,1.0,1.0,0.9885,1.0,1
RD-GHY-ITA-09,320.0,8.858222930074048,428.2316378928306,26.56,96.37,13.6,0.371,0.8,3,0.278,0.6391,0.7773,0.7632,1
RD-GHY-ITA-09,320.0,8.104930264171767,382.4306114531533,143.99,497.87,8.1,1.0,1.12,4,0.795,0.9585,0.9698,0.9918,1
RD-GHY-ITA-09,320.0,6.8440632366075045,236.37741414512033,16.48,51.17,18.4,0.221,1.04,5,0.206,0.5429,0.6851,0.6661,1
RD-GHY-ITA-09,320.0,6.345352506345149,375.62764933491377,40.47,131.78,31.8,0.489,0.83,3,0.339,0.6254,0.8086,0.7911,1
RD-TEZ-ITA-11,155.0,6.2339183210564215,310.59075092157474,91.17,355.06,19.7,1.0,1.89,3,0.509,0.867,0.8922,0.8964,1
RD-BMD-DRG-04,42.0,16.71936874528481,2120.820261226103,89.81,283.35,33.8,0.994,1.21,4,0.536,0.9428,0.768,0.948,1
RD-TEZ-BHK-02,54.0,17.063742577274457,196.89487560396032,207.21,975.87,9.1,1.0,0.05,4,1.0,1.0,1.0,1.0,1
RD-GHY-NAG-10,345.0,17.859925371126025,1485.869422904361,100.99,411.11,5.4,1.0,0.63,7,0.648,0.9434,0.9371,0.9865,1
RD-GHY-TEZ-01,178.0,6.112287665007859,123.02516179168089,24.81,109.61,24.8,0.415,0.6,1,0.297,0.4203,0.9032,0.8367,1
RD-SELA-TWG-06,78.0,24.28570531840684,3212.8526382948617,232.22,593.05,30.6,1.0,1.93,6,1.0,1.0,0.9804,1.0,1
RD-BHK-BMD-03,96.0,29.148973819808084,2505.953681096386,58.69,197.1,13.8,0.957,0.05,7,0.638,0.9711,0.9941,1.0,1
RD-TEZ-ITA-11,155.0,3.7135718191871288,276.3920508143555,161.24,714.43,25.3,1.0,1.33,3,0.862,0.9242,1.0,1.0,1
RD-GHY-ITA-09,320.0,1.0,443.46269155340417,117.81,544.74,9.3,1.0,1.06,3,0.678,0.8781,1.0,1.0,1
RD-GHY-TEZ-01,178.0,6.418983272862086,52.92575038231984,216.29,1016.21,30.9,1.0,0.47,1,1.0,0.9168,0.9485,0.9486,1
RD-TEZ-BHK-02,54.0,19.27215141813502,261.37388147538877,108.8,390.9,8.2,1.0,0.49,5,0.709,0.9054,0.9768,0.998,1
RD-SELA-TWG-06,78.0,26.158740429020327,3204.4061907928494,62.07,214.99,4.1,0.767,1.71,7,0.38,0.9217,0.6478,0.935,1
RD-BHK-BMD-03,96.0,27.255490713539068,2423.4621933597314,4.57,12.14,5.6,0.34,0.33,7,0.261,0.837,0.7521,0.8638,1
RD-TEZ-ITA-11,155.0,8.654502017575762,358.72340943982664,198.55,511.56,21.7,1.0,1.13,2,1.0,0.9408,0.9993,1.0,1
RD-DRG-SELA-05,62.0,25.67725400673808,4300.763332864606,134.16,561.36,5.5,1.0,2.51,9,0.693,0.9489,0.8245,0.9959,1
RD-GHY-ITA-09,320.0,4.391596897371753,389.00004160320117,0.71,3.05,22.3,0.06,0.82,3,0.155,0.4373,0.6574,0.6299,0
RD-DRG-SELA-05,62.0,31.906490605159195,4135.537477685011,34.4,153.42,15.0,0.561,2.67,8,0.224,0.9149,0.5011,0.9185,1
RD-SHL-SIL-08,215.0,22.65409573955001,1419.5895101445547,130.69,423.15,30.1,1.0,0.05,6,0.974,0.9276,1.0,1.0,1
RD-SHL-SIL-08,215.0,22.55213530751072,1357.6478257377003,61.86,185.62,14.8,0.919,0.49,8,0.491,0.9419,0.8955,0.9922,1
RD-GHY-ITA-09,320.0,12.210375430310883,320.47346847271916,5.84,17.41,31.7,0.108,1.29,3,0.139,0.5512,0.5715,0.561,0
RD-SELA-TWG-06,78.0,22.51355483185648,3185.1558207132034,260.78,955.53,28.3,1.0,1.87,6,1.0,1.0,1.0,1.0,1
RD-GHY-ITA-09,320.0,1.0,374.471310492939,195.42,531.47,18.6,1.0,0.97,4,1.0,0.9883,0.989,1.0,1
RD-TEZ-BHK-02,54.0,11.3599322394804,152.89943047606474,43.73,203.54,10.2,0.978,0.05,4,0.568,0.839,0.9704,0.9819,1
RD-GHY-TEZ-01,178.0,5.1010855707854255,101.84115723526543,276.2,1024.39,33.0,1.0,0.57,2,1.0,0.9654,1.0,1.0,1
RD-BMD-DRG-04,42.0,17.407946034264178,2083.1054767026944,112.95,400.55,7.3,1.0,0.87,6,0.673,0.9638,0.9147,0.9895,1
RD-BMD-DRG-04,42.0,20.26588695014697,2084.35100232886,40.3,133.14,10.3,0.494,1.16,5,0.308,0.8098,0.6778,0.8087,1
RD-GHY-NAG-10,345.0,21.538503642553458,1521.4191230570193,119.42,579.33,6.9,1.0,0.87,6,0.703,0.967,0.9092,1.0,1
RD-GHY-NAG-10,345.0,19.439191123124992,1553.737896423779,15.47,50.99,12.2,0.22,0.74,6,0.234,0.8243,0.6463,0.8326,1
RD-BHK-BMD-03,96.0,24.406575082551598,2435.316128922477,2.89,11.82,19.3,0.339,0.16,7,0.315,0.8684,0.8844,0.925,1
RD-GHY-SHL-07,98.0,15.762168872718838,1501.6700813709256,222.86,611.65,19.9,1.0,2.75,4,1.0,0.987,0.9795,1.0,1
RD-DRG-SELA-05,62.0,32.5140656965658,4200.4805742851595,76.28,324.45,32.3,1.0,3.14,7,0.411,1.0,0.7012,1.0,1
RD-TEZ-ITA-11,155.0,6.977179543793423,280.13219940896914,104.62,379.89,6.7,1.0,1.55,3,0.586,0.8305,0.9061,0.9051,1
RD-GHY-SHL-07,98.0,8.616890424000598,1572.6112591208584,9.43,39.7,18.3,0.182,3.23,2,0.098,0.433,0.3252,0.4072,0
RD-DRG-SELA-05,62.0,36.17465855238458,4163.019244729742,32.54,100.67,29.5,0.386,2.44,9,0.22,0.9531,0.4497,0.9465,1
RD-GHY-GTK-12,540.0,24.47315675138808,1696.6508369719763,119.62,467.06,24.3,1.0,0.22,9,0.835,0.9842,1.0,1.0,1
RD-BMD-DRG-04,42.0,17.64153443180862,2067.6775170466703,206.38,760.15,20.0,1.0,1.04,6,1.0,1.0,0.9179,1.0,1
RD-GHY-GTK-12,540.0,24.483336431627635,1697.1322204249504,111.2,545.43,13.8,1.0,0.14,9,0.831,0.989,0.9584,1.0,1
RD-TEZ-ITA-11,155.0,4.254320553072909,286.26688534104795,76.29,354.47,9.1,1.0,1.76,3,0.445,0.8025,0.8793,0.8752,1
RD-BMD-DRG-04,42.0,17.418819049975234,2064.984191498012,9.41,26.13,32.0,0.137,0.97,6,0.18,0.6857,0.5626,0.6787,1
RD-GHY-NAG-10,345.0,18.033624715153024,1440.3266382077873,20.39,71.99,13.0,0.29,0.94,10,0.234,0.7992,0.6383,0.8078,1
RD-GHY-ITA-09,320.0,9.217134185875576,306.19462365420867,15.47,63.89,25.4,0.263,1.59,3,0.168,0.5814,0.5902,0.5812,0
RD-GHY-SHL-07,98.0,14.865361906305662,1421.7956934121555,7.07,18.69,22.4,0.112,2.87,4,0.092,0.5905,0.3488,0.5508,0
RD-SELA-TWG-06,78.0,28.40211912511252,3218.293445505171,123.54,537.31,20.4,1.0,1.63,7,0.67,1.0,0.8174,1.0,1
RD-GHY-SHL-07,98.0,10.223705650780749,1565.2302925264948,63.43,208.65,23.3,0.745,3.19,3,0.35,0.7878,0.6402,0.7633,1
RD-GHY-NAG-10,345.0,17.078022662257077,1540.733105877269,109.08,461.45,9.3,1.0,0.63,8,0.686,0.952,0.9587,1.0,1
RD-DRG-SELA-05,62.0,35.874205936454935,4138.571769350107,113.84,529.74,4.4,1.0,2.83,9,0.591,0.9792,0.7729,1.0,1
RD-TEZ-BHK-02,54.0,6.637287533275202,252.96288553278382,101.28,327.39,21.1,1.0,0.2,4,0.757,0.9559,1.0,1.0,1
RD-GHY-SHL-07,98.0,15.528438331880178,1591.6115819459224,66.52,221.71,27.7,0.789,3.11,4,0.366,0.8138,0.6557,0.7898,1
RD-TEZ-ITA-11,155.0,3.0457282687984244,301.0361944640392,109.03,325.08,7.9,1.0,1.39,3,0.615,0.8464,0.9137,0.9146,1
RD-SELA-TWG-06,78.0,21.866112287035293,3165.7877595858204,54.84,180.09,15.5,0.65,1.97,7,0.337,0.903,0.5858,0.9089,1
RD-BHK-BMD-03,96.0,21.994301113417578,2404.8994619739087,21.8,99.24,14.6,0.631,0.22,7,0.379,0.8368,0.9104,0.9461,1
RD-BMD-DRG-04,42.0,16.83171410140322,2056.089911077718,18.88,77.93,21.6,0.31,1.12,4,0.211,0.7554,0.5266,0.7397,1
RD-TEZ-BHK-02,54.0,13.07931022639245,187.86403389512932,12.0,54.13,13.3,0.48,0.18,4,0.352,0.706,0.9079,0.9028,1
RD-BMD-DRG-04,42.0,15.344838068774205,2110.8344226451172,19.22,71.91,26.3,0.29,0.98,5,0.225,0.7648,0.5607,0.7524,1
RD-TEZ-BHK-02,54.0,13.14291644058083,288.98862699822456,21.9,73.0,28.7,0.543,0.39,4,0.327,0.723,0.9011,0.8986,1
RD-TEZ-BHK-02,54.0,11.622882632931029,176.8455494558417,118.19,579.76,10.5,1.0,0.59,4,0.736,0.9082,0.9577,0.9795,1
RD-GHY-GTK-12,540.0,18.81335506348834,1669.558729728639,48.47,205.71,27.8,0.736,0.57,7,0.414,0.8916,0.8917,0.9372,1
RD-GHY-NAG-10,345.0,14.296198086605589,1517.946755373468,68.5,337.92,10.3,1.0,0.79,6,0.475,0.96,0.903,0.998,1
RD-SHL-SIL-08,215.0,16.135212293527378,1433.0639665055924,166.7,771.37,12.2,1.0,0.57,7,0.964,0.9852,0.9568,1.0,1
RD-SELA-TWG-06,78.0,27.365676275925104,3225.2327293452463,49.03,227.39,14.0,0.808,1.55,6,0.326,0.9342,0.5876,0.9384,1
RD-DRG-SELA-05,62.0,30.17112043173982,4111.533078634601,72.69,263.75,15.3,0.929,2.77,9,0.4,0.9608,0.6676,0.9849,1
RD-GHY-NAG-10,345.0,15.117683289723873,1495.4309222090496,174.16,685.96,21.4,1.0,0.8,7,0.966,0.9811,0.9568,1.0,1
RD-GHY-TEZ-01,178.0,1.0,159.03902784852,198.76,902.73,9.9,1.0,0.97,2,1.0,0.9125,0.9696,0.9688,1
RD-GHY-SHL-07,98.0,14.815460434860476,1583.8390898183716,154.28,537.87,13.2,1.0,2.91,3,0.779,0.9319,0.8955,0.9353,1
RD-GHY-GTK-12,540.0,19.00175672681513,1628.2978509822406,5.97,22.35,28.5,0.374,0.36,7,0.262,0.8252,0.8754,0.9125,1
RD-GHY-ITA-09,320.0,8.64729943200113,309.264112375119,57.53,251.13,6.2,0.887,1.09,3,0.395,0.7918,0.8305,0.8325,1
RD-GHY-SHL-07,98.0,17.588245029021053,1492.924977049505,97.79,418.07,4.1,1.0,3.14,4,0.511,0.9247,0.7642,0.91,1
RD-BHK-BMD-03,96.0,31.704657739398478,2420.1897851298136,108.25,527.12,30.9,1.0,0.28,8,0.762,1.0,0.9927,1.0,1
RD-TEZ-ITA-11,155.0,11.88726503031511,314.8009975611649,0.93,3.33,29.7,0.061,1.4,1,0.11,0.4137,0.5749,0.5463,0
RD-BHK-BMD-03,96.0,26.630711821855567,2436.7045361691485,14.64,70.22,21.2,0.284,0.51,7,0.265,0.8449,0.6739,0.8616,1
RD-BHK-BMD-03,96.0,33.040557334666005,2389.064769049424,64.56,290.89,33.3,1.0,0.6,6,0.482,1.0,0.8332,1.0,1
RD-GHY-GTK-12,540.0,21.439494849299972,1570.071473235209,76.38,367.22,18.7,1.0,0.17,8,0.654,0.9949,1.0,1.0,1
RD-GHY-GTK-12,540.0,20.836605143621142,1633.2056524552834,10.02,49.66,29.4,0.466,0.47,7,0.253,0.8459,0.793,0.8796,1
RD-SELA-TWG-06,78.0,20.663597362513283,3184.395096910967,6.15,29.02,7.3,0.147,2.03,7,0.108,0.7885,0.3549,0.7742,1
RD-BMD-DRG-04,42.0,15.181368026837996,2127.042922202697,16.14,56.42,22.9,0.238,1.19,5,0.194,0.6948,0.4323,0.6736,1
RD-GHY-SHL-07,98.0,11.521944636791739,1544.961268824044,19.67,79.24,11.9,0.314,2.68,2,0.155,0.5873,0.4158,0.5538,0
RD-BHK-BMD-03,96.0,20.91171952180391,2479.455877179306,45.49,167.11,21.0,0.607,0.6,7,0.395,0.8697,0.8291,0.9054,1
RD-SELA-TWG-06,78.0,21.570173749730095,3191.1886929961292,12.37,46.66,11.6,0.206,1.66,7,0.15,0.8293,0.4457,0.8223,1
RD-GHY-ITA-09,320.0,13.879304287964926,448.0283969111865,24.78,122.13,30.5,0.457,1.18,4,0.235,0.6824,0.6302,0.6726,1
RD-GHY-SHL-07,98.0,17.050201786317405,1603.5157713493284,7.32,32.21,32.8,0.157,3.24,3,0.088,0.5261,0.3147,0.49,0
RD-GHY-GTK-12,540.0,17.34730022223186,1677.8222239858499,53.04,195.01,11.7,0.95,0.05,8,0.611,0.9377,1.0,1.0,1
RD-BMD-DRG-04,42.0,14.922772776339173,2076.034653573185,37.72,131.98,6.1,0.49,1.16,4,0.297,0.7611,0.5529,0.748,1
RD-TEZ-BHK-02,54.0,17.761756822071796,228.18070652408127,26.07,112.46,31.0,0.675,0.13,3,0.441,0.7559,0.9925,0.9911,1
RD-GHY-SHL-07,98.0,15.324664051403406,1502.6593417182912,76.96,255.2,11.0,0.901,2.8,2,0.42,0.8317,0.6654,0.808,1
RD-TEZ-BHK-02,54.0,14.448778080516902,247.36149381906802,0.29,0.75,25.0,0.303,0.05,3,0.365,0.5453,0.9984,0.9653,1
RD-TEZ-BHK-02,54.0,10.276659099511992,281.8969981473388,9.38,41.57,25.2,0.439,0.42,5,0.262,0.6204,0.8351,0.8226,1
RD-TEZ-BHK-02,54.0,16.636326559566662,224.6889539121715,117.23,297.14,30.7,1.0,0.05,5,0.911,0.9253,1.0,1.0,1
RD-GHY-TEZ-01,178.0,6.987214303332177,144.0366055995893,60.41,298.64,11.9,1.0,0.62,1,0.461,0.6929,0.9444,0.9129,1
RD-DRG-SELA-05,62.0,33.24881313451629,4159.792877096824,20.03,86.95,31.7,0.34,2.64,7,0.157,0.9166,0.3892,0.9046,1
RD-SHL-SIL-08,215.0,20.420901570852717,1432.0775764248465,61.61,216.96,30.5,0.773,0.77,9,0.446,0.9304,0.8965,0.981,1
RD-GHY-TEZ-01,178.0,1.0,68.56574739288713,34.04,101.48,11.9,0.388,0.79,1,0.314,0.4027,0.8779,0.8112,1
RD-GHY-SHL-07,98.0,13.70276681500501,1542.6042144177266,5.55,26.63,10.0,0.139,2.87,2,0.085,0.4684,0.3325,0.4395,0
RD-GHY-GTK-12,540.0,22.672619994019836,1688.2676208143923,86.75,293.72,14.9,1.0,0.22,9,0.682,0.9713,0.9413,1.0,1
RD-SHL-SIL-08,215.0,19.060807001070785,1433.2274809970718,50.84,143.18,20.7,0.527,0.66,7,0.409,0.8653,0.8139,0.9061,1
RD-TEZ-ITA-11,155.0,1.0,356.07665475174525,1.19,5.39,24.7,0.068,1.44,3,0.109,0.3571,0.5778,0.5441,0
RD-GHY-GTK-12,540.0,23.768322356073103,1618.4420302403967,152.13,749.39,4.9,1.0,0.25,7,0.976,0.9556,0.9931,1.0,1
RD-GHY-TEZ-01,178.0,7.992066027892695,120.65701995394787,26.13,86.24,12.1,0.337,0.73,1,0.284,0.3779,0.8703,0.8011,1
RD-GHY-GTK-12,540.0,22.03037722051387,1611.6112858519507,109.77,411.83,7.2,1.0,0.51,8,0.709,1.0,0.9467,1.0,1
RD-GHY-SHL-07,98.0,16.406395783317926,1586.0385218828212,35.48,116.75,7.7,0.439,2.9,7,0.224,0.7312,0.4736,0.6915,1
RD-GHY-GTK-12,540.0,19.045242627635357,1617.5541363600162,2.88,12.88,15.2,0.093,0.6,7,0.195,0.7089,0.7682,0.7946,1
RD-GHY-GTK-12,540.0,21.498939235780767,1613.1465715367374,15.01,61.89,23.8,0.506,0.22,10,0.349,0.9,0.9404,0.9863,1
RD-GHY-ITA-09,320.0,10.43102397157612,350.840035367007,17.69,68.25,12.0,0.277,0.71,2,0.248,0.5167,0.7267,0.702,1
RD-GHY-TEZ-01,178.0,6.435266760341655,34.88684408855852,9.52,35.33,29.2,0.168,0.68,2,0.214,0.3647,0.8132,0.7477,1
RD-BHK-BMD-03,96.0,27.86007918341418,2463.3130858209965,76.56,238.77,28.2,1.0,0.13,7,0.677,0.9689,0.9562,1.0,1
RD-GHY-ITA-09,320.0,12.424931693381588,301.13398274416306,6.62,28.6,21.7,0.145,1.14,3,0.153,0.5269,0.6691,0.6497,0
RD-BHK-BMD-03,96.0,23.538902903125646,2351.7479613264504,96.58,263.89,17.5,1.0,0.22,7,0.729,0.9607,1.0,1.0,1
RD-BHK-BMD-03,96.0,29.60856896524744,2422.4623409473625,14.27,42.93,23.0,0.443,0.32,7,0.31,0.865,0.7928,0.8961,1
RD-GHY-TEZ-01,178.0,5.274608359373907,122.06533662316812,12.72,44.75,19.7,0.199,0.87,1,0.205,0.401,0.7674,0.7104,1
RD-GHY-SHL-07,98.0,13.068824135664679,1568.652981084586,147.72,444.18,30.3,1.0,3.14,3,0.744,0.8689,0.8902,0.8906,1
RD-TEZ-BHK-02,54.0,13.026707793076016,176.02163512729794,22.31,70.41,6.5,0.535,0.17,3,0.401,0.7239,0.9627,0.9578,1
RD-TEZ-ITA-11,155.0,5.264547865415293,307.489018532687,133.9,462.77,16.2,1.0,1.51,4,0.724,0.8629,0.9506,0.9531,1
RD-GHY-ITA-09,320.0,9.448031232059432,291.9562308232726,8.63,41.95,18.1,0.19,0.98,2,0.176,0.4809,0.6653,0.6415,0
RD-TEZ-BHK-02,54.0,14.717807697810592,215.20013597076698,18.58,57.44,24.9,0.491,0.1,6,0.422,0.7738,1.0,1.0,1
RD-SHL-SIL-08,215.0,21.111887386219333,1361.015246435985,12.15,40.54,8.8,0.435,0.46,7,0.265,0.8382,0.795,0.8774,1
RD-BMD-DRG-04,42.0,18.140478406201773,2078.8091852487537,189.62,633.16,11.1,1.0,0.98,5,1.0,0.9816,0.9854,1.0,1
RD-TEZ-ITA-11,155.0,2.5578592754392613,360.97834873609196,23.2,99.98,19.3,0.383,0.99,2,0.242,0.4856,0.7169,0.6836,1
RD-BMD-DRG-04,42.0,16.10011950675899,1951.7022120927932,19.19,68.3,5.4,0.278,1.3,7,0.201,0.7647,0.4947,0.7447,1
RD-TEZ-ITA-11,155.0,3.7885503196916885,323.3233542168072,1.07,5.13,32.8,0.067,1.33,2,0.114,0.3178,0.5782,0.541,0
RD-GHY-TEZ-01,178.0,1.0,140.3574658832839,6.98,27.52,4.6,0.142,0.87,1,0.179,0.3353,0.7157,0.6563,1
RD-GHY-NAG-10,345.0,15.244754671650378,1472.1689868429842,72.46,187.15,20.0,0.674,0.66,6,0.511,0.9101,0.8479,0.9413,1
RD-GHY-TEZ-01,178.0,8.270513133067036,67.05353388502834,54.49,265.91,22.7,1.0,0.34,0,0.493,0.696,0.9665,0.9344,1
RD-GHY-NAG-10,345.0,22.342472746379805,1483.9678857531335,116.16,523.27,16.6,1.0,1.23,6,0.658,1.0,0.9012,1.0,1
RD-DRG-SELA-05,62.0,34.26382507434595,4209.778834914349,67.69,266.53,15.4,0.938,2.76,8,0.377,1.0,0.6162,1.0,1
RD-GHY-TEZ-01,178.0,7.1357092326790434,138.1075819093993,64.2,294.98,27.1,1.0,0.71,1,0.465,0.7511,0.9165,0.8943,1
RD-GHY-GTK-12,540.0,15.528120645122684,1613.1620306611694,187.17,696.9,32.1,1.0,0.47,8,1.0,0.9787,1.0,1.0,1
RD-SELA-TWG-06,78.0,24.057403114882334,3168.1969548725647,117.51,330.4,21.3,1.0,1.77,8,0.636,0.9665,0.7729,0.9956,1
RD-GHY-SHL-07,98.0,13.726861505018142,1556.6473134227758,0.58,2.61,14.0,0.059,3.18,3,0.057,0.4734,0.2971,0.4415,0
RD-TEZ-BHK-02,54.0,7.860313449499845,298.6923890174591,21.44,56.92,20.0,0.49,0.37,6,0.331,0.6717,0.8688,0.861,1
RD-BHK-BMD-03,96.0,31.03909611331238,2482.89203995235,5.01,21.45,19.9,0.372,0.26,7,0.286,0.828,0.7963,0.8607,1
RD-SHL-SIL-08,215.0,25.006167053705134,1361.6655723384692,217.1,800.75,10.5,1.0,0.7,6,1.0,0.9631,1.0,1.0,1
RD-TEZ-ITA-11,155.0,1.0,314.3718300064755,32.11,113.82,14.0,0.429,1.48,1,0.251,0.474,0.6898,0.6574,1
RD-SHL-SIL-08,215.0,25.862306730171078,1429.8008665222258,10.61,36.05,10.6,0.42,0.15,8,0.358,0.8644,0.8926,0.9395,1
RD-DRG-SELA-05,62.0,32.69925767049628,4310.061036254519,32.13,92.86,17.0,0.36,2.87,8,0.209,0.9492,0.4775,0.9468,1
RD-BHK-BMD-03,96.0,28.74851880772311,2387.4532199927053,92.48,404.73,24.8,1.0,0.56,8,0.62,0.992,0.8904,1.0,1
RD-DRG-SELA-05,62.0,35.320370246995886,4151.582882455825,75.05,268.01,28.5,0.943,2.55,9,0.416,0.9851,0.6675,1.0,1
RD-SHL-SIL-08,215.0,19.201221396872555,1468.4037367689189,0.37,1.36,7.1,0.055,0.76,7,0.16,0.7405,0.5999,0.7611,1
RD-SHL-SIL-08,215.0,25.51009890404116,1378.9019505515178,113.35,357.54,18.8,1.0,0.4,9,0.752,1.0,0.9615,1.0,1
RD-SELA-TWG-06,78.0,23.514896780822067,3230.377764926256,39.64,130.51,20.1,0.485,1.9,7,0.268,0.8821,0.5624,0.8862,1
RD-GHY-TEZ-01,178.0,1.0,91.71040459263298,60.41,173.64,31.4,0.629,1.02,1,0.414,0.58,0.9427,0.8953,1
RD-GHY-GTK-12,540.0,21.821473502705445,1649.0560133673282,69.5,183.52,10.9,0.912,0.27,10,0.583,0.9774,1.0,1.0,1
RD-BMD-DRG-04,42.0,12.987263359130209,2119.3611685562673,69.11,255.36,9.4,0.901,1.36,4,0.43,0.9113,0.7893,0.9205,1
RD-BHK-BMD-03,96.0,25.050883396715577,2407.1471281544923,9.12,38.29,28.6,0.428,0.27,7,0.302,0.8428,0.771,0.8719,1
RD-GHY-GTK-12,540.0,20.562062348234065,1674.5886258246376,39.04,194.93,15.1,0.95,0.13,9,0.502,0.9559,0.9743,1.0,1
RD-GHY-TEZ-01,178.0,1.2987702496251794,57.6672680041347,107.81,513.61,22.1,1.0,0.65,2,0.678,0.8188,0.9854,0.9706,1
RD-BMD-DRG-04,42.0,13.276387844496355,2118.370546650674,38.79,122.76,19.2,0.459,0.88,5,0.326,0.8508,0.6715,0.8468,1
RD-TEZ-ITA-11,155.0,6.2275360798340555,293.7784428550428,19.57,74.92,8.7,0.3,1.51,1,0.191,0.4786,0.6317,0.6043,0
RD-TEZ-BHK-02,54.0,9.075307092647636,235.3880698581128,29.32,131.79,17.9,0.739,0.05,6,0.5,0.7694,1.0,1.0,1
RD-GHY-ITA-09,320.0,11.763182793245283,297.5126972160417,0.09,0.3,6.6,0.051,1.23,2,0.116,0.4609,0.5762,0.5576,0
RD-TEZ-ITA-11,155.0,6.526435491629768,292.6071318930101,1.18,5.42,4.8,0.068,1.45,2,0.108,0.3604,0.5063,0.4797,0
RD-SELA-TWG-06,78.0,28.40773392164804,3151.364360586115,31.07,149.16,12.2,0.547,2.19,7,0.219,0.8882,0.5359,0.8884,1
RD-GHY-SHL-07,98.0,14.946446823046081,1681.6790513822393,19.31,86.26,10.5,0.338,2.78,4,0.151,0.6434,0.4541,0.6087,0
RD-GHY-GTK-12,540.0,19.378564680998544,1678.777305618895,81.16,227.66,4.3,0.809,0.57,7,0.566,0.9995,0.8999,1.0,1
RD-GHY-SHL-07,98.0,17.33324644603681,1535.7778117395053,185.0,924.84,8.2,1.0,3.22,4,0.917,0.9819,0.9649,0.9948,1
RD-TEZ-BHK-02,54.0,18.200807256819555,252.38196658725977,51.84,195.93,28.3,0.953,0.28,5,0.498,0.8862,0.96,0.9786,1
RD-BHK-BMD-03,96.0,25.348689518737547,2534.9190033812874,184.87,718.61,23.9,1.0,0.15,7,1.0,0.9691,1.0,1.0,1
RD-GHY-ITA-09,320.0,7.830749069162803,267.30188811920715,261.39,748.88,16.8,1.0,1.36,2,1.0,0.9759,0.9504,0.9967,1
RD-TEZ-ITA-11,155.0,5.541716793938824,301.111770467924,98.48,461.15,27.4,1.0,1.36,2,0.567,0.8331,0.8665,0.8668,1
RD-TEZ-ITA-11,155.0,4.0310886664486745,328.5922285492138,14.22,66.2,27.7,0.271,1.58,2,0.163,0.4591,0.6278,0.5989,0
RD-GHY-SHL-07,98.0,15.829143392861477,1610.306777999865,2.51,9.05,8.5,0.08,2.84,2,0.072,0.4704,0.3147,0.44,0
RD-GHY-GTK-12,540.0,17.12425043490579,1649.4209443437676,221.49,867.61,8.7,1.0,0.13,9,1.0,0.9897,0.9823,1.0,1
RD-SHL-SIL-08,215.0,27.678579884606986,1404.0172359253581,27.98,111.79,4.1,0.423,0.65,7,0.304,0.8479,0.7621,0.8827,1
RD-SHL-SIL-08,215.0,15.008406216173247,1431.8727323470823,105.04,426.4,15.4,1.0,0.35,9,0.725,0.9547,0.9947,1.0,1
RD-GHY-SHL-07,98.0,9.124063307498208,1672.9351871055621,120.16,489.39,29.2,1.0,3.12,4,0.616,0.8948,0.8147,0.8879,1
RD-BHK-BMD-03,96.0,25.874041140930647,2474.0256108107615,11.26,37.63,18.4,0.425,0.05,6,0.416,0.8426,0.9421,0.9778,1
RD-BHK-BMD-03,96.0,27.264692708284976,2438.660079472372,123.47,486.66,13.3,1.0,0.69,8,0.744,0.9819,0.9214,1.0,1
RD-TEZ-BHK-02,54.0,11.362225429040645,229.95292446173772,24.95,94.82,25.7,0.366,0.62,4,0.295,0.7079,0.8596,0.8569,1
RD-GHY-GTK-12,540.0,22.17520706893098,1622.0757419679396,100.09,464.93,15.3,1.0,0.2,9,0.754,0.9739,0.9734,1.0,1
RD-GHY-SHL-07,98.0,15.235494804979906,1620.07047777455,136.46,527.57,6.7,1.0,3.09,4,0.693,0.9322,0.8711,0.9321,1
RD-GHY-GTK-12,540.0,28.874165048504427,1609.7341677992924,18.39,88.04,9.8,0.593,0.19,8,0.374,0.8865,0.8996,0.9442,1
RD-TEZ-BHK-02,54.0,13.858480645408493,235.9617215560474,38.79,124.04,10.9,0.713,0.29,5,0.435,0.8238,0.9615,0.9711,1
RD-GHY-ITA-09,320.0,6.664810065059229,330.40207296163527,30.19,136.56,7.3,0.505,1.35,3,0.249,0.6729,0.7386,0.7304,1
RD-BMD-DRG-04,42.0,14.66044888374683,2140.78533519996,134.51,346.42,23.1,1.0,1.02,6,0.76,0.9655,0.8898,0.9875,1
RD-GHY-NAG-10,345.0,16.52589954757745,1483.607812383097,54.46,260.36,17.6,0.918,0.93,7,0.394,0.9662,0.7476,0.9816,1
RD-BHK-BMD-03,96.0,30.227978480355958,2418.3154299916605,192.87,582.3,28.1,1.0,0.9,7,1.0,0.9807,0.9405,1.0,1
RD-BHK-BMD-03,96.0,28.876302726252295,2384.946131007409,33.67,96.34,15.4,0.621,0.48,8,0.361,0.8896,0.7119,0.9092,1
RD-DRG-SELA-05,62.0,34.02598843225817,4224.269498054997,11.56,49.97,27.9,0.217,2.2,7,0.128,0.8678,0.3955,0.8611,1
RD-BHK-BMD-03,96.0,29.868415902666634,2476.053606417053,6.56,31.82,16.7,0.156,0.53,8,0.225,0.9097,0.6564,0.9208,1
RD-GHY-NAG-10,345.0,19.923413661855644,1535.062132246453,128.62,368.52,17.3,1.0,1.06,9,0.728,0.9729,0.8864,1.0,1
RD-GHY-TEZ-01,178.0,6.583387364536295,158.82465498028895,65.16,237.59,14.1,0.842,0.81,1,0.457,0.7045,0.9087,0.8804,1
RD-GHY-ITA-09,320.0,11.209552640614978,360.8660759987323,58.07,279.59,22.7,0.982,0.63,6,0.448,0.8409,0.9267,0.9326,1
RD-TEZ-ITA-11,155.0,5.625283895307574,250.8519802096652,15.78,76.97,20.6,0.307,1.56,3,0.171,0.4872,0.6674,0.6381,0
RD-BMD-DRG-04,42.0,18.01715114749409,2039.9942528529944,15.41,56.41,12.3,0.238,1.12,4,0.195,0.6177,0.4503,0.6048,0
RD-SHL-SIL-08,215.0,24.973605656966573,1362.3150314218478,181.15,896.32,14.6,1.0,0.21,6,1.0,0.9812,0.9941,1.0,1
RD-GHY-SHL-07,98.0,16.485661595952568,1640.2357186641648,3.03,8.82,13.7,0.079,3.09,3,0.07,0.5314,0.3292,0.496,0
RD-DRG-SELA-05,62.0,30.064070184343823,4199.602976908416,119.4,459.12,17.6,1.0,2.54,7,0.623,1.0,0.8271,1.0,1
RD-SELA-TWG-06,78.0,24.101854968788782,3148.1441590000186,3.22,9.48,18.5,0.082,1.73,7,0.105,0.7472,0.3521,0.7366,1
RD-SELA-TWG-06,78.0,23.64446168434987,3245.515348126319,32.93,85.99,15.6,0.337,1.65,8,0.247,0.8744,0.558,0.8784,1
RD-BMD-DRG-04,42.0,10.75748353932225,2083.4207029592403,3.42,16.7,18.0,0.106,1.05,5,0.145,0.5532,0.4958,0.5494,0
RD-GHY-TEZ-01,178.0,5.615282054172848,82.21093305417185,112.35,499.34,13.3,1.0,0.48,1,0.728,0.8151,1.0,0.9843,1
RD-GHY-TEZ-01,178.0,7.896645445380793,20.603477473793816,130.41,610.45,18.3,1.0,0.55,0,0.8,0.823,0.981,0.9669,1
RD-GHY-GTK-12,540.0,19.709257078503697,1608.463095854744,2.36,9.08,17.6,0.33,0.05,8,0.375,0.8222,0.942,0.9769,1
RD-DRG-SELA-05,62.0,30.80379667850111,4104.770111611828,78.74,242.33,31.8,0.858,2.56,9,0.433,1.0,0.7084,1.0,1
RD-GHY-NAG-10,345.0,18.30564912476397,1490.7353133308657,187.4,730.77,6.3,1.0,0.99,6,1.0,1.0,0.9885,1.0,1
RD-BHK-BMD-03,96.0,22.080743691682727,2408.1026055901143,7.67,26.44,22.9,0.388,0.11,7,0.363,0.8706,0.957,0.9965,1
RD-SHL-SIL-08,215.0,24.322640825531717,1407.478642124574,38.29,98.22,30.9,0.627,0.49,8,0.38,0.9377,0.8626,0.9834,1
RD-DRG-SELA-05,62.0,29.06822900811538,4175.162333982409,218.06,829.36,26.0,1.0,2.69,7,1.0,1.0,1.0,1.0,1
RD-TEZ-ITA-11,155.0,2.990383825590076,270.19898057929754,188.75,500.68,9.1,1.0,1.57,1,0.978,0.9616,1.0,1.0,1
RD-GHY-ITA-09,320.0,2.1995093031560486,395.25950180465924,10.14,26.36,15.4,0.138,1.08,4,0.174,0.42,0.6521,0.6234,0
RD-BHK-BMD-03,96.0,27.93047251535108,2395.4740506314542,11.78,29.52,6.3,0.398,0.33,8,0.297,0.8729,0.8017,0.905,1
RD-GHY-GTK-12,540.0,25.090274196756727,1589.1924390320041,17.71,87.8,4.3,0.593,0.33,8,0.323,0.8743,0.9082,0.9511,1
RD-GHY-GTK-12,540.0,18.672954071047943,1594.5314571530926,150.16,620.86,31.5,1.0,0.51,7,0.899,0.969,0.9776,1.0,1
RD-GHY-ITA-09,320.0,11.42361848920476,359.0569471832307,26.12,130.44,30.1,0.485,1.27,7,0.235,0.7106,0.7411,0.737,1
RD-BMD-DRG-04,42.0,18.841219134383728,2102.822229021339,42.95,137.1,23.0,0.507,1.39,5,0.306,0.8755,0.5735,0.8575,1
RD-BMD-DRG-04,42.0,17.608032565996528,2109.0727562901106,81.65,270.76,9.0,0.953,1.19,6,0.5,0.9284,0.7644,0.9336,1
RD-TEZ-BHK-02,54.0,9.679003626796874,235.57748037851474,23.09,99.32,20.3,0.631,0.11,3,0.435,0.7169,1.0,0.9925,1
RD-BHK-BMD-03,96.0,27.89359640512472,2464.7287854320284,82.22,389.3,8.7,1.0,0.63,9,0.561,0.9667,0.8801,1.0,1
RD-GHY-NAG-10,345.0,19.743016522718122,1475.287344415706,249.69,1037.14,33.3,1.0,0.91,8,1.0,0.9561,1.0,1.0,1
RD-GHY-NAG-10,345.0,22.970323108568905,1553.07266685748,21.39,77.53,16.8,0.308,1.08,8,0.226,0.8458,0.6087,0.8481,1
RD-TEZ-ITA-11,155.0,3.833271688538897,311.30121085404977,54.03,204.13,7.7,0.73,1.38,1,0.359,0.67,0.7836,0.7668,1
RD-BMD-DRG-04,42.0,13.933830863313903,2056.2508482402664,39.22,160.68,7.9,0.586,1.46,5,0.285,0.775,0.6243,0.7693,1
RD-TEZ-BHK-02,54.0,6.54112491887321,323.2995274973984,146.27,383.54,25.1,1.0,0.3,3,0.932,0.8979,0.9717,0.9918,1
RD-GHY-ITA-09,320.0,8.190088840827423,311.10536723706906,52.48,143.01,30.7,0.527,1.08,3,0.372,0.7298,0.7769,0.7734,1
RD-DRG-SELA-05,62.0,30.371314073171618,4128.240696296987,21.86,84.51,20.0,0.332,2.66,9,0.165,0.944,0.4121,0.9328,1
RD-BMD-DRG-04,42.0,16.039153359623793,2066.991334307422,41.62,171.56,8.6,0.622,0.93,5,0.334,0.8055,0.654,0.8017,1
RD-BHK-BMD-03,96.0,27.633129447723938,2494.8624416480047,222.99,1055.84,25.7,1.0,0.37,6,1.0,0.9502,1.0,1.0,1
RD-BMD-DRG-04,42.0,16.14552588909546,2029.3558592410186,1.38,5.58,11.0,0.069,1.34,5,0.115,0.581,0.3957,0.5664,0
RD-GHY-GTK-12,540.0,23.443275273789464,1678.9989681588884,56.23,189.99,9.6,0.933,0.05,9,0.626,0.9349,0.9984,1.0,1
RD-GHY-ITA-09,320.0,8.22771978142186,296.457237683911,8.4,28.87,12.5,0.146,1.25,4,0.154,0.5311,0.5749,0.5625,0
RD-SELA-TWG-06,78.0,29.62076023230711,3188.5055339151027,48.48,189.32,23.2,0.681,1.86,7,0.311,0.9145,0.5859,0.9197,1
RD-GHY-GTK-12,540.0,17.220799736520053,1633.4689955401482,135.9,665.42,26.7,1.0,0.35,8,0.869,0.9779,0.9723,1.0,1
RD-GHY-SHL-07,98.0,10.94096558610025,1498.7091173079498,135.5,399.27,5.7,1.0,2.96,2,0.69,0.9657,0.8491,0.9618,1
RD-GHY-SHL-07,98.0,14.864707483660123,1535.9910440323358,38.0,109.0,12.4,0.413,2.64,4,0.241,0.6849,0.46,0.6475,0
RD-GHY-ITA-09,320.0,8.76778164877136,340.5296597188615,7.03,20.0,29.7,0.117,1.23,3,0.148,0.5181,0.583,0.5689,0
RD-BHK-BMD-03,96.0,25.051880410438937,2487.9946348363283,94.35,360.8,32.9,1.0,0.05,6,0.804,0.941,1.0,1.0,1
RD-GHY-GTK-12,540.0,21.45640937172658,1578.3237532460892,30.23,120.34,25.3,0.701,0.05,10,0.505,0.9082,1.0,1.0,1
RD-DRG-SELA-05,62.0,27.009930837329726,4152.403881337923,193.19,661.56,23.5,1.0,2.43,8,0.97,0.974,0.984,1.0,1
RD-GHY-NAG-10,345.0,18.950950741103256,1566.649861808131,148.32,655.23,30.5,1.0,0.97,6,0.828,0.9133,0.9326,0.9725,1
RD-GHY-GTK-12,540.0,17.05419068351655,1640.0204260788778,84.9,223.03,16.6,1.0,0.22,8,0.674,0.956,0.9526,1.0,1
RD-GHY-SHL-07,98.0,9.837959449584021,1599.5582126929523,20.83,99.74,7.8,0.382,2.95,3,0.155,0.549,0.4175,0.519,0
RD-GHY-ITA-09,320.0,9.926992056670098,398.53177160844984,5.64,16.46,16.6,0.105,0.99,3,0.16,0.5105,0.6641,0.6433,0
RD-TEZ-BHK-02,54.0,14.071401199516407,245.19424838351864,127.92,350.89,20.3,1.0,0.08,5,0.943,1.0,0.9551,1.0,1
RD-GHY-ITA-09,320.0,10.674431794848202,369.36891605606866,89.38,319.05,8.5,1.0,0.91,3,0.558,0.8352,0.9259,0.931,1
RD-GHY-SHL-07,98.0,10.186315109658569,1537.006597843012,5.5,22.79,4.2,0.126,3.11,3,0.081,0.4555,0.2999,0.4257,0
RD-DRG-SELA-05,62.0,29.341187781684187,4218.2945280446065,175.99,551.52,14.0,1.0,2.68,7,0.884,1.0,0.9286,1.0,1
RD-GHY-TEZ-01,178.0,9.588363428842124,105.39025522723912,126.67,438.91,33.2,1.0,0.56,1,0.779,0.8748,1.0,0.9932,1
RD-BMD-DRG-04,42.0,18.469713055814076,2094.598071255032,23.58,85.61,17.9,0.335,1.12,4,0.233,0.7369,0.4933,0.7189,1
RD-GHY-TEZ-01,178.0,2.6128853344241296,54.23519069280259,76.56,270.54,19.9,1.0,0.34,0,0.595,0.7081,1.0,0.9682,1
RD-GHY-ITA-09,320.0,7.340366963477483,400.65493377221065,4.32,11.0,7.6,0.087,1.23,2,0.136,0.4496,0.6029,0.5811,0
RD-GHY-GTK-12,540.0,24.522456293012855,1743.3419056448593,25.55,80.08,15.2,0.567,0.17,8,0.416,0.9494,0.965,1.0,1
RD-DRG-SELA-05,62.0,29.50684132243792,4152.706844453145,28.68,111.55,21.2,0.422,2.33,8,0.205,1.0,0.4523,0.9899,1
RD-BMD-DRG-04,42.0,14.204194558224124,2125.959849026755,100.15,311.91,17.2,1.0,1.19,5,0.586,0.9653,0.8779,0.9856,1
RD-DRG-SELA-05,62.0,34.65588416688719,4106.828133775446,44.41,122.24,12.7,0.457,2.27,8,0.28,0.9499,0.5806,0.9622,1
RD-BHK-BMD-03,96.0,31.087872459237747,2539.637369892087,93.78,257.33,17.8,0.908,0.56,6,0.627,0.999,0.8661,1.0,1
RD-GHY-ITA-09,320.0,3.083349011979111,332.38981344507715,179.34,806.69,5.1,1.0,1.06,4,0.965,0.8775,0.9938,1.0,1
RD-GHY-TEZ-01,178.0,3.854619669131526,131.46346248712746,2.3,10.16,21.1,0.084,0.87,0,0.157,0.2818,0.7579,0.6882,1
RD-DRG-SELA-05,62.0,26.380403609135904,4180.163299946739,25.95,100.47,10.4,0.385,2.59,7,0.186,0.9132,0.4116,0.9046,1
RD-DRG-SELA-05,62.0,29.863221382603044,4093.775954602239,16.75,65.18,7.6,0.267,2.24,8,0.151,0.9183,0.373,0.9039,1
RD-GHY-TEZ-01,178.0,7.931426040653033,34.27939461287935,62.73,301.57,9.6,1.0,0.79,2,0.447,0.703,0.9195,0.8905,1
RD-BMD-DRG-04,42.0,17.77566255272531,2086.1896873396113,12.81,42.4,8.7,0.191,0.96,6,0.196,0.6819,0.539,0.6728,1
RD-BMD-DRG-04,42.0,13.727263891426203,2094.9517920187704,50.87,248.01,30.7,0.877,1.02,6,0.369,0.8654,0.6219,0.8543,1
RD-GHY-TEZ-01,178.0,2.4514553176244993,172.2334310784895,18.66,67.91,15.1,0.276,0.56,3,0.275,0.4186,0.8425,0.781,1
RD-TEZ-ITA-11,155.0,1.2640075968523021,345.00020426614316,30.31,150.94,32.7,0.553,1.57,2,0.238,0.522,0.6936,0.6658,1
RD-SELA-TWG-06,78.0,25.903767715682967,3223.105311714451,98.97,286.05,17.7,1.0,2.08,7,0.539,0.9919,0.7932,1.0,1
RD-GHY-GTK-12,540.0,22.667207444406117,1658.112793728587,68.77,188.41,21.3,0.928,0.05,9,0.685,0.9841,1.0,1.0,1
RD-DRG-SELA-05,62.0,33.753062646619895,4129.729875217935,29.12,123.15,20.1,0.46,2.6,9,0.2,0.9472,0.4332,0.9387,1
RD-GHY-SHL-07,98.0,13.397148447003527,1528.6224853822612,5.12,25.22,13.5,0.134,3.02,3,0.081,0.5146,0.3622,0.4833,0
RD-DRG-SELA-05,62.0,34.13637758891578,4187.044737479134,6.82,29.89,17.6,0.15,2.35,9,0.102,0.8504,0.3209,0.8357,1
RD-GHY-TEZ-01,178.0,1.0,33.99339952886882,24.37,76.67,11.1,0.306,0.88,2,0.259,0.3817,0.8936,0.8227,1
RD-GHY-TEZ-01,178.0,5.729035388567732,85.83257385739778,171.27,847.4,28.0,1.0,0.8,1,0.953,0.8866,0.9961,0.9912,1
RD-BMD-DRG-04,42.0,15.312635338578627,2035.0293545914326,18.99,78.28,23.5,0.311,1.24,5,0.204,0.7003,0.52,0.6879,1
RD-DRG-SELA-05,62.0,31.818107367127592,4064.4299777266947,124.88,543.23,25.6,1.0,2.65,7,0.646,0.9629,0.8304,1.0,1
RD-GHY-TEZ-01,178.0,1.0,120.47994291580659,3.26,9.48,5.5,0.082,1.23,2,0.131,0.3291,0.7059,0.6468,0
RD-GHY-NAG-10,345.0,15.174818273869937,1559.4315753644987,203.12,549.78,8.9,1.0,1.04,9,1.0,1.0,0.9835,1.0,1
RD-GHY-GTK-12,540.0,20.463925660070238,1713.5663359201462,31.66,155.17,23.5,0.567,0.77,7,0.306,0.8622,0.7497,0.8899,1
RD-TEZ-ITA-11,155.0,6.773276335807355,335.2312549566943,1.89,6.3,23.4,0.071,1.48,2,0.11,0.378,0.5934,0.56,0
RD-TEZ-ITA-11,155.0,1.0,413.19761978006085,1.08,3.7,20.8,0.062,1.35,1,0.113,0.2938,0.5154,0.4828,0
RD-GHY-ITA-09,320.0,5.458046270019382,400.2228211989794,92.11,250.28,16.1,0.884,1.1,3,0.555,0.8385,0.8946,0.9009,1
RD-SHL-SIL-08,215.0,16.312872428365942,1446.1466886081946,141.01,611.02,25.1,1.0,0.41,7,0.878,1.0,0.9536,1.0,1
RD-DRG-SELA-05,62.0,29.793819190560804,4168.696461521121,164.37,790.34,8.4,1.0,3.02,7,0.824,0.9828,0.9141,1.0,1
RD-TEZ-ITA-11,155.0,12.884893459412861,403.6464777729005,8.87,22.5,8.7,0.125,1.71,2,0.132,0.4665,0.574,0.55,0
RD-GHY-SHL-07,98.0,16.27867778271593,1615.9533537040193,131.11,482.03,19.6,1.0,2.69,3,0.675,0.9066,0.8531,0.9046,1
RD-BMD-DRG-04,42.0,13.80726955879358,2023.7502054177746,13.86,39.07,25.2,0.18,1.4,7,0.17,0.6821,0.4605,0.6649,1
RD-GHY-SHL-07,98.0,14.998177351101749,1621.548262783819,51.58,246.37,7.7,0.871,3.08,2,0.296,0.7813,0.5668,0.7485,1
RD-SHL-SIL-08,215.0,20.99077533971327,1411.7509234842812,154.83,677.28,8.4,1.0,0.19,6,1.0,0.991,0.9647,1.0,1
RD-BHK-BMD-03,96.0,24.853505758994952,2383.226124461222,58.42,266.24,17.2,1.0,0.13,6,0.591,0.9562,0.971,1.0,1
RD-BHK-BMD-03,96.0,28.566112147991188,2491.991464364017,183.35,866.74,12.0,1.0,0.38,7,1.0,0.9728,0.9688,1.0,1
RD-SHL-SIL-08,215.0,20.413702340489202,1368.3106125842046,177.83,544.22,30.1,1.0,0.37,8,1.0,0.9896,0.9622,1.0,1
RD-BHK-BMD-03,96.0,26.233199345605843,2509.630075822526,34.83,156.25,5.0,0.821,0.48,8,0.366,0.9009,0.7586,0.9263,1
RD-GHY-TEZ-01,178.0,4.478546906888675,129.93703746347072,194.97,630.8,15.6,1.0,0.56,1,1.0,0.9637,0.9705,0.9773,1
RD-BHK-BMD-03,96.0,29.737024023256048,2363.970980038311,74.04,211.65,21.2,1.0,0.43,6,0.561,0.946,0.8336,0.9804,1
RD-TEZ-ITA-11,155.0,4.18840508506748,330.64057524232487,22.76,73.9,31.4,0.296,1.7,3,0.197,0.5003,0.6236,0.5988,0
RD-TEZ-BHK-02,54.0,15.296259046019232,181.4404613693241,168.31,428.9,5.9,1.0,0.43,6,1.0,1.0,0.9392,1.0,1
RD-GHY-SHL-07,98.0,20.54461167559113,1547.5396144807576,178.7,478.74,10.1,1.0,2.9,4,0.893,0.9741,0.9869,1.0,1
RD-TEZ-ITA-11,155.0,7.183184200225157,333.0355874825339,10.64,51.59,8.1,0.222,1.59,2,0.145,0.4393,0.6136,0.584,0
RD-TEZ-BHK-02,54.0,13.409974796925354,277.65295345098383,47.91,225.76,11.3,1.0,0.33,4,0.465,0.8619,0.9615,0.9766,1
RD-BHK-BMD-03,96.0,32.70764238675814,2465.6688446721364,2.22,6.55,4.4,0.322,0.29,6,0.263,0.8494,0.7214,0.8719,1
RD-GHY-TEZ-01,178.0,1.621592491278748,85.23518204984326,97.22,322.52,27.5,1.0,0.77,0,0.611,0.7217,0.9559,0.928,1
RD-GHY-SHL-07,98.0,22.822934377840287,1577.507915418607,42.44,125.78,21.8,0.469,2.84,3,0.258,0.7631,0.5414,0.7286,1
RD-TEZ-BHK-02,54.0,10.09253476148087,297.7530740576223,7.47,35.24,14.8,0.417,0.39,3,0.259,0.5761,0.8231,0.8058,1
RD-TEZ-ITA-11,155.0,8.950538581087413,330.3802084633848,0.68,2.22,27.5,0.057,1.72,1,0.093,0.4124,0.5437,0.5178,0
RD-BHK-BMD-03,96.0,22.421446494044442,2469.098619978742,119.55,460.17,30.6,1.0,0.4,7,0.781,1.0,0.9975,1.0,1
RD-TEZ-BHK-02,54.0,14.184427955470289,282.4862828422391,2.25,7.28,7.3,0.324,0.05,4,0.374,0.6542,1.0,0.9831,1
RD-TEZ-ITA-11,155.0,6.038110180653154,260.15224612017573,72.33,288.89,12.4,1.0,1.71,4,0.428,0.8034,0.8239,0.8216,1
RD-GHY-TEZ-01,178.0,6.439131638241621,85.14354509070651,158.8,706.04,4.1,1.0,0.88,1,0.886,0.8379,1.0,0.9877,1
RD-TEZ-BHK-02,54.0,13.801055038871775,341.91825865333203,11.46,39.08,9.4,0.43,0.15,4,0.36,0.6863,0.8865,0.8798,1
RD-SELA-TWG-06,78.0,31.036920873358163,3128.274886693118,20.9,68.73,25.8,0.279,1.78,8,0.185,0.8663,0.4219,0.8532,1
RD-TEZ-BHK-02,54.0,11.766722072289724,276.67361337952843,98.64,313.59,11.9,1.0,0.05,6,0.824,0.8986,1.0,1.0,1
RD-SHL-SIL-08,215.0,21.855148034056473,1387.6717906174235,5.78,21.08,8.4,0.12,0.54,7,0.22,0.7465,0.7398,0.7824,1
RD-SHL-SIL-08,215.0,23.997222533648923,1416.708573470726,81.76,215.26,23.5,1.0,0.33,7,0.623,0.936,1.0,1.0,1
RD-DRG-SELA-05,62.0,29.152399930039493,4183.919476634082,0.3,0.76,25.5,0.053,2.58,7,0.066,0.83,0.3257,0.818,1
RD-BHK-BMD-03,96.0,26.426953333963162,2472.3995501833347,131.58,509.49,13.9,1.0,0.52,6,0.811,1.0,1.0,1.0,1
RD-GHY-ITA-09,320.0,14.905597569309696,328.88744314173783,44.02,145.48,29.8,0.535,1.12,5,0.329,0.7376,0.797,0.7936,1
RD-TEZ-ITA-11,155.0,2.976503842954165,290.93061017316757,32.18,120.76,4.8,0.453,1.22,4,0.266,0.5494,0.7634,0.7338,1
RD-GHY-TEZ-01,178.0,8.500167214945318,87.95007069667375,27.07,86.66,6.3,0.339,0.74,2,0.288,0.565,0.8485,0.8051,1
RD-TEZ-BHK-02,54.0,4.828101992263166,285.2124824037206,60.63,256.09,28.2,1.0,0.36,5,0.515,0.8489,0.9942,1.0,1
RD-TEZ-BHK-02,54.0,16.65166058703012,155.58513311511257,49.0,192.6,9.9,0.942,0.34,3,0.468,0.8534,0.9449,0.9591,1
RD-GHY-SHL-07,98.0,19.012708912400512,1560.7056257234972,121.69,557.58,4.0,1.0,3.13,5,0.623,0.8711,0.8431,0.8686,1
RD-BMD-DRG-04,42.0,17.241805695438945,2066.3639384077665,194.48,587.24,31.9,1.0,1.37,6,1.0,0.9978,0.9892,1.0,1
RD-GHY-SHL-07,98.0,17.503725615988905,1578.0603471760076,8.75,36.51,33.1,0.172,3.06,2,0.097,0.5285,0.3423,0.4944,0
RD-SELA-TWG-06,78.0,21.910183620729157,3165.313384857664,48.61,187.95,31.9,0.677,1.87,7,0.311,0.8959,0.5906,0.9029,1
RD-BMD-DRG-04,42.0,13.167303537744356,2096.0672102032286,229.51,764.36,18.9,1.0,0.96,7,1.0,0.9861,1.0,1.0,1
RD-TEZ-ITA-11,155.0,5.832106574044328,446.53160466531165,59.92,239.62,33.3,0.849,1.47,1,0.381,0.7492,0.7423,0.7422,1
RD-GHY-GTK-12,540.0,19.92170939921649,1643.7951586555116,32.21,110.3,7.4,0.668,0.05,8,0.514,0.9327,1.0,1.0,1
RD-TEZ-BHK-02,54.0,17.652614275744387,353.51124812275077,23.68,88.08,28.6,0.594,0.05,4,0.474,0.7669,1.0,1.0,1
RD-TEZ-BHK-02,54.0,13.96482245365505,273.0992265888746,170.61,555.77,10.2,1.0,0.24,3,1.0,0.9503,1.0,1.0,1
RD-DRG-SELA-05,62.0,27.708856527955824,4219.417931164343,21.79,100.28,22.2,0.384,2.41,9,0.171,0.8319,0.4334,0.8332,1
RD-GHY-NAG-10,345.0,19.511866919684444,1627.3503155164747,88.35,310.36,21.9,1.0,0.75,6,0.572,0.9591,0.8895,0.9952,1
RD-SELA-TWG-06,78.0,23.65118036242359,3150.5109185406686,15.43,55.31,15.7,0.234,1.98,6,0.153,0.8601,0.3818,0.8424,1
RD-TEZ-BHK-02,54.0,12.218374577859553,215.16617739210378,86.27,226.62,28.3,1.0,0.05,4,0.766,0.9434,0.9857,1.0,1
RD-GHY-NAG-10,345.0,19.359895123024444,1510.9297469741655,132.49,360.43,31.0,1.0,1.07,7,0.746,1.0,0.9168,1.0,1
RD-GHY-SHL-07,98.0,13.154921208710984,1569.6219595747532,49.16,223.57,19.7,0.795,3.01,2,0.286,0.7496,0.5913,0.7216,1
RD-GHY-NAG-10,345.0,19.191364926465184,1514.9632181681288,83.56,394.22,5.3,1.0,0.93,10,0.529,0.9882,0.8582,1.0,1
RD-GHY-SHL-07,98.0,11.846757584277068,1691.3899261950933,217.7,912.0,22.6,1.0,3.03,2,1.0,0.9717,0.987,1.0,1
RD-TEZ-ITA-11,155.0,4.411247732044121,184.94083684485798,53.9,165.1,29.2,0.6,1.14,3,0.373,0.6337,0.8157,0.7929,1
RD-GHY-NAG-10,345.0,15.468196207228466,1546.6296225066599,111.34,351.86,16.9,1.0,0.71,6,0.685,0.9795,0.9496,1.0,1
RD-SELA-TWG-06,78.0,25.69269158260729,3118.9336078070332,14.91,50.58,27.2,0.219,2.05,8,0.148,0.8639,0.4056,0.8489,1
RD-DRG-SELA-05,62.0,33.20826745903047,4209.951918413628,69.59,212.62,30.4,0.759,2.7,9,0.387,0.9874,0.6582,1.0,1
RD-TEZ-ITA-11,155.0,7.4827394178265845,266.1684008987625,7.19,21.82,27.6,0.123,1.16,2,0.154,0.4009,0.6481,0.6119,0
RD-DRG-SELA-05,62.0,32.46481280885632,4190.321254996883,16.32,57.73,4.2,0.242,2.66,11,0.139,0.9575,0.3546,0.9368,1
RD-GHY-GTK-12,540.0,21.657103233840015,1629.5091097338159,67.18,330.46,16.3,1.0,0.48,7,0.518,0.9265,0.8802,0.9698,1
RD-GHY-TEZ-01,178.0,3.9412219804116915,88.61931181786927,34.86,156.54,10.2,0.572,0.59,0,0.346,0.4642,0.9404,0.8768,1
RD-BHK-BMD-03,96.0,26.16973007896761,2502.406288174676,3.7,17.23,18.9,0.107,0.51,7,0.216,0.815,0.6172,0.8262,1
RD-BHK-BMD-03,96.0,26.14705685761521,2491.7388125671678,10.29,36.23,17.5,0.421,0.44,7,0.26,0.8688,0.7022,0.888,1
RD-GHY-SHL-07,98.0,16.363785352753546,1543.7660712141133,41.71,130.31,30.0,0.484,3.05,2,0.251,0.7174,0.4651,0.6778,1
RD-SHL-SIL-08,215.0,21.715995891976313,1441.6234859496358,11.12,45.55,14.5,0.452,0.06,6,0.407,0.8442,1.0,1.0,1
RD-TEZ-BHK-02,54.0,12.692240853011109,278.7164140550183,107.03,288.06,27.9,1.0,0.09,4,0.839,0.9486,1.0,1.0,1
RD-GHY-GTK-12,540.0,23.813596617029894,1680.051810830114,7.01,17.92,30.5,0.36,0.48,7,0.237,0.8463,0.7648,0.8764,1
RD-TEZ-BHK-02,54.0,15.05188780127008,317.1979807417342,28.28,75.07,24.7,0.55,0.33,5,0.372,0.7878,0.8633,0.8709,1
RD-BHK-BMD-03,96.0,25.660910146544076,2453.249687683218,171.28,470.26,33.7,1.0,0.47,7,1.0,1.0,1.0,1.0,1
RD-GHY-SHL-07,98.0,13.752348061488012,1496.1020384069197,35.27,89.67,13.8,0.349,3.06,2,0.221,0.6361,0.4512,0.6017,0
RD-SHL-SIL-08,215.0,24.592951281082765,1438.5601695140463,13.53,46.46,5.8,0.205,0.59,8,0.246,0.8819,0.7899,0.9191,1
RD-GHY-GTK-12,540.0,17.54824932858608,1764.6105820183357,91.53,287.44,24.1,1.0,0.22,7,0.704,0.9522,0.9675,1.0,1
RD-GHY-NAG-10,345.0,18.617409041357305,1529.0048368757234,78.37,203.87,21.1,0.98,0.42,7,0.583,0.9396,0.9469,0.9903,1
RD-SELA-TWG-06,78.0,28.700178857155883,3287.5059145722566,204.15,936.87,22.3,1.0,1.86,7,1.0,0.967,0.9814,1.0,1
RD-TEZ-ITA-11,155.0,5.558615401539994,312.8117585088403,19.7,95.48,13.8,0.368,1.23,3,0.208,0.4982,0.6938,0.6636,1
RD-GHY-SHL-07,98.0,13.342307143394885,1568.5587510938788,3.82,13.18,33.9,0.094,2.97,2,0.075,0.4835,0.2788,0.4492,0
RD-SHL-SIL-08,215.0,27.761849031583303,1491.7880309463692,9.32,24.55,5.6,0.382,0.36,7,0.277,0.8837,0.8493,0.9287,1
RD-SHL-SIL-08,215.0,17.518891282654742,1408.7645261071275,43.11,214.58,21.9,0.765,0.54,8,0.394,0.946,0.8442,0.9889,1
RD-BMD-DRG-04,42.0,15.234432214265151,2136.449825610952,25.75,80.55,23.7,0.318,1.5,4,0.22,0.7714,0.4619,0.7471,1
RD-GHY-NAG-10,345.0,15.726451891697138,1558.7581876502234,99.76,469.57,28.6,1.0,0.62,8,0.644,0.9839,0.9433,1.0,1
RD-GHY-ITA-09,320.0,9.572832326642503,339.73650380858476,9.6,33.39,27.4,0.161,0.98,2,0.18,0.4883,0.6125,0.5935,0
RD-GHY-GTK-12,540.0,22.577441046937512,1539.1510233139488,10.71,32.72,20.9,0.159,0.57,7,0.236,0.8206,0.7521,0.8501,1
RD-BMD-DRG-04,42.0,18.766866869773292,2028.0870284825098,4.62,11.98,8.6,0.09,0.91,6,0.163,0.6553,0.5382,0.6479,0
RD-BMD-DRG-04,42.0,15.747011787733914,2176.2973932573846,32.17,120.42,20.6,0.451,1.4,5,0.255,0.7644,0.5414,0.7498,1
RD-BMD-DRG-04,42.0,18.359086810740436,2095.926503866491,10.96,52.6,23.8,0.225,1.16,6,0.172,0.7419,0.5157,0.726,1
RD-GHY-TEZ-01,178.0,2.9400697257074153,84.85837036728009,41.98,110.06,7.5,0.417,0.87,2,0.341,0.4749,0.9483,0.8856,1
RD-SHL-SIL-08,215.0,19.553434445868195,1402.5520153845043,18.7,51.31,14.4,0.471,0.5,7,0.288,0.8358,0.842,0.8863,1
RD-TEZ-BHK-02,54.0,10.94440431006756,234.81247985119128,170.23,576.96,28.9,1.0,0.5,3,0.995,0.946,1.0,1.0,1
RD-SELA-TWG-06,78.0,21.302262881326968,3223.38693739889,10.93,30.25,30.0,0.151,1.94,6,0.133,0.7877,0.4191,0.7811,1
RD-BHK-BMD-03,96.0,24.741438515179816,2445.43221454307,46.53,163.86,29.5,0.596,0.56,6,0.405,0.9655,0.7942,0.9937,1
RD-BHK-BMD-03,96.0,27.850414834153387,2414.3820985866287,8.7,23.91,12.6,0.38,0.28,8,0.296,0.8763,0.8058,0.9087,1
RD-GHY-ITA-09,320.0,10.414245134183792,318.3988845777725,57.1,185.99,25.4,0.67,0.91,3,0.408,0.7839,0.8063,0.8082,1
RD-GHY-SHL-07,98.0,14.891582475251733,1549.021902883952,281.13,783.07,26.4,1.0,3.11,4,1.0,1.0,0.9859,1.0,1
RD-BMD-DRG-04,42.0,10.30281885241265,2160.3868559761127,98.7,475.01,5.0,1.0,1.25,5,0.575,0.9871,0.8517,1.0,1
RD-BHK-BMD-03,96.0,26.08416318801163,2432.80672725967,172.01,811.89,8.2,1.0,0.41,7,1.0,1.0,0.9966,1.0,1
RD-GHY-GTK-12,540.0,20.649548181158465,1644.0289292149564,14.57,57.98,5.8,0.493,0.16,8,0.37,0.89,0.9154,0.9603,1
RD-GHY-SHL-07,98.0,10.246354846012634,1543.0273787609726,5.28,22.02,32.7,0.123,3.0,4,0.082,0.5246,0.2915,0.4868,0
RD-GHY-GTK-12,540.0,22.199408700878713,1726.4263009789447,17.14,68.3,21.7,0.528,0.41,7,0.3,0.8566,0.7955,0.8903,1
RD-SELA-TWG-06,78.0,27.315712119935675,3233.6659825814513,144.67,433.63,17.5,1.0,1.88,6,0.759,0.9626,0.9322,1.0,1
RD-TEZ-BHK-02,54.0,16.556062217633233,277.1725159363167,22.13,62.91,26.9,0.51,0.37,4,0.334,0.8009,0.8846,0.8932,1
RD-TEZ-BHK-02,54.0,16.410703024341032,214.30751466512214,47.05,215.22,11.7,1.0,0.23,5,0.495,0.9225,0.9498,0.9738,1
RD-GHY-NAG-10,345.0,22.36329718892973,1503.4055746474332,12.98,53.25,28.2,0.227,1.11,6,0.185,0.789,0.5761,0.7909,1
RD-GHY-TEZ-01,178.0,1.0,74.7613157873696,149.88,641.13,13.0,1.0,1.08,2,0.826,0.8653,0.9874,0.9795,1
RD-BHK-BMD-03,96.0,22.389295096728933,2513.460582962182,218.87,921.96,18.1,1.0,0.32,6,1.0,1.0,0.94,1.0,1
RD-TEZ-BHK-02,54.0,14.166693835086466,266.8762392473878,167.25,647.53,12.4,1.0,0.05,4,1.0,0.9629,0.9675,0.9971,1
RD-GHY-SHL-07,98.0,14.612499874961038,1553.2923590098737,161.45,590.16,12.4,1.0,2.96,6,0.811,0.932,0.9675,0.9756,1
RD-BHK-BMD-03,96.0,26.622056304109666,2436.9277040583056,88.2,344.64,26.6,1.0,0.23,6,0.687,0.9925,0.9417,1.0,1
RD-BHK-BMD-03,96.0,30.15863257412846,2388.9149916098118,19.6,76.54,7.3,0.555,0.24,6,0.362,0.8921,0.8302,0.9274,1
RD-GHY-GTK-12,540.0,20.675266133375132,1762.0790251618575,14.65,52.19,25.1,0.474,0.37,8,0.299,0.8799,0.8852,0.9292,1
RD-SHL-SIL-08,215.0,18.374663027991836,1364.318077220462,2.27,5.79,32.5,0.069,0.59,7,0.193,0.7716,0.7194,0.8042,1
RD-SELA-TWG-06,78.0,20.05257154156189,3204.607964213655,51.41,158.11,14.1,0.577,1.73,6,0.33,0.9062,0.5708,0.9098,1
RD-TEZ-ITA-11,155.0,6.619749681778897,307.05513619847284,34.29,166.68,24.7,0.606,1.76,2,0.248,0.616,0.7686,0.7463,1
RD-DRG-SELA-05,62.0,33.24500275450159,4134.028789976632,94.46,395.18,25.8,1.0,2.49,9,0.508,0.9831,0.7318,1.0,1
RD-GHY-TEZ-01,178.0,6.0032063483896625,101.97023569293405,2.31,6.12,33.2,0.07,0.77,1,0.168,0.3154,0.7389,0.6751,1
RD-GHY-TEZ-01,178.0,5.569421289015272,61.227474136950036,3.95,18.99,31.0,0.113,0.87,0,0.164,0.3074,0.7333,0.6691,1
RD-BHK-BMD-03,96.0,25.765443886861267,2446.6914476049924,45.36,126.0,22.8,0.47,0.53,7,0.406,0.8717,0.7347,0.895,1
RD-GHY-TEZ-01,178.0,1.4407982043595142,60.86470748149277,21.78,108.78,7.5,0.413,0.78,3,0.257,0.445,0.8437,0.7854,1
RD-GHY-SHL-07,98.0,13.30559331317038,1583.543899632843,22.27,57.91,27.5,0.243,3.19,4,0.158,0.559,0.4037,0.527,0
RD-SHL-SIL-08,215.0,19.905714162512602,1386.982128289404,25.13,96.87,26.9,0.373,0.77,7,0.275,0.8716,0.7736,0.907,1
RD-DRG-SELA-05,62.0,35.86423818943216,4204.9787958868,0.54,2.32,4.8,0.058,2.68,8,0.065,0.8643,0.3245,0.8487,1
RD-GHY-ITA-09,320.0,8.810690384071224,316.77708899429155,23.72,66.1,5.5,0.27,1.26,6,0.224,0.5803,0.7603,0.7404,1
RD-BMD-DRG-04,42.0,14.32992358177067,2105.476528083129,55.31,200.12,32.2,0.717,1.2,5,0.376,0.8471,0.6288,0.8379,1
RD-BHK-BMD-03,96.0,24.218614494600253,2445.5775047812385,45.81,119.96,29.1,0.7,0.47,6,0.421,0.864,0.8099,0.8974,1
RD-TEZ-BHK-02,54.0,5.831583042402604,184.00466186418032,54.76,157.01,8.7,0.823,0.3,4,0.504,0.8264,0.9536,0.9638,1
RD-BHK-BMD-03,96.0,25.81454516319747,2493.709893763317,51.31,163.3,7.9,0.594,0.64,6,0.415,0.908,0.8386,0.944,1
RD-GHY-SHL-07,98.0,13.290376488845022,1575.9056791327744,66.09,311.5,18.0,1.0,2.85,2,0.368,0.7496,0.6475,0.728,1
RD-BMD-DRG-04,42.0,18.739749057944298,2138.957190298644,4.59,19.34,24.8,0.114,1.24,5,0.136,0.6447,0.4488,0.6294,0
RD-GHY-GTK-12,540.0,16.06101914476896,1675.19706285288,53.2,176.73,29.1,0.889,0.23,7,0.522,0.8816,0.9915,1.0,1
RD-GHY-NAG-10,345.0,19.382258902247106,1530.6538719795246,13.59,46.01,19.0,0.203,0.55,9,0.254,0.8094,0.6659,0.8208,1
RD-GHY-GTK-12,540.0,19.873668393071732,1561.1703248411045,13.57,57.08,27.1,0.49,0.28,8,0.32,0.9195,0.8916,0.9646,1
RD-SELA-TWG-06,78.0,25.633539878976826,3132.2052095746762,51.45,163.28,6.6,0.594,1.74,7,0.329,0.9212,0.6627,0.9366,1
RD-GHY-SHL-07,98.0,21.714467049569674,1488.2640220834396,119.88,380.1,21.1,1.0,2.63,2,0.623,0.8985,0.8555,0.897,1
RD-BHK-BMD-03,96.0,25.560094513182314,2371.3126349867052,134.23,492.68,15.3,1.0,0.5,9,0.826,0.997,0.9315,1.0,1
RD-SELA-TWG-06,78.0,24.401948305933562,3192.001553968244,52.66,200.17,28.3,0.717,2.08,7,0.323,0.9878,0.5932,0.9895,1
RD-BMD-DRG-04,42.0,18.96171892065942,2049.6654535379457,9.31,46.26,33.2,0.204,1.21,6,0.161,0.7094,0.4502,0.6889,1
RD-TEZ-BHK-02,54.0,18.919817072377803,292.2298844990097,181.31,895.35,7.7,1.0,0.06,4,1.0,0.9869,0.9781,1.0,1
RD-GHY-NAG-10,345.0,19.118808782640905,1471.5845147634827,39.24,155.56,27.0,0.569,0.51,8,0.382,0.8757,0.817,0.9036,1
RD-SELA-TWG-06,78.0,28.558853840173384,3168.775009714168,140.67,624.61,8.9,1.0,1.69,6,0.748,1.0,0.9408,1.0,1
RD-DRG-SELA-05,62.0,28.347519959156138,4152.560093630685,101.56,279.11,16.4,0.98,2.55,7,0.54,0.9837,0.8,1.0,1
RD-TEZ-BHK-02,54.0,10.100835314829922,231.69690941477705,140.0,665.83,5.8,1.0,0.21,5,0.935,0.9295,0.9652,0.99,1
RD-GHY-NAG-10,345.0,18.005196563973485,1466.6346300916314,224.9,1120.05,28.3,1.0,0.92,9,1.0,1.0,0.9216,1.0,1
RD-DRG-SELA-05,62.0,31.572494376523483,4081.6258037866132,99.86,472.83,17.5,1.0,2.55,9,0.532,0.9835,0.7797,1.0,1
RD-BMD-DRG-04,42.0,15.890006890418324,2137.9712512276265,29.06,138.17,25.3,0.511,1.21,5,0.253,0.793,0.6007,0.7835,1
RD-GHY-TEZ-01,178.0,5.903339000164683,41.34926068068521,140.54,489.56,33.1,1.0,0.79,0,0.811,0.866,1.0,0.9919,1
RD-TEZ-BHK-02,54.0,12.064172973681076,222.3457136113025,0.1,0.34,31.4,0.301,0.25,6,0.268,0.6554,0.9047,0.8929,1
RD-GHY-NAG-10,345.0,15.821489448817518,1554.3273752667656,176.85,447.34,10.3,1.0,1.16,6,0.946,0.9818,0.9677,1.0,1
RD-SHL-SIL-08,215.0,21.476359206383066,1363.2376865610922,177.98,525.74,12.3,1.0,0.33,6,1.0,0.9602,0.9724,1.0,1
RD-SELA-TWG-06,78.0,20.91098926845017,3192.8278515560655,139.45,370.75,16.8,1.0,1.87,6,0.735,0.9714,0.8933,1.0,1
RD-DRG-SELA-05,62.0,38.91754415908487,4105.07391985064,127.2,574.61,26.0,1.0,2.2,7,0.668,1.0,0.835,1.0,1
RD-SELA-TWG-06,78.0,23.48739253347229,3118.2219354328267,13.23,51.37,20.2,0.221,1.5,6,0.162,0.7955,0.3888,0.7845,1
RD-GHY-SHL-07,98.0,11.419575277408057,1627.3169416104781,3.17,9.62,16.2,0.082,2.93,2,0.073,0.4325,0.3097,0.4058,0
RD-SELA-TWG-06,78.0,20.687215773792143,3248.0451214783793,9.87,46.49,32.8,0.205,1.92,6,0.129,0.7694,0.3863,0.7606,1
RD-GHY-GTK-12,540.0,23.4788224196033,1637.0768619092175,112.85,471.21,13.5,1.0,0.47,8,0.733,0.9415,0.9749,1.0,1
RD-BHK-BMD-03,96.0,27.1501536233142,2417.3035893829597,6.38,20.38,18.6,0.118,0.86,8,0.177,0.8597,0.5264,0.8566,1
RD-TEZ-BHK-02,54.0,12.395585566769343,233.36239514182955,29.34,112.26,25.7,0.674,0.27,4,0.395,0.7868,0.9653,0.9694,1
RD-GHY-GTK-12,540.0,17.3987808280374,1728.4754652247118,19.0,53.2,10.5,0.477,0.48,7,0.294,0.8685,0.812,0.904,1
RD-GHY-ITA-09,320.0,7.9028373574749455,368.04623495811296,44.94,189.16,11.0,0.681,1.2,4,0.328,0.705,0.8507,0.841,1
RD-BHK-BMD-03,96.0,33.178943191859695,2490.0508769727307,177.38,571.0,4.4,1.0,0.4,6,1.0,1.0,0.961,1.0,1
RD-GHY-SHL-07,98.0,13.175515456817873,1495.538537395056,52.29,187.67,29.0,0.676,2.67,2,0.307,0.7161,0.5966,0.6908,1
RD-GHY-TEZ-01,178.0,7.648578788062115,102.6000106593645,20.94,69.25,17.0,0.281,0.93,1,0.238,0.4864,0.8149,0.7641,1
RD-BHK-BMD-03,96.0,23.44540666290096,2475.2096599570873,52.07,223.96,31.4,1.0,0.43,7,0.459,1.0,0.8071,1.0,1
RD-TEZ-BHK-02,54.0,12.145940624698794,199.63062760525918,3.03,13.97,21.8,0.347,0.05,4,0.378,0.6642,0.9684,0.9546,1
RD-TEZ-BHK-02,54.0,17.272086319694452,240.04119717022184,7.83,32.49,17.0,0.408,0.11,4,0.366,0.6788,0.998,0.9849,1
RD-BMD-DRG-04,42.0,16.06537663920491,2087.9977425171624,1.75,5.5,10.6,0.068,1.53,4,0.107,0.5833,0.4238,0.5709,0
RD-TEZ-ITA-11,155.0,8.026648657149888,258.22552418279076,10.56,31.23,32.4,0.154,1.33,4,0.159,0.5278,0.6652,0.6401,0
RD-GHY-GTK-12,540.0,19.237816162585318,1642.2357113917935,122.76,468.59,27.3,1.0,0.31,7,0.82,0.9803,0.9493,1.0,1
RD-GHY-ITA-09,320.0,7.1895010585526755,391.7680821448209,23.95,74.61,32.3,0.299,1.47,4,0.213,0.5066,0.692,0.6688,1
RD-GHY-GTK-12,540.0,19.54438476014879,1635.0444113908354,28.41,129.83,5.6,0.733,0.35,7,0.367,0.8915,0.8296,0.9287,1
RD-GHY-ITA-09,320.0,8.945693210231525,310.8337139704192,5.93,18.73,9.5,0.112,0.65,4,0.201,0.5128,0.6504,0.6309,0
RD-SELA-TWG-06,78.0,23.875714725538366,3285.103926960594,50.71,214.71,15.1,0.766,1.25,7,0.351,0.9361,0.6628,0.9508,1
RD-BHK-BMD-03,96.0,31.48705490578765,2460.323096488864,22.2,87.12,10.4,0.59,0.08,8,0.447,1.0,0.9417,1.0,1
RD-SELA-TWG-06,78.0,26.650911501240763,3225.2263607875375,33.67,149.75,20.9,0.549,1.88,6,0.241,0.9216,0.4536,0.908,1
RD-GHY-SHL-07,98.0,8.857246173640537,1524.1513050092567,184.94,552.1,14.7,1.0,2.88,2,0.922,0.9745,0.9431,0.9842,1
RD-GHY-GTK-12,540.0,22.37406621154459,1705.9574594108853,47.38,152.88,9.4,0.81,0.17,9,0.522,0.9216,0.9824,1.0,1
RD-GHY-SHL-07,98.0,18.29225065710535,1528.1191132125832,185.59,806.92,10.4,1.0,2.97,3,0.924,0.9708,0.9692,0.9843,1
RD-GHY-NAG-10,345.0,17.658071803722812,1496.7597654482715,101.6,329.36,9.8,1.0,0.66,6,0.646,0.9716,0.91,1.0,1
RD-BHK-BMD-03,96.0,26.356140840143645,2479.854608095853,20.73,55.65,23.4,0.236,0.54,7,0.289,0.8668,0.7184,0.8881,1
RD-SHL-SIL-08,215.0,21.797114467952532,1436.6528355305072,190.81,718.95,24.1,1.0,0.46,7,1.0,1.0,0.9751,1.0,1
RD-GHY-TEZ-01,178.0,9.911772961607356,58.70993900641588,138.27,405.97,11.4,1.0,0.7,0,0.811,0.85,0.9969,0.9865,1
RD-DRG-SELA-05,62.0,34.14452454870326,4177.6548681854765,22.12,107.67,26.1,0.409,2.64,7,0.167,0.8855,0.4204,0.8805,1
RD-TEZ-BHK-02,54.0,13.102061162833905,233.59225609368352,14.86,56.09,8.7,0.487,0.28,5,0.327,0.7074,0.9179,0.9126,1
RD-SHL-SIL-08,215.0,23.214749983453288,1271.8710933163738,51.45,129.54,26.6,0.732,0.2,7,0.527,0.8992,0.9967,1.0,1
RD-DRG-SELA-05,62.0,30.442366808924994,4147.427686598398,105.05,439.94,9.7,1.0,2.36,7,0.56,0.9466,0.7996,0.9902,1
RD-DRG-SELA-05,62.0,36.98212728815924,4160.269659298082,28.17,77.84,11.3,0.309,2.8,8,0.192,0.9685,0.4177,0.9559,1
RD-SELA-TWG-06,78.0,27.05559857675383,3216.6024574088733,146.38,663.13,19.6,1.0,2.12,7,0.759,0.9792,0.8961,1.0,1
RD-BHK-BMD-03,96.0,27.020424549960584,2368.585891405927,30.46,79.7,8.7,0.316,0.57,6,0.33,0.874,0.7446,0.8986,1
RD-SHL-SIL-08,215.0,22.454163225402784,1502.250045554071,29.11,111.67,5.9,0.672,0.37,6,0.365,0.8926,0.8619,0.9391,1
RD-SHL-SIL-08,215.0,20.122536709812607,1254.2305097759042,77.51,329.42,30.5,1.0,0.15,7,0.67,0.9369,0.9971,1.0,1
RD-SHL-SIL-08,215.0,23.47410055277328,1292.2123455807487,53.76,244.02,7.0,0.863,0.74,6,0.413,0.9362,0.8658,0.9824,1
RD-BHK-BMD-03,96.0,32.02174873103567,2432.6095515826637,46.72,156.75,18.1,0.822,0.05,6,0.582,0.9291,0.9913,1.0,1
RD-GHY-NAG-10,345.0,16.101230411152983,1495.3474686150594,46.99,142.99,26.0,0.527,0.79,7,0.374,0.83,0.7443,0.8501,1
RD-SELA-TWG-06,78.0,23.494773737038948,3241.9445237963732,33.48,123.4,31.9,0.461,1.95,6,0.238,0.8777,0.4446,0.8666,1
RD-GHY-SHL-07,98.0,14.404219341618097,1515.941029613304,0.48,2.22,27.3,0.057,2.88,3,0.061,0.4933,0.3249,0.4614,0
RD-GHY-NAG-10,345.0,22.601749767955734,1583.640772202517,9.72,27.21,17.8,0.141,0.71,6,0.21,0.8428,0.636,0.8488,1
RD-BHK-BMD-03,96.0,25.26312936089816,2427.214900443097,12.43,55.32,17.0,0.484,0.25,9,0.325,0.8734,0.86,0.9131,1
RD-GHY-ITA-09,320.0,7.661345184362029,269.7109593346087,208.72,938.03,15.7,1.0,1.36,3,1.0,0.9547,1.0,1.0,1
RD-SELA-TWG-06,78.0,25.70857206575877,3205.2178206334615,110.57,514.64,31.1,1.0,1.85,11,0.601,0.9266,0.8175,0.9633,1
RD-TEZ-ITA-11,155.0,4.2217291416767715,359.64400097334595,38.05,96.16,9.7,0.371,1.43,1,0.281,0.5235,0.7068,0.6783,1
RD-SHL-SIL-08,215.0,20.122791401757386,1405.7446598683869,6.85,21.27,9.5,0.371,0.42,9,0.249,0.8607,0.7946,0.8992,1
RD-TEZ-ITA-11,155.0,2.5421373763156945,431.28855862076745,182.45,768.52,5.5,1.0,1.43,1,0.955,0.8906,0.9929,0.9986,1
RD-TEZ-ITA-11,155.0,4.57108610722885,362.9038778081799,153.41,523.53,15.4,1.0,1.69,1,0.807,0.9102,0.999,1.0,1
RD-BMD-DRG-04,42.0,16.592622203077088,2199.266708491438,8.39,38.42,6.9,0.178,1.45,5,0.142,0.7299,0.4096,0.7033,1
RD-GHY-ITA-09,320.0,7.903111234120047,304.10758837170755,384.84,1379.95,26.3,1.0,0.95,2,1.0,0.9899,0.9675,1.0,1
RD-TEZ-BHK-02,54.0,15.838424029011458,216.33087993049566,71.12,263.65,13.9,1.0,0.5,7,0.532,0.9249,0.9436,0.968,1
RD-BHK-BMD-03,96.0,28.240242118946888,2423.6498434853597,0.73,3.54,8.4,0.312,0.12,6,0.328,0.7815,0.9133,0.9413,1
RD-TEZ-BHK-02,54.0,12.115705292431818,273.71669721382614,135.68,578.88,26.2,1.0,0.16,4,0.937,0.9454,1.0,1.0,1
RD-SHL-SIL-08,215.0,22.38591511840262,1354.9073377789152,124.37,433.34,26.7,1.0,0.57,11,0.767,0.9953,0.9875,1.0,1
RD-SELA-TWG-06,78.0,20.56516793287678,3265.7806366464774,4.61,13.95,27.2,0.096,2.06,8,0.1,0.7503,0.3112,0.7348,1
RD-TEZ-ITA-11,155.0,7.543556532366228,357.8028701834004,11.39,29.48,11.8,0.148,1.66,1,0.146,0.4228,0.573,0.5454,0
RD-SHL-SIL-08,215.0,22.221896783501656,1390.1352495426074,191.63,564.28,11.2,1.0,0.63,6,1.0,0.9612,0.9392,1.0,1
RD-BHK-BMD-03,96.0,21.244553268411686,2428.1182003026747,27.8,110.29,17.4,0.668,0.27,7,0.389,0.826,0.8897,0.9245,1
RD-GHY-SHL-07,98.0,17.810338169434026,1669.0967365548997,12.42,45.32,32.4,0.201,3.05,4,0.114,0.6083,0.3684,0.5687,0
RD-BMD-DRG-04,42.0,11.323738192196174,2154.135526676577,28.7,103.93,19.0,0.396,1.08,6,0.26,0.7475,0.5579,0.7359,1
RD-TEZ-BHK-02,54.0,13.343198320641964,235.3592975236899,2.59,9.22,10.3,0.331,0.05,3,0.376,0.6146,0.94,0.9207,1
RD-GHY-NAG-10,345.0,13.894153946756099,1520.3493272772785,12.03,32.49,24.5,0.158,1.01,8,0.189,0.7668,0.5434,0.7663,1
RD-GHY-GTK-12,540.0,20.88000170003335,1589.8960775727292,18.78,89.63,18.0,0.599,0.34,7,0.327,0.8991,0.8088,0.9333,1
RD-TEZ-BHK-02,54.0,12.092779196823864,136.36045504411288,47.87,149.77,19.7,0.799,0.21,3,0.506,0.7715,0.9847,0.9859,1
RD-GHY-TEZ-01,178.0,7.376155705039569,199.66941321194935,99.35,397.33,9.5,1.0,0.76,1,0.622,0.8188,0.9405,0.927,1
RD-SHL-SIL-08,215.0,21.26955508708347,1319.1280972948894,181.88,815.43,6.8,1.0,0.81,7,1.0,0.9448,0.9902,1.0,1
RD-BMD-DRG-04,42.0,17.28391740009859,2104.936468403096,67.73,260.96,9.8,0.92,1.67,5,0.408,0.9378,0.7419,0.9395,1
RD-GHY-TEZ-01,178.0,9.123330789697032,106.80423974704749,5.75,26.12,23.1,0.137,0.61,1,0.206,0.3393,0.8167,0.7478,1
RD-GHY-SHL-07,98.0,17.384731940061833,1537.1862867409377,115.7,500.85,9.0,1.0,3.16,3,0.595,0.9418,0.813,0.9334,1
RD-SELA-TWG-06,78.0,18.08017068060554,3192.496011717538,93.61,358.76,11.0,1.0,1.97,6,0.518,0.9504,0.772,0.9799,1
RD-SHL-SIL-08,215.0,26.183971366660103,1280.3909504091287,187.41,489.37,26.1,1.0,0.63,7,1.0,1.0,1.0,1.0,1
RD-BMD-DRG-04,42.0,20.387344346214594,2138.0202990057633,32.97,125.54,10.4,0.468,1.29,5,0.266,0.842,0.6059,0.8302,1
RD-TEZ-ITA-11,155.0,7.7083191063011345,419.95012936871547,17.98,53.14,6.3,0.227,1.51,1,0.183,0.5062,0.5476,0.529,0
RD-DRG-SELA-05,62.0,33.88801081845772,4238.613866652849,5.93,18.83,22.3,0.113,2.63,12,0.092,0.9557,0.3427,0.9335,1
RD-TEZ-BHK-02,54.0,11.210738793869,244.57429481400285,219.51,1027.72,16.7,1.0,0.34,3,1.0,0.9502,1.0,1.0,1
RD-DRG-SELA-05,62.0,31.156525725779627,4249.576351844392,8.72,25.54,4.9,0.135,2.49,9,0.108,0.8913,0.3348,0.8744,1
RD-DRG-SELA-05,62.0,29.1103330908296,4198.408513338069,71.44,328.25,15.0,1.0,2.39,8,0.403,0.9802,0.692,1.0,1
RD-SHL-SIL-08,215.0,25.476062281782887,1465.773479954623,159.0,761.4,9.3,1.0,0.11,7,1.0,1.0,0.9355,1.0,1
RD-GHY-ITA-09,320.0,11.546770008255606,266.65882986540265,173.21,810.12,15.7,1.0,1.22,6,0.924,0.9745,0.9851,1.0,1
RD-DRG-SELA-05,62.0,33.90855119519726,4198.614889276512,211.35,689.31,29.4,1.0,2.47,9,1.0,1.0,0.9694,1.0,1
RD-GHY-TEZ-01,178.0,3.184087553058247,43.77108958737873,155.79,659.56,20.4,1.0,0.6,0,0.909,0.7978,1.0,0.9817,1
RD-GHY-SHL-07,98.0,20.989729838546992,1674.3414224104645,11.96,58.91,28.6,0.246,3.11,4,0.111,0.6064,0.36,0.5662,0
RD-DRG-SELA-05,62.0,27.230254899210767,4139.114276149767,163.91,458.08,23.3,1.0,2.5,7,0.832,0.9875,0.9376,1.0,1
RD-SELA-TWG-06,78.0,20.865537252274752,3208.1281154973403,68.55,232.76,5.3,0.826,1.94,8,0.402,0.9518,0.6654,0.966,1
RD-SHL-SIL-08,215.0,23.708575765894704,1362.1161105150682,55.24,248.24,27.6,0.877,0.64,7,0.434,0.9255,0.8808,0.9739,1
RD-GHY-GTK-12,540.0,21.65927269981552,1742.4589859688165,61.0,285.97,24.6,1.0,0.38,8,0.511,0.9274,0.963,1.0,1
RD-GHY-GTK-12,540.0,22.20586546490205,1583.291485465628,5.52,21.7,16.7,0.122,0.68,7,0.196,0.8247,0.6603,0.8426,1
RD-GHY-GTK-12,540.0,19.807199693189496,1628.02884316921,5.95,16.72,6.9,0.356,0.18,7,0.322,0.8174,0.9709,1.0,1
RD-GHY-TEZ-01,178.0,5.205806315981921,133.62699047012532,34.82,135.5,17.2,0.502,0.85,1,0.31,0.5336,0.9397,0.886,1
RD-GHY-NAG-10,345.0,22.030666817590628,1495.8072431986475,149.31,624.34,5.1,1.0,0.75,9,0.857,0.9857,1.0,1.0,1
RD-GHY-GTK-12,540.0,23.731677077602438,1660.3957471419137,44.03,183.4,10.0,0.911,0.34,8,0.443,0.8962,0.9454,0.9907,1
RD-GHY-NAG-10,345.0,15.75433791449925,1510.4705529588873,145.21,458.51,30.0,1.0,1.12,6,0.801,0.9979,0.9425,1.0,1
RD-TEZ-ITA-11,155.0,7.023013099779635,332.3089623614777,98.81,319.54,22.3,1.0,1.5,2,0.561,0.8908,0.9193,0.9262,1
RD-GHY-GTK-12,540.0,16.125251972124758,1601.2235696432524,14.35,66.17,21.8,0.521,0.36,8,0.3,0.8306,0.826,0.8689,1
RD-GHY-GTK-12,540.0,22.239305978312938,1584.5406719102066,15.25,75.95,16.1,0.303,0.51,8,0.268,0.8577,0.7733,0.8885,1
RD-GHY-TEZ-01,178.0,4.5041395462187825,60.1655081721032,73.1,219.68,11.9,0.782,0.81,0,0.494,0.6322,0.9364,0.8967,1
RD-SHL-SIL-08,215.0,23.20332740416107,1372.389782701886,3.41,15.67,16.1,0.102,0.69,7,0.184,0.7369,0.726,0.7716,1
RD-SHL-SIL-08,215.0,25.434129371945883,1449.2505898779657,24.04,100.92,16.4,0.636,0.46,6,0.32,0.9487,0.8485,0.9922,1
RD-TEZ-BHK-02,54.0,13.417598152448583,236.72710473553423,37.01,141.05,20.8,0.77,0.3,6,0.422,0.9015,0.9062,0.9278,1
RD-TEZ-ITA-11,155.0,3.8747426329347667,243.19808582589366,45.78,211.83,7.8,0.756,1.29,1,0.325,0.6842,0.7487,0.7353,1
RD-GHY-ITA-09,320.0,5.962354625205111,391.6397975885083,26.49,74.36,15.9,0.298,1.28,4,0.236,0.5749,0.6907,0.6746,1
RD-SHL-SIL-08,215.0,22.176145935142838,1329.1632893583,45.2,213.35,12.6,0.761,0.58,6,0.396,0.9111,0.8805,0.9597,1
RD-BHK-BMD-03,96.0,25.49868546970665,2436.909339750012,8.06,37.96,10.3,0.177,0.52,6,0.234,0.7486,0.645,0.7667,1
RD-TEZ-ITA-11,155.0,7.179171055242319,340.3353177324135,7.89,26.39,25.4,0.138,1.26,1,0.151,0.391,0.6419,0.6053,0
RD-TEZ-BHK-02,54.0,14.80181905155441,291.37078196001767,225.82,897.68,33.9,1.0,0.19,3,1.0,0.99,0.9662,1.0,1
RD-GHY-GTK-12,540.0,19.265242271403725,1682.676779428774,4.64,12.47,9.9,0.342,0.36,9,0.255,0.8436,0.814,0.8801,1
RD-GHY-SHL-07,98.0,18.419701702222447,1573.5181103223447,6.25,20.73,23.9,0.119,2.84,3,0.089,0.5696,0.3293,0.5303,0
RD-BHK-BMD-03,96.0,27.795656487780523,2382.119081562273,48.41,216.35,19.5,1.0,0.39,8,0.451,0.925,0.8902,0.9677,1
RD-BMD-DRG-04,42.0,14.32850472244631,2163.5302774182496,33.17,129.52,26.2,0.482,1.0,4,0.288,0.7421,0.6018,0.7358,1
RD-BMD-DRG-04,42.0,20.88612476870868,2081.3608964443183,16.31,47.82,14.3,0.209,1.17,7,0.196,0.7132,0.4935,0.697,1
RD-GHY-NAG-10,345.0,24.88215635291649,1431.7729126804543,6.3,22.99,33.4,0.127,1.08,8,0.156,0.8522,0.5749,0.8499,1
RD-SELA-TWG-06,78.0,22.486109511795544,3217.992615770661,12.01,44.04,14.0,0.197,1.67,7,0.148,0.8242,0.4093,0.8132,1
RD-GHY-TEZ-01,178.0,4.515844429781587,114.25447729408748,52.61,204.56,33.5,0.732,0.56,3,0.434,0.634,0.9448,0.905,1
RD-DRG-SELA-05,62.0,37.15039161150059,4114.77799892533,10.64,38.4,29.5,0.178,2.75,7,0.111,0.8822,0.3896,0.8735,1
RD-TEZ-BHK-02,54.0,18.283217264217168,218.06578474087868,18.07,77.02,4.9,0.557,0.4,4,0.307,0.7455,0.8389,0.8418,1
RD-TEZ-ITA-11,155.0,5.591474476746911,352.68162511887635,55.87,237.95,16.0,0.843,1.31,1,0.371,0.6853,0.7808,0.766,1
RD-GHY-SHL-07,98.0,13.72521577713621,1466.3594774688347,21.74,101.08,18.3,0.387,2.97,2,0.159,0.6105,0.3593,0.5699,0
RD-SELA-TWG-06,78.0,28.7628601705458,3220.0534331724625,31.36,95.66,16.0,0.369,1.57,9,0.243,0.8777,0.4963,0.8734,1
RD-GHY-SHL-07,98.0,15.921635416149469,1557.0063620600822,30.76,98.72,7.0,0.379,3.48,3,0.194,0.706,0.4022,0.6607,1
RD-SELA-TWG-06,78.0,23.03904994122449,3167.5078904016723,150.7,595.21,18.6,1.0,1.6,9,0.799,0.9615,0.9276,1.0,1
RD-BHK-BMD-03,96.0,27.513151759434354,2446.4932403897883,1.38,5.16,22.1,0.317,0.4,6,0.229,0.8275,0.7417,0.8534,1
RD-SELA-TWG-06,78.0,27.60764510964099,3197.8163908707797,165.16,608.76,5.9,1.0,1.87,6,0.855,0.9667,0.9366,1.0,1
RD-GHY-NAG-10,345.0,18.334653420866356,1415.536589601626,180.87,735.56,21.3,1.0,0.79,7,0.999,1.0,0.9826,1.0,1
RD-GHY-SHL-07,98.0,9.489789060996632,1593.2881089551136,0.98,3.14,5.5,0.06,3.02,4,0.061,0.4646,0.3527,0.4375,0
RD-TEZ-ITA-11,155.0,12.797869067986346,390.30230964822357,3.0,14.49,25.0,0.098,1.48,3,0.115,0.4594,0.5147,0.495,0
RD-GHY-SHL-07,98.0,9.274294748129533,1545.0529394880593,2.82,8.6,6.9,0.079,2.82,3,0.073,0.4389,0.31,0.4115,0
RD-GHY-GTK-12,540.0,19.12115575611247,1554.2304889440936,72.62,324.7,32.8,1.0,0.22,9,0.617,0.9475,0.9822,1.0,1
RD-TEZ-BHK-02,54.0,10.515159898157602,238.55147415568092,44.29,112.41,7.3,0.675,0.26,4,0.47,0.7979,0.9816,0.9869,1
RD-TEZ-BHK-02,54.0,15.25622044945865,252.74084012664346,185.48,900.42,9.9,1.0,0.3,5,1.0,0.9975,0.972,1.0,1
RD-GHY-TEZ-01,178.0,8.814297870006527,110.17067007200328,30.51,112.95,24.8,0.426,0.87,1,0.289,0.5214,0.8139,0.7675,1
RD-GHY-SHL-07,98.0,17.905910959630628,1424.7154497842814,180.09,719.94,10.8,1.0,2.96,4,0.898,0.9506,0.9819,0.9926,1
RD-GHY-GTK-12,540.0,15.782775551344882,1624.3770252794482,7.66,33.86,31.3,0.413,0.19,7,0.324,0.811,0.9386,0.9719,1
RD-GHY-ITA-09,320.0,11.848206145429213,408.4366135671161,131.25,342.23,18.1,1.0,0.97,4,0.749,0.8942,0.9028,0.9165,1
RD-SHL-SIL-08,215.0,18.40764937136903,1392.4162525090642,4.71,18.64,5.2,0.112,0.58,8,0.207,0.7655,0.7321,0.7998,1
RD-GHY-TEZ-01,178.0,5.191767181398764,62.3977376633405,8.21,25.41,19.6,0.135,0.86,4,0.185,0.3938,0.7692,0.7112,1
RD-GHY-SHL-07,98.0,11.458135095528053,1514.2515367588578,172.87,531.61,30.0,1.0,3.22,3,0.861,0.9167,0.9237,0.9301,1
RD-SHL-SIL-08,215.0,19.05841695929817,1415.3217225519331,14.47,66.97,21.2,0.523,0.38,9,0.295,0.8725,0.7928,0.9104,1
RD-TEZ-BHK-02,54.0,11.350629773284288,252.86033978433167,109.22,368.65,23.4,1.0,0.68,5,0.679,0.985,0.9871,1.0,1
RD-SHL-SIL-08,215.0,23.68113424014339,1377.7180663314923,24.43,103.31,19.4,0.644,0.48,6,0.318,0.8206,0.8181,0.8632,1
RD-SELA-TWG-06,78.0,24.974347593006556,3170.0811882970156,64.78,179.5,5.5,0.648,2.15,6,0.378,0.9665,0.6875,0.9832,1
RD-SHL-SIL-08,215.0,22.288784906940684,1403.8423733060854,40.31,144.97,7.1,0.533,0.72,8,0.352,0.8883,0.7664,0.9222,1
RD-TEZ-ITA-11,155.0,4.408040348241082,292.134477869374,33.34,147.43,11.3,0.541,1.46,3,0.258,0.523,0.7183,0.6889,1
RD-GHY-GTK-12,540.0,18.936549158450276,1661.363031873763,18.66,64.08,15.8,0.514,0.35,9,0.323,0.8954,0.8321,0.9329,1
RD-SELA-TWG-06,78.0,24.91033879017904,3236.0369421656515,31.62,132.33,25.5,0.491,1.72,8,0.238,0.8895,0.4611,0.8796,1
RD-GHY-ITA-09,320.0,7.301909517759055,395.5546262825595,6.29,29.3,28.6,0.148,1.54,3,0.128,0.4697,0.5529,0.5369,0
RD-TEZ-ITA-11,155.0,9.118800611289902,297.9889012583144,18.98,65.68,32.5,0.269,1.39,4,0.195,0.5528,0.6624,0.6399,0
RD-GHY-SHL-07,98.0,14.898667957490378,1582.7443879906996,7.18,19.71,15.3,0.116,3.19,2,0.088,0.4938,0.3719,0.4652,0
RD-GHY-TEZ-01,178.0,1.7971355835701202,124.97965994505947,1.16,3.55,27.6,0.062,0.63,5,0.182,0.3439,0.8213,0.7525,1
RD-GHY-SHL-07,98.0,12.956777963945632,1554.4756378882505,255.92,1092.04,20.1,1.0,3.31,3,1.0,0.9176,1.0,1.0,1
RD-GHY-TEZ-01,178.0,5.328877993969707,159.15618118278397,117.3,466.45,23.9,1.0,0.67,0,0.719,0.831,0.986,0.973,1
RD-SELA-TWG-06,78.0,23.216986852373967,3145.5653825931367,28.43,103.43,26.9,0.395,1.64,7,0.226,0.9258,0.5378,0.9236,1
RD-GHY-ITA-09,320.0,9.534032071256844,336.9313505619345,37.32,130.39,33.4,0.485,1.15,3,0.295,0.6519,0.7672,0.7551,1
RD-GHY-NAG-10,345.0,17.644256189514046,1513.0277199826119,3.94,15.59,18.6,0.102,0.69,7,0.186,0.7641,0.5594,0.7656,1
RD-BHK-BMD-03,96.0,28.426163542220902,2474.258358654873,156.83,718.9,24.5,1.0,0.91,8,0.873,0.9568,0.9693,1.0,1
RD-GHY-SHL-07,98.0,15.974364789882696,1565.1074907701795,125.0,616.41,22.4,1.0,3.27,3,0.636,0.9244,0.8184,0.9172,1
RD-GHY-SHL-07,98.0,13.812002146204145,1491.4379168003923,133.53,542.43,17.3,1.0,2.98,3,0.681,0.9548,0.8435,0.9504,1
RD-TEZ-ITA-11,155.0,6.668120503357145,291.4525849841492,9.44,35.28,15.0,0.168,1.12,1,0.167,0.442,0.6428,0.611,0
RD-GHY-TEZ-01,178.0,3.742379743020919,108.07076887062955,24.98,116.98,32.5,0.44,1.29,2,0.228,0.408,0.7777,0.7207,1
RD-GHY-NAG-10,345.0,18.183964599196365,1513.4308878457632,62.88,246.18,23.6,0.871,0.62,8,0.471,0.9446,0.8913,0.9812,1
RD-TEZ-ITA-11,155.0,3.6447583324358708,419.0301993868852,78.35,266.1,18.8,0.937,1.33,2,0.475,0.7611,0.8409,0.8327,1
RD-GHY-GTK-12,540.0,20.12592112572757,1723.5925714922803,117.42,580.14,26.8,1.0,0.05,7,0.912,0.9596,1.0,1.0,1
RD-SELA-TWG-06,78.0,27.70777891973397,3211.4776029233526,2.61,11.48,13.9,0.088,1.66,8,0.105,0.8518,0.3438,0.8299,1
RD-GHY-SHL-07,98.0,15.026755901437099,1542.639665093159,161.11,754.61,14.6,1.0,2.68,4,0.815,0.9348,0.9161,0.9411,1
RD-GHY-GTK-12,540.0,28.830125609935536,1700.2931060357935,47.06,221.51,5.4,1.0,0.33,10,0.462,0.8779,0.9299,0.9729,1
RD-GHY-ITA-09,320.0,7.040013822268312,421.37733329958854,175.1,662.52,5.8,1.0,0.8,5,0.971,0.9614,1.0,1.0,1
RD-GHY-NAG-10,345.0,18.571107085769,1374.106064467478,23.05,107.23,11.2,0.407,0.92,6,0.248,0.8226,0.6007,0.8253,1
RD-TEZ-ITA-11,155.0,1.0,267.12540892003113,35.61,94.86,14.2,0.366,1.65,1,0.259,0.4903,0.7511,0.7157,1
RD-GHY-ITA-09,320.0,13.341321663822363,407.3085620372923,108.61,529.46,22.6,1.0,0.85,2,0.655,0.8973,0.9582,0.9715,1
RD-SELA-TWG-06,78.0,25.243618771698184,3120.1977002460735,132.9,661.93,11.7,1.0,1.54,6,0.718,0.9339,0.8944,0.9811,1
RD-TEZ-BHK-02,54.0,11.886404753647176,219.2014558189012,150.07,662.46,30.7,1.0,0.13,3,1.0,0.9228,1.0,1.0,1
RD-GHY-TEZ-01,178.0,6.956979167161942,10.0,6.09,24.67,4.7,0.132,0.7,2,0.196,0.3592,0.8632,0.7922,1
RD-GHY-NAG-10,345.0,17.590013354191626,1464.3037839741928,154.14,665.16,14.0,1.0,1.33,7,0.828,1.0,0.9399,1.0,1
RD-GHY-NAG-10,345.0,15.832612673704649,1559.8791615185696,31.23,107.23,18.6,0.407,0.7,7,0.312,0.854,0.7198,0.8701,1
RD-TEZ-BHK-02,54.0,17.493457913748458,213.8511322560501,35.93,98.54,13.6,0.378,0.6,4,0.35,0.7411,0.8867,0.8873,1
RD-GHY-TEZ-01,178.0,6.705936763324267,14.706978157223148,59.96,293.22,13.3,1.0,0.7,1,0.446,0.7246,0.9005,0.8753,1
RD-BHK-BMD-03,96.0,22.518628663145726,2440.2828142103854,50.71,215.21,5.4,1.0,0.43,7,0.452,0.9317,0.8219,0.9648,1
RD-TEZ-ITA-11,155.0,7.754358254953596,326.89156650458983,4.79,23.07,23.3,0.127,1.77,1,0.111,0.4193,0.5506,0.5246,0
RD-SELA-TWG-06,78.0,25.16567845975306,3183.3775341442392,85.41,267.61,11.9,0.942,1.68,8,0.49,0.9011,0.7901,0.9347,1
RD-TEZ-ITA-11,155.0,7.910180942759041,336.7579188896204,0.29,1.1,19.7,0.054,1.19,2,0.12,0.376,0.5607,0.5302,0
RD-DRG-SELA-05,62.0,31.986816033657774,4135.167712751824,160.1,595.37,33.0,1.0,2.4,9,0.816,0.9502,0.9362,1.0,1
RD-BMD-DRG-04,42.0,18.928224417787874,2034.0868560356857,60.22,290.86,25.4,1.0,1.1,4,0.406,0.9436,0.6989,0.939,1
RD-GHY-SHL-07,98.0,6.896220745917843,1549.263181350552,1.43,6.51,26.7,0.072,2.93,2,0.065,0.3755,0.3112,0.3547,0
RD-TEZ-ITA-11,155.0,10.020293448733677,283.67086579546634,72.09,274.65,26.6,0.965,1.64,3,0.43,0.7861,0.8399,0.8349,1
RD-TEZ-BHK-02,54.0,12.589529123814625,295.3546224536319,23.8,104.31,16.3,0.648,0.26,3,0.374,0.7505,0.8899,0.8916,1
RD-TEZ-ITA-11,155.0,4.453589887951706,274.4238361674356,248.17,1122.18,25.8,1.0,1.84,1,1.0,0.9503,1.0,1.0,1
RD-GHY-NAG-10,345.0,21.643547639697204,1528.651610217535,37.64,138.16,4.8,0.511,0.84,7,0.325,0.8503,0.7656,0.8724,1
RD-TEZ-BHK-02,54.0,12.811434836161615,242.04868858634524,43.87,210.81,29.9,1.0,0.24,4,0.474,0.8267,0.943,0.9535,1
RD-GHY-NAG-10,345.0,15.76150988499942,1504.5262039805286,183.91,594.15,30.8,1.0,0.96,7,0.995,0.978,0.9984,1.0,1
RD-BHK-BMD-03,96.0,22.564198933077737,2462.900298228369,71.82,236.42,19.8,1.0,0.47,7,0.54,0.9351,0.8955,0.9784,1
RD-BHK-BMD-03,96.0,30.22986681174072,2499.3633633377963,130.0,552.99,8.3,1.0,0.49,8,0.809,1.0,0.9957,1.0,1
RD-SHL-SIL-08,215.0,24.779072528193424,1387.5960811156401,17.45,86.75,14.7,0.589,0.4,6,0.305,0.859,0.8351,0.9028,1
RD-BMD-DRG-04,42.0,14.295391250727587,2103.9303239340557,20.26,90.07,6.0,0.35,1.51,5,0.194,0.7166,0.5039,0.7013,1
RD-SHL-SIL-08,215.0,19.6175557052941,1414.9392655819565,19.67,94.44,33.3,0.615,0.22,9,0.371,0.8627,0.9757,1.0,1
RD-GHY-SHL-07,98.0,14.963989825535092,1490.3749660206831,179.83,462.68,16.5,1.0,3.0,2,0.896,0.9472,0.9352,0.956,1
RD-TEZ-ITA-11,155.0,1.8216804000083577,314.837293781856,206.12,597.73,19.0,1.0,1.65,3,1.0,0.9194,1.0,1.0,1
RD-TEZ-ITA-11,155.0,3.7070680987692137,367.5966561318997,70.32,185.35,33.7,0.668,1.53,1,0.427,0.6851,0.8209,0.8041,1
RD-SELA-TWG-06,78.0,26.293408349991946,3226.685974330934,0.23,0.63,30.5,0.052,1.79,7,0.089,0.7416,0.3795,0.7345,1
RD-SHL-SIL-08,215.0,24.57597879930948,1356.055771270865,34.25,122.38,5.5,0.458,0.53,8,0.355,0.8634,0.8202,0.9051,1
RD-BHK-BMD-03,96.0,20.422089337711338,2479.4032300490057,14.69,56.78,19.4,0.489,0.25,6,0.334,0.8925,0.8372,0.9287,1
RD-BHK-BMD-03,96.0,24.077424518886687,2524.7483005227596,41.82,149.74,27.7,0.549,0.68,7,0.365,0.8799,0.7334,0.9027,1
RD-TEZ-ITA-11,155.0,6.094933246167793,215.01266938391618,16.22,53.96,29.3,0.23,1.24,1,0.191,0.4102,0.7077,0.6671,1
RD-GHY-TEZ-01,178.0,2.921750613850448,148.68491203335086,66.82,232.03,30.0,0.823,0.95,1,0.45,0.6832,0.8965,0.8659,1
RD-SELA-TWG-06,78.0,21.723248357048256,3304.884274719874,14.47,65.59,20.6,0.269,1.79,9,0.155,0.8366,0.4443,0.8288,1
RD-SHL-SIL-08,215.0,26.85722734243092,1344.970782861835,6.44,22.51,14.2,0.375,0.27,7,0.291,0.8827,0.8892,0.9385,1
RD-GHY-NAG-10,345.0,16.35482099111857,1533.7228750295708,6.9,31.92,16.0,0.156,0.68,7,0.202,0.7501,0.6559,0.7634,1
RD-BHK-BMD-03,96.0,26.321124746740132,2473.9789854393975,5.78,25.96,8.0,0.387,0.33,6,0.269,0.8978,0.7385,0.9206,1
RD-DRG-SELA-05,62.0,34.361931675129426,4236.4189663769275,40.15,126.2,11.2,0.471,2.46,8,0.255,0.9574,0.546,0.9642,1
RD-BMD-DRG-04,42.0,13.906465558135583,2089.3186357439954,34.2,115.72,20.7,0.436,1.29,5,0.271,0.7916,0.5392,0.7749,1
RD-GHY-ITA-09,320.0,10.632725698271154,362.7161578967506,140.74,407.26,31.2,1.0,1.02,2,0.788,0.904,0.9734,0.9874,1
RD-GHY-ITA-09,320.0,7.880861953700219,347.90211968728516,24.88,73.9,30.0,0.296,0.92,4,0.257,0.6614,0.7721,0.7609,1
RD-BMD-DRG-04,42.0,15.569929919073275,2089.4400560606846,30.94,129.11,25.6,0.48,1.32,4,0.255,0.7761,0.5448,0.7611,1
RD-TEZ-BHK-02,54.0,16.22428089085244,195.66105950525775,62.14,256.39,5.9,1.0,0.33,4,0.53,0.8458,0.955,0.9679,1
RD-GHY-TEZ-01,178.0,4.545984953059726,117.8905820295862,78.81,303.61,6.8,1.0,0.9,4,0.51,0.7869,0.9684,0.9494,1
RD-BMD-DRG-04,42.0,17.2145656770176,2117.58737511384,83.78,302.76,28.5,1.0,1.23,6,0.507,0.9827,0.8279,0.9953,1
RD-GHY-GTK-12,540.0,15.498013004876853,1618.9324165914327,8.12,27.8,30.1,0.393,0.18,7,0.333,0.8352,1.0,1.0,1
RD-DRG-SELA-05,62.0,33.20375755795656,4117.650797614421,6.75,28.54,31.2,0.145,2.15,8,0.107,0.9055,0.2934,0.8815,1
RD-BMD-DRG-04,42.0,18.030417527667396,2088.826083859915,74.61,279.66,28.1,0.982,1.31,6,0.458,0.9067,0.6531,0.8975,1
RD-SELA-TWG-06,78.0,26.668031471687037,3186.849747211796,77.65,369.59,7.4,1.0,1.91,6,0.445,0.984,0.746,1.0,1
RD-TEZ-ITA-11,155.0,11.512951821372743,244.56178388535378,6.4,28.39,13.4,0.145,1.76,1,0.118,0.3794,0.6109,0.576,0
RD-GHY-GTK-12,540.0,18.12272128086692,1633.7869930793083,2.59,7.76,22.6,0.326,0.29,7,0.264,0.8296,0.8614,0.8994,1
RD-GHY-SHL-07,98.0,16.581868361748874,1442.4232658252902,81.01,345.45,5.6,1.0,3.19,5,0.432,0.8333,0.6337,0.8055,1
RD-GHY-SHL-07,98.0,18.1402095276813,1498.0763026097836,138.67,353.3,28.5,1.0,3.21,3,0.701,0.9828,0.9175,0.9887,1
RD-DRG-SELA-05,62.0,35.48313834471879,4248.463856937061,168.51,514.61,31.4,1.0,2.03,7,0.866,0.998,0.934,1.0,1
RD-TEZ-ITA-11,155.0,6.517158324655358,368.46158635820785,27.77,108.35,32.6,0.411,1.39,4,0.236,0.567,0.634,0.6148,0
RD-GHY-GTK-12,540.0,24.898959083236676,1621.472187811721,6.01,28.85,11.2,0.146,0.64,9,0.203,0.7979,0.6762,0.8191,1
RD-GHY-SHL-07,98.0,13.77969977829909,1533.8279588910573,169.12,566.64,13.9,1.0,3.16,3,0.844,0.9954,0.9726,1.0,1
RD-GHY-NAG-10,345.0,17.769483475759703,1556.7255383605257,53.18,245.7,29.5,0.869,1.06,7,0.376,0.9038,0.7261,0.9187,1
RD-BMD-DRG-04,42.0,18.23300666955293,2116.7392590867935,7.35,32.67,32.4,0.159,1.38,6,0.141,0.6782,0.4023,0.6554,1
RD-SHL-SIL-08,215.0,21.296128582819687,1382.677896487536,72.58,285.08,29.7,1.0,0.48,6,0.542,0.9298,0.9393,0.9944,1
RD-SHL-SIL-08,215.0,20.0989519641366,1438.6495799315705,47.89,169.95,20.9,0.616,0.82,7,0.376,0.8937,0.8381,0.937,1
RD-GHY-GTK-12,540.0,21.40754877712914,1604.9014723968087,36.63,173.33,32.2,0.878,0.32,7,0.414,0.918,0.884,0.962,1
RD-SELA-TWG-06,78.0,27.91620463175169,3183.9114322479495,3.33,9.73,5.6,0.082,1.63,8,0.109,0.8434,0.3538,0.8237,1
RD-GHY-NAG-10,345.0,25.51884755147239,1531.828678767005,57.25,161.45,10.4,0.588,0.92,6,0.408,0.8981,0.7922,0.9221,1
RD-BMD-DRG-04,42.0,17.344573936695546,2154.408117258778,3.9,13.6,21.5,0.095,0.83,4,0.168,0.6247,0.4934,0.6152,0
RD-SELA-TWG-06,78.0,25.036825133476903,3213.4270495368596,5.54,23.83,32.8,0.129,1.61,6,0.12,0.7763,0.3819,0.7664,1
RD-TEZ-BHK-02,54.0,8.963103956635841,224.47643564983247,79.03,303.43,26.1,1.0,0.05,3,0.732,0.8624,0.9751,0.99,1
RD-GHY-TEZ-01,178.0,4.974469345122619,137.51869230728403,17.71,68.46,25.3,0.278,0.86,4,0.23,0.5131,0.8251,0.7768,1
RD-DRG-SELA-05,62.0,30.66612871863937,4190.804180241711,18.64,64.54,20.3,0.265,2.83,7,0.147,0.8557,0.3934,0.8498,1
RD-DRG-SELA-05,62.0,34.29895947658866,4090.2707719699133,15.2,65.44,12.4,0.268,2.4,11,0.14,0.9788,0.3578,0.9565,1
RD-TEZ-ITA-11,155.0,7.090776549014815,344.57180217545806,1.11,5.2,24.5,0.067,1.3,2,0.116,0.3509,0.5592,0.5267,0
RD-GHY-ITA-09,320.0,7.611772396332897,315.71498312674527,56.63,210.16,11.6,0.751,1.13,4,0.387,0.8097,0.8048,0.814,1
RD-GHY-TEZ-01,178.0,3.5358743011180214,63.08387030070667,182.72,866.38,27.3,1.0,0.65,1,1.0,0.897,1.0,0.9966,1
RD-SELA-TWG-06,78.0,23.124986983146613,3241.2305945947246,5.46,20.05,33.3,0.117,1.59,6,0.121,0.7246,0.4142,0.7229,1
RD-BHK-BMD-03,96.0,23.13560009031111,2457.1599270566808,42.09,150.77,13.0,0.553,0.52,7,0.393,0.929,0.7997,0.9591,1
RD-TEZ-BHK-02,54.0,14.904499181801794,288.2425190019338,168.54,688.9,7.8,1.0,0.05,3,1.0,0.9176,1.0,1.0,1
RD-SELA-TWG-06,78.0,21.5358800613681,3131.310789862382,5.26,23.34,28.3,0.128,2.01,8,0.104,0.8151,0.3325,0.7955,1
RD-SELA-TWG-06,78.0,24.409126226313568,3161.220549428149,131.42,529.45,15.3,1.0,1.65,6,0.706,1.0,0.931,1.0,1
RD-SELA-TWG-06,78.0,18.018553390238342,3131.993558702201,30.3,115.98,15.0,0.437,1.9,9,0.225,0.8406,0.4928,0.8386,1
RD-GHY-GTK-12,540.0,21.11648006330686,1688.871214066926,44.97,126.89,14.3,0.723,0.21,9,0.491,0.939,0.9634,1.0,1
RD-SHL-SIL-08,215.0,15.89307204884097,1395.8171064667818,18.29,48.86,27.6,0.213,0.52,9,0.282,0.7567,0.8293,0.8641,1
RD-SELA-TWG-06,78.0,26.629003258238626,3294.599323615148,39.62,185.02,20.7,0.667,1.84,6,0.27,0.9379,0.4885,0.9279,1
RD-GHY-ITA-09,320.0,9.435451975592668,332.01335813576895,153.06,596.81,24.2,1.0,1.27,4,0.827,0.9074,0.9926,1.0,1
RD-DRG-SELA-05,62.0,33.37591091079357,4173.126554819593,22.54,79.39,14.3,0.315,2.52,9,0.171,0.9629,0.4386,0.9538,1
RD-GHY-ITA-09,320.0,8.582441959156288,303.2387009915138,306.56,1073.11,6.5,1.0,1.31,4,1.0,0.9712,0.984,1.0,1
RD-GHY-ITA-09,320.0,12.253101749854896,332.1215664083289,41.39,159.22,15.8,0.581,0.94,4,0.332,0.7554,0.7827,0.782,1
RD-GHY-NAG-10,345.0,16.624097828211404,1507.813433884621,14.32,58.83,20.9,0.246,0.95,8,0.205,0.7918,0.5664,0.7923,1
RD-TEZ-ITA-11,155.0,1.0,251.06383398806128,132.04,514.74,33.8,1.0,1.83,2,0.702,0.8426,0.951,0.9506,1
RD-TEZ-ITA-11,155.0,6.152164816938411,316.57829595176634,13.64,52.09,25.1,0.224,1.44,2,0.167,0.462,0.6769,0.6442,0
RD-GHY-SHL-07,98.0,14.837921850604552,1510.4276860940213,17.1,43.87,20.2,0.196,2.73,2,0.142,0.5566,0.3634,0.5214,0
RD-SELA-TWG-06,78.0,26.534558117834496,3220.9599637213087,123.21,447.48,15.6,1.0,1.77,7,0.663,0.9512,0.8603,0.9933,1
RD-GHY-TEZ-01,178.0,1.0,99.61309325217188,13.81,39.61,23.0,0.182,0.85,1,0.212,0.335,0.7788,0.7131,1
RD-SHL-SIL-08,215.0,25.48331853676381,1405.3715449921078,125.38,545.28,7.6,1.0,0.37,8,0.815,0.9568,1.0,1.0,1
RD-DRG-SELA-05,62.0,29.080618745311202,4254.64333824584,11.76,48.98,8.8,0.213,2.34,8,0.125,0.8277,0.342,0.818,1
RD-TEZ-BHK-02,54.0,10.374476619178095,246.84018371146772,3.74,9.43,5.4,0.331,0.19,4,0.306,0.5925,0.9077,0.8872,1
RD-GHY-NAG-10,345.0,17.279594220477758,1590.3456770583168,15.74,57.9,14.1,0.243,1.23,7,0.189,0.7344,0.5114,0.7326,1
RD-GHY-SHL-07,98.0,16.280176057991564,1567.3143519274706,126.84,588.85,13.9,1.0,2.98,2,0.649,0.9488,0.8138,0.9403,1
RD-GHY-TEZ-01,178.0,5.412761073581937,180.95433869309431,54.72,234.12,27.9,1.0,0.4,0,0.477,0.6656,1.0,0.9618,1
RD-TEZ-ITA-11,155.0,1.0,345.9619948859041,24.91,115.03,27.2,0.433,1.1,1,0.242,0.443,0.7532,0.7123,1
RD-GHY-NAG-10,345.0,21.107322036426762,1526.7423023776241,124.17,451.89,33.9,1.0,0.69,8,0.748,1.0,0.9463,1.0,1
RD-SHL-SIL-08,215.0,21.53538774237938,1415.41349123841,97.95,356.05,27.2,1.0,0.54,7,0.65,0.9676,0.9224,1.0,1
RD-GHY-SHL-07,98.0,15.800522878951918,1463.968299712067,167.06,626.59,23.3,1.0,2.82,3,0.84,0.9237,0.9239,0.9314,1
RD-GHY-ITA-09,320.0,13.304814539809541,389.25550293808016,65.19,230.09,6.5,0.817,1.04,2,0.434,0.808,0.8105,0.8151,1
RD-GHY-TEZ-01,178.0,1.0,85.20439348859179,36.61,133.4,12.1,0.495,0.85,0,0.319,0.4445,0.8464,0.7879,1
RD-GHY-TEZ-01,178.0,4.786208638976609,68.20949410788617,81.27,295.58,10.1,1.0,1.05,1,0.508,0.7565,0.9749,0.9513,1
RD-TEZ-BHK-02,54.0,10.951042940376809,182.80839231147192,9.69,30.39,8.4,0.401,0.33,6,0.287,0.6963,0.8825,0.8773,1
RD-GHY-SHL-07,98.0,19.777777743935708,1499.5460444828216,80.09,309.77,24.5,1.0,2.61,3,0.438,0.9027,0.7344,0.8847,1
RD-DRG-SELA-05,62.0,30.089587586131266,4104.575205648184,4.59,22.9,24.3,0.126,2.42,9,0.09,0.851,0.3217,0.8364,1
RD-SELA-TWG-06,78.0,22.430654934946443,3201.139148126699,47.15,167.17,11.0,0.607,1.65,8,0.313,0.898,0.65,0.9128,1
RD-GHY-ITA-09,320.0,8.618581180847762,346.09602161513635,11.45,32.1,6.4,0.157,0.82,2,0.205,0.4798,0.7025,0.6757,1
RD-SHL-SIL-08,215.0,19.94453907190098,1346.9937675496878,34.57,162.31,5.4,0.591,0.7,8,0.328,0.8965,0.8282,0.9384,1
RD-GHY-SHL-07,98.0,20.266601181779198,1547.6254509005487,27.58,103.72,27.9,0.396,3.22,3,0.182,0.7171,0.4171,0.6724,1
RD-SHL-SIL-08,215.0,19.213582932566702,1302.1013053143965,82.46,346.81,29.1,1.0,0.42,6,0.601,0.9903,0.9148,1.0,1
RD-TEZ-ITA-11,155.0,1.0,311.54577454605123,5.88,19.76,32.0,0.116,1.72,2,0.117,0.3447,0.6237,0.5844,0
RD-TEZ-BHK-02,54.0,13.578328625754615,300.15337061994467,44.88,184.44,11.0,0.915,0.17,4,0.508,0.8426,0.9727,0.9848,1
RD-GHY-NAG-10,345.0,17.627405674077554,1542.4509975436993,166.7,468.66,9.9,1.0,0.71,6,0.943,1.0,1.0,1.0,1
RD-BMD-DRG-04,42.0,16.96093589902921,2087.661719105104,142.75,399.05,30.3,1.0,1.68,4,0.758,0.9705,0.9108,0.9955,1
RD-GHY-TEZ-01,178.0,1.0,154.31686516913697,121.67,438.06,12.1,1.0,0.86,0,0.715,0.7979,0.9684,0.951,1
RD-SELA-TWG-06,78.0,21.350006365698363,3203.5500327851746,61.37,247.14,22.6,0.874,1.66,7,0.379,0.9325,0.6178,0.941,1
RD-GHY-GTK-12,540.0,17.639992277018436,1618.3767630630591,25.28,94.7,18.0,0.616,0.3,10,0.367,0.8669,0.924,0.9656,1
RD-BHK-BMD-03,96.0,30.59946896283421,2418.1870332931717,160.27,484.64,29.8,1.0,0.56,6,0.936,0.9501,0.9595,1.0,1
RD-GHY-GTK-12,540.0,23.674906236734234,1636.5819857611073,22.25,78.32,17.2,0.311,0.53,8,0.299,0.8588,0.7973,0.8927,1
RD-SELA-TWG-06,78.0,26.20314324377886,3251.5420199627456,2.21,9.29,24.8,0.081,1.7,8,0.101,0.8511,0.3524,0.8305,1
RD-GHY-ITA-09,320.0,12.629727678241675,303.9348987438707,21.82,72.33,22.2,0.291,1.2,3,0.22,0.6219,0.7467,0.7324,1
RD-GHY-GTK-12,540.0,20.450887716501892,1671.1718889200927,19.65,75.1,18.7,0.55,0.32,9,0.336,0.8845,0.8332,0.9224,1
RD-DRG-SELA-05,62.0,31.631908029399273,4178.823057391403,21.29,95.77,29.7,0.369,2.75,9,0.161,0.9102,0.4033,0.9008,1
RD-GHY-TEZ-01,178.0,3.3707966383660826,75.97864534652086,153.42,677.12,26.9,1.0,0.75,0,0.876,0.8865,1.0,0.995,1
RD-DRG-SELA-05,62.0,26.75476584551321,4193.258565776441,182.99,630.18,16.9,1.0,2.69,7,0.917,0.9715,0.9182,1.0,1
RD-SELA-TWG-06,78.0,23.885198548409747,3265.1738878701253,15.92,62.77,15.0,0.259,1.24,7,0.189,0.8362,0.4937,0.8347,1
RD-GHY-SHL-07,98.0,11.335021217060598,1575.666542566747,26.4,72.76,4.5,0.293,2.87,4,0.183,0.6251,0.4014,0.587,0
RD-BHK-BMD-03,96.0,31.3575764936641,2502.5525339974765,205.43,963.62,7.0,1.0,0.6,6,1.0,1.0,1.0,1.0,1
RD-GHY-NAG-10,345.0,20.679662689771675,1446.6074314316647,30.01,112.33,10.6,0.424,0.93,6,0.28,0.8763,0.6925,0.8879,1
RD-BHK-BMD-03,96.0,21.98781023769263,2362.577408806503,36.65,176.65,15.4,0.639,0.62,7,0.349,0.814,0.7431,0.8407,1
RD-BHK-BMD-03,96.0,17.991312845622943,2383.5681423522014,6.48,27.59,5.7,0.392,0.48,6,0.235,0.7811,0.6173,0.7942,1
RD-GHY-SHL-07,98.0,13.34545802406367,1571.4515578533385,59.5,209.41,31.5,0.748,2.91,3,0.336,0.7667,0.5963,0.7383,1
RD-TEZ-ITA-11,155.0,2.8274508530486093,351.58291300235277,169.73,657.76,28.8,1.0,1.54,3,0.89,0.9042,0.9551,0.9634,1
RD-GHY-ITA-09,320.0,15.294220584801877,388.77289907385654,153.75,509.12,5.6,1.0,1.1,2,0.842,0.9773,0.9651,1.0,1
RD-SHL-SIL-08,215.0,21.298568746730634,1423.3356792945112,5.25,23.22,7.2,0.377,0.31,6,0.271,0.7987,0.8918,0.9299,1
RD-DRG-SELA-05,62.0,27.95863503661017,4206.031848570278,2.05,6.84,15.3,0.073,2.6,9,0.074,0.9064,0.3582,0.8911,1
RD-GHY-GTK-12,540.0,24.459501902065185,1687.9231233375324,69.33,284.42,8.2,1.0,0.05,9,0.687,0.9672,1.0,1.0,1
RD-TEZ-BHK-02,54.0,7.786967502703114,306.39292465499335,21.85,73.79,24.3,0.546,0.08,4,0.449,0.7243,1.0,0.9936,1
RD-DRG-SELA-05,62.0,33.02169072965288,4130.497057871025,22.12,73.3,14.1,0.294,2.98,7,0.161,0.8883,0.4036,0.8809,1
RD-SELA-TWG-06,78.0,23.807249800912935,3206.7236218959324,39.32,132.13,21.3,0.49,2.02,8,0.263,0.8577,0.4979,0.8551,1
RD-BMD-DRG-04,42.0,21.558609976161776,2081.112940742825,29.21,112.98,9.0,0.427,0.93,5,0.276,0.7509,0.6175,0.7458,1
RD-GHY-GTK-12,540.0,24.357095465853327,1678.1704921921375,8.14,30.3,19.2,0.401,0.3,7,0.288,0.888,0.8036,0.9219,1
RD-GHY-GTK-12,540.0,24.26425596104457,1649.928508920198,168.42,835.78,4.5,1.0,0.12,8,1.0,0.9723,1.0,1.0,1
RD-SHL-SIL-08,215.0,21.275734030908083,1357.8926364190515,127.94,628.52,18.3,1.0,0.52,7,0.793,1.0,0.9646,1.0,1
RD-GHY-TEZ-01,178.0,2.8300796277216573,120.84425581444633,36.28,169.72,17.6,0.616,0.57,0,0.356,0.4706,0.9113,0.8509,1
RD-SHL-SIL-08,215.0,22.220200397421266,1343.4044101130244,58.34,263.26,20.2,1.0,0.46,8,0.48,0.9587,0.887,1.0,1
RD-BMD-DRG-04,42.0,18.156986276875397,2102.697521119146,32.37,151.01,21.8,0.553,1.24,5,0.266,0.827,0.5716,0.8118,1
RD-SELA-TWG-06,78.0,21.475726919433193,3245.1156178033893,68.47,204.74,7.0,0.732,2.08,8,0.397,0.9732,0.6528,0.9845,1
RD-GHY-NAG-10,345.0,15.510187577073125,1421.6321137669588,119.79,405.27,17.6,1.0,0.9,7,0.702,1.0,0.8274,1.0,1
RD-GHY-ITA-09,320.0,6.439129091905265,302.58991827222167,32.89,119.33,17.3,0.448,1.27,6,0.267,0.7346,0.7556,0.7535,1
RD-DRG-SELA-05,62.0,30.328697603673188,4191.646065166775,14.31,68.35,28.7,0.278,2.5,8,0.133,0.8733,0.3175,0.8559,1
RD-TEZ-ITA-11,155.0,4.4889981839484285,362.90698633168506,109.62,415.22,18.5,1.0,1.07,4,0.639,0.8341,0.8892,0.8891,1
RD-GHY-ITA-09,320.0,11.785986159341288,356.9910947083126,103.81,374.68,17.2,1.0,1.12,3,0.608,0.8929,0.9081,0.9215,1
RD-BHK-BMD-03,96.0,27.807454132367653,2487.8015733620664,120.21,479.16,28.4,1.0,0.35,7,0.795,0.9606,0.9076,1.0,1
RD-SELA-TWG-06,78.0,22.541198275685325,3196.1921644741747,8.05,26.65,9.7,0.139,1.82,10,0.124,0.852,0.3536,0.8314,1
RD-SHL-SIL-08,215.0,20.88036719663836,1365.1398011067631,138.18,372.26,27.7,1.0,0.15,7,0.953,0.997,1.0,1.0,1
RD-GHY-ITA-09,320.0,3.9948226801273004,364.5490629097362,149.78,570.02,32.4,1.0,1.0,2,0.832,0.8698,0.9328,0.9425,1
RD-GHY-SHL-07,98.0,15.842946368899854,1610.9767072397067,127.21,324.71,29.4,1.0,3.18,4,0.648,0.8826,0.8706,0.8834,1
RD-DRG-SELA-05,62.0,25.521970586954097,4167.083733166863,31.06,90.8,6.2,0.353,2.44,8,0.213,0.8347,0.4225,0.8344,1
RD-TEZ-ITA-11,155.0,9.931019573629811,292.0334510973686,64.87,262.99,23.4,0.927,1.44,1,0.406,0.7354,0.8907,0.8773,1
RD-GHY-NAG-10,345.0,16.3917059374,1533.5805608257479,13.12,33.68,25.2,0.162,0.72,6,0.225,0.7867,0.5863,0.7899,1
RD-BHK-BMD-03,96.0,27.41614809547984,2538.876050445427,71.72,314.51,17.5,1.0,0.51,7,0.532,0.9827,0.8431,1.0,1
RD-TEZ-BHK-02,54.0,11.128689277171203,332.3682751350482,34.87,145.07,10.1,0.784,0.05,4,0.526,0.7696,0.9346,0.9373,1
RD-BMD-DRG-04,42.0,15.15972508766913,2118.3496664516856,120.71,378.72,32.8,1.0,0.93,5,0.703,0.9566,0.9495,0.9873,1
RD-SHL-SIL-08,215.0,17.820447290908,1333.1009185605176,118.67,571.16,26.7,1.0,0.38,9,0.78,1.0,0.982,1.0,1
RD-GHY-TEZ-01,178.0,8.688058663179863,180.91217519022183,6.77,31.33,6.2,0.154,0.84,1,0.181,0.33,0.7128,0.6532,1
RD-GHY-ITA-09,320.0,10.979403590259132,420.43871780051387,38.74,189.15,12.1,0.68,1.22,4,0.297,0.729,0.756,0.7533,1
RD-DRG-SELA-05,62.0,35.649049367037804,4151.428305464066,161.29,633.96,24.8,1.0,2.52,8,0.819,0.9817,0.9367,1.0,1
RD-GHY-ITA-09,320.0,9.993766093417989,346.48292902161376,155.99,640.36,14.3,1.0,1.14,3,0.85,0.9601,0.9543,0.9815,1
RD-GHY-SHL-07,98.0,13.511749477907378,1599.3480679276809,151.06,734.09,8.4,1.0,3.23,4,0.759,0.8966,0.9014,0.9055,1
RD-GHY-SHL-07,98.0,13.996910694830575,1541.0312172326155,34.85,135.58,32.1,0.502,3.1,5,0.218,0.7468,0.4497,0.7031,1
RD-GHY-ITA-09,320.0,2.5935379391408704,374.3613390710375,16.55,58.16,8.1,0.244,0.85,3,0.225,0.5562,0.7247,0.7045,1
RD-SHL-SIL-08,215.0,19.40084705367042,1339.8560255419338,16.97,66.32,32.2,0.521,0.49,7,0.281,0.8404,0.826,0.8834,1
RD-TEZ-BHK-02,54.0,18.682751637283754,130.32254502114895,80.91,344.29,26.3,1.0,0.05,6,0.741,0.954,1.0,1.0,1
RD-GHY-SHL-07,98.0,8.944025036863504,1549.9989784369955,2.64,11.07,23.6,0.087,3.21,3,0.066,0.4357,0.2885,0.4072,0
RD-GHY-SHL-07,98.0,15.537733639093817,1617.4274702275748,159.45,454.73,10.4,1.0,2.77,2,0.805,0.9575,0.9791,0.9908,1
RD-BMD-DRG-04,42.0,21.34968543746311,2173.2175657004195,57.25,194.45,20.5,0.698,1.61,4,0.362,0.8222,0.6242,0.8139,1
RD-GHY-NAG-10,345.0,20.5102797160599,1498.3722683742037,172.57,632.34,17.1,1.0,0.6,8,0.988,1.0,0.9936,1.0,1
RD-GHY-NAG-10,345.0,17.719652025677885,1576.9258025352653,27.26,97.57,9.9,0.375,0.63,6,0.304,0.8109,0.7077,0.8274,1
RD-GHY-SHL-07,98.0,10.359162521385906,1650.2942725799458,148.82,618.03,7.6,1.0,3.21,2,0.748,0.9142,0.9325,0.9385,1
RD-GHY-TEZ-01,178.0,5.274511283658844,108.31636517020151,43.8,217.17,4.1,0.774,0.98,0,0.339,0.6307,0.868,0.832,1
RD-TEZ-BHK-02,54.0,11.351895228956774,243.54499361134012,148.47,423.02,28.1,1.0,0.05,3,1.0,0.9564,0.9773,1.0,1
RD-GHY-TEZ-01,178.0,7.099803544489395,104.14488049028652,1.38,5.93,32.6,0.07,1.05,2,0.135,0.3675,0.7431,0.6845,1
RD-GHY-NAG-10,345.0,20.387244224064045,1504.7467192130584,32.22,158.97,29.7,0.58,1.16,6,0.271,0.8451,0.6227,0.8493,1
RD-TEZ-BHK-02,54.0,14.083956131491822,261.39290546441157,104.18,264.88,24.5,1.0,0.09,6,0.825,0.9214,1.0,1.0,1
RD-DRG-SELA-05,62.0,34.000205350428025,4164.5121688188065,147.7,483.14,31.9,1.0,2.34,8,0.76,0.9989,0.9714,1.0,1
RD-GHY-NAG-10,345.0,26.491685919566418,1425.4554608757385,45.41,135.39,32.2,0.501,1.14,7,0.334,0.9486,0.6834,0.9556,1
RD-GHY-SHL-07,98.0,19.781725918361072,1552.3685350795577,42.05,115.08,5.7,0.434,3.17,2,0.251,0.731,0.5409,0.6987,1
RD-TEZ-BHK-02,54.0,14.4552825921319,124.1556934446499,169.34,524.8,14.6,1.0,0.41,5,1.0,0.9478,1.0,1.0,1
RD-GHY-GTK-12,540.0,15.200095202911816,1590.8449336536921,79.88,228.08,33.7,1.0,0.05,7,0.736,0.9942,1.0,1.0,1
RD-BMD-DRG-04,42.0,18.371901614227802,2154.207331565877,210.81,899.0,29.0,1.0,1.24,6,1.0,0.9601,0.992,1.0,1
RD-BMD-DRG-04,42.0,16.162656203400957,2099.017560917132,4.69,15.86,6.8,0.103,1.2,5,0.14,0.6416,0.4315,0.6249,0
RD-DRG-SELA-05,62.0,29.352094581727957,4060.1565047959148,42.72,108.13,32.5,0.41,2.58,9,0.264,0.924,0.4519,0.92,1
RD-DRG-SELA-05,62.0,30.95830055533125,4068.632332861202,38.8,165.5,13.7,0.602,2.92,8,0.24,0.9576,0.4447,0.9499,1
RD-TEZ-BHK-02,54.0,9.47591509422529,342.2708227011025,148.26,420.46,4.2,1.0,0.09,4,1.0,0.9976,0.9296,1.0,1
RD-GHY-GTK-12,540.0,22.966798042538148,1661.06157191128,64.48,321.38,25.4,1.0,0.32,7,0.544,0.9589,0.987,1.0,1
RD-GHY-GTK-12,540.0,21.2306922734456,1706.2175986732393,7.01,30.69,4.3,0.402,0.35,9,0.269,0.8704,0.8862,0.929,1
RD-GHY-GTK-12,540.0,21.48062033230927,1600.8740468868664,183.6,501.58,21.5,1.0,0.57,8,1.0,0.9795,0.9811,1.0,1
RD-SELA-TWG-06,78.0,23.085015856683036,3217.648368033407,40.59,185.56,23.4,0.669,2.03,8,0.269,0.8735,0.5254,0.8733,1
RD-BHK-BMD-03,96.0,25.676350329465794,2444.7327228799923,141.86,575.2,17.2,1.0,0.05,6,1.0,0.9415,1.0,1.0,1
RD-SHL-SIL-08,215.0,24.849598417921452,1266.2607025033535,170.35,847.16,11.4,1.0,0.86,6,0.942,0.9681,0.9316,1.0,1
RD-GHY-TEZ-01,178.0,1.0,40.63938780778092,60.45,258.1,31.4,0.91,0.76,0,0.441,0.626,0.9591,0.9173,1
RD-GHY-SHL-07,98.0,14.202442149286586,1523.625262668564,0.14,0.58,30.4,0.052,3.12,4,0.056,0.497,0.3382,0.4656,0
RD-BHK-BMD-03,96.0,31.50808900519831,2511.991202644642,59.24,239.58,15.8,0.849,0.53,10,0.471,0.981,0.8097,1.0,1
RD-TEZ-BHK-02,54.0,8.563842681454862,259.5588508057497,195.64,525.07,19.0,1.0,0.11,3,1.0,0.8992,0.9707,0.991,1
RD-GHY-TEZ-01,178.0,3.820129830118987,81.74472669012843,3.38,11.65,28.3,0.089,0.67,1,0.186,0.3399,0.7927,0.7263,1
RD-SHL-SIL-08,215.0,23.701684378185664,1431.431044659915,66.1,254.42,20.4,0.898,0.59,6,0.493,0.9209,0.9262,0.9802,1
RD-SHL-SIL-08,215.0,20.099588748970028,1420.996058345766,11.54,29.3,30.8,0.398,0.45,7,0.264,0.779,0.8696,0.9058,1
RD-SHL-SIL-08,215.0,20.793128813368302,1383.5503876477082,183.13,859.18,10.6,1.0,0.4,6,1.0,0.9869,0.9954,1.0,1
RD-GHY-TEZ-01,178.0,3.2116840525859294,21.443269911600282,36.89,156.42,17.4,0.571,0.92,3,0.313,0.5475,0.9191,0.8687,1
RD-DRG-SELA-05,62.0,29.896546378944933,4188.730978470561,19.16,52.69,6.9,0.226,2.2,10,0.164,0.8592,0.4088,0.855,1
RD-GHY-ITA-09,320.0,7.248771812404293,337.50764563167655,75.15,239.66,11.6,0.849,0.69,3,0.519,0.8145,0.8555,0.8596,1
RD-BHK-BMD-03,96.0,27.05406631640161,2494.280711974423,59.09,226.62,10.3,0.805,0.63,6,0.452,0.935,0.8322,0.9695,1
RD-TEZ-BHK-02,54.0,13.037885009930031,256.9050863424924,47.27,150.9,19.8,0.803,0.12,4,0.541,0.77,0.9945,0.9952,1
RD-GHY-GTK-12,540.0,19.5459720432953,1644.6454167018828,99.91,328.92,11.1,1.0,0.39,8,0.691,0.9705,0.925,1.0,1
RD-SHL-SIL-08,215.0,15.925455778692623,1354.7955078374036,44.95,174.29,5.1,0.881,0.35,8,0.445,0.8917,0.8996,0.95,1
RD-GHY-ITA-09,320.0,2.5002821214391577,299.27947068826717,6.53,31.46,25.2,0.155,1.06,5,0.158,0.4973,0.6119,0.5937,0
RD-SHL-SIL-08,215.0,25.178121950374862,1356.6818680316612,23.42,75.84,10.0,0.303,0.57,8,0.296,0.8424,0.7804,0.8796,1
RD-SHL-SIL-08,215.0,17.445198178322677,1365.2693781060184,121.72,430.91,33.7,1.0,0.53,11,0.762,0.957,0.9817,1.0,1
RD-SELA-TWG-06,78.0,22.777137193642588,3167.845939475917,6.39,31.35,32.3,0.155,1.77,8,0.118,0.8337,0.3997,0.8206,1
RD-SELA-TWG-06,78.0,23.540617089687387,3132.8900490613823,13.79,52.5,19.7,0.225,2.01,7,0.144,0.8378,0.4209,0.827,1
RD-TEZ-ITA-11,155.0,7.8742516859660725,277.26586413383086,14.6,48.45,33.0,0.212,1.53,3,0.167,0.484,0.6267,0.6002,0
RD-GHY-NAG-10,345.0,16.153534589009222,1551.140248167878,8.72,32.2,30.0,0.157,0.95,6,0.178,0.6992,0.5093,0.6997,1
RD-DRG-SELA-05,62.0,31.67886002497911,4216.345601402696,12.17,51.68,23.7,0.222,2.39,9,0.126,0.8763,0.3609,0.8643,1
RD-GHY-GTK-12,540.0,21.449515299397472,1603.4044696494966,3.16,14.19,30.4,0.347,0.28,7,0.273,0.8285,0.8315,0.8702,1
RD-BHK-BMD-03,96.0,33.13005322795391,2411.385222836398,9.37,34.24,18.7,0.414,0.21,7,0.325,0.9415,0.857,0.9793,1
RD-BMD-DRG-04,42.0,14.515079505488856,2128.0955168849937,7.81,25.19,25.4,0.134,1.35,7,0.144,0.6393,0.3826,0.6181,0
RD-BHK-BMD-03,96.0,27.629189198406902,2443.9018994255152,46.23,214.88,32.9,1.0,0.06,6,0.575,0.9833,1.0,1.0,1
RD-GHY-TEZ-01,178.0,6.9314431637030065,94.64886334004213,182.96,736.62,9.3,1.0,1.16,2,0.974,0.971,0.9891,0.9968,1
RD-GHY-GTK-12,540.0,21.365248660631607,1663.2259039698465,37.8,95.01,27.6,0.617,0.23,8,0.449,0.941,0.9636,1.0,1
RD-GHY-SHL-07,98.0,10.268342293762338,1562.9849503970927,82.99,394.1,13.6,1.0,2.86,4,0.447,0.8514,0.7348,0.8356,1
RD-GHY-GTK-12,540.0,24.780506014686964,1762.7493835254422,146.62,504.79,9.6,1.0,0.07,7,1.0,1.0,1.0,1.0,1
RD-GHY-SHL-07,98.0,16.556890102678064,1611.443874722528,17.86,63.0,23.6,0.26,2.9,2,0.142,0.6018,0.3809,0.5639,0
RD-DRG-SELA-05,62.0,29.576622764629526,4168.075448039257,10.55,43.83,14.9,0.196,2.55,10,0.115,0.9799,0.3644,0.9584,1
RD-TEZ-ITA-11,155.0,5.907484771174277,293.61058134501224,26.63,100.54,22.7,0.385,1.36,2,0.232,0.5262,0.6615,0.6365,0
RD-SHL-SIL-08,215.0,25.039778009658185,1386.0064931653226,35.87,89.76,17.7,0.349,0.59,7,0.351,0.9073,0.8728,0.9549,1
RD-GHY-ITA-09,320.0,5.161794464832521,389.92001966837023,229.83,694.05,32.3,1.0,1.29,4,1.0,1.0,0.9698,1.0,1
RD-TEZ-ITA-11,155.0,2.072930981620236,353.1525521134952,19.34,92.22,20.7,0.357,1.53,3,0.189,0.4672,0.7043,0.67,1
RD-SELA-TWG-06,78.0,26.639566481025636,3185.3297328605745,2.7,11.75,15.7,0.089,1.61,6,0.108,0.784,0.3984,0.7753,1
RD-GHY-SHL-07,98.0,11.363824947375985,1521.1927739551902,5.2,16.27,25.7,0.104,2.99,4,0.082,0.4617,0.2663,0.4289,0
RD-DRG-SELA-05,62.0,30.896146179712638,4254.626146993199,40.19,153.09,33.0,0.56,2.75,8,0.249,0.8948,0.5225,0.9027,1
RD-GHY-TEZ-01,178.0,9.66700290903617,154.31714344778044,44.22,136.75,15.0,0.506,1.05,1,0.336,0.6109,0.8659,0.8274,1
RD-GHY-GTK-12,540.0,19.450972399667318,1723.8068583417653,11.19,33.55,18.4,0.162,0.59,10,0.235,0.8523,0.7703,0.8829,1
RD-GHY-NAG-10,345.0,12.418711238962448,1540.5222523488858,68.51,308.23,20.3,1.0,0.94,7,0.459,0.9409,0.8619,0.9735,1
RD-SHL-SIL-08,215.0,25.321365455851037,1401.4822194059211,4.71,15.86,10.4,0.103,0.57,7,0.21,0.7777,0.7749,0.8164,1
RD-SELA-TWG-06,78.0,28.01179037985889,3248.2975334911416,178.61,807.76,16.0,1.0,1.81,8,0.92,0.9889,0.9437,1.0,1
RD-GHY-TEZ-01,178.0,3.389849689293867,108.45021608582647,3.42,16.58,29.5,0.105,0.68,0,0.186,0.2766,0.8087,0.7329,1
RD-TEZ-ITA-11,155.0,4.429076345978876,384.4109121908419,157.73,484.41,18.5,1.0,1.19,3,0.854,0.9215,0.9943,1.0,1
RD-TEZ-ITA-11,155.0,1.0,363.3333986355444,114.05,413.91,12.7,1.0,1.19,3,0.651,0.8801,0.9873,0.9916,1
RD-DRG-SELA-05,62.0,27.519755112068346,4190.528181734992,70.59,334.6,26.8,1.0,2.64,7,0.393,0.9199,0.563,0.9316,1
RD-TEZ-ITA-11,155.0,9.974109285932059,250.40958375911438,148.78,684.58,12.9,1.0,1.72,3,0.784,0.9436,0.9734,0.9872,1
RD-SHL-SIL-08,215.0,21.090980789985963,1476.3189239514477,80.96,383.37,19.6,1.0,0.14,6,0.689,0.9468,0.9887,1.0,1
RD-DRG-SELA-05,62.0,29.74594068354115,4171.947195828324,95.45,267.66,14.4,0.942,2.69,8,0.508,1.0,0.7539,1.0,1
RD-GHY-TEZ-01,178.0,7.471146491520369,71.37166120762765,183.74,879.73,33.8,1.0,1.03,1,0.988,0.8982,1.0,0.9967,1
RD-GHY-NAG-10,345.0,21.231617986602846,1486.5014520842385,178.73,826.58,32.5,1.0,0.62,8,1.0,0.9262,1.0,1.0,1
RD-SHL-SIL-08,215.0,21.991838456488033,1433.7809371063038,86.42,217.99,13.6,0.777,0.62,7,0.582,1.0,0.9103,1.0,1
RD-GHY-SHL-07,98.0,18.334817515606314,1576.154904437834,31.25,84.59,20.4,0.332,3.3,3,0.198,0.647,0.4412,0.6108,0
RD-GHY-TEZ-01,178.0,8.307937194749506,10.0,155.29,594.12,7.9,1.0,0.89,1,0.869,0.8992,1.0,0.9969,1
RD-BHK-BMD-03,96.0,28.473958404347165,2385.512806753331,11.07,54.14,10.5,0.48,0.35,7,0.286,0.9036,0.6885,0.9194,1
RD-DRG-SELA-05,62.0,27.70612755948289,4221.820592284954,1.49,4.07,6.9,0.064,2.35,8,0.077,0.8384,0.3343,0.8267,1
RD-GHY-ITA-09,320.0,10.0211136689065,343.17909431238786,154.53,672.63,17.3,1.0,1.3,5,0.832,0.9524,0.9594,0.9806,1
RD-GHY-ITA-09,320.0,10.685723902691127,398.05680874252573,163.63,797.08,31.9,1.0,1.21,2,0.881,0.9143,1.0,1.0,1
RD-TEZ-BHK-02,54.0,14.077191293885159,176.64980032661032,35.94,95.72,33.7,0.619,0.05,3,0.531,0.7512,0.9705,0.9692,1
RD-BHK-BMD-03,96.0,22.084796130575615,2372.050577535957,56.19,237.65,21.5,0.842,0.56,6,0.451,0.972,0.8616,1.0,1
RD-BMD-DRG-04,42.0,18.72868365555788,2093.2917901283977,149.25,592.05,24.5,1.0,1.22,6,0.813,0.9347,0.957,0.9857,1
RD-TEZ-BHK-02,54.0,11.630860029464461,160.66833104841743,27.02,86.53,7.1,0.588,0.05,4,0.49,0.736,0.9945,0.9901,1
RD-GHY-TEZ-01,178.0,6.832103431695035,55.22058778860623,23.59,93.27,10.4,0.361,0.62,1,0.289,0.4885,0.867,0.8125,1
RD-SELA-TWG-06,78.0,22.996700617566944,3233.948187740824,155.5,752.17,7.7,1.0,1.6,9,0.821,0.9632,0.9029,1.0,1
RD-TEZ-ITA-11,155.0,8.858315199506379,284.7052615759565,103.14,498.99,23.8,1.0,1.59,4,0.577,0.8846,0.8845,0.8913,1
RD-GHY-SHL-07,98.0,9.006025692403114,1589.0445235524503,2.28,5.92,23.0,0.07,3.4,3,0.062,0.4386,0.3382,0.413,0
RD-TEZ-BHK-02,54.0,16.638629890866643,203.7437053829788,38.76,179.02,21.3,0.897,0.46,3,0.39,0.8228,0.9105,0.9213,1
RD-DRG-SELA-05,62.0,32.325602462636276,4261.7915031626335,5.53,26.53,20.8,0.138,2.74,9,0.087,0.8459,0.3425,0.8344,1
RD-BHK-BMD-03,96.0,31.617327932637885,2506.598501586112,66.42,269.78,8.4,1.0,0.23,7,0.583,0.9774,0.9711,1.0,1
RD-TEZ-ITA-11,155.0,9.08658297838131,320.39262381963135,121.75,575.85,22.1,1.0,1.3,2,0.679,0.8617,0.927,0.9298,1
RD-GHY-NAG-10,345.0,17.2657169206611,1491.6637294872228,128.05,546.84,20.1,1.0,0.76,6,0.756,1.0,0.9579,1.0,1
RD-BMD-DRG-04,42.0,12.79045684045739,2056.0709732182245,4.34,11.58,16.2,0.089,1.07,8,0.148,0.6236,0.447,0.6098,0
RD-GHY-SHL-07,98.0,12.616192514552468,1632.6354694314628,36.14,170.16,10.9,0.617,2.85,3,0.228,0.6797,0.5294,0.6498,0
RD-DRG-SELA-05,62.0,26.50661937264765,4131.108053505926,11.88,56.49,4.2,0.238,2.5,7,0.122,0.8198,0.3431,0.811,1
RD-DRG-SELA-05,62.0,33.29826898161978,4206.1975747283805,44.58,134.9,5.3,0.5,2.4,7,0.277,0.9556,0.5282,0.96,1
RD-TEZ-ITA-11,155.0,12.699220867626359,294.98272787428783,16.98,66.93,17.6,0.273,1.7,2,0.17,0.4964,0.6609,0.633,0
RD-BHK-BMD-03,96.0,26.97055066054411,2498.101813083893,9.75,43.67,4.4,0.196,0.69,7,0.214,0.8822,0.5456,0.8801,1
RD-GHY-SHL-07,98.0,14.678712038462578,1577.72000887584,115.56,417.61,21.0,1.0,3.29,3,0.592,0.9225,0.8548,0.9204,1
RD-GHY-ITA-09,320.0,9.82078812111488,501.03711458300984,35.52,105.34,15.9,0.401,1.42,3,0.27,0.6435,0.722,0.7114,1
RD-SELA-TWG-06,78.0,23.61734790881292,3175.8055175094914,21.01,94.63,26.7,0.365,1.96,6,0.179,0.8782,0.405,0.8618,1
RD-TEZ-ITA-11,155.0,10.061830250073537,321.0537471338344,71.02,212.99,10.5,0.76,1.61,2,0.426,0.7527,0.8684,0.8581,1
RD-SHL-SIL-08,215.0,21.971737089593844,1408.6675278432253,15.41,43.28,19.6,0.194,0.56,9,0.261,0.8942,0.8005,0.9324,1
RD-SHL-SIL-08,215.0,23.371201693916742,1327.3615054580846,26.97,119.57,22.0,0.449,0.54,9,0.318,0.9291,0.7863,0.9643,1
RD-GHY-SHL-07,98.0,13.539647128093907,1558.4533254090027,67.64,296.15,17.7,1.0,2.86,3,0.375,0.8391,0.6048,0.8074,1
RD-GHY-ITA-09,320.0,7.184777551163083,227.27506860470731,92.14,315.99,7.2,1.0,1.25,5,0.545,0.8601,0.8666,0.8764,1
RD-GHY-SHL-07,98.0,21.409421663634248,1531.2470382839456,164.27,667.06,24.8,1.0,2.92,3,0.825,0.9531,0.9249,0.9603,1
RD-BHK-BMD-03,96.0,24.687843009881043,2391.9061176787704,3.99,14.21,12.1,0.347,0.44,7,0.231,0.9077,0.707,0.9258,1
RD-DRG-SELA-05,62.0,32.42624478617901,4173.530488035383,51.77,210.44,10.9,0.751,2.47,8,0.309,0.9931,0.5064,0.9916,1
RD-GHY-NAG-10,345.0,19.600416437430752,1485.8510891325657,4.0,14.76,5.4,0.099,0.82,9,0.17,0.853,0.5668,0.8496,1
RD-BHK-BMD-03,96.0,26.44400404964738,2464.730093364753,0.16,0.8,22.8,0.303,0.26,6,0.263,0.8927,0.7908,0.9227,1
RD-GHY-NAG-10,345.0,21.494792112794222,1547.2120639073119,22.28,75.76,17.0,0.303,1.11,9,0.228,0.8238,0.5892,0.825,1
RD-GHY-TEZ-01,178.0,5.162941576898988,144.07008725472582,49.66,196.31,10.3,0.704,0.75,2,0.392,0.6455,0.8763,0.8417,1
RD-GHY-SHL-07,98.0,15.119568741520753,1548.3316000417294,193.01,947.66,24.7,1.0,2.87,4,0.96,0.9291,0.9675,0.9752,1
RD-TEZ-ITA-11,155.0,1.2279862662408068,298.05334623840315,135.65,575.49,17.1,1.0,1.47,2,0.735,0.8693,0.9534,0.9567,1
RD-GHY-ITA-09,320.0,10.630727615071585,405.6036465884367,40.32,186.86,11.1,0.673,1.12,3,0.311,0.6909,0.7029,0.6984,1
RD-GHY-TEZ-01,178.0,4.664271663675211,168.88122753117455,98.93,350.05,20.8,1.0,0.78,1,0.618,0.8099,0.9791,0.9632,1
RD-DRG-SELA-05,62.0,29.691726460221346,4244.190947183636,30.88,150.27,26.6,0.551,2.45,8,0.212,0.9802,0.4294,0.9683,1
RD-TEZ-ITA-11,155.0,6.76344004275166,422.09683657521936,165.29,753.8,18.5,1.0,1.7,3,0.862,0.9318,0.9965,1.0,1
RD-GHY-NAG-10,345.0,15.766838306962,1476.869529571801,110.17,299.79,23.4,1.0,0.85,8,0.662,0.9832,0.9225,1.0,1
RD-DRG-SELA-05,62.0,27.69505906141269,4140.507184277521,6.49,26.13,31.2,0.137,2.48,9,0.097,0.8993,0.3311,0.8811,1
RD-GHY-GTK-12,540.0,20.117066059904946,1638.3331034085056,37.48,126.58,27.3,0.722,0.35,10,0.41,0.9358,0.8978,0.9814,1
RD-GHY-TEZ-01,178.0,5.192496598099132,46.18845186701251,115.15,408.08,29.4,1.0,0.96,2,0.674,0.8231,0.9632,0.9496,1
RD-GHY-NAG-10,345.0,13.267021722587298,1519.1864491683061,10.37,45.02,28.4,0.2,0.89,6,0.192,0.6924,0.6608,0.7092,1
RD-GHY-GTK-12,540.0,24.714670119002506,1654.8558132403787,67.9,288.7,17.2,1.0,0.23,8,0.591,0.9534,1.0,1.0,1
RD-GHY-GTK-12,540.0,22.719177259125896,1638.7794970853693,176.87,716.48,15.4,1.0,0.34,8,1.0,0.9708,1.0,1.0,1
RD-BHK-BMD-03,96.0,31.469169033617035,2474.754725373046,61.33,297.89,32.6,1.0,0.44,7,0.499,0.9804,0.8827,1.0,1
RD-SHL-SIL-08,215.0,22.447015705540547,1330.7874930093487,206.44,625.01,14.4,1.0,0.32,8,1.0,1.0,1.0,1.0,1
RD-TEZ-ITA-11,155.0,1.0,417.8848839653648,20.36,86.48,27.1,0.338,1.48,4,0.196,0.4881,0.6384,0.6114,0
RD-BHK-BMD-03,96.0,29.046398568560537,2485.375549727834,13.99,59.07,28.8,0.497,0.32,6,0.309,0.8364,0.8017,0.8695,1
RD-DRG-SELA-05,62.0,32.05057207772959,4157.047078783695,45.57,133.85,14.2,0.496,2.58,8,0.278,0.9214,0.5173,0.9267,1
RD-GHY-TEZ-01,178.0,12.724560067969342,108.68556064628464,31.59,153.01,6.4,0.56,0.85,0,0.296,0.6041,0.8894,0.8486,1
RD-GHY-NAG-10,345.0,14.635301605985925,1549.443739437539,27.84,104.62,13.5,0.399,1.13,6,0.253,0.8124,0.5705,0.812,1
RD-TEZ-BHK-02,54.0,21.75021840601556,372.58268833074186,148.35,376.67,18.8,1.0,0.05,3,1.0,0.9811,0.9641,1.0,1
RD-BHK-BMD-03,96.0,26.269163828138527,2402.2631971137594,3.41,11.12,28.9,0.337,0.23,7,0.292,0.858,0.8149,0.8922,1
RD-TEZ-BHK-02,54.0,11.83189820144298,249.11829424695884,9.26,25.68,33.5,0.386,0.05,4,0.407,0.7016,0.9865,0.9774,1
RD-BMD-DRG-04,42.0,14.960852105740777,2146.5900739017598,166.46,492.57,33.5,1.0,1.26,6,0.89,0.9924,0.943,1.0,1
RD-SHL-SIL-08,215.0,25.659288898971713,1465.543866789807,160.14,694.63,17.1,1.0,0.42,6,0.966,0.9866,1.0,1.0,1
RD-GHY-ITA-09,320.0,10.6163719433474,370.0882423360514,35.38,124.29,23.4,0.464,1.02,6,0.296,0.7514,0.7845,0.7832,1
RD-GHY-TEZ-01,178.0,6.740671725733158,123.90854330790792,57.66,264.92,14.6,0.933,0.88,2,0.414,0.6804,0.8942,0.8633,1
RD-DRG-SELA-05,62.0,30.36626450284774,4111.204595817325,8.35,23.68,16.2,0.129,2.58,9,0.104,0.9039,0.3212,0.8839,1
RD-BHK-BMD-03,96.0,28.208127994921032,2418.4773378676005,14.86,48.59,7.2,0.212,0.89,8,0.214,0.8717,0.5668,0.8731,1
RD-GHY-ITA-09,320.0,10.788277109961783,326.01132980660816,30.82,124.36,30.1,0.465,0.79,4,0.299,0.7201,0.7948,0.7894,1
RD-GHY-NAG-10,345.0,18.485554489673035,1473.0840473563971,1.92,7.85,7.6,0.076,1.2,6,0.127,0.738,0.5115,0.7359,1
RD-TEZ-ITA-11,155.0,9.462888439687212,286.7108049153004,51.88,217.18,17.0,0.774,1.58,4,0.338,0.7571,0.8075,0.8001,1
RD-GHY-SHL-07,98.0,12.553425632683856,1535.9130606905362,156.52,425.37,7.8,1.0,2.83,2,0.791,0.9439,0.9443,0.9543,1
RD-GHY-TEZ-01,178.0,11.811570689694744,25.071173449452175,198.66,698.46,5.9,1.0,0.56,2,1.0,0.9534,1.0,1.0,1
RD-GHY-GTK-12,540.0,21.757789457686886,1669.74723513248,0.27,0.86,18.2,0.303,0.39,7,0.226,0.765,0.7636,0.7979,1
RD-BHK-BMD-03,96.0,26.193735093964992,2428.9935775374083,17.96,69.18,19.0,0.531,0.44,7,0.296,0.8538,0.7639,0.8816,1
RD-GHY-GTK-12,540.0,22.0007164576126,1679.8291920197194,89.46,315.38,33.3,1.0,0.62,8,0.596,1.0,0.8766,1.0,1
RD-SHL-SIL-08,215.0,20.63565703622873,1419.4026664400924,13.85,61.25,11.5,0.254,0.64,6,0.24,0.7929,0.7649,0.83,1
RD-DRG-SELA-05,62.0,33.330979334376536,4201.604711648166,10.41,27.93,9.0,0.143,2.59,8,0.113,0.9048,0.4164,0.8976,1
RD-GHY-NAG-10,345.0,13.555454325182616,1478.9360610147698,20.79,88.44,25.0,0.345,0.84,8,0.246,0.82,0.6818,0.8329,1
RD-TEZ-ITA-11,155.0,9.377458630613924,358.1166438269537,72.96,249.06,22.8,0.88,1.83,3,0.426,0.7982,0.8605,0.8564,1
RD-GHY-SHL-07,98.0,12.972037034624577,1564.101964830022,26.44,104.58,13.7,0.399,3.08,3,0.179,0.6437,0.4603,0.6096,0
RD-TEZ-BHK-02,54.0,11.441638447598033,228.53510432309767,1.12,4.12,11.6,0.314,0.4,4,0.228,0.5678,0.7933,0.7769,1
RD-GHY-SHL-07,98.0,15.559198358486276,1466.0921308755344,215.39,650.56,23.3,1.0,2.56,4,1.0,1.0,0.9686,1.0,1
RD-DRG-SELA-05,62.0,35.20867088760895,4248.06251067408,14.2,41.8,28.4,0.189,2.63,8,0.13,0.9264,0.3896,0.9136,1
RD-GHY-NAG-10,345.0,14.763368379589723,1526.9504341141442,41.49,164.64,21.9,0.599,0.9,8,0.336,0.8954,0.743,0.9129,1
RD-GHY-NAG-10,345.0,18.28846542501047,1493.6620130601457,1.86,8.68,22.4,0.079,0.81,6,0.162,0.7034,0.5818,0.7113,1
RD-TEZ-ITA-11,155.0,2.800853638468996,339.72235793195244,4.22,11.14,31.5,0.087,1.45,3,0.122,0.4146,0.5851,0.5557,0
RD-TEZ-ITA-11,155.0,13.80202121766245,259.4597371739563,9.05,41.48,17.0,0.188,1.56,1,0.139,0.4782,0.636,0.6082,0
RD-GHY-TEZ-01,178.0,4.106459502189668,112.49003788826654,59.2,270.8,33.4,0.953,0.77,3,0.434,0.7232,0.9683,0.9401,1
RD-SELA-TWG-06,78.0,22.475187221267344,3175.662484380447,21.3,89.04,28.1,0.347,1.94,7,0.182,0.8373,0.4439,0.8295,1
RD-SHL-SIL-08,215.0,20.230462142558675,1429.1086594657804,71.86,252.75,9.0,0.892,0.75,7,0.495,0.8889,0.8585,0.935,1
RD-SHL-SIL-08,215.0,21.151963494166996,1432.454070242391,44.45,130.18,18.5,0.484,0.52,6,0.404,0.9324,0.9535,1.0,1
RD-BHK-BMD-03,96.0,23.35040014822994,2425.422831216151,34.73,127.07,26.0,0.724,0.39,7,0.386,0.9107,0.8033,0.9418,1
RD-GHY-ITA-09,320.0,10.639012031737058,367.4436679726593,111.84,545.52,23.4,1.0,1.5,2,0.622,0.913,0.8853,0.9253,1
RD-GHY-GTK-12,540.0,27.54323580938356,1672.5763044140006,89.16,270.34,21.2,1.0,0.05,8,0.78,0.9926,0.957,1.0,1
RD-GHY-ITA-09,320.0,11.518158306456286,288.96100349869806,78.28,358.92,7.6,1.0,0.91,2,0.508,0.8924,0.9167,0.9299,1
RD-TEZ-ITA-11,155.0,8.983940594700611,308.34560647269114,342.79,899.24,11.7,1.0,1.69,2,1.0,0.9339,0.9814,0.9937,1
RD-TEZ-ITA-11,155.0,6.324789118284587,353.3990179658762,22.9,78.92,14.7,0.313,1.39,4,0.213,0.5449,0.6465,0.6243,0
RD-SELA-TWG-06,78.0,20.556525656396158,3209.829400460052,14.03,44.76,15.1,0.199,1.78,6,0.153,0.7831,0.3875,0.7732,1
RD-BHK-BMD-03,96.0,23.6255844135336,2474.741244711512,44.3,190.36,5.4,0.935,0.42,8,0.424,0.9311,0.7423,0.9531,1
RD-TEZ-ITA-11,155.0,1.555476406495555,331.33314247220477,90.17,311.15,33.5,1.0,1.51,3,0.521,0.802,0.8917,0.8873,1
RD-GHY-SHL-07,98.0,10.504839972655,1568.2962622346693,75.98,316.53,25.7,1.0,2.99,2,0.412,0.8164,0.6928,0.7967,1
RD-TEZ-ITA-11,155.0,1.0,259.9412591695115,89.16,272.51,26.2,0.958,1.53,1,0.515,0.7571,0.8612,0.8518,1
RD-SHL-SIL-08,215.0,21.647964190896033,1358.063202887308,32.46,99.91,21.8,0.633,0.31,6,0.4,0.9157,0.9288,0.982,1
RD-BHK-BMD-03,96.0,23.19416339705613,2512.5614321598127,33.91,129.61,25.6,0.482,0.7,8,0.325,0.8969,0.6722,0.9108,1
RD-GHY-ITA-09,320.0,6.168036585472319,303.32713131538935,4.94,12.81,5.6,0.093,0.91,3,0.165,0.4301,0.693,0.6617,1
RD-GHY-ITA-09,320.0,10.89012800435992,324.6149103685463,49.84,141.92,33.7,0.523,1.01,3,0.365,0.7597,0.7943,0.7936,1
RD-GHY-GTK-12,540.0,18.00518117970943,1593.7650074916835,21.1,60.08,18.4,0.25,0.59,7,0.281,0.8165,0.7643,0.8477,1
RD-GHY-NAG-10,345.0,20.858466354413583,1478.857627450667,14.59,55.71,14.1,0.236,0.84,8,0.217,0.8088,0.6144,0.814,1
RD-GHY-NAG-10,345.0,19.397424462556387,1602.0667194780315,143.55,392.46,15.8,1.0,0.85,9,0.818,0.9043,0.943,0.9815,1
RD-TEZ-BHK-02,54.0,9.000858782907274,264.74100828476367,316.32,1330.61,12.5,1.0,0.4,3,1.0,1.0,1.0,1.0,1
RD-GHY-GTK-12,540.0,21.010801127420812,1669.7546307705704,88.08,323.88,30.1,1.0,0.87,7,0.557,0.9611,0.906,1.0,1
RD-TEZ-BHK-02,54.0,18.516635857130048,219.04481999172287,10.15,35.83,16.4,0.419,0.05,3,0.411,0.6903,0.9722,0.9621,1
RD-SHL-SIL-08,215.0,20.550416601622643,1379.4935426167765,14.96,62.07,5.6,0.257,0.67,7,0.241,0.8235,0.7048,0.8521,1
RD-SHL-SIL-08,215.0,21.498933475266888,1393.239278854229,26.81,77.27,26.4,0.308,0.62,8,0.303,0.81,0.815,0.8568,1
RD-BMD-DRG-04,42.0,13.772291673885888,2050.4245918737442,84.52,373.62,23.3,1.0,1.64,4,0.488,0.9045,0.8094,0.9167,1
RD-GHY-GTK-12,540.0,19.326444574814552,1704.246855924013,34.39,118.13,10.0,0.694,0.28,9,0.418,0.9198,0.9072,0.967,1
RD-TEZ-BHK-02,54.0,11.343531612778488,266.25787493806655,5.17,13.27,33.6,0.344,0.35,3,0.261,0.6042,0.8411,0.8261,1
RD-BHK-BMD-03,96.0,25.708695601833913,2469.8581298236713,47.38,232.48,29.3,1.0,0.31,6,0.469,0.9244,0.9129,0.9703,1
RD-GHY-SHL-07,98.0,13.385716750810388,1596.0909436798104,1.98,8.31,19.8,0.078,2.85,2,0.069,0.5086,0.2948,0.4728,0
RD-GHY-SHL-07,98.0,13.666713310192494,1480.6946835740503,14.45,67.02,30.0,0.273,2.61,3,0.132,0.5237,0.3668,0.4919,0
RD-GHY-TEZ-01,178.0,6.295446071456393,112.68121323707983,0.06,0.27,23.5,0.051,0.77,1,0.157,0.2953,0.7725,0.7029,1
RD-TEZ-BHK-02,54.0,10.550928322683308,222.53652190720868,148.35,496.55,25.5,1.0,0.44,3,0.905,0.9341,0.9561,0.9817,1
RD-GHY-GTK-12,540.0,21.478694856075823,1626.560095426922,107.21,444.36,12.2,1.0,0.05,9,0.864,1.0,0.9681,1.0,1
RD-SELA-TWG-06,78.0,22.748045271177027,3233.792582500061,66.96,175.59,22.8,0.635,1.77,8,0.401,0.8913,0.6723,0.9095,1
RD-GHY-TEZ-01,178.0,3.07480346391697,80.12798335233205,15.01,44.5,19.0,0.198,0.78,3,0.226,0.3681,0.8049,0.7406,1
RD-SELA-TWG-06,78.0,23.43695763270975,3098.812534421293,88.7,417.68,18.7,1.0,1.56,7,0.511,0.9332,0.8191,0.9699,1
RD-SHL-SIL-08,215.0,15.452344848349606,1362.6041113485157,53.54,141.51,28.3,0.772,0.34,8,0.489,0.9571,0.9654,1.0,1
RD-TEZ-ITA-11,155.0,9.262025276601122,373.2340554103206,29.84,75.32,22.2,0.301,1.47,2,0.241,0.4775,0.664,0.6339,0
RD-BMD-DRG-04,42.0,20.80551679705502,2178.6059122586357,181.49,532.81,13.6,1.0,1.23,5,0.963,0.9709,1.0,1.0,1
RD-SHL-SIL-08,215.0,20.81675748603187,1401.5536520939265,27.72,138.18,21.9,0.761,0.35,8,0.364,0.915,0.9127,0.968,1
RD-DRG-SELA-05,62.0,30.52498747595682,4142.162891079706,193.59,725.45,33.5,1.0,2.32,8,0.974,1.0,0.9063,1.0,1
RD-GHY-GTK-12,540.0,22.152693331771218,1725.3837066376948,151.43,510.21,6.7,1.0,0.21,7,0.99,1.0,1.0,1.0,1
RD-GHY-ITA-09,320.0,8.304955982618281,346.445195878127,62.08,157.71,30.1,0.576,0.8,3,0.443,0.7416,0.8409,0.8363,1
RD-BMD-DRG-04,42.0,12.70469633817974,2194.7529546634996,127.74,487.47,15.4,1.0,0.8,5,0.751,0.883,0.9941,1.0,1
RD-GHY-TEZ-01,178.0,7.162456681878326,61.90677077612919,4.14,16.12,11.4,0.104,0.64,0,0.194,0.326,0.8141,0.7438,1
RD-TEZ-ITA-11,155.0,9.291614617998974,326.198771885986,241.61,792.38,14.1,1.0,1.47,3,1.0,0.9308,0.9917,1.0,1
RD-GHY-TEZ-01,178.0,4.366438644262911,106.05449507365527,13.86,55.82,24.3,0.236,0.99,0,0.199,0.4066,0.8007,0.7414,1
RD-GHY-TEZ-01,178.0,1.0,124.36249392406357,53.69,261.02,9.7,0.92,0.63,2,0.427,0.6312,0.9072,0.8691,1
RD-GHY-SHL-07,98.0,16.61123752679295,1563.5206843908777,23.36,102.09,19.2,0.39,2.96,6,0.167,0.7205,0.4022,0.6739,1
RD-TEZ-BHK-02,54.0,12.203248906556874,235.01410625880231,49.27,212.49,4.2,1.0,0.36,4,0.463,0.8356,0.9173,0.9296,1
RD-TEZ-ITA-11,155.0,9.106935786526673,454.92319525627113,0.39,1.3,32.7,0.054,1.36,2,0.109,0.3653,0.548,0.5179,0
RD-GHY-GTK-12,540.0,18.767663369264923,1637.2843872124586,17.2,54.57,8.6,0.482,0.21,8,0.364,0.8925,0.9411,0.9859,1
RD-SHL-SIL-08,215.0,19.22952710268875,1427.92963669581,120.41,485.28,4.2,1.0,0.34,7,0.8,0.8768,0.998,1.0,1
RD-BMD-DRG-04,42.0,15.785404252989348,2065.7628170022654,35.17,94.31,28.6,0.364,1.01,6,0.297,0.8193,0.6047,0.8087,1
RD-SHL-SIL-08,215.0,23.6429245069278,1423.3656242075047,11.0,27.78,4.5,0.393,0.43,9,0.266,0.8602,0.7881,0.8978,1
RD-SELA-TWG-06,78.0,27.332946155199302,3101.948663440286,26.46,74.38,26.2,0.298,1.89,9,0.207,0.8957,0.4281,0.8809,1
RD-GHY-ITA-09,320.0,8.885249301191706,260.005170437139,5.64,16.47,21.8,0.105,0.83,2,0.176,0.4201,0.6661,0.6362,0
RD-TEZ-BHK-02,54.0,10.864069652472866,220.08386872171104,33.94,117.81,16.6,0.693,0.18,3,0.451,0.7519,0.9387,0.9388,1
RD-TEZ-ITA-11,155.0,4.711410530929583,282.5918371589691,38.27,122.55,22.5,0.458,1.91,2,0.262,0.6034,0.771,0.7471,1
RD-TEZ-BHK-02,54.0,16.056566007059256,190.05188617279825,22.64,106.19,19.3,0.654,0.05,4,0.469,0.8169,1.0,1.0,1
RD-BHK-BMD-03,96.0,27.929905786374064,2462.79251452575,6.11,18.22,14.2,0.361,0.05,8,0.392,0.8559,0.9391,0.9768,1
RD-DRG-SELA-05,62.0,36.18430926788126,4201.3704731951475,76.61,237.99,15.8,0.843,2.62,7,0.422,0.9571,0.7315,0.9906,1
RD-SHL-SIL-08,215.0,19.407955471274903,1380.5327215382251,154.09,719.25,6.7,1.0,0.5,6,0.919,0.991,0.9558,1.0,1
RD-GHY-NAG-10,345.0,15.654168444590734,1463.5613858157162,10.01,32.08,10.2,0.157,0.93,7,0.187,0.7597,0.5602,0.7616,1
RD-GHY-TEZ-01,178.0,8.210983750943072,143.73873132099183,186.7,889.71,10.6,1.0,1.07,3,0.999,0.9222,1.0,1.0,1
RD-DRG-SELA-05,62.0,38.878510104413195,4150.705063889268,39.8,169.28,30.1,0.614,2.76,7,0.247,0.9816,0.4168,0.9677,1
RD-DRG-SELA-05,62.0,30.70336514329945,4171.703031046447,1.38,5.57,30.2,0.069,2.66,9,0.07,0.8722,0.2529,0.8465,1
RD-SELA-TWG-06,78.0,23.189419677119336,3221.212363108848,184.13,757.08,29.4,1.0,1.78,8,0.947,0.9978,0.965,1.0,1
RD-BHK-BMD-03,96.0,27.478373820500607,2465.758348679782,10.76,37.84,26.8,0.426,0.12,6,0.374,0.8749,0.8976,0.9388,1
RD-TEZ-BHK-02,54.0,16.427788864432376,248.79616733541656,35.24,111.87,7.6,0.673,0.33,5,0.406,0.7846,0.9404,0.945,1
RD-BMD-DRG-04,42.0,18.489099284919376,2070.7433285724633,2.08,6.3,32.1,0.071,1.65,5,0.103,0.6527,0.4007,0.632,0
RD-GHY-NAG-10,345.0,15.646455528966822,1479.2307538679318,22.3,81.26,28.7,0.321,1.31,11,0.215,0.8557,0.5594,0.8511,1
RD-GHY-SHL-07,98.0,13.73381489129443,1584.4700574496608,14.34,71.61,17.9,0.289,3.12,3,0.122,0.5795,0.4145,0.5466,0
RD-GHY-ITA-09,320.0,12.362572569927456,462.8370002741723,10.02,27.21,8.9,0.141,1.33,4,0.156,0.5661,0.521,0.5534,0
RD-TEZ-BHK-02,54.0,10.743258854063262,265.19967545300113,96.81,444.0,9.3,1.0,0.05,4,0.815,0.9239,0.9915,1.0,1
RD-DRG-SELA-05,62.0,30.52700449307313,4121.995712745301,50.06,175.38,31.9,0.635,2.5,8,0.3,0.9294,0.5222,0.9348,1
RD-GHY-TEZ-01,178.0,8.413616989200612,86.45409730057584,11.21,39.03,32.5,0.18,0.85,2,0.201,0.3645,0.7485,0.6892,1
RD-DRG-SELA-05,62.0,33.806128016176416,4203.361851262878,178.96,812.84,15.9,1.0,2.47,9,0.903,0.976,0.9205,1.0,1
RD-GHY-TEZ-01,178.0,1.827290609660083,114.4324884257202,97.44,279.17,29.3,1.0,0.48,0,0.658,0.6967,0.974,0.9417,1
RD-GHY-ITA-09,320.0,4.714264847801114,327.5715074194104,3.18,15.75,17.7,0.102,1.56,3,0.112,0.4325,0.5727,0.552,0
RD-SELA-TWG-06,78.0,19.436757073630563,3164.4935966422154,54.16,143.56,19.5,0.529,1.77,7,0.341,0.8391,0.6419,0.8561,1
RD-TEZ-ITA-11,155.0,7.729578173720881,381.45944708525644,11.07,42.26,24.7,0.191,1.8,3,0.138,0.4681,0.5471,0.5255,0
RD-GHY-TEZ-01,178.0,1.0,81.14168334785292,117.58,340.63,16.9,1.0,0.89,1,0.693,0.8134,1.0,0.984,1
RD-TEZ-BHK-02,54.0,13.393636478388812,325.2246788512949,8.23,22.47,11.0,0.375,0.14,3,0.351,0.6426,0.9201,0.9057,1
RD-GHY-NAG-10,345.0,14.03818587087701,1466.2862886363034,17.27,83.71,26.3,0.329,1.25,7,0.195,0.75,0.538,0.75,1
RD-GHY-GTK-12,540.0,22.0338718606491,1695.121008318682,17.36,50.18,14.3,0.467,0.38,10,0.308,0.9728,0.831,1.0,1
RD-GHY-TEZ-01,178.0,3.279427310655686,139.57937339999495,20.05,91.3,4.4,0.354,0.84,0,0.242,0.4044,0.8479,0.7841,1
RD-TEZ-BHK-02,54.0,10.815804168691795,315.42042025007413,17.82,82.59,31.7,0.575,0.05,3,0.447,0.6941,0.988,0.9777,1
RD-GHY-NAG-10,345.0,16.07079402303215,1409.2686033771308,6.54,21.16,16.0,0.121,0.94,7,0.17,0.7687,0.4987,0.7629,1
RD-TEZ-BHK-02,54.0,12.777455556834436,298.05423222117537,29.52,88.51,4.9,0.595,0.49,3,0.339,0.7238,0.8403,0.8405,1
RD-SHL-SIL-08,215.0,26.315419286117805,1404.9658200113738,28.07,123.0,20.4,0.71,0.46,8,0.339,0.9464,0.8105,0.9845,1
RD-DRG-SELA-05,62.0,29.984369722331447,4199.073233444793,74.79,309.64,27.1,1.0,2.24,8,0.422,0.9119,0.6514,0.9362,1
RD-TEZ-BHK-02,54.0,13.32314119574763,213.01604080502165,233.06,751.48,19.2,1.0,0.39,3,1.0,1.0,1.0,1.0,1
RD-GHY-ITA-09,320.0,5.568634743467685,313.17926298158415,202.87,991.57,29.8,1.0,1.19,3,1.0,0.9897,0.9827,1.0,1
RD-SELA-TWG-06,78.0,24.873963468102616,3260.310639615695,100.87,411.85,27.7,1.0,1.44,8,0.574,0.9512,0.8233,0.988,1
RD-DRG-SELA-05,62.0,32.43278133741022,4196.6640792853495,69.62,324.89,12.4,1.0,2.07,8,0.403,0.9661,0.6116,0.9818,1
RD-BMD-DRG-04,42.0,10.678292052033903,2039.9519798934732,152.88,615.2,33.8,1.0,1.21,5,0.83,1.0,0.9286,1.0,1
RD-GHY-TEZ-01,178.0,6.715314439341071,65.3102734689987,119.84,533.97,29.6,1.0,0.74,0,0.72,0.7545,0.9538,0.9307,1
RD-BMD-DRG-04,42.0,16.760956093258304,2095.6566380403133,31.35,155.92,26.6,0.57,1.39,4,0.252,0.7847,0.5468,0.7694,1
RD-GHY-SHL-07,98.0,8.935464910881983,1582.6929065299805,24.39,100.58,16.7,0.385,2.97,4,0.171,0.5739,0.445,0.5441,0
RD-GHY-GTK-12,540.0,22.600581700283602,1615.9342175056731,185.89,622.19,33.1,1.0,0.48,7,1.0,1.0,0.996,1.0,1
RD-SHL-SIL-08,215.0,21.38882687722003,1419.1804989450936,75.86,190.63,12.5,0.935,0.24,6,0.623,0.9445,0.9559,1.0,1
RD-GHY-SHL-07,98.0,12.775339112701475,1439.845226671311,4.89,21.88,18.3,0.123,3.14,2,0.078,0.4843,0.3105,0.4522,0
RD-GHY-SHL-07,98.0,20.781818383969203,1557.2060849704467,8.54,28.93,21.2,0.146,3.02,3,0.097,0.5445,0.3415,0.5087,0
RD-GHY-ITA-09,320.0,9.74727394744117,342.43646603414305,154.41,717.17,17.5,1.0,1.17,5,0.84,0.9686,0.9562,0.9902,1
RD-SHL-SIL-08,215.0,18.449364245826864,1385.4290990484817,158.93,791.55,9.3,1.0,0.58,6,0.927,0.9507,0.9967,1.0,1
RD-GHY-NAG-10,345.0,17.954113589437892,1457.8202972114173,14.18,66.42,15.9,0.271,0.66,6,0.239,0.7926,0.7193,0.8112,1
RD-SELA-TWG-06,78.0,25.572106000450695,3149.695275543675,33.3,108.49,23.6,0.412,1.76,9,0.244,0.8774,0.5085,0.8748,1
RD-SELA-TWG-06,78.0,27.291160421749986,3229.6006666164444,25.48,109.61,30.3,0.415,1.83,6,0.205,0.918,0.4679,0.9068,1
RD-GHY-TEZ-01,178.0,5.915021873627472,137.84770969660923,149.99,744.65,6.4,1.0,0.94,3,0.839,0.9012,0.9967,0.9939,1
RD-TEZ-BHK-02,54.0,10.261593849021732,279.3767769117569,59.6,230.17,5.5,0.817,0.58,4,0.463,0.8591,0.8841,0.9004,1
RD-BMD-DRG-04,42.0,15.624814690602099,2088.992815234806,13.94,57.31,15.7,0.241,1.14,5,0.187,0.6718,0.4424,0.6536,1
RD-GHY-ITA-09,320.0,6.2530528689752405,316.77010624913174,157.76,788.76,18.5,1.0,1.24,3,0.851,0.9041,0.9504,0.9647,1
RD-GHY-TEZ-01,178.0,1.7321482827024255,135.2266878447766,89.39,278.08,5.8,0.977,0.6,0,0.598,0.7222,0.902,0.8764,1
RD-BMD-DRG-04,42.0,14.520149000085688,2058.252866609981,24.68,121.28,16.2,0.454,1.24,7,0.23,0.726,0.5141,0.7111,1
RD-TEZ-BHK-02,54.0,15.183640521845419,191.0155490788044,301.11,1070.63,9.1,1.0,0.05,3,1.0,1.0,0.9955,1.0,1
RD-SHL-SIL-08,215.0,24.162490723743442,1399.3044523121484,161.99,611.45,10.1,1.0,0.81,10,0.908,1.0,0.9566,1.0,1
RD-GHY-TEZ-01,178.0,4.583238077836581,158.29903808475757,21.14,75.01,14.2,0.3,0.54,0,0.29,0.4045,0.8617,0.7968,1
RD-GHY-NAG-10,345.0,11.806558615354852,1436.5438053803953,1.57,7.42,31.1,0.075,1.12,7,0.131,0.7141,0.4385,0.7059,1
RD-BMD-DRG-04,42.0,15.374865245278606,2128.0108103498196,82.86,292.16,21.6,1.0,1.36,8,0.494,0.9571,0.7415,0.958,1
RD-BHK-BMD-03,96.0,29.261523723871978,2388.9814779135627,20.29,86.75,24.2,0.589,0.32,7,0.337,0.8825,0.7792,0.9112,1
RD-SHL-SIL-08,215.0,22.885601376526544,1428.594493504153,42.87,160.49,15.2,0.835,0.05,7,0.564,0.9252,0.9325,0.987,1
RD-TEZ-ITA-11,155.0,6.450871041062921,329.0747147281239,233.59,604.08,5.1,1.0,1.73,3,1.0,0.9568,0.9592,0.975,1
RD-DRG-SELA-05,62.0,30.697247873444237,4088.8486189821906,54.15,167.04,25.4,0.607,2.48,9,0.32,0.9278,0.5261,0.9339,1
RD-BMD-DRG-04,42.0,13.562777827169004,2176.6804846253167,51.0,227.29,18.5,0.808,0.94,6,0.377,0.841,0.7368,0.8458,1
RD-GHY-GTK-12,540.0,17.252745003828142,1684.0387915071788,18.99,53.76,29.7,0.479,0.39,9,0.313,0.8948,0.842,0.9336,1
RD-BMD-DRG-04,42.0,14.573576738821197,2112.4353445118845,49.52,131.1,28.6,0.487,1.01,4,0.363,0.7526,0.6671,0.7531,1
RD-DRG-SELA-05,62.0,31.355364182880034,4130.919920954633,20.88,58.09,13.1,0.244,2.65,8,0.161,0.8497,0.4035,0.8457,1
RD-GHY-ITA-09,320.0,7.263214366119566,291.1191278789715,35.1,90.63,33.7,0.352,1.21,6,0.28,0.6295,0.7955,0.7793,1
RD-TEZ-ITA-11,155.0,9.566208362813132,278.1871644210932,172.92,490.81,29.6,1.0,1.6,3,0.902,0.8944,0.9584,0.9652,1
RD-DRG-SELA-05,62.0,29.817023648125925,4149.260147685159,63.88,257.27,19.3,0.908,2.19,8,0.373,0.927,0.6073,0.9444,1
RD-GHY-ITA-09,320.0,9.215974882219596,290.69025952666175,36.4,146.16,13.0,0.537,1.09,4,0.296,0.6596,0.763,0.7521,1
RD-GHY-TEZ-01,178.0,2.8968911769758092,74.93684982806106,15.64,64.5,24.2,0.265,0.74,1,0.235,0.383,0.8777,0.8084,1
RD-GHY-SHL-07,98.0,19.331490457631208,1544.7028005079237,13.62,47.86,24.2,0.21,2.39,3,0.133,0.616,0.4038,0.5789,0
RD-GHY-NAG-10,345.0,19.425198096384023,1452.4066774655416,67.44,189.03,26.8,0.68,0.69,8,0.482,0.8964,0.8185,0.924,1
RD-TEZ-BHK-02,54.0,18.288544828630762,193.69632138276074,156.66,657.53,31.3,1.0,0.22,4,1.0,0.9899,1.0,1.0,1
RD-BHK-BMD-03,96.0,29.356916628385726,2477.992274488592,48.3,210.5,31.6,1.0,0.48,10,0.429,0.9316,0.8658,0.9709,1
RD-GHY-ITA-09,320.0,10.108958002343236,365.62812782934276,94.42,334.28,7.4,1.0,0.99,4,0.575,0.8664,0.8699,0.8805,1
RD-GHY-GTK-12,540.0,21.968614457293732,1644.0945380380087,9.76,47.56,25.7,0.459,0.27,8,0.307,0.8449,0.8551,0.8952,1
RD-TEZ-BHK-02,54.0,10.18653414899426,224.0186966143447,7.19,29.0,31.2,0.397,0.05,5,0.397,0.708,0.9856,0.9774,1
RD-BHK-BMD-03,96.0,28.872007710916815,2449.7986154251694,147.16,727.4,32.9,1.0,0.71,8,0.852,1.0,0.9276,1.0,1
RD-BMD-DRG-04,42.0,20.398165792263825,2069.799194759361,11.31,50.09,16.4,0.217,1.54,5,0.151,0.6988,0.4532,0.6795,1
RD-TEZ-ITA-11,155.0,5.903914065579314,273.3597222449162,58.53,288.79,29.8,1.0,1.39,1,0.379,0.7383,0.8534,0.8419,1
RD-TEZ-BHK-02,54.0,14.43576127500684,186.31495059990567,155.25,514.53,6.1,1.0,0.07,4,1.0,0.9827,0.9744,1.0,1
RD-GHY-TEZ-01,178.0,2.4729230721804183,134.6856802116024,2.79,10.34,22.9,0.084,0.97,1,0.149,0.3016,0.6984,0.6372,0
RD-GHY-NAG-10,345.0,18.58717318663507,1500.045378864485,16.8,62.8,28.3,0.259,0.68,8,0.248,0.8387,0.667,0.8488,1
RD-TEZ-BHK-02,54.0,14.15579787109407,246.27107825736186,171.12,462.82,16.2,1.0,0.21,4,1.0,0.9672,0.9927,1.0,1
RD-GHY-NAG-10,345.0,17.30448559783565,1420.1354406632836,5.86,15.39,33.3,0.101,0.69,7,0.195,0.7596,0.637,0.7703,1
RD-GHY-TEZ-01,178.0,5.448045937858337,45.25732238403236,20.13,95.12,24.5,0.367,0.83,2,0.244,0.4558,0.9003,0.8388,1
RD-GHY-SHL-07,98.0,14.277079445389045,1574.4387879407209,31.45,139.34,14.5,0.514,3.02,4,0.204,0.6741,0.4355,0.635,0
RD-BMD-DRG-04,42.0,17.973727967233792,2099.4825157573546,197.56,721.38,8.1,1.0,1.38,5,1.0,1.0,0.9654,1.0,1
RD-BHK-BMD-03,96.0,30.374535531688863,2409.0372835259523,44.2,165.39,25.6,0.851,0.33,6,0.448,0.9636,0.8699,1.0,1
RD-GHY-ITA-09,320.0,6.154339150594338,305.0774691959814,122.06,585.67,27.6,1.0,0.78,4,0.725,0.8729,0.9277,0.9381,1
RD-DRG-SELA-05,62.0,33.36582677890615,4123.857351551619,177.51,550.05,27.5,1.0,2.58,8,0.893,1.0,0.9187,1.0,1
RD-SELA-TWG-06,78.0,27.479015609256365,3239.921400701995,5.61,25.73,16.3,0.136,1.83,6,0.112,0.8639,0.423,0.8511,1
RD-GHY-NAG-10,345.0,14.186194479119518,1503.6849140240988,69.29,232.34,16.0,1.0,0.39,6,0.548,0.8953,0.9063,0.9441,1
RD-SELA-TWG-06,78.0,27.847450063461885,3195.1173400757,12.79,36.14,6.7,0.17,1.99,8,0.14,0.8632,0.3943,0.8468,1
RD-DRG-SELA-05,62.0,29.563682609708575,4020.2216173794704,11.5,47.81,23.9,0.209,2.77,7,0.115,0.7863,0.3657,0.7834,1
RD-GHY-NAG-10,345.0,21.320885836417958,1427.4365122501356,216.98,621.62,14.3,1.0,0.91,7,1.0,0.9896,0.9927,1.0,1
RD-GHY-TEZ-01,178.0,1.5967721446843437,146.42641427425824,52.4,185.74,23.9,0.669,0.75,2,0.404,0.5917,0.9151,0.871,1
RD-GHY-NAG-10,345.0,17.026277935308006,1549.08184590929,30.86,150.56,23.4,0.552,0.81,6,0.297,0.8296,0.6629,0.8397,1
RD-GHY-SHL-07,98.0,16.27230666169771,1488.7444737314465,12.36,42.29,21.3,0.191,3.36,2,0.11,0.5596,0.3223,0.5207,0
RD-GHY-GTK-12,540.0,12.772740716573999,1717.0955805782314,148.61,496.38,7.0,1.0,0.73,9,0.857,0.9648,1.0,1.0,1
RD-TEZ-BHK-02,54.0,13.140773283862254,200.7452641568885,53.6,156.01,19.0,0.82,0.48,6,0.455,0.9346,0.905,0.9563,1
RD-GHY-GTK-12,540.0,21.93396443455517,1647.580071960164,53.03,248.83,13.5,0.879,0.51,8,0.445,0.9719,0.8773,1.0,1
RD-DRG-SELA-05,62.0,30.374931102833795,4132.395375302807,103.01,372.33,19.4,1.0,2.21,9,0.554,0.984,0.8329,1.0,1
RD-GHY-ITA-09,320.0,7.532695106096021,290.5670484955299,13.47,49.49,12.1,0.215,1.52,2,0.162,0.4703,0.6083,0.588,0
RD-GHY-NAG-10,345.0,18.196080541827882,1536.021020319165,84.63,322.03,23.6,1.0,0.86,6,0.542,0.957,0.8789,0.9916,1
RD-GHY-ITA-09,320.0,5.196870273453165,306.7222362211545,5.31,23.79,11.5,0.129,0.91,5,0.167,0.5158,0.6392,0.6208,0
RD-GHY-SHL-07,98.0,15.526778500101814,1504.515313442687,33.73,113.85,29.9,0.429,3.04,4,0.214,0.641,0.4836,0.6093,0
RD-BMD-DRG-04,42.0,18.841860063046262,2125.9292228714676,209.09,879.4,23.8,1.0,1.01,5,1.0,0.9636,0.9479,0.9941,1
RD-GHY-TEZ-01,178.0,5.313908079077682,133.28177603038657,4.98,23.85,22.7,0.129,0.8,0,0.177,0.3197,0.7907,0.7221,1
RD-TEZ-ITA-11,155.0,2.539291780457053,416.84040748398337,14.96,41.61,11.1,0.189,0.96,2,0.207,0.41,0.5968,0.566,0
RD-TEZ-BHK-02,54.0,18.9783212753968,213.28854213540473,4.21,17.75,19.5,0.359,0.05,3,0.383,0.6357,0.918,0.9028,1
RD-GHY-ITA-09,320.0,9.773922585852649,319.5107898606156,10.55,29.68,4.7,0.149,0.95,3,0.187,0.5151,0.7242,0.6996,1
RD-GHY-NAG-10,345.0,13.15917069994981,1543.884344504898,34.22,103.33,16.5,0.394,1.11,9,0.284,0.833,0.6495,0.8412,1
RD-GHY-NAG-10,345.0,16.042455494197608,1480.7119334681336,41.88,161.34,29.0,0.588,0.86,9,0.342,0.9163,0.7529,0.9343,1
RD-DRG-SELA-05,62.0,31.08166239861281,4098.631194312971,29.33,110.45,25.5,0.418,2.81,7,0.197,0.9132,0.4627,0.9116,1
RD-TEZ-ITA-11,155.0,2.2189284924252073,247.622234333515,18.63,60.5,22.6,0.252,1.52,2,0.186,0.4773,0.7094,0.6758,1
RD-GHY-NAG-10,345.0,15.534406111994286,1518.4262979362773,118.95,550.09,21.3,1.0,0.81,8,0.708,1.0,0.9147,1.0,1
RD-DRG-SELA-05,62.0,27.809663920439736,4203.301754303282,13.71,51.77,16.0,0.223,2.64,8,0.128,0.9216,0.3416,0.9026,1
RD-SELA-TWG-06,78.0,25.37702068308132,3223.2879636840057,4.64,21.49,20.2,0.122,1.64,8,0.115,0.8049,0.3635,0.79,1
RD-BHK-BMD-03,96.0,25.81439541909825,2403.806050816819,0.04,0.14,21.1,0.3,0.22,7,0.277,0.844,0.8573,0.8952,1
RD-GHY-TEZ-01,178.0,5.4611096330881255,94.01366904969564,61.8,287.45,17.1,1.0,0.9,1,0.431,0.7216,0.9185,0.8921,1
RD-SHL-SIL-08,215.0,22.262933065212493,1348.021859747179,117.91,338.2,20.6,1.0,0.32,6,0.794,0.9939,0.9596,1.0,1
RD-SELA-TWG-06,78.0,25.067571872447942,3192.661820581418,60.61,271.6,30.2,0.955,1.67,8,0.375,0.9492,0.6383,0.9597,1
RD-GHY-ITA-09,320.0,9.505858775008253,353.5863349132867,162.82,525.18,6.3,1.0,1.21,3,0.876,0.9693,0.9858,1.0,1
RD-GHY-TEZ-01,178.0,8.157177956233609,10.0,39.08,169.94,9.4,0.616,0.51,1,0.38,0.5993,0.9257,0.882,1
RD-TEZ-BHK-02,54.0,11.640135379584075,174.88635937208986,49.07,127.17,33.6,0.724,0.11,4,0.555,0.7867,1.0,1.0,1
RD-GHY-NAG-10,345.0,12.473337144894806,1498.4656707159822,28.0,71.29,26.1,0.288,0.53,8,0.324,0.7995,0.7824,0.8254,1
RD-TEZ-BHK-02,54.0,11.70427104612652,276.4299302217129,40.13,172.12,22.6,0.874,0.18,5,0.483,0.7977,0.9923,0.9972,1
RD-DRG-SELA-05,62.0,28.735818823517167,4053.6730116251597,26.02,84.1,25.4,0.33,2.34,7,0.192,0.8679,0.3984,0.8616,1
RD-DRG-SELA-05,62.0,31.917318146093205,4159.038007231244,10.93,41.82,12.2,0.189,2.51,11,0.117,0.8793,0.3442,0.8648,1
RD-SHL-SIL-08,215.0,21.894735748244976,1459.636745316198,95.22,416.58,20.4,1.0,0.35,8,0.678,1.0,0.9488,1.0,1
RD-TEZ-ITA-11,155.0,8.594787442880524,382.4164481179333,101.87,445.15,12.1,1.0,1.41,2,0.58,0.8557,0.9039,0.9063,1
RD-GHY-NAG-10,345.0,15.100018984854263,1409.9861211453986,2.26,10.38,7.6,0.085,0.97,6,0.146,0.7114,0.49,0.709,1
RD-BMD-DRG-04,42.0,19.441982090216236,2136.7596970861705,174.65,739.59,8.9,1.0,0.98,6,0.95,0.9977,0.9562,1.0,1
RD-GHY-TEZ-01,178.0,11.04314831216898,117.34189513107255,149.16,530.64,24.7,1.0,1.03,2,0.827,0.9488,1.0,1.0,1
RD-GHY-ITA-09,320.0,10.473787405500543,342.4407658056439,67.23,221.25,26.4,0.787,1.2,3,0.431,0.8033,0.8079,0.812,1
RD-GHY-NAG-10,345.0,15.288513165574573,1464.3563856347491,57.49,187.87,12.8,0.676,0.62,8,0.447,0.9282,0.845,0.9587,1
RD-GHY-ITA-09,320.0,8.220250526758775,455.58015201984983,19.31,75.48,26.9,0.302,0.72,2,0.253,0.6178,0.6982,0.6861,1
RD-GHY-TEZ-01,178.0,3.1217066801108193,10.0,126.77,507.65,17.5,1.0,0.94,1,0.731,0.852,0.9503,0.9412,1
RD-DRG-SELA-05,62.0,30.148564142247317,4128.634651812984,68.17,281.6,6.3,0.989,2.41,9,0.387,0.9637,0.5794,0.9749,1
RD-GHY-TEZ-01,178.0,1.0,73.76958722395207,230.55,742.03,12.5,1.0,0.66,2,1.0,0.9893,1.0,1.0,1
RD-SELA-TWG-06,78.0,30.660773840611117,3160.4329339682754,3.03,8.51,17.2,0.078,1.41,7,0.119,0.8535,0.4039,0.8392,1
RD-GHY-TEZ-01,178.0,10.132871584359956,36.67229359616032,0.1,0.35,12.3,0.051,0.74,2,0.162,0.3488,0.7533,0.6917,1
RD-SELA-TWG-06,78.0,24.230375973584113,3230.8922041671417,112.38,485.03,20.7,1.0,2.11,7,0.601,0.9998,0.8172,1.0,1
RD-GHY-ITA-09,320.0,12.151114624459494,405.9029949243532,30.02,114.43,5.6,0.431,0.98,2,0.275,0.6576,0.7614,0.7503,1
RD-GHY-ITA-09,320.0,7.190392184206681,308.7245949223289,247.89,963.22,4.2,1.0,1.21,4,1.0,1.0,1.0,1.0,1
RD-BMD-DRG-04,42.0,13.305440478792919,2051.403936096259,37.96,112.61,15.4,0.425,1.04,6,0.307,0.745,0.6419,0.743,1
RD-SELA-TWG-06,78.0,23.390748951401072,3199.9665830177187,110.44,365.42,22.5,1.0,1.92,7,0.598,0.9316,0.8341,0.9704,1
RD-TEZ-ITA-11,155.0,4.138927688699025,223.60899096209457,19.48,72.56,8.6,0.292,1.34,1,0.2,0.4041,0.7458,0.7011,1
RD-TEZ-ITA-11,155.0,11.593555316325194,282.97066758213515,28.08,76.99,9.5,0.307,1.38,3,0.238,0.5757,0.7106,0.6874,1
RD-DRG-SELA-05,62.0,31.675497514442238,4217.034694749934,108.8,279.77,21.0,0.983,2.53,9,0.574,0.9644,0.811,1.0,1
RD-SELA-TWG-06,78.0,23.748059267702057,3220.4215845969557,42.51,204.61,18.9,0.732,2.29,7,0.27,0.9019,0.4859,0.8944,1
RD-SELA-TWG-06,78.0,19.26074821497668,3225.267175425101,19.95,86.79,9.0,0.339,2.26,7,0.165,0.8354,0.4411,0.8273,1
RD-GHY-SHL-07,98.0,18.412689473295863,1496.297466900751,94.09,384.39,25.6,1.0,3.23,4,0.493,0.9291,0.7015,0.9055,1
RD-SELA-TWG-06,78.0,21.391452707101873,3121.744339759894,1.27,5.55,8.9,0.069,1.65,7,0.099,0.7357,0.3307,0.7239,1
RD-DRG-SELA-05,62.0,33.769923424902885,4220.6501870145075,57.95,243.06,26.7,0.86,2.47,8,0.338,0.9798,0.5915,0.9918,1
RD-BHK-BMD-03,96.0,23.628090149803242,2400.5178924585102,5.06,14.36,17.9,0.348,0.26,10,0.286,0.8637,0.8426,0.9013,1
RD-DRG-SELA-05,62.0,30.665180006934865,4152.7523253834615,7.13,25.86,4.3,0.136,2.14,8,0.109,0.8961,0.365,0.8828,1
RD-GHY-NAG-10,345.0,15.323708421816448,1518.61517753498,94.14,374.5,12.5,1.0,0.99,7,0.574,0.9269,0.8788,0.9621,1
RD-GHY-NAG-10,345.0,23.431769985293812,1513.316465104122,171.66,846.15,6.5,1.0,0.96,9,0.938,1.0,1.0,1.0,1
RD-SELA-TWG-06,78.0,27.90020122492113,3206.046078197333,60.19,261.59,5.1,0.922,1.87,7,0.365,0.9614,0.7319,0.9847,1
RD-GHY-GTK-12,540.0,25.82751274088927,1743.928969947298,13.74,48.93,30.2,0.463,0.33,9,0.304,0.8937,0.8694,0.9362,1
RD-GHY-NAG-10,345.0,19.076592553061623,1517.7273758170604,48.28,201.23,28.0,0.721,1.19,7,0.344,0.9055,0.7163,0.9189,1
RD-BMD-DRG-04,42.0,19.756069677868826,2075.2582689814076,2.81,9.24,22.7,0.081,1.34,5,0.122,0.6407,0.4088,0.6219,0
RD-GHY-NAG-10,345.0,16.17637793288817,1404.8487893627464,85.07,343.94,16.4,1.0,1.13,6,0.52,0.923,0.8404,0.9529,1
RD-GHY-GTK-12,540.0,19.556709017501436,1626.173680763146,146.38,387.36,11.4,1.0,0.14,8,0.994,1.0,1.0,1.0,1
RD-TEZ-ITA-11,155.0,6.661820127052506,308.817358808459,137.95,686.32,10.3,1.0,1.72,2,0.734,0.8854,0.9932,0.9981,1
RD-TEZ-BHK-02,54.0,8.079505170674256,332.9434392176345,20.77,75.77,33.9,0.553,0.28,4,0.352,0.7007,0.9055,0.8998,1
RD-BMD-DRG-04,42.0,18.875908064268405,2027.708267733548,48.64,162.98,14.9,0.593,1.14,5,0.349,0.8304,0.7009,0.8311,1
RD-GHY-NAG-10,345.0,19.381138982543337,1519.69309582529,6.24,19.1,30.2,0.114,0.98,6,0.164,0.7552,0.5124,0.7519,1
RD-GHY-GTK-12,540.0,19.699737466751643,1611.5244275416098,71.42,220.96,31.1,1.0,0.14,9,0.646,0.9463,0.976,1.0,1
RD-GHY-GTK-12,540.0,17.66586201299391,1649.9615780090476,75.14,188.54,4.7,0.928,0.3,10,0.6,0.8991,0.9651,1.0,1
RD-GHY-ITA-09,320.0,7.826411661636729,354.2035566120418,27.83,92.68,9.5,0.359,1.38,2,0.236,0.6052,0.6812,0.6689,1
RD-GHY-NAG-10,345.0,20.22554495646796,1483.7311551849407,200.27,535.1,25.5,1.0,0.67,7,1.0,1.0,0.9665,1.0,1
RD-GHY-ITA-09,320.0,13.966547916810514,273.7724564803482,60.0,200.33,18.5,0.718,1.17,7,0.4,0.8363,0.9378,0.9427,1
RD-SELA-TWG-06,78.0,27.245927611588577,3164.647877780888,22.0,81.4,26.0,0.321,1.67,8,0.195,0.9111,0.4552,0.8986,1
RD-GHY-NAG-10,345.0,14.311197054600065,1536.1820837153994,24.24,101.07,4.6,0.387,0.98,6,0.249,0.8225,0.6135,0.8268,1
RD-BMD-DRG-04,42.0,14.225055924428272,2038.2468987070508,4.7,20.47,33.6,0.118,1.35,7,0.13,0.5778,0.4595,0.569,0
RD-SELA-TWG-06,78.0,24.198771651843497,3148.9250114758615,139.2,488.4,14.3,1.0,1.62,8,0.744,1.0,0.9238,1.0,1
RD-SELA-TWG-06,78.0,28.83244472507284,3213.013852377335,13.62,57.04,17.7,0.24,2.04,9,0.142,0.8986,0.3824,0.8773,1
RD-TEZ-BHK-02,54.0,13.151102209222724,216.87276609051315,5.41,17.29,7.6,0.358,0.1,6,0.359,0.7135,1.0,0.992,1
RD-SHL-SIL-08,215.0,21.262227927942632,1369.3135229146496,32.3,126.88,24.8,0.473,0.64,6,0.326,0.8876,0.8299,0.9299,1
RD-GHY-SHL-07,98.0,14.762509945793163,1634.7685323445587,7.32,29.38,19.6,0.148,3.28,2,0.087,0.508,0.3153,0.4738,0
RD-SELA-TWG-06,78.0,21.340179833754508,3192.123333163405,48.12,128.24,14.3,0.477,1.4,8,0.33,0.8419,0.5735,0.85,1
RD-TEZ-BHK-02,54.0,10.738721780557366,263.05790379178404,4.18,12.17,14.1,0.341,0.38,4,0.248,0.5781,0.8348,0.817,1
RD-TEZ-ITA-11,155.0,4.901258122999442,308.9406784866097,0.94,2.42,21.4,0.058,1.68,2,0.096,0.3554,0.5331,0.5035,0
RD-BMD-DRG-04,42.0,9.834262341824914,2199.22011450221,10.19,35.2,16.3,0.167,0.93,7,0.188,0.6367,0.5007,0.627,0
RD-GHY-SHL-07,98.0,15.159229185277223,1539.9601627745092,211.17,640.99,27.8,1.0,2.73,2,1.0,1.0,0.9498,1.0,1
RD-BHK-BMD-03,96.0,25.07431980871577,2423.7913503890095,1.62,5.35,22.9,0.068,0.53,8,0.201,0.7699,0.5989,0.7816,1
RD-BMD-DRG-04,42.0,17.450902905085442,2030.2592532506176,1.07,4.28,10.3,0.064,1.1,6,0.13,0.6409,0.432,0.6243,0
RD-GHY-SHL-07,98.0,12.97877341094642,1531.8025247206601,25.15,117.5,14.6,0.442,3.18,3,0.172,0.6272,0.4063,0.5893,0
RD-TEZ-ITA-11,155.0,8.32887276595466,344.1298601590231,86.49,291.71,26.4,1.0,1.65,1,0.497,0.8249,0.8525,0.8521,1
RD-DRG-SELA-05,62.0,27.636995374213225,4189.561920904946,99.9,423.4,10.8,1.0,2.4,8,0.535,0.966,0.765,1.0,1
RD-SELA-TWG-06,78.0,25.698491094291477,3162.067446825335,60.32,294.07,19.6,1.0,1.98,7,0.362,0.9623,0.6591,0.9751,1
RD-TEZ-BHK-02,54.0,10.80196116663257,174.5032020021281,0.78,2.55,29.9,0.309,0.05,4,0.367,0.5855,0.9943,0.9675,1
RD-GHY-ITA-09,320.0,11.873556775501129,360.87237600381695,39.74,152.47,5.3,0.558,1.21,3,0.303,0.7482,0.7645,0.7637,1
RD-GHY-NAG-10,345.0,18.38713695927708,1525.9137898132533,1.21,4.66,23.5,0.066,0.71,6,0.171,0.7312,0.5663,0.7356,1
RD-BMD-DRG-04,42.0,12.262744541886025,2104.981994363433,73.17,188.61,24.7,0.679,1.27,8,0.455,0.8051,0.8015,0.8191,1
RD-SHL-SIL-08,215.0,22.280747171623954,1346.7542692731859,137.78,656.73,30.7,1.0,0.52,7,0.839,0.9952,0.9331,1.0,1
RD-TEZ-BHK-02,54.0,9.610544865463709,305.36039623651743,0.77,3.72,14.5,0.312,0.07,4,0.357,0.5869,0.9821,0.9562,1
RD-GHY-ITA-09,320.0,9.368638136221048,310.9069172673847,41.0,135.77,7.0,0.503,0.9,2,0.334,0.6941,0.8355,0.8251,1
RD-SHL-SIL-08,215.0,23.65790441126287,1425.8775119959764,64.02,256.23,8.7,0.904,0.61,7,0.478,0.9559,0.8968,1.0,1
RD-BHK-BMD-03,96.0,26.054797732639624,2352.840121615707,10.35,44.43,11.8,0.448,0.13,8,0.368,0.8376,0.9097,0.9456,1
RD-GHY-SHL-07,98.0,14.71804163122643,1527.5304632873952,147.18,454.16,5.2,1.0,2.9,5,0.746,0.9498,0.8905,0.9522,1
RD-BHK-BMD-03,96.0,28.883192513682495,2370.657028343396,5.3,18.3,11.9,0.361,0.36,8,0.257,0.836,0.7062,0.8571,1
RD-BHK-BMD-03,96.0,22.15950964322969,2514.2419189719194,24.32,79.82,11.5,0.566,0.28,6,0.368,0.8617,0.8731,0.913,1
RD-GHY-ITA-09,320.0,6.330180353173446,344.5341126957784,32.34,159.36,32.6,0.581,1.14,5,0.273,0.6984,0.7074,0.7034,1
RD-GHY-SHL-07,98.0,9.645809990240727,1628.4840023927677,15.09,52.86,30.6,0.226,3.13,2,0.126,0.5142,0.3506,0.4821,0
RD-GHY-SHL-07,98.0,9.526835640665908,1515.4616568986698,63.94,222.79,20.2,0.793,3.12,3,0.354,0.7985,0.6239,0.7715,1
RD-BMD-DRG-04,42.0,12.681461375472882,2044.590891832037,90.05,386.94,19.2,1.0,0.99,5,0.555,0.8964,0.8449,0.9135,1
RD-TEZ-BHK-02,54.0,17.18895673728758,232.14381217278483,11.35,48.85,28.1,0.463,0.05,5,0.417,0.6981,1.0,0.9897,1
RD-SELA-TWG-06,78.0,20.21907715288212,3151.470285519633,19.69,55.73,23.2,0.236,2.08,7,0.169,0.8347,0.4197,0.824,1
RD-GHY-NAG-10,345.0,16.51456034292752,1491.2733149153898,88.07,303.57,12.0,1.0,0.88,7,0.556,0.9799,0.8633,1.0,1
RD-GHY-GTK-12,540.0,21.967950581049532,1640.6697711333288,196.97,609.58,28.0,1.0,0.44,9,1.0,0.9545,1.0,1.0,1
RD-GHY-GTK-12,540.0,20.979026205463946,1658.3602115521926,46.98,211.0,25.4,1.0,0.05,13,0.583,1.0,1.0,1.0,1
RD-SHL-SIL-08,215.0,23.127470908753182,1419.214961766087,51.44,146.56,31.5,0.539,0.79,8,0.395,0.943,0.8143,0.9817,1
RD-TEZ-ITA-11,155.0,4.896424436734724,343.10960320077476,70.98,239.3,8.6,0.848,1.44,2,0.435,0.7395,0.877,0.8647,1
RD-GHY-SHL-07,98.0,12.104359673117246,1506.6994703086086,9.17,39.57,11.0,0.182,3.4,5,0.094,0.5134,0.3047,0.4779,0
RD-SHL-SIL-08,215.0,24.172878911439742,1403.7927085663416,51.29,185.37,16.0,0.918,0.49,6,0.442,0.9152,0.9323,0.9854,1
RD-GHY-GTK-12,540.0,21.732567081971407,1686.0034461390258,134.51,642.85,33.7,1.0,0.34,10,0.866,0.9737,1.0,1.0,1
RD-GHY-NAG-10,345.0,18.537080129160547,1425.6232568856394,1.08,4.85,31.9,0.066,0.74,6,0.166,0.7617,0.5408,0.7612,1
RD-GHY-ITA-09,320.0,1.7769576266356673,357.19618272514623,131.29,595.76,19.1,1.0,1.28,3,0.725,0.885,0.9248,0.9368,1
RD-GHY-TEZ-01,178.0,1.0,76.14747212902932,18.68,73.25,29.8,0.294,0.88,1,0.233,0.3849,0.8089,0.7462,1
RD-SELA-TWG-06,78.0,23.07310678670163,3182.398955383474,81.81,329.63,29.9,1.0,1.87,8,0.466,0.9572,0.7156,0.9784,1
RD-SHL-SIL-08,215.0,19.601986471531312,1365.7660852011697,25.03,66.08,16.8,0.52,0.4,6,0.339,0.8562,0.8803,0.9263,1
RD-SHL-SIL-08,215.0,22.372073612961756,1350.6958196698154,217.24,942.31,32.7,1.0,0.72,6,1.0,0.9996,0.9811,1.0,1
RD-GHY-GTK-12,540.0,19.853822972691198,1586.348068090245,1.01,4.57,15.0,0.315,0.09,7,0.344,0.8423,0.9784,1.0,1
RD-TEZ-BHK-02,54.0,13.844040232630329,382.9826448006743,153.69,674.27,26.0,1.0,0.3,3,0.968,0.9216,1.0,1.0,1
RD-SHL-SIL-08,215.0,16.160222298088783,1358.9467403896801,4.79,15.62,23.9,0.102,0.66,8,0.194,0.7868,0.6358,0.8088,1
RD-GHY-NAG-10,345.0,17.636885741488683,1511.7439490894326,80.66,254.35,27.9,0.898,0.98,7,0.512,0.9631,0.8053,0.987,1
RD-GHY-ITA-09,320.0,11.653402340066055,281.6596664875951,53.83,143.11,4.6,0.527,1.05,2,0.38,0.7294,0.813,0.808,1
RD-GHY-SHL-07,98.0,17.5899089493312,1571.7820813131636,4.36,11.46,29.5,0.088,2.33,2,0.091,0.5761,0.3367,0.5368,0
RD-GHY-SHL-07,98.0,15.008328721006714,1620.0081818026974,4.59,21.81,27.5,0.123,3.24,2,0.075,0.4522,0.3205,0.4242,0
RD-BHK-BMD-03,96.0,23.154587740767738,2503.3668628439955,22.8,65.55,19.9,0.519,0.43,7,0.322,0.9087,0.7851,0.9374,1
RD-GHY-TEZ-01,178.0,2.394905096098936,167.02761408882708,10.84,54.0,9.3,0.23,0.53,3,0.245,0.3496,0.8872,0.8127,1
RD-GHY-GTK-12,540.0,22.82933554654017,1705.090374520693,3.68,18.02,10.3,0.36,0.4,7,0.24,0.8537,0.8153,0.89,1
RD-GHY-GTK-12,540.0,20.561278570231877,1666.8572383680944,152.22,663.84,12.9,1.0,0.37,8,0.939,0.9671,0.9845,1.0,1
RD-GHY-ITA-09,320.0,10.182401263218125,306.18669800095205,0.92,3.5,33.8,0.062,1.02,6,0.136,0.5441,0.6491,0.6327,0
RD-GHY-NAG-10,345.0,19.334976441610987,1471.8628843601198,66.29,232.68,16.3,0.826,0.81,6,0.462,0.9378,0.7965,0.9612,1
RD-SELA-TWG-06,78.0,30.62778844287976,3251.7611143648487,52.59,143.0,24.5,0.527,1.87,8,0.33,0.9367,0.6067,0.9434,1
RD-TEZ-BHK-02,54.0,6.18230658798251,244.58174172035007,49.02,133.94,17.9,0.746,0.14,3,0.542,0.6692,1.0,0.9854,1
RD-SHL-SIL-08,215.0,20.929000382292553,1461.873150031828,67.98,253.32,26.5,0.894,0.59,8,0.501,0.9971,0.9069,1.0,1
RD-BHK-BMD-03,96.0,18.992807036270165,2494.1903252087527,36.0,109.38,17.0,0.665,0.3,6,0.417,0.8786,0.8453,0.9162,1
RD-DRG-SELA-05,62.0,26.572828998238784,4194.449747122901,40.2,199.47,30.9,0.715,2.6,8,0.252,0.9033,0.4908,0.9063,1
RD-TEZ-BHK-02,54.0,9.77413880709905,287.9868779535983,29.25,74.81,9.7,0.549,0.44,3,0.349,0.6961,0.8397,0.8364,1
RD-TEZ-ITA-11,155.0,8.280645427152868,340.5028180527614,69.75,235.73,12.5,0.836,1.2,3,0.443,0.8039,0.848,0.845,1
RD-TEZ-BHK-02,54.0,13.53519496201662,287.3688904517481,152.94,508.44,24.2,1.0,0.23,7,0.989,0.982,0.9705,1.0,1
RD-GHY-ITA-09,320.0,6.394503516729334,307.7203058417918,4.11,19.93,7.9,0.116,0.86,4,0.167,0.4587,0.7237,0.6929,1
RD-GHY-TEZ-01,178.0,2.6573942404629225,128.72478222822087,191.36,559.78,16.0,1.0,0.66,0,1.0,0.9491,1.0,1.0,1
RD-GHY-TEZ-01,178.0,2.8250815063324626,63.900942327574114,4.16,15.75,26.2,0.103,1.08,2,0.146,0.3154,0.7598,0.6937,1
RD-GHY-ITA-09,320.0,10.679251199189249,412.43097375760823,11.28,28.27,7.8,0.144,1.13,3,0.175,0.5257,0.5897,0.5757,0
RD-BMD-DRG-04,42.0,14.355442002253406,2037.4431929063207,180.14,628.65,26.1,1.0,1.5,4,0.941,0.9938,0.9941,1.0,1
RD-GHY-TEZ-01,178.0,5.174462533814715,106.60518652266236,29.45,119.54,31.6,0.448,1.12,0,0.261,0.4954,0.8309,0.78,1
RD-DRG-SELA-05,62.0,30.985750545694568,4249.435054656186,60.75,160.91,28.4,0.586,2.1,7,0.36,0.911,0.5569,0.9225,1
RD-GHY-NAG-10,345.0,19.06888445224511,1482.972476517656,38.75,160.57,20.5,0.585,0.95,7,0.319,0.8472,0.6503,0.8547,1
RD-SHL-SIL-08,215.0,23.73789003609081,1304.0698112625976,24.11,83.42,24.6,0.578,0.48,11,0.317,0.9477,0.8577,0.9925,1
RD-SHL-SIL-08,215.0,23.14978808814685,1336.8981758652574,91.05,415.23,23.2,1.0,0.2,7,0.711,0.956,1.0,1.0,1
RD-TEZ-BHK-02,54.0,17.53553761721824,250.27754319364797,12.66,45.25,7.5,0.451,0.16,4,0.361,0.7238,0.9783,0.9728,1
RD-TEZ-BHK-02,54.0,19.72609711224824,273.5040487093027,0.99,4.36,18.2,0.315,0.34,4,0.243,0.6361,0.8586,0.8467,1
RD-GHY-SHL-07,98.0,16.038479800020557,1509.1614324424324,20.25,73.47,18.6,0.295,3.09,3,0.15,0.6107,0.3542,0.5696,0
RD-TEZ-BHK-02,54.0,10.569032794750065,168.2469628173468,10.17,34.71,14.0,0.416,0.05,4,0.411,0.6693,0.9901,0.9759,1
RD-DRG-SELA-05,62.0,25.936541474163803,4132.229298633802,1.72,4.78,28.1,0.066,2.5,8,0.075,0.8059,0.2719,0.7898,1
RD-TEZ-BHK-02,54.0,14.590720459434632,247.25707759271955,7.3,26.46,16.3,0.388,0.13,5,0.35,0.6459,0.9833,0.9661,1
RD-TEZ-BHK-02,54.0,8.704060376615018,119.34412900018117,7.86,22.12,28.9,0.374,0.08,6,0.384,0.6455,0.9397,0.9247,1
RD-BMD-DRG-04,42.0,19.22338644526627,2135.9190421419025,36.97,128.98,5.9,0.48,1.17,4,0.292,0.8189,0.6092,0.8089,1
RD-SELA-TWG-06,78.0,25.360276595262683,3104.757755346025,131.92,339.2,10.8,1.0,1.78,6,0.703,1.0,0.8785,1.0,1
RD-SELA-TWG-06,78.0,16.843840490261982,3222.9890464491814,1.91,8.99,23.6,0.08,1.48,6,0.11,0.6812,0.3695,0.6787,1
RD-TEZ-ITA-11,155.0,4.46737909217619,395.15399333825434,38.49,123.99,28.4,0.463,1.23,2,0.296,0.5694,0.6841,0.6619,1
RD-TEZ-ITA-11,155.0,3.6579286528284105,399.805354941644,4.1,14.23,17.4,0.097,1.3,1,0.13,0.3619,0.4673,0.4445,0
RD-GHY-GTK-12,540.0,23.277969143014907,1658.4718782286482,38.78,127.34,4.9,0.724,0.32,8,0.426,0.9959,0.9533,1.0,1
RD-GHY-TEZ-01,178.0,5.705827587165471,196.3025457343895,70.71,306.93,27.1,1.0,0.75,1,0.489,0.7343,0.9182,0.8936,1
RD-GHY-GTK-12,540.0,22.061258282931405,1667.2915693772218,15.01,43.17,17.6,0.444,0.45,8,0.279,0.9109,0.7884,0.942,1
RD-SELA-TWG-06,78.0,22.878236390350295,3182.417333968448,242.16,923.85,4.1,1.0,1.65,8,1.0,1.0,0.9726,1.0,1
RD-GHY-ITA-09,320.0,6.171359456503283,337.2815555490949,42.58,184.93,10.4,0.666,1.12,2,0.322,0.7404,0.7898,0.7871,1
RD-TEZ-ITA-11,155.0,5.650975003270609,175.9775662940109,198.55,555.91,31.9,1.0,1.55,2,1.0,0.9782,1.0,1.0,1
RD-TEZ-ITA-11,155.0,6.8188225922012595,385.74674276282826,9.37,36.52,31.6,0.172,1.27,2,0.156,0.4475,0.5862,0.5596,0
RD-BMD-DRG-04,42.0,15.887488920191341,2164.863158936049,96.96,420.01,9.0,1.0,0.98,7,0.588,0.9355,0.8571,0.9534,1
RD-GHY-SHL-07,98.0,20.251144289762035,1535.2014567515887,67.28,245.51,11.1,0.868,2.89,3,0.373,0.8544,0.6149,0.8231,1
RD-BMD-DRG-04,42.0,18.227575222572497,2060.4448354732835,14.94,53.05,17.6,0.227,1.13,9,0.192,0.7722,0.485,0.7506,1
RD-DRG-SELA-05,62.0,29.26191290599752,4244.62635533215,26.53,91.93,23.7,0.356,2.44,11,0.192,0.9303,0.4122,0.9203,1
RD-SHL-SIL-08,215.0,22.115572041885248,1408.1590433971144,0.7,3.05,5.8,0.31,0.47,7,0.209,0.7801,0.7545,0.8164,1
RD-GHY-GTK-12,540.0,21.029572639156385,1592.0301640281077,54.36,162.35,15.6,0.841,0.32,9,0.498,0.9611,0.9392,1.0,1
RD-BHK-BMD-03,96.0,26.080114826160827,2384.5824484233513,197.07,669.77,31.9,1.0,0.42,7,1.0,1.0,1.0,1.0,1
RD-TEZ-BHK-02,54.0,15.414029709098024,220.44381389354785,4.4,14.98,28.3,0.35,0.1,4,0.356,0.6631,0.9718,0.9577,1
RD-GHY-GTK-12,540.0,22.489399710189907,1629.3242096784336,27.47,116.86,23.9,0.69,0.2,7,0.415,0.9213,0.9324,0.9814,1
RD-GHY-TEZ-01,178.0,3.344117688288428,136.96876426464823,37.67,143.16,22.4,0.527,0.89,1,0.319,0.4806,0.8121,0.7608,1
RD-SHL-SIL-08,215.0,18.354255334114985,1381.1610978994795,34.81,122.67,30.9,0.709,0.45,8,0.372,0.8575,0.8869,0.933,1
RD-BMD-DRG-04,42.0,14.395411687428112,2150.055591059863,28.01,98.31,8.4,0.378,1.31,5,0.241,0.7432,0.5905,0.7356,1
RD-GHY-TEZ-01,178.0,1.9966892803242642,68.5880804307904,53.9,142.04,29.7,0.523,1.16,1,0.372,0.5579,0.9221,0.8729,1
RD-DRG-SELA-05,62.0,30.154299978637354,4084.8344778161972,51.75,205.66,15.0,0.736,2.35,9,0.312,0.9192,0.5958,0.9355,1
RD-TEZ-ITA-11,155.0,2.280006528878711,385.4591269069653,22.0,59.61,26.9,0.249,1.72,1,0.193,0.4246,0.62,0.5885,0
RD-TEZ-ITA-11,155.0,8.303114043317725,355.6874390426761,68.73,319.84,5.8,1.0,1.67,1,0.413,0.7835,0.8355,0.8303,1
RD-GHY-ITA-09,320.0,4.66760593198369,374.8949355128902,6.42,18.02,20.9,0.11,1.04,3,0.16,0.4023,0.6439,0.6142,0
RD-BHK-BMD-03,96.0,29.30450778868073,2438.5413232564947,24.23,69.36,7.1,0.281,0.56,8,0.302,0.8887,0.668,0.9024,1
RD-BMD-DRG-04,42.0,14.880616407711585,2260.0893919185824,16.55,51.53,21.9,0.222,0.99,5,0.212,0.6944,0.5468,0.6852,1
RD-TEZ-ITA-11,155.0,5.330786318417143,315.2431431426615,12.5,36.0,26.7,0.17,1.38,3,0.165,0.4572,0.5826,0.5572,0
RD-TEZ-ITA-11,155.0,2.316338737219583,257.82282061595174,8.99,25.87,16.8,0.136,1.38,2,0.148,0.4087,0.6899,0.6507,1
RD-SELA-TWG-06,78.0,24.705426255769904,3099.9817949572853,20.92,56.05,26.1,0.237,1.79,8,0.185,0.8011,0.4774,0.8003,1
RD-DRG-SELA-05,62.0,30.172053044161565,4261.293170339495,62.69,248.21,13.6,0.877,2.63,8,0.356,0.9815,0.689,1.0,1
RD-TEZ-BHK-02,54.0,18.83434828077238,251.0263952925528,19.57,54.87,14.6,0.483,0.17,4,0.39,0.786,0.9627,0.9668,1
RD-DRG-SELA-05,62.0,31.290934794089914,4195.878610707281,95.36,256.3,27.6,0.904,2.69,7,0.508,0.9887,0.7513,1.0,1
RD-SHL-SIL-08,215.0,24.31999606470347,1460.3464330775084,24.94,114.47,30.7,0.432,0.57,9,0.303,0.8802,0.8015,0.919,1
RD-TEZ-ITA-11,155.0,4.797364822915734,385.5851109452882,35.05,110.92,24.1,0.42,1.12,3,0.287,0.582,0.6957,0.6741,1
RD-BHK-BMD-03,96.0,29.255910173607333,2442.236808134769,56.97,276.52,7.1,1.0,0.39,7,0.491,0.9562,0.8767,0.9965,1
RD-SELA-TWG-06,78.0,24.11117252096457,3275.223467861067,7.64,23.63,27.9,0.129,1.96,8,0.117,0.815,0.3933,0.8028,1
RD-SELA-TWG-06,78.0,23.331496610560293,3102.748083425322,91.37,410.83,26.7,1.0,1.94,6,0.508,0.9737,0.7412,0.9979,1
RD-GHY-GTK-12,540.0,22.23976513167168,1647.260993959081,155.55,391.24,32.2,1.0,0.14,8,1.0,0.9971,0.9602,1.0,1
RD-SHL-SIL-08,215.0,24.04030810466721,1440.0406289787106,6.81,21.74,27.6,0.372,0.3,8,0.283,0.8459,0.842,0.8909,1
RD-SHL-SIL-08,215.0,22.218574574872914,1458.0618942584365,7.37,23.77,20.3,0.129,0.67,8,0.205,0.8158,0.7262,0.8473,1
RD-TEZ-ITA-11,155.0,7.6047311066947,300.1982995588171,152.31,625.67,29.7,1.0,1.63,3,0.805,0.8686,1.0,1.0,1
RD-DRG-SELA-05,62.0,27.081793650962123,4190.518938670126,17.99,76.7,7.9,0.306,2.56,9,0.149,0.9547,0.3253,0.9301,1
RD-BMD-DRG-04,42.0,16.92559445849465,2127.5503007310253,45.67,162.41,7.5,0.591,1.15,4,0.335,0.8642,0.6494,0.8567,1
RD-GHY-SHL-07,98.0,12.682673860061842,1622.3643197407066,209.38,603.64,32.2,1.0,3.12,2,1.0,0.946,0.9596,0.9698,1
RD-SELA-TWG-06,78.0,23.24777781051122,3215.3862114808203,17.61,52.34,31.1,0.224,1.76,8,0.17,0.8147,0.4022,0.8037,1
RD-SELA-TWG-06,78.0,22.62826802072246,3150.8944222243426,27.39,79.32,6.3,0.314,1.9,6,0.211,0.8257,0.4702,0.8221,1
RD-SHL-SIL-08,215.0,26.40342197922574,1446.1429260971643,49.64,179.98,31.0,0.9,0.35,6,0.468,0.874,0.8887,0.9369,1
RD-DRG-SELA-05,62.0,33.60799687932273,4138.907707994169,34.22,123.26,21.7,0.461,2.55,8,0.225,0.9294,0.4525,0.9251,1
RD-DRG-SELA-05,62.0,33.11413619302688,4160.374737748572,9.64,47.1,23.7,0.207,2.25,9,0.118,0.9099,0.3355,0.8912,1
RD-BMD-DRG-04,42.0,11.253153138512268,2117.30458349181,11.32,44.32,22.0,0.198,1.31,5,0.163,0.6866,0.4214,0.665,1
RD-GHY-TEZ-01,178.0,1.0,107.34788982804568,54.82,207.41,32.0,0.741,1.13,0,0.379,0.5524,0.8731,0.8265,1
RD-GHY-SHL-07,98.0,3.904363621801915,1511.0913102903492,167.18,735.29,6.9,1.0,2.64,3,0.844,0.9096,0.8805,0.9113,1
RD-BHK-BMD-03,96.0,30.56180348612554,2441.901480010037,101.58,339.99,30.9,1.0,0.68,8,0.643,1.0,0.9224,1.0,1
RD-TEZ-ITA-11,155.0,8.570456237381944,243.66440959249812,169.64,837.77,33.0,1.0,1.86,3,0.876,0.966,0.9903,1.0,1
RD-GHY-NAG-10,345.0,15.006457114190187,1552.973966385923,28.94,80.86,10.9,0.32,0.85,6,0.283,0.8258,0.6452,0.8339,1
RD-BHK-BMD-03,96.0,27.76572097036427,2449.7397942098237,130.24,471.25,14.5,1.0,0.49,7,0.809,1.0,0.9259,1.0,1
RD-GHY-TEZ-01,178.0,2.883789456838771,155.26686341950133,31.19,119.14,32.3,0.447,0.93,0,0.285,0.4779,0.8615,0.8061,1
RD-GHY-TEZ-01,178.0,1.0,10.0,136.09,473.36,28.7,1.0,0.55,2,0.825,0.87,1.0,0.9925,1
RD-TEZ-BHK-02,54.0,11.519596684052015,210.0102263834796,13.19,53.12,32.1,0.477,0.12,3,0.383,0.6324,0.9657,0.9475,1
RD-SELA-TWG-06,78.0,27.551632700497976,3213.023861541889,21.17,98.57,27.3,0.379,1.85,6,0.184,0.8408,0.3558,0.8215,1
RD-GHY-ITA-09,320.0,4.326107368303298,214.5792429408088,170.37,523.12,20.6,1.0,0.96,2,0.932,0.9161,1.0,1.0,1
RD-GHY-TEZ-01,178.0,2.0080692790828625,76.68274372490062,4.47,15.85,20.8,0.103,0.77,4,0.178,0.3726,0.8444,0.777,1
RD-SELA-TWG-06,78.0,27.730224814083783,3202.370344166581,0.76,2.72,29.7,0.059,1.83,6,0.089,0.7318,0.3952,0.7274,1
RD-BHK-BMD-03,96.0,24.45670984718955,2492.859224450302,10.48,46.42,22.9,0.455,0.36,7,0.282,0.8725,0.732,0.8954,1
RD-GHY-SHL-07,98.0,14.78239154303003,1518.1149564102,14.13,65.74,30.8,0.269,3.26,3,0.119,0.5425,0.3994,0.5116,0
RD-BMD-DRG-04,42.0,13.102315955984476,2128.8074565426655,8.74,34.64,7.4,0.165,0.77,5,0.198,0.6682,0.5224,0.6583,1
RD-BHK-BMD-03,96.0,25.227640092254642,2381.577797134909,52.52,140.49,15.3,0.768,0.35,7,0.479,0.9561,0.845,0.9919,1
RD-SELA-TWG-06,78.0,20.02587725875241,3237.795084276369,1.1,3.28,22.7,0.061,1.74,7,0.095,0.8051,0.3273,0.7859,1
RD-GHY-ITA-09,320.0,6.167907063971768,345.65108721999576,52.08,180.72,6.7,0.652,1.01,3,0.376,0.7663,0.8331,0.8319,1
RD-GHY-TEZ-01,178.0,7.283973518987469,144.63015130439513,148.29,699.09,6.1,1.0,0.67,1,0.863,0.9088,1.0,0.9983,1
RD-GHY-TEZ-01,178.0,3.6540801860328953,91.86516781826921,55.45,200.23,33.8,0.717,1.05,1,0.388,0.5434,0.8796,0.8313,1
RD-GHY-ITA-09,320.0,4.490992897490474,343.6244989303365,105.85,484.66,16.5,1.0,1.07,3,0.621,0.8902,0.9365,0.949,1
RD-GHY-SHL-07,98.0,12.217161895310442,1463.377029466993,145.65,599.71,22.3,1.0,2.91,3,0.738,0.927,0.8416,0.923,1
RD-GHY-TEZ-01,178.0,6.541464628959661,96.51490092955584,160.46,405.78,13.6,1.0,0.46,1,0.958,0.9139,0.9843,0.9836,1
RD-DRG-SELA-05,62.0,30.544699089154,4085.6016033027577,115.36,314.89,10.5,1.0,2.53,7,0.604,1.0,0.8474,1.0,1
RD-TEZ-ITA-11,155.0,4.65128101281569,329.9110735923894,9.66,35.56,26.9,0.169,1.77,1,0.133,0.3627,0.5969,0.5619,0
RD-BMD-DRG-04,42.0,12.454383436165502,2148.9590515464565,110.53,420.79,26.5,1.0,1.2,4,0.634,0.9369,0.9174,0.9633,1
RD-GHY-GTK-12,540.0,19.766584896259136,1704.9990216831889,157.35,583.01,28.7,1.0,0.41,9,0.955,1.0,0.9417,1.0,1
RD-GHY-SHL-07,98.0,11.72226593696833,1507.4181495930347,96.08,264.09,22.8,0.93,3.12,2,0.504,0.8503,0.7729,0.8394,1
RD-BHK-BMD-03,96.0,26.660453236587966,2513.3092467746433,45.3,206.89,28.4,0.74,0.73,7,0.375,0.899,0.7118,0.9182,1
RD-DRG-SELA-05,62.0,30.088703158603426,4140.460531922181,26.38,100.24,21.7,0.384,2.58,7,0.188,0.8654,0.462,0.8675,1
RD-TEZ-BHK-02,54.0,7.7201945496159405,253.2422918383679,174.25,585.97,23.0,1.0,0.29,4,1.0,0.9531,1.0,1.0,1
RD-GHY-GTK-12,540.0,23.36428811513764,1708.0751310187834,19.92,78.16,8.9,0.561,0.1,8,0.428,0.9103,0.9617,1.0,1
RD-GHY-GTK-12,540.0,23.104372538950084,1550.837457983665,10.88,42.53,27.5,0.192,0.61,8,0.23,0.8334,0.7311,0.8598,1
RD-GHY-TEZ-01,178.0,6.676644909404047,65.32051717186025,26.24,95.86,7.8,0.37,0.63,5,0.299,0.5595,0.8809,0.8347,1
RD-GHY-ITA-09,320.0,10.962634941266405,350.42436132286025,22.05,103.13,4.5,0.394,1.15,2,0.224,0.6028,0.6906,0.6774,1
RD-BHK-BMD-03,96.0,24.027763310772087,2485.7892920041554,91.01,295.21,18.4,1.0,0.36,9,0.656,0.9393,0.9498,0.9992,1
RD-GHY-NAG-10,345.0,16.517144451997268,1546.1421361697978,21.1,77.09,24.7,0.307,0.89,6,0.242,0.8324,0.6263,0.8378,1
RD-BMD-DRG-04,42.0,14.474763998365313,2065.867291727283,5.16,18.28,19.5,0.111,1.08,4,0.151,0.5682,0.4709,0.5611,0
RD-DRG-SELA-05,62.0,26.898321480148972,4171.234609566317,73.7,295.48,20.7,1.0,2.72,7,0.406,0.9452,0.6324,0.9651,1
RD-GHY-SHL-07,98.0,17.320517320909666,1561.5909872095845,11.94,45.01,15.8,0.2,2.81,2,0.116,0.5131,0.3513,0.4812,0
RD-GHY-TEZ-01,178.0,1.2369004516394835,68.20403163608623,68.22,228.18,30.6,0.811,1.1,1,0.443,0.7083,0.8847,0.858,1
RD-SHL-SIL-08,215.0,19.720348861082396,1459.211153509521,234.24,1028.46,9.8,1.0,0.65,7,1.0,1.0,1.0,1.0,1
RD-DRG-SELA-05,62.0,35.6067587733248,4247.086679165686,30.0,88.69,11.9,0.346,2.8,8,0.201,0.9381,0.4232,0.9289,1
RD-GHY-NAG-10,345.0,16.60304830609128,1487.8928376934368,11.56,56.3,8.1,0.238,0.96,7,0.191,0.7917,0.5005,0.7843,1
RD-DRG-SELA-05,62.0,31.706315529518584,4164.75115002679,7.85,37.91,21.6,0.176,2.64,7,0.1,0.8725,0.363,0.8611,1
RD-BMD-DRG-04,42.0,17.821849596429203,2145.371494915596,12.28,30.81,18.5,0.153,1.1,5,0.183,0.6898,0.591,0.6855,1
RD-GHY-ITA-09,320.0,14.345925767552608,366.56124192489597,18.72,71.89,12.8,0.29,1.01,3,0.22,0.5897,0.7231,0.7066,1
RD-DRG-SELA-05,62.0,31.82074495245118,4133.630251385878,80.95,268.38,20.8,0.945,2.66,8,0.441,0.9515,0.6809,0.9779,1
RD-GHY-ITA-09,320.0,6.225473414750656,257.2935061805176,18.28,53.06,13.0,0.227,1.14,6,0.207,0.604,0.6855,0.6728,1
RD-GHY-SHL-07,98.0,19.833081057357695,1570.0570873215156,112.56,455.39,19.4,1.0,2.85,5,0.585,0.9128,0.7983,0.9032,1
RD-SHL-SIL-08,215.0,25.718921552066973,1480.2233660595268,91.57,400.38,20.0,1.0,0.46,6,0.635,0.9042,0.9289,0.9806,1
RD-SELA-TWG-06,78.0,29.485075584190515,3153.8300785916344,0.83,4.07,19.0,0.064,1.93,6,0.086,0.8033,0.3644,0.7887,1
RD-GHY-GTK-12,540.0,19.43836338536649,1628.2523790257792,146.34,452.25,31.4,1.0,0.28,9,0.94,0.9898,1.0,1.0,1
RD-BMD-DRG-04,42.0,13.60365085384821,2123.660251907487,31.86,99.89,30.7,0.383,1.25,5,0.263,0.7526,0.5894,0.7443,1
RD-GHY-TEZ-01,178.0,6.174537913475365,23.67505911950626,32.6,129.14,18.2,0.48,0.89,0,0.296,0.492,0.8995,0.843,1
RD-BMD-DRG-04,42.0,13.813554990620514,2071.249866709074,52.23,158.27,9.5,0.578,1.17,7,0.364,0.8578,0.6797,0.8546,1
RD-SHL-SIL-08,215.0,22.13030048739812,1428.2851820220662,111.63,298.91,4.1,1.0,0.61,7,0.702,0.9809,0.9253,1.0,1
RD-TEZ-ITA-11,155.0,7.489335663018194,332.07869795096,28.72,95.35,8.4,0.368,1.24,3,0.249,0.5616,0.7412,0.7144,1
RD-BHK-BMD-03,96.0,29.707474407645442,2446.8837512477385,7.99,28.24,31.7,0.144,0.54,9,0.23,0.8607,0.6781,0.8772,1
RD-TEZ-BHK-02,54.0,19.37116328832335,150.9581650699463,134.91,650.65,4.2,1.0,0.05,7,0.993,0.9655,0.9948,1.0,1
RD-BHK-BMD-03,96.0,29.240383375703267,2440.435295764733,177.05,584.34,19.6,1.0,0.24,6,1.0,1.0,0.9532,1.0,1
RD-SHL-SIL-08,215.0,19.41772229545818,1449.2347816751806,65.52,305.95,14.2,1.0,0.23,6,0.579,0.9101,0.9661,1.0,1
RD-TEZ-BHK-02,54.0,12.252367818051336,202.64146126046904,108.42,459.4,12.5,1.0,0.05,3,0.87,0.877,0.9681,0.9853,1
RD-GHY-NAG-10,345.0,17.009848115748465,1487.7986713424475,11.49,50.2,14.3,0.217,0.86,7,0.2,0.7665,0.539,0.7655,1
RD-GHY-ITA-09,320.0,12.48251338549623,244.835764652852,106.57,413.59,20.0,1.0,1.16,2,0.618,0.8726,0.9876,0.9967,1
RD-GHY-NAG-10,345.0,16.777533615155047,1496.7465974134366,26.79,67.89,13.2,0.276,1.1,9,0.25,0.8662,0.6643,0.8746,1
RD-GHY-TEZ-01,178.0,4.834663322764887,75.41890632088054,33.33,116.65,26.2,0.439,0.82,0,0.307,0.5166,0.8415,0.7925,1
RD-DRG-SELA-05,62.0,31.562533955257617,4149.640761115131,11.75,41.75,24.2,0.189,2.43,9,0.123,0.8997,0.3802,0.8881,1
RD-GHY-GTK-12,540.0,27.165892972489786,1586.6466587193172,88.85,369.78,33.0,1.0,0.05,11,0.778,0.9923,0.9568,1.0,1
RD-BHK-BMD-03,96.0,23.3474515537947,2499.876288986722,113.44,395.04,6.2,1.0,0.79,7,0.684,0.977,0.8864,1.0,1
RD-GHY-GTK-12,540.0,25.662089910961143,1683.8746444362184,1.3,5.62,33.8,0.069,0.68,10,0.175,0.8224,0.6287,0.8366,1
RD-GHY-SHL-07,98.0,22.97028070872941,1552.6416976267235,21.48,74.76,12.0,0.299,2.97,5,0.158,0.721,0.4176,0.676,1
RD-DRG-SELA-05,62.0,30.486136025222006,4193.390301430804,10.13,45.7,18.2,0.202,2.63,7,0.111,0.8973,0.397,0.8881,1
RD-GHY-ITA-09,320.0,10.01306530664285,369.1647266573494,5.95,22.8,13.1,0.126,1.47,3,0.129,0.5053,0.5377,0.5258,0
RD-GHY-ITA-09,320.0,7.425269335192158,365.5428338810452,7.0,26.21,24.7,0.137,0.95,3,0.171,0.5216,0.6878,0.6664,1
RD-TEZ-ITA-11,155.0,6.168675497786278,263.6818038286929,163.26,592.95,28.7,1.0,1.65,1,0.855,0.8884,0.9815,0.9871,1
RD-SHL-SIL-08,215.0,24.87685779506798,1431.3491323723076,21.9,89.58,19.0,0.349,0.53,6,0.296,0.8959,0.735,0.9253,1
RD-GHY-ITA-09,320.0,9.127666513470102,409.3446792188307,8.96,34.26,4.7,0.164,1.18,4,0.161,0.525,0.5988,0.5842,0
RD-GHY-GTK-12,540.0,20.538115398091218,1618.9836124752046,28.6,74.79,32.1,0.549,0.1,8,0.469,0.8041,1.0,1.0,1
RD-TEZ-BHK-02,54.0,10.239553433253327,240.96430447993595,31.67,117.3,7.0,0.691,0.05,6,0.511,0.7936,0.9792,0.9839,1
RD-GHY-SHL-07,98.0,10.705173948933055,1508.7311733602785,39.48,180.42,29.3,0.651,2.64,3,0.248,0.7145,0.5046,0.6794,1
RD-GHY-SHL-07,98.0,15.404691555163337,1534.0014228892464,124.19,577.95,14.1,1.0,2.88,3,0.639,0.9044,0.8168,0.8975,1
RD-GHY-TEZ-01,178.0,1.0,82.29375239493943,164.6,709.73,17.1,1.0,0.96,0,0.905,0.8642,1.0,0.9916,1
RD-GHY-GTK-12,540.0,19.60845355287454,1674.3798501654055,164.93,455.02,24.5,1.0,0.4,9,0.991,0.9714,1.0,1.0,1
RD-BMD-DRG-04,42.0,12.633812599078722,2137.549049322272,8.26,36.23,23.4,0.171,0.9,4,0.181,0.5958,0.4919,0.5884,0
RD-TEZ-BHK-02,54.0,11.39088559467704,240.251355406585,174.03,759.66,23.6,1.0,0.05,3,1.0,0.9869,1.0,1.0,1
RD-GHY-SHL-07,98.0,14.957942505391761,1542.3286566302752,1.07,3.69,20.7,0.062,3.07,4,0.061,0.4763,0.3282,0.4463,0
RD-TEZ-ITA-11,155.0,4.570526048465938,317.7945239841768,8.76,38.24,9.7,0.177,1.8,1,0.128,0.3831,0.5481,0.5194,0
RD-SHL-SIL-08,215.0,18.61868248663671,1359.8088087045103,69.18,194.65,11.8,0.949,0.45,6,0.534,0.9443,0.9392,1.0,1
RD-GHY-ITA-09,320.0,6.405324759980021,289.05378278901867,13.99,50.28,32.5,0.218,1.06,2,0.194,0.5466,0.6657,0.6485,0
RD-GHY-TEZ-01,178.0,4.160490702269985,132.5839788695539,9.74,45.67,14.9,0.202,0.94,2,0.184,0.3795,0.8105,0.747,1
RD-GHY-SHL-07,98.0,12.836480351836821,1576.7838478903477,9.66,41.48,6.3,0.188,3.03,3,0.102,0.5769,0.3541,0.539,0
RD-GHY-GTK-12,540.0,23.978309042551036,1527.4760058282034,15.56,38.9,19.1,0.43,0.1,8,0.405,0.9112,0.9052,0.9582,1
RD-TEZ-ITA-11,155.0,4.382710263019398,390.04913802569627,16.12,63.64,24.7,0.262,1.24,1,0.19,0.4822,0.6596,0.6303,0
RD-SELA-TWG-06,78.0,20.431624778855017,3206.379586251678,6.0,28.66,26.7,0.146,1.87,6,0.112,0.742,0.4272,0.7402,1
RD-SELA-TWG-06,78.0,17.792045227069984,3239.9117442457045,21.45,58.13,26.1,0.244,1.63,9,0.194,0.796,0.4442,0.7916,1
RD-BHK-BMD-03,96.0,29.028471247171876,2436.9291309467385,128.5,592.94,20.8,1.0,0.48,8,0.803,0.9965,1.0,1.0,1
RD-GHY-ITA-09,320.0,5.568582285324404,370.68793351463034,6.64,30.35,32.2,0.151,0.99,2,0.166,0.4296,0.6343,0.6081,0
RD-GHY-NAG-10,345.0,20.17136621977017,1501.56248198945,19.83,79.52,22.9,0.315,1.13,7,0.215,0.8346,0.5802,0.8341,1
RD-SELA-TWG-06,78.0,19.01606292920013,3208.539535418235,7.05,27.56,24.5,0.142,1.72,6,0.123,0.7854,0.3544,0.7714,1
RD-DRG-SELA-05,62.0,29.85817565141033,4131.703776649218,6.25,23.94,21.7,0.13,2.33,9,0.1,0.9393,0.3444,0.919,1
RD-BMD-DRG-04,42.0,14.397647982758805,2157.837281189281,51.54,186.73,15.8,0.672,1.64,6,0.334,0.8831,0.6502,0.8747,1
RD-GHY-GTK-12,540.0,21.50112648060486,1508.1970896808834,81.05,394.12,19.2,1.0,0.18,8,0.672,0.9442,0.9934,1.0,1
RD-BHK-BMD-03,96.0,25.86969585955921,2441.525973743098,135.73,529.48,30.0,1.0,0.34,7,0.871,0.9626,0.9294,1.0,1
RD-GHY-GTK-12,540.0,21.159780891019498,1636.2754358498755,118.6,302.73,8.4,1.0,0.29,8,0.805,0.9683,0.9416,1.0,1
RD-GHY-TEZ-01,178.0,1.0,122.64459100410718,15.74,67.99,4.1,0.277,0.89,2,0.217,0.345,0.8522,0.7805,1
RD-BHK-BMD-03,96.0,26.005554508667906,2488.2521404265162,71.36,257.27,33.7,1.0,0.45,7,0.544,0.865,0.8622,0.9052,1
RD-TEZ-BHK-02,54.0,11.28846804422943,326.53485134237826,73.75,197.38,26.4,0.958,0.1,5,0.676,0.9108,1.0,1.0,1
RD-GHY-TEZ-01,178.0,4.101652895155535,40.55067700156978,34.79,118.98,23.6,0.447,0.97,1,0.298,0.4867,0.9041,0.8465,1
RD-BMD-DRG-04,42.0,17.604318733782954,2074.3748135519636,98.39,303.22,13.4,1.0,1.24,5,0.574,0.8959,0.7787,0.9042,1
RD-TEZ-BHK-02,54.0,15.239718707137873,173.2265225260361,21.04,90.0,6.4,0.6,0.23,9,0.372,0.8315,0.9325,0.9439,1
RD-SELA-TWG-06,78.0,24.038221137524165,3216.722401681233,170.17,765.2,5.3,1.0,1.81,7,0.881,1.0,0.9696,1.0,1
RD-GHY-NAG-10,345.0,13.648652646901608,1442.1890327227484,0.07,0.24,31.8,0.301,0.43,7,0.215,0.7968,0.7357,0.8173,1
RD-BHK-BMD-03,96.0,29.60411027013114,2410.6883367964188,184.14,596.14,22.8,1.0,0.51,6,1.0,0.9642,0.9608,1.0,1
RD-TEZ-ITA-11,155.0,5.359617981065506,382.4803247728713,48.61,186.03,20.4,0.67,1.54,3,0.325,0.6582,0.7368,0.7211,1
RD-BMD-DRG-04,42.0,13.256961255423004,2183.8726927741445,0.63,3.11,28.2,0.06,1.2,4,0.121,0.5897,0.454,0.5794,0
RD-GHY-TEZ-01,178.0,1.8134321150786068,77.88269488588256,146.89,418.94,22.9,1.0,0.83,3,0.835,0.9082,1.0,0.9982,1
RD-DRG-SELA-05,62.0,31.054553200243596,4303.460414138499,4.41,19.05,17.1,0.114,2.59,7,0.085,0.8046,0.3063,0.7929,1
RD-GHY-SHL-07,98.0,17.634939595708772,1652.321077335885,35.08,150.48,19.1,0.552,2.97,2,0.221,0.6894,0.4314,0.6486,0
RD-DRG-SELA-05,62.0,34.919267426097015,4231.375914857701,2.58,6.75,11.1,0.073,2.69,7,0.075,0.8723,0.2785,0.8499,1
RD-GHY-SHL-07,98.0,11.751905102053275,1558.7411009896464,110.35,428.4,25.4,1.0,2.81,5,0.575,0.8911,0.8032,0.8828,1
RD-GHY-ITA-09,320.0,2.172757003548421,369.11892584308663,50.12,224.05,6.2,0.797,1.12,3,0.357,0.7062,0.7512,0.7461,1
RD-TEZ-ITA-11,155.0,4.704968160486645,344.8460305226112,169.51,456.54,26.1,1.0,1.73,2,0.881,0.9367,0.9971,1.0,1
RD-GHY-NAG-10,345.0,17.459677198467713,1473.484236928068,273.24,1292.76,5.4,1.0,0.81,7,1.0,1.0,1.0,1.0,1
RD-GHY-GTK-12,540.0,21.398800062821444,1746.797796995002,135.44,526.4,17.8,1.0,0.48,9,0.836,0.9863,0.9799,1.0,1
RD-BHK-BMD-03,96.0,27.8173343649748,2504.6386015701482,57.66,152.09,30.9,0.557,0.63,6,0.446,0.9174,0.8157,0.9501,1
RD-TEZ-BHK-02,54.0,15.09452901195347,265.8193945343941,101.05,258.48,8.8,1.0,0.29,5,0.726,0.9163,0.9616,0.9846,1
RD-GHY-ITA-09,320.0,2.115597589799295,243.24165796867763,25.1,114.51,6.3,0.432,1.41,3,0.222,0.5555,0.7239,0.7037,1
RD-GHY-SHL-07,98.0,21.525765244842045,1568.3387076179665,21.22,79.19,25.6,0.314,3.31,3,0.152,0.6475,0.4091,0.6081,0
RD-GHY-NAG-10,345.0,20.00583260217303,1551.7582727427296,34.56,131.5,10.3,0.488,0.83,7,0.312,0.8211,0.6902,0.8349,1
RD-GHY-GTK-12,540.0,17.46229081866046,1620.4468476465913,38.46,143.67,19.0,0.779,0.2,8,0.466,0.8771,0.926,0.9689,1
RD-TEZ-ITA-11,155.0,1.0,391.04648767674587,164.33,448.32,12.8,1.0,1.11,1,0.891,0.9393,1.0,1.0,1
RD-BMD-DRG-04,42.0,15.049369537914124,2170.943763324212,212.35,592.25,6.5,1.0,1.29,4,1.0,0.9568,1.0,1.0,1
RD-BMD-DRG-04,42.0,15.045269466212408,2091.185851494486,21.63,55.89,11.2,0.236,1.04,7,0.231,0.7632,0.5325,0.7477,1
RD-TEZ-BHK-02,54.0,16.68826053459676,203.66983431391418,14.13,58.87,33.0,0.496,0.08,4,0.408,0.7138,1.0,0.9921,1
RD-GHY-NAG-10,345.0,14.201592470709977,1517.1342713486913,99.8,287.84,4.6,1.0,0.85,8,0.614,0.9979,0.8826,1.0,1
RD-BHK-BMD-03,96.0,24.735209422225353,2428.5280065104807,7.03,20.25,6.3,0.368,0.27,8,0.291,0.8791,0.8151,0.9127,1
RD-GHY-TEZ-01,178.0,6.443566115928215,54.2781566871758,42.91,148.7,11.2,0.546,0.81,3,0.353,0.647,0.9411,0.9033,1
RD-GHY-TEZ-01,178.0,13.612576698973584,76.23827339044388,140.71,591.52,20.6,1.0,0.85,2,0.805,0.9092,0.9838,0.9824,1
RD-SHL-SIL-08,215.0,24.322795581871095,1455.6655388943273,8.02,37.51,28.0,0.425,0.43,6,0.252,0.8686,0.8318,0.9117,1
RD-SHL-SIL-08,215.0,22.484540493347264,1328.6511706979772,16.71,74.86,7.8,0.3,0.81,9,0.23,0.8784,0.7215,0.9067,1
RD-GHY-ITA-09,320.0,11.224805708058502,366.2466569363879,46.81,171.42,9.0,0.621,0.96,3,0.355,0.7659,0.8253,0.8243,1
RD-BMD-DRG-04,42.0,18.013513725654743,2093.4950977059243,24.94,81.97,27.3,0.323,1.31,4,0.227,0.7595,0.5557,0.7469,1
RD-GHY-SHL-07,98.0,13.322219941277469,1562.1649580109781,0.82,3.65,16.1,0.062,3.28,4,0.057,0.4741,0.3556,0.4462,0
RD-GHY-GTK-12,540.0,16.9812525803369,1693.4798041095123,13.54,62.48,19.6,0.508,0.22,7,0.342,0.867,0.8965,0.9387,1
RD-DRG-SELA-05,62.0,32.93953618925841,4106.127676386007,4.03,13.62,25.4,0.095,2.29,8,0.091,0.8771,0.3299,0.861,1
RD-SELA-TWG-06,78.0,28.060627479740834,3192.3304256491024,56.22,150.45,23.6,0.551,1.76,9,0.351,0.9287,0.6144,0.937,1
RD-GHY-NAG-10,345.0,20.549124318139405,1526.5546479492027,1.42,6.44,16.5,0.071,0.79,7,0.162,0.7601,0.594,0.7658,1
RD-BHK-BMD-03,96.0,32.13894182467261,2442.5652688416526,4.1,20.12,12.6,0.367,0.43,6,0.235,0.8747,0.6688,0.8893,1
RD-DRG-SELA-05,62.0,27.58351054950034,4195.368939032593,4.1,17.11,32.2,0.107,2.93,8,0.077,0.8724,0.3298,0.8567,1
RD-GHY-SHL-07,98.0,14.839569864870766,1534.6959656059375,41.94,178.79,32.6,0.646,3.44,6,0.247,0.7538,0.5002,0.7153,1
RD-SHL-SIL-08,215.0,23.133927052397464,1431.7484766477412,7.93,20.52,4.3,0.118,1.01,8,0.17,0.7895,0.6663,0.815,1
RD-DRG-SELA-05,62.0,35.34439306309912,4044.1767087178323,3.43,15.26,10.5,0.101,2.47,10,0.083,0.9534,0.3241,0.9287,1
RD-GHY-ITA-09,320.0,11.350223557724844,326.49040227183093,21.92,86.3,18.5,0.338,1.4,4,0.207,0.5874,0.654,0.6415,0
RD-TEZ-ITA-11,155.0,2.7028671391988377,327.05050682783553,8.71,25.53,26.5,0.135,1.06,1,0.169,0.3597,0.6143,0.5773,0
RD-GHY-TEZ-01,178.0,5.009601398606747,115.90201612189648,30.64,147.7,15.3,0.542,0.64,1,0.318,0.5144,0.9122,0.8577,1
RD-SHL-SIL-08,215.0,19.914955216603623,1465.5827321318664,7.62,19.12,33.2,0.114,0.77,7,0.193,0.7185,0.6205,0.7426,1
RD-SELA-TWG-06,78.0,28.99018845192023,3236.965386027738,9.49,37.83,24.7,0.176,1.88,6,0.128,0.8488,0.3981,0.8342,1
RD-BMD-DRG-04,42.0,16.455206473975185,2209.59437912421,11.31,48.42,6.9,0.211,1.17,7,0.173,0.7496,0.4387,0.7245,1
RD-BMD-DRG-04,42.0,15.841109325671058,2137.553871405444,11.19,46.62,7.9,0.205,1.25,7,0.166,0.7511,0.4822,0.7308,1
RD-BHK-BMD-03,96.0,31.186910793422143,2321.393029187997,14.95,51.28,22.9,0.221,0.53,6,0.265,0.8702,0.6671,0.8847,1
RD-GHY-TEZ-01,178.0,1.0,89.72725689933631,129.93,534.48,28.6,1.0,0.66,2,0.779,0.8425,0.9511,0.9407,1
RD-SELA-TWG-06,78.0,26.78962171260899,3259.070203488,3.46,11.22,8.7,0.087,1.52,6,0.115,0.785,0.3542,0.7709,1
RD-GHY-TEZ-01,178.0,2.0973906734760517,68.05413582512197,40.43,188.07,11.1,0.677,0.53,0,0.382,0.5228,0.8993,0.8469,1
RD-SELA-TWG-06,78.0,20.025786267349833,3140.048612081433,162.83,800.58,13.7,1.0,2.06,7,0.838,1.0,0.9709,1.0,1
RD-SELA-TWG-06,78.0,23.174773699825685,3262.3779142623816,32.89,141.12,12.3,0.52,1.88,7,0.238,0.8711,0.4968,0.8673,1
RD-GHY-ITA-09,320.0,5.137383195751987,315.5000928703255,54.58,153.46,16.8,0.562,1.27,3,0.368,0.6685,0.789,0.7777,1
RD-GHY-NAG-10,345.0,14.618399986569123,1547.2332817882982,19.87,95.25,4.8,0.367,0.97,7,0.229,0.8341,0.6013,0.8362,1
RD-TEZ-ITA-11,155.0,6.892444138601011,302.99968765482595,4.3,21.39,8.3,0.121,1.67,2,0.112,0.3728,0.5651,0.5339,0
RD-SHL-SIL-08,215.0,17.55439944765057,1397.873826561747,48.28,200.22,13.8,0.967,0.49,6,0.428,0.9461,0.8738,0.9932,1
RD-GHY-GTK-12,540.0,18.08036701266377,1704.8990325358304,23.22,114.47,8.5,0.682,0.37,8,0.339,0.9209,0.8525,0.9605,1
RD-DRG-SELA-05,62.0,31.214242780728902,4190.375387707351,20.52,56.38,31.2,0.238,2.72,8,0.158,0.9473,0.3841,0.9318,1
RD-GHY-NAG-10,345.0,17.00251172254177,1500.3461957457134,4.72,18.08,28.4,0.11,1.05,10,0.151,0.7517,0.4587,0.7426,1
RD-GHY-GTK-12,540.0,23.228077333399597,1628.0996140900374,1.58,5.96,10.0,0.32,0.35,12,0.243,0.9164,0.8274,0.9527,1
RD-GHY-NAG-10,345.0,13.75465119409026,1493.511893320755,4.91,19.82,18.4,0.116,0.95,7,0.16,0.7282,0.5522,0.7313,1
RD-SHL-SIL-08,215.0,24.21936073905106,1366.603713181089,85.86,218.63,27.3,1.0,0.42,6,0.618,0.9359,1.0,1.0,1
RD-GHY-GTK-12,540.0,26.442532170981792,1670.5251526584261,99.29,339.06,29.0,1.0,0.4,7,0.685,0.9538,0.9504,1.0,1
RD-GHY-ITA-09,320.0,14.242063861341911,335.2927601431783,9.08,33.61,29.7,0.162,1.04,4,0.172,0.5718,0.6525,0.6386,0
RD-GHY-TEZ-01,178.0,2.9975482745979303,58.939646623597824,1.79,4.65,31.0,0.066,0.81,1,0.161,0.2702,0.7452,0.6756,1
RD-GHY-NAG-10,345.0,11.546786552041297,1503.0146774426719,37.69,163.63,27.7,0.595,0.79,8,0.331,0.8688,0.8001,0.8948,1
RD-BHK-BMD-03,96.0,24.625486176094856,2415.2718492895774,26.86,111.43,20.1,0.671,0.33,7,0.365,0.9711,0.8115,1.0,1
RD-BHK-BMD-03,96.0,18.64231362706625,2500.292747290822,5.32,26.21,21.2,0.387,0.2,7,0.311,0.7947,0.8079,0.841,1
RD-BHK-BMD-03,96.0,26.51241485108109,2499.860980712488,165.75,656.44,5.7,1.0,0.15,7,1.0,1.0,0.9698,1.0,1
RD-TEZ-BHK-02,54.0,12.966620730450462,247.83208043249405,302.28,1371.29,20.9,1.0,0.48,4,1.0,0.9967,1.0,1.0,1
RD-TEZ-ITA-11,155.0,6.133306997296958,314.1583298694594,88.1,264.37,18.7,0.931,1.64,1,0.505,0.8175,0.9023,0.8996,1
RD-SELA-TWG-06,78.0,20.511356614814638,3139.331677505382,142.71,501.7,14.5,1.0,1.98,7,0.746,0.9677,0.9527,1.0,1
RD-GHY-ITA-09,320.0,10.077302462255213,380.48544613577553,71.93,277.79,9.5,0.976,1.11,5,0.46,0.801,0.8174,0.821,1
RD-BMD-DRG-04,42.0,14.913002168421109,2182.2643171660575,32.73,126.84,12.7,0.473,1.13,6,0.276,0.8216,0.6343,0.8145,1
RD-GHY-GTK-12,540.0,21.620623402107384,1666.6516612422565,110.08,323.31,14.2,1.0,0.66,7,0.686,0.9004,0.9286,0.9747,1
RD-TEZ-ITA-11,155.0,10.92592129592845,306.78063266745414,6.16,16.86,24.9,0.106,1.5,3,0.129,0.491,0.5682,0.5468,0
RD-SELA-TWG-06,78.0,25.656612295712144,3219.3304584273137,2.13,9.24,19.1,0.081,1.79,7,0.097,0.7916,0.3687,0.7787,1
RD-BHK-BMD-03,96.0,26.529077809927525,2384.4659927897137,4.65,21.69,33.7,0.372,0.37,8,0.251,0.8356,0.7355,0.8605,1
RD-GHY-NAG-10,345.0,19.973646761580262,1564.1590093916332,35.18,166.82,18.2,0.606,0.62,8,0.343,0.8648,0.7757,0.8877,1
RD-SELA-TWG-06,78.0,20.530571967575916,3257.468051575945,56.47,168.27,25.1,0.611,1.76,7,0.352,0.8942,0.6674,0.9116,1
RD-TEZ-ITA-11,155.0,11.080482390874213,362.4808728432314,42.88,120.76,20.6,0.453,1.54,3,0.298,0.6431,0.7543,0.7359,1
RD-TEZ-ITA-11,155.0,6.824139604580783,339.0880560507246,30.99,146.93,27.5,0.54,1.67,2,0.237,0.5698,0.704,0.6806,1
RD-TEZ-BHK-02,54.0,16.35954213831925,305.4979939854482,123.6,504.43,23.9,1.0,0.32,5,0.821,0.9684,0.9495,0.996,1
RD-GHY-ITA-09,320.0,10.229326911451164,373.5656880988501,215.29,950.45,12.6,1.0,1.55,2,1.0,0.9749,1.0,1.0,1
RD-DRG-SELA-05,62.0,29.96288885999266,4112.038945116544,104.04,319.17,13.4,1.0,2.52,7,0.552,0.9805,0.7694,1.0,1
RD-SHL-SIL-08,215.0,17.708320823638747,1324.028267410806,113.64,326.8,20.9,1.0,0.13,8,0.85,0.9576,0.9475,1.0,1
RD-GHY-NAG-10,345.0,15.145707894398287,1467.4207807024877,245.1,843.89,10.3,1.0,0.5,6,1.0,1.0,1.0,1.0,1
RD-GHY-ITA-09,320.0,11.987397042226252,351.4532679608298,189.22,620.63,29.4,1.0,0.86,3,1.0,0.9782,1.0,1.0,1
RD-TEZ-ITA-11,155.0,7.909272992190392,413.3280827929985,1.23,3.4,6.3,0.061,1.36,2,0.113,0.3784,0.5446,0.5158,0
RD-GHY-TEZ-01,178.0,2.3151475342267975,55.263495202301,7.34,20.03,14.6,0.117,0.87,1,0.18,0.3264,0.7979,0.7293,1
RD-GHY-ITA-09,320.0,7.196791034502233,399.2189320011237,15.03,74.81,20.2,0.299,1.25,2,0.185,0.5299,0.6457,0.6282,0
RD-SELA-TWG-06,78.0,29.655528864692272,3194.859543759695,36.97,112.35,6.1,0.424,1.77,6,0.261,0.8881,0.5086,0.8846,1
RD-GHY-GTK-12,540.0,22.24488208282556,1648.9766271229932,200.66,964.33,12.2,1.0,0.5,8,1.0,0.995,0.9483,1.0,1
RD-SHL-SIL-08,215.0,22.573970537721888,1358.9225079968191,117.08,398.79,30.1,1.0,0.5,6,0.746,0.9638,0.9517,1.0,1
RD-TEZ-BHK-02,54.0,7.425346150733661,215.863904131048,151.76,629.58,8.1,1.0,0.37,6,0.938,0.8969,0.9094,0.9304,1
RD-TEZ-BHK-02,54.0,18.48999789244332,272.7509473123258,131.68,521.7,17.5,1.0,0.17,8,0.911,0.9499,0.9767,1.0,1
RD-GHY-NAG-10,345.0,16.48405957954566,1556.5025755502575,7.54,24.94,14.6,0.133,1.0,6,0.169,0.7476,0.519,0.7457,1
RD-GHY-TEZ-01,178.0,2.842756686654005,41.60679163853505,12.24,36.31,27.8,0.171,0.89,1,0.201,0.3489,0.7791,0.715,1
RD-GHY-TEZ-01,178.0,4.848798963163704,130.71366103025022,139.79,616.26,29.1,1.0,0.94,0,0.791,0.8276,0.992,0.9783,1
RD-SELA-TWG-06,78.0,23.014662678785037,3228.6703121496903,84.6,225.62,13.4,0.802,1.83,9,0.481,0.9829,0.7777,1.0,1
RD-GHY-GTK-12,540.0,27.156238555011,1690.503256312768,38.95,147.72,22.7,0.792,0.05,8,0.545,0.9427,0.9952,1.0,1
RD-DRG-SELA-05,62.0,27.441335657404867,4149.89240532488,44.69,184.11,8.8,0.664,2.43,7,0.277,0.9417,0.4684,0.9386,1
RD-TEZ-ITA-11,155.0,11.222494557104598,360.03049903449175,6.65,32.75,25.0,0.159,1.26,5,0.145,0.4375,0.5858,0.5584,0
RD-BMD-DRG-04,42.0,15.64037071405535,2124.6987260844285,17.34,83.44,5.3,0.328,1.1,5,0.206,0.724,0.5567,0.7138,1
RD-GHY-GTK-12,540.0,22.905451937747017,1720.6766904703973,123.08,515.45,29.9,1.0,0.49,9,0.777,0.9693,0.9852,1.0,1
RD-GHY-TEZ-01,178.0,4.765763290679803,162.13208924250333,16.4,80.0,15.8,0.317,0.75,0,0.237,0.351,0.8528,0.7817,1
RD-DRG-SELA-05,62.0,30.902132119012396,4221.235412544338,184.64,473.68,6.7,1.0,2.73,7,0.924,0.9858,0.887,1.0,1
RD-BHK-BMD-03,96.0,28.07478720674746,2445.5958455332934,25.91,72.18,15.0,0.541,0.24,7,0.391,0.8909,0.9123,0.9554,1
RD-GHY-SHL-07,98.0,10.924323019268417,1607.127469065238,100.49,477.79,28.7,1.0,2.96,2,0.527,0.8773,0.7646,0.8643,1
RD-BMD-DRG-04,42.0,18.04875797884811,2045.4296227977384,18.81,79.21,15.9,0.314,1.07,4,0.215,0.7077,0.5182,0.6946,1
RD-BMD-DRG-04,42.0,17.487153281628363,2190.992264187329,66.63,251.43,25.2,0.888,1.56,4,0.408,0.8857,0.6706,0.88,1
RD-DRG-SELA-05,62.0,26.777158900523315,4134.168337082091,7.05,26.05,8.0,0.137,2.43,7,0.101,0.877,0.2918,0.8558,1
RD-SHL-SIL-08,215.0,25.692055563396963,1460.3382297425158,5.77,28.74,12.2,0.146,0.67,7,0.198,0.8174,0.7141,0.8473,1
RD-SHL-SIL-08,215.0,24.116447986494965,1349.9200779057326,10.74,28.06,18.9,0.144,0.68,6,0.219,0.8185,0.7039,0.8472,1
RD-SELA-TWG-06,78.0,23.114425119794834,3306.705051361613,50.43,224.45,23.6,0.798,1.59,7,0.331,0.9204,0.6591,0.9354,1
RD-TEZ-ITA-11,155.0,5.284784570563245,276.0969358869628,20.47,77.2,29.3,0.307,1.57,2,0.192,0.4972,0.6359,0.6099,0
RD-TEZ-ITA-11,155.0,5.132696554936478,281.77436855231804,17.1,75.55,21.6,0.302,1.36,3,0.187,0.4712,0.6756,0.644,0
RD-BHK-BMD-03,96.0,29.55687344133782,2448.7562237869797,165.33,593.43,20.9,1.0,0.59,7,0.956,0.9938,0.9999,1.0,1
RD-GHY-NAG-10,345.0,15.36043510612339,1472.6908597104864,5.87,21.29,16.7,0.121,0.98,8,0.163,0.7037,0.5236,0.7054,1
RD-GHY-ITA-09,320.0,7.838606191220038,301.6311761126915,97.89,338.16,31.7,1.0,0.88,2,0.601,0.8652,0.8503,0.8738,1
RD-GHY-GTK-12,540.0,17.37804612395813,1668.5589077073764,49.69,157.47,13.0,0.825,0.05,7,0.596,0.9186,1.0,1.0,1
RD-TEZ-ITA-11,155.0,8.804783706061352,325.7610136443566,10.06,35.59,8.6,0.169,1.38,2,0.153,0.4571,0.5976,0.5709,0
RD-DRG-SELA-05,62.0,32.096197241357814,4226.347333989123,179.97,536.68,11.3,1.0,2.52,8,0.906,0.9641,0.9954,1.0,1
RD-GHY-GTK-12,540.0,20.51743359932051,1616.0605542435883,42.69,125.74,30.4,0.719,0.18,9,0.492,0.9272,0.9731,1.0,1
RD-GHY-ITA-09,320.0,11.278956659564434,375.5910179372309,62.99,240.95,10.2,0.853,1.19,2,0.412,0.8351,0.8939,0.8998,1
RD-DRG-SELA-05,62.0,33.03799705137109,4106.02962012585,156.32,572.48,14.0,1.0,2.44,7,0.797,0.9865,0.9597,1.0,1
RD-BMD-DRG-04,42.0,12.34167714215269,2045.6083934580506,25.26,119.85,11.2,0.449,1.35,6,0.226,0.8072,0.5117,0.7861,1
RD-SHL-SIL-08,215.0,25.741316154019827,1343.2657744985277,77.45,216.78,6.8,0.773,0.82,8,0.513,0.9568,0.8767,1.0,1
RD-TEZ-BHK-02,54.0,12.265138320887475,167.63715003070575,78.79,285.76,21.2,1.0,0.05,3,0.731,0.8811,0.9872,1.0,1
RD-TEZ-ITA-11,155.0,5.674816778258339,382.9213304158189,154.13,635.47,13.4,1.0,1.54,3,0.817,0.8995,0.9376,0.9454,1
RD-BHK-BMD-03,96.0,27.29551012631544,2479.5754435517597,38.88,122.28,17.9,0.708,0.12,7,0.502,0.9474,0.9885,1.0,1
RD-SELA-TWG-06,78.0,28.670923143004686,3150.7348821720802,101.31,341.66,14.4,1.0,1.9,7,0.556,1.0,0.8109,1.0,1
RD-GHY-SHL-07,98.0,17.850980334533176,1650.9111230845808,7.97,26.06,8.0,0.137,3.29,4,0.09,0.5807,0.3188,0.5393,0
RD-GHY-TEZ-01,178.0,4.013159999796318,35.4174159684884,0.55,2.34,18.1,0.058,0.95,3,0.141,0.3394,0.7345,0.6737,1
RD-TEZ-BHK-02,54.0,18.38050811391541,274.84092113917694,98.93,390.29,29.2,1.0,0.58,4,0.648,0.9816,0.9829,1.0,1
RD-GHY-TEZ-01,178.0,6.810929092482594,111.42309467908967,178.56,862.73,27.9,1.0,0.72,1,0.998,0.8773,0.9683,0.9625,1
RD-SHL-SIL-08,215.0,22.755264006200555,1335.2132322335483,4.76,13.9,19.4,0.096,0.53,8,0.217,0.8462,0.7578,0.8805,1
RD-TEZ-ITA-11,155.0,9.013259342611846,370.555172793923,22.88,101.48,27.7,0.388,1.61,3,0.201,0.5744,0.655,0.6352,0
RD-BHK-BMD-03,96.0,27.477054845233983,2436.1808078290273,91.48,397.85,30.3,1.0,0.39,6,0.653,1.0,0.9315,1.0,1
RD-DRG-SELA-05,62.0,36.26032145115681,4128.267985010311,225.84,643.16,11.5,1.0,2.25,10,1.0,1.0,0.9185,1.0,1
RD-GHY-ITA-09,320.0,6.067298397837238,307.67006520528196,168.68,640.11,14.0,1.0,1.15,5,0.908,0.9306,0.9867,1.0,1
RD-GHY-TEZ-01,178.0,4.842969342889733,61.776317866671754,53.57,204.48,11.9,0.732,1.01,0,0.382,0.612,0.8668,0.8283,1
RD-GHY-NAG-10,345.0,16.068739910778042,1551.0576377257842,9.72,33.41,25.3,0.161,0.89,7,0.189,0.768,0.5595,0.7692,1
RD-GHY-NAG-10,345.0,15.270813971962351,1514.4672701810723,15.56,55.41,29.5,0.235,1.12,9,0.196,0.7622,0.5628,0.7643,1
RD-GHY-GTK-12,540.0,21.204993178305124,1605.685934414735,12.57,52.96,9.5,0.477,0.45,8,0.27,0.8646,0.8303,0.9026,1
RD-BMD-DRG-04,42.0,14.098476450431342,2147.682438941578,38.25,110.52,5.9,0.418,1.52,4,0.278,0.7237,0.5577,0.7137,1
RD-SELA-TWG-06,78.0,27.162943422983066,3148.1510890655795,61.72,302.8,10.4,1.0,1.61,8,0.383,0.9601,0.6615,0.9733,1
RD-SHL-SIL-08,215.0,10.166219416962647,1347.3577317726,26.09,97.65,20.9,0.625,0.44,9,0.335,0.8715,0.8508,0.917,1
RD-DRG-SELA-05,62.0,34.99049784315507,4215.797724478102,156.53,440.67,28.7,1.0,2.31,8,0.802,0.9474,0.9216,1.0,1
RD-BMD-DRG-04,42.0,15.835372544573856,2104.2275589793176,23.54,114.9,6.1,0.433,1.1,5,0.235,0.7861,0.5493,0.771,1
RD-GHY-ITA-09,320.0,10.431688771178736,269.8154960950617,138.02,460.46,13.2,1.0,0.85,3,0.793,0.9633,0.9229,0.9802,1
RD-GHY-SHL-07,98.0,13.524888239736438,1594.7707431038334,1.13,5.53,21.0,0.068,3.3,2,0.058,0.4681,0.2677,0.4346,0
RD-GHY-NAG-10,345.0,15.469160675980083,1540.4648594478215,52.96,213.32,21.1,0.761,0.78,7,0.403,0.9537,0.765,0.9721,1
RD-GHY-TEZ-01,178.0,5.863271384630654,75.62926890523998,168.07,609.34,10.5,1.0,0.54,1,0.976,0.9465,0.9757,0.9799,1
RD-BHK-BMD-03,96.0,22.481954125505652,2468.0279226040975,77.54,263.32,24.2,1.0,0.18,9,0.658,0.9886,0.9634,1.0,1
RD-GHY-NAG-10,345.0,23.097669040030645,1472.6568312080258,3.48,11.56,12.7,0.089,1.23,7,0.132,0.8111,0.508,0.8033,1
RD-GHY-ITA-09,320.0,7.128956686384479,347.90469455208967,97.05,341.59,8.8,1.0,1.27,2,0.566,0.8537,0.871,0.8798,1
RD-GHY-NAG-10,345.0,19.347806262845715,1427.9239238622492,61.04,288.69,22.5,1.0,1.19,8,0.403,0.9572,0.7504,0.9733,1
RD-BHK-BMD-03,96.0,25.727959725729225,2461.2781818579024,32.7,87.04,25.9,0.34,0.51,6,0.351,0.8851,0.7147,0.9052,1
RD-GHY-TEZ-01,178.0,6.0091736262129105,165.50992956863993,52.12,205.94,16.8,0.736,0.8,2,0.397,0.6206,0.8637,0.8265,1
RD-DRG-SELA-05,62.0,30.849718638090987,4121.5398673754535,3.25,11.72,18.6,0.089,2.56,9,0.081,0.8589,0.2787,0.838,1
RD-BHK-BMD-03,96.0,22.753350379081244,2459.3141478431903,10.93,48.77,12.5,0.463,0.05,7,0.415,0.8261,0.9769,1.0,1
RD-SHL-SIL-08,215.0,22.416286465898324,1375.636079268647,19.93,54.19,21.7,0.231,0.62,7,0.272,0.8957,0.7954,0.9332,1
RD-SHL-SIL-08,215.0,25.662220677281336,1433.6052890084097,147.24,579.72,9.0,1.0,0.6,6,0.868,0.9435,1.0,1.0,1
RD-BHK-BMD-03,96.0,30.098278850725137,2602.745459601478,165.47,753.2,13.5,1.0,0.34,9,1.0,0.9825,0.968,1.0,1
RD-BHK-BMD-03,96.0,30.13576570952587,2462.7651759231576,18.22,85.15,12.4,0.584,0.34,6,0.322,0.9068,0.8203,0.9404,1
RD-TEZ-BHK-02,54.0,14.579171320674066,362.8150759471116,181.46,461.11,25.4,1.0,0.31,3,1.0,0.9533,0.9581,0.9864,1
RD-BMD-DRG-04,42.0,15.889479921625567,2055.461279608271,127.35,380.31,28.1,1.0,1.03,6,0.725,0.9286,0.9329,0.9609,1
RD-GHY-GTK-12,540.0,22.0613197134037,1663.8740880853709,227.81,883.47,16.1,1.0,0.38,9,1.0,1.0,1.0,1.0,1
RD-TEZ-ITA-11,155.0,5.505514514427988,257.9464671367848,28.83,124.76,32.0,0.466,1.15,1,0.256,0.4959,0.7551,0.72,1
RD-SELA-TWG-06,78.0,30.60233152874394,3224.9135161666227,197.61,851.07,20.4,1.0,2.12,8,0.999,1.0,0.9539,1.0,1
RD-BHK-BMD-03,96.0,23.654616451707728,2430.6051665411487,24.0,73.51,17.6,0.545,0.29,8,0.365,0.8577,0.8053,0.8906,1
RD-SHL-SIL-08,215.0,22.776749169520723,1435.3185195946999,8.85,26.63,8.0,0.389,0.3,8,0.292,0.8316,0.8304,0.8755,1
RD-GHY-SHL-07,98.0,11.632987990432454,1501.7687182260493,3.21,11.14,20.0,0.087,3.36,7,0.067,0.4876,0.2958,0.4541,0
RD-SHL-SIL-08,215.0,21.999180503146192,1404.2300048148759,4.15,19.09,24.2,0.364,0.26,7,0.282,0.8075,0.8892,0.9285,1
RD-SHL-SIL-08,215.0,23.974414755553166,1349.8164913672317,53.63,177.05,22.7,0.64,0.74,8,0.412,0.9757,0.901,1.0,1
RD-TEZ-BHK-02,54.0,14.033294884600496,194.94200295192945,24.8,77.59,17.3,0.559,0.18,3,0.41,0.7616,0.9456,0.9467,1
RD-SELA-TWG-06,78.0,26.96428823818207,3082.0152546883874,31.55,84.81,25.5,0.333,1.56,8,0.244,0.9542,0.5336,0.9494,1
RD-BHK-BMD-03,96.0,24.36392362205099,2483.545402001751,78.71,330.43,28.3,1.0,0.59,6,0.55,1.0,0.8847,1.0,1
RD-SELA-TWG-06,78.0,22.567726379937188,3174.484030330754,124.07,539.22,26.5,1.0,1.67,7,0.671,0.9481,0.8825,0.9934,1
RD-TEZ-ITA-11,155.0,1.0,372.7636791803902,18.67,61.62,7.2,0.255,1.49,2,0.188,0.4028,0.5793,0.5494,0
RD-GHY-SHL-07,98.0,16.671798988550606,1608.741803076885,10.52,47.23,18.0,0.207,2.91,3,0.108,0.57,0.3323,0.5309,0
RD-GHY-ITA-09,320.0,8.081867780533914,295.8682557664192,174.49,736.36,23.4,1.0,0.7,4,0.981,0.8896,0.9976,1.0,1
RD-SHL-SIL-08,215.0,23.380715328897416,1430.6468858745136,8.16,27.03,13.3,0.39,0.25,7,0.304,0.8276,0.8622,0.9049,1
RD-GHY-NAG-10,345.0,17.496467608337166,1536.7534760860156,232.18,703.89,28.1,1.0,0.79,6,1.0,0.9641,0.9773,1.0,1
RD-GHY-NAG-10,345.0,16.616578955623776,1551.8307235903515,143.38,506.62,4.4,1.0,0.69,6,0.837,0.984,0.9485,1.0,1
RD-BMD-DRG-04,42.0,7.329757773571853,2045.802569161595,130.54,637.68,27.9,1.0,1.42,5,0.714,0.9557,0.8393,0.9706,1
RD-SELA-TWG-06,78.0,21.56685174545647,3301.8493505312763,48.96,150.49,8.1,0.552,1.61,6,0.323,0.8912,0.5688,0.8956,1
RD-GHY-TEZ-01,178.0,2.1980595301926584,126.18963500292725,114.34,562.37,25.3,1.0,1.07,1,0.661,0.7538,0.9262,0.904,1
RD-GHY-SHL-07,98.0,14.035320703900801,1513.7650651673562,35.12,155.59,29.0,0.569,3.1,3,0.219,0.6835,0.4865,0.6489,0
RD-TEZ-ITA-11,155.0,1.8289729939422852,322.6057299778505,151.79,392.65,31.1,1.0,1.6,1,0.804,0.8587,1.0,1.0,1
RD-SHL-SIL-08,215.0,15.068868090733178,1382.3343705748523,84.79,316.01,14.2,1.0,0.41,7,0.615,0.9168,0.928,0.9814,1
RD-BMD-DRG-04,42.0,14.820040190721818,2111.6900143467706,72.58,258.93,29.9,0.913,1.23,5,0.454,0.938,0.7432,0.9399,1
RD-TEZ-BHK-02,54.0,8.823040613174271,219.4303172643717,3.34,15.8,7.6,0.353,0.05,5,0.379,0.5944,0.989,0.9639,1
RD-TEZ-ITA-11,155.0,6.348398617665744,349.969015323411,132.17,551.6,27.5,1.0,1.55,3,0.714,0.9185,0.9457,0.9562,1
RD-BHK-BMD-03,96.0,27.528681500594757,2514.1684532827217,5.85,23.51,14.6,0.378,0.23,6,0.302,0.831,0.7989,0.8639,1
RD-GHY-SHL-07,98.0,15.609192607622253,1559.5967332557018,12.87,51.95,8.6,0.223,2.97,4,0.118,0.6051,0.3355,0.5628,0
RD-SHL-SIL-08,215.0,24.43253303277627,1370.7045953830925,148.62,478.38,13.2,1.0,0.77,8,0.851,1.0,0.9666,1.0,1
RD-GHY-SHL-07,98.0,9.991063069701546,1492.1030459340354,144.95,436.76,30.5,1.0,3.2,3,0.73,0.9522,0.8718,0.9519,1
RD-GHY-SHL-07,98.0,14.92073799147243,1529.4612205313651,108.68,394.7,13.1,1.0,3.17,5,0.562,0.8825,0.8039,0.8745,1
RD-TEZ-BHK-02,54.0,16.991111867031407,234.67466355915374,53.57,152.47,14.8,0.808,0.47,3,0.457,0.8688,0.9013,0.9185,1
RD-TEZ-BHK-02,54.0,8.750282895446464,244.19506619744868,0.66,3.02,15.1,0.31,0.25,4,0.268,0.6026,0.8651,0.8485,1
RD-GHY-GTK-12,540.0,18.500335216320337,1623.649341435155,79.3,207.41,22.4,0.991,0.05,7,0.734,0.9682,1.0,1.0,1
RD-GHY-SHL-07,98.0,12.565110728506435,1608.9208402830232,66.87,312.98,20.0,1.0,3.21,2,0.366,0.8255,0.6204,0.7965,1
RD-GHY-TEZ-01,178.0,6.382353004189328,107.34481974419444,116.37,448.26,23.5,1.0,0.91,2,0.685,0.8469,0.9123,0.9034,1
RD-BHK-BMD-03,96.0,28.218400107450748,2469.585488718218,81.94,260.16,8.8,0.917,0.76,6,0.542,0.9513,0.8731,0.9912,1
RD-GHY-SHL-07,98.0,10.478110770053174,1527.1138096219668,2.31,5.86,31.7,0.07,2.9,4,0.07,0.5505,0.2883,0.5097,0
RD-GHY-TEZ-01,178.0,8.822571067727392,175.48678815227083,15.86,54.22,23.2,0.231,0.85,0,0.222,0.4302,0.7909,0.7353,1
RD-TEZ-ITA-11,155.0,8.700310001774803,306.37400678975,0.11,0.45,27.6,0.052,1.63,1,0.094,0.4141,0.584,0.5547,0
RD-GHY-TEZ-01,178.0,5.663908366837662,150.07578975547344,45.81,180.38,25.4,0.651,0.92,1,0.354,0.5858,0.9355,0.8894,1
RD-DRG-SELA-05,62.0,28.110127971195563,4187.11704504912,15.97,53.09,25.7,0.227,2.27,7,0.147,0.9047,0.4158,0.8974,1
RD-TEZ-BHK-02,54.0,11.352154823834447,350.4112417000073,9.96,40.68,17.2,0.436,0.43,4,0.263,0.598,0.8507,0.8344,1
RD-SHL-SIL-08,215.0,22.966791806392763,1310.6878068912365,7.8,37.0,26.1,0.173,0.53,8,0.231,0.8389,0.7347,0.8705,1
RD-SHL-SIL-08,215.0,18.22616876898645,1339.1684067491594,48.64,162.58,7.1,0.592,0.63,6,0.404,0.9134,0.8439,0.9571,1
RD-GHY-ITA-09,320.0,4.4656086829449935,336.02098018011486,98.61,409.73,13.3,1.0,1.17,2,0.58,0.8749,0.9333,0.9438,1
RD-TEZ-BHK-02,54.0,6.261498781066445,231.46738331579246,55.87,268.23,8.0,1.0,0.05,5,0.624,0.7927,1.0,1.0,1
RD-GHY-SHL-07,98.0,13.897941560894049,1638.7659196590384,11.86,32.22,20.7,0.157,2.99,3,0.113,0.564,0.3318,0.5255,0
RD-GHY-SHL-07,98.0,11.188190183101216,1515.1178472680526,168.88,574.55,19.7,1.0,2.91,4,0.847,0.9489,0.9614,0.9721,1
RD-TEZ-BHK-02,54.0,17.306720701514845,253.31540182477474,167.82,466.57,18.2,1.0,0.4,7,1.0,0.9637,1.0,1.0,1
RD-SELA-TWG-06,78.0,25.263442437837757,3228.566632173919,26.06,109.65,9.2,0.416,1.94,9,0.204,0.9038,0.4952,0.8973,1
RD-GHY-GTK-12,540.0,20.02530716201457,1610.823118315731,91.37,250.0,4.5,1.0,0.47,7,0.633,0.9892,0.9873,1.0,1
RD-BMD-DRG-04,42.0,15.59722865498003,2219.556700666629,119.18,483.44,23.1,1.0,0.82,4,0.707,0.9457,0.8484,0.9622,1
RD-GHY-NAG-10,345.0,13.145961221590717,1530.7281292172127,11.25,38.26,33.1,0.178,0.66,9,0.225,0.8051,0.6244,0.8117,1
RD-SHL-SIL-08,215.0,23.893780883547244,1282.1073728258707,35.26,145.14,28.1,0.534,0.52,7,0.36,0.8889,0.866,0.936,1
RD-SHL-SIL-08,215.0,25.749387180653635,1350.85205582763,65.67,224.21,26.3,0.797,0.55,9,0.496,0.9986,0.895,1.0,1
RD-TEZ-BHK-02,54.0,14.358790420423617,261.6025248401806,8.46,41.68,29.5,0.439,0.32,4,0.283,0.6804,0.8606,0.8543,1
RD-SHL-SIL-08,215.0,21.71939153557208,1452.5551390517278,67.84,337.73,13.6,1.0,0.46,6,0.524,0.9848,0.8931,1.0,1
RD-GHY-NAG-10,345.0,24.03996840243081,1627.6167531276192,23.66,115.28,17.7,0.434,0.78,6,0.267,0.8949,0.6387,0.8984,1
RD-DRG-SELA-05,62.0,32.6107837778238,4197.548692684672,7.11,20.07,13.0,0.117,2.36,7,0.103,0.8982,0.3435,0.8817,1
RD-TEZ-ITA-11,155.0,4.689000120067616,277.60319220132453,42.41,146.08,19.9,0.537,1.22,3,0.314,0.6172,0.814,0.7893,1
RD-GHY-TEZ-01,178.0,5.669430013298917,30.970527558364452,24.2,87.77,31.7,0.343,0.91,0,0.254,0.4127,0.8264,0.7656,1
RD-BHK-BMD-03,96.0,31.853351198255837,2413.6838008009895,37.88,109.64,15.8,0.665,0.37,6,0.406,0.9807,0.8821,1.0,1
RD-GHY-SHL-07,98.0,12.499269037245314,1634.1665724146096,94.01,312.93,14.8,1.0,2.66,3,0.502,0.8926,0.7657,0.8792,1
RD-SELA-TWG-06,78.0,21.97036858559313,3158.3282977455233,54.05,241.7,12.1,0.856,1.75,7,0.341,0.9153,0.6176,0.9248,1
RD-GHY-TEZ-01,178.0,8.00704412060466,26.13055595168322,33.48,103.31,9.4,0.394,1.15,1,0.277,0.526,0.8056,0.7603,1
RD-SELA-TWG-06,78.0,22.465106352489606,3210.1420193897134,30.9,99.13,20.7,0.38,2.06,10,0.222,0.8853,0.521,0.8837,1
RD-GHY-ITA-09,320.0,5.559914044404582,300.5655858918192,42.75,110.88,33.0,0.42,1.29,3,0.311,0.6344,0.7282,0.7163,1
RD-BMD-DRG-04,42.0,23.874709049346688,2127.1408829400207,122.48,332.24,4.8,1.0,1.17,7,0.691,0.9011,0.8839,0.9234,1
RD-GHY-ITA-09,320.0,8.252782571678152,340.72205356332273,158.97,757.77,28.4,1.0,0.76,2,0.901,0.9611,1.0,1.0,1
RD-GHY-GTK-12,540.0,29.161538182426582,1654.3446247707648,223.3,920.12,13.5,1.0,0.41,8,1.0,0.9288,0.9572,1.0,1
RD-SHL-SIL-08,215.0,20.932123129675325,1392.5439765888846,96.33,435.79,6.7,1.0,0.14,6,0.762,0.9679,0.9845,1.0,1
RD-DRG-SELA-05,62.0,31.84574703450063,4153.120969067829,11.09,49.12,19.3,0.214,2.75,9,0.113,0.9705,0.3052,0.9414,1
RD-SHL-SIL-08,215.0,26.296760085828218,1430.1280614095726,33.15,159.75,9.5,0.583,0.51,6,0.352,0.9371,0.8395,0.9795,1
RD-BMD-DRG-04,42.0,14.938461832234543,2069.8202491485063,71.8,266.47,9.1,0.938,1.62,5,0.429,0.8679,0.7029,0.8672,1
RD-GHY-GTK-12,540.0,23.72421762240924,1596.173460985381,1.79,5.69,28.6,0.069,0.7,9,0.175,0.9023,0.6556,0.9157,1
RD-GHY-NAG-10,345.0,13.523183418048433,1431.3985412683385,65.32,188.18,7.2,0.677,0.92,7,0.446,0.8697,0.7945,0.8949,1
RD-TEZ-BHK-02,54.0,8.831956151664778,253.49862725013728,40.0,163.01,28.2,0.843,0.21,4,0.469,0.7894,0.9417,0.947,1
RD-GHY-TEZ-01,178.0,2.8531629678772865,204.61781833287182,166.71,675.47,33.6,1.0,1.3,0,0.889,0.9347,1.0,1.0,1
RD-GHY-GTK-12,540.0,21.038084726710963,1585.0521813822725,8.1,22.02,15.1,0.123,0.78,9,0.194,0.8447,0.6606,0.8617,1
RD-TEZ-BHK-02,54.0,18.025005989254055,218.54526012625894,20.13,82.91,19.0,0.576,0.2,5,0.378,0.8082,0.8825,0.8921,1
RD-GHY-GTK-12,540.0,22.76081958005951,1712.2966248450575,108.01,450.6,32.2,1.0,0.1,7,0.838,0.9675,0.9794,1.0,1
RD-TEZ-ITA-11,155.0,1.0962875777469518,313.65820649739373,32.94,133.31,17.7,0.494,1.49,3,0.254,0.4963,0.7407,0.7067,1
RD-GHY-SHL-07,98.0,12.609260870449594,1543.3244944882422,7.57,31.87,27.6,0.156,3.16,5,0.09,0.473,0.3324,0.4436,0
RD-BHK-BMD-03,96.0,31.932091591943337,2416.1259613192274,60.1,182.75,19.4,0.909,0.22,9,0.56,0.9642,0.9978,1.0,1
RD-DRG-SELA-05,62.0,32.755648285972306,4146.800116791901,21.51,75.97,29.6,0.303,2.21,8,0.174,0.932,0.4266,0.9239,1
RD-GHY-GTK-12,540.0,18.965254212142508,1706.6224146797979,30.35,118.63,11.4,0.695,0.39,9,0.366,0.9514,0.836,0.988,1
RD-GHY-SHL-07,98.0,12.560632146803993,1559.0372737393698,90.95,275.98,20.4,0.97,3.35,5,0.476,0.852,0.6531,0.8256,1
RD-BMD-DRG-04,42.0,15.401898449303253,2072.657997863393,31.54,114.05,11.1,0.43,1.26,5,0.261,0.8066,0.5353,0.7884,1
RD-DRG-SELA-05,62.0,28.591523689231096,4282.677590480948,4.81,15.94,24.9,0.103,2.53,9,0.089,0.8506,0.3317,0.8374,1
RD-GHY-ITA-09,320.0,4.9924140967726975,294.0863486968885,219.77,1021.39,19.4,1.0,1.05,3,1.0,1.0,1.0,1.0,1
RD-BMD-DRG-04,42.0,13.238337981443388,2072.0420661938674,60.81,229.56,18.2,0.815,1.38,6,0.39,0.9353,0.718,0.9338,1
RD-GHY-TEZ-01,178.0,9.01480710017929,92.60009654992137,14.49,44.14,20.9,0.197,0.92,2,0.208,0.4338,0.8018,0.7457,1
RD-SHL-SIL-08,215.0,23.39064665790332,1357.490346537905,171.91,670.99,7.1,1.0,0.27,7,1.0,0.9989,1.0,1.0,1
RD-GHY-SHL-07,98.0,18.297385535071264,1485.8650221793705,71.54,182.82,8.1,0.659,3.12,4,0.389,0.8577,0.6666,0.8328,1
RD-GHY-GTK-12,540.0,19.941740915926477,1710.2601874685902,10.7,27.17,7.1,0.391,0.33,7,0.29,0.8788,0.853,0.9194,1
RD-DRG-SELA-05,62.0,36.64201091131018,4198.257521627433,15.17,41.26,7.1,0.188,2.3,9,0.142,0.9647,0.3663,0.945,1
RD-GHY-TEZ-01,178.0,5.194850196290858,89.52331588328222,37.74,167.3,11.2,0.608,0.92,1,0.317,0.5271,0.8783,0.828,1
RD-BHK-BMD-03,96.0,18.859403016371587,2535.658642078143,14.76,45.26,11.6,0.201,0.56,9,0.258,0.8174,0.6696,0.8349,1
RD-DRG-SELA-05,62.0,31.213430714003287,4181.033471161268,189.57,728.22,21.0,1.0,2.5,8,0.951,1.0,0.9746,1.0,1
RD-BMD-DRG-04,42.0,17.651389507756114,2110.975375010242,171.35,677.32,11.7,1.0,1.29,5,0.911,0.9667,0.9767,1.0,1
RD-GHY-SHL-07,98.0,12.784071860554729,1523.2824997539374,0.34,0.9,6.7,0.053,3.1,3,0.057,0.48,0.2537,0.4443,0
RD-DRG-SELA-05,62.0,29.90508751801616,4237.482638316203,32.8,86.85,23.8,0.339,2.51,10,0.219,0.9452,0.4258,0.9358,1
RD-GHY-NAG-10,345.0,20.86933180252037,1486.5354655855883,7.88,20.1,21.2,0.117,1.17,7,0.157,0.8216,0.5128,0.8135,1
RD-TEZ-ITA-11,155.0,4.817850947280769,394.25771244171415,48.44,236.61,11.5,0.839,1.57,1,0.323,0.6608,0.776,0.7586,1
RD-BMD-DRG-04,42.0,17.17714005256152,2115.8580418561555,100.78,308.11,18.3,1.0,0.81,6,0.623,0.8674,0.9523,0.9713,1
RD-GHY-GTK-12,540.0,22.89805146476344,1673.3270000974312,36.74,154.38,17.3,0.815,0.25,8,0.437,0.8784,0.9302,0.9733,1
RD-TEZ-BHK-02,54.0,9.984521972178998,287.58465218300915,36.02,135.33,4.6,0.751,0.26,5,0.432,0.8248,0.8935,0.905,1
RD-GHY-GTK-12,540.0,22.294955213888052,1634.4649351882574,2.28,8.88,10.6,0.08,0.62,7,0.189,0.7666,0.6845,0.7903,1
RD-SHL-SIL-08,215.0,21.031950396331116,1350.2884022713147,50.16,182.09,28.4,0.907,0.27,6,0.494,0.9081,0.9551,1.0,1
RD-TEZ-ITA-11,155.0,3.8588756924658796,281.0837184435787,31.61,123.93,26.0,0.463,1.25,1,0.262,0.5415,0.7479,0.7185,1
RD-GHY-ITA-09,320.0,8.525785294127408,362.1910451588108,69.61,270.6,23.3,0.952,1.1,2,0.45,0.8491,0.8255,0.8549,1
RD-GHY-ITA-09,320.0,10.85813559903614,417.0478555931872,165.01,470.32,17.2,1.0,1.1,3,0.895,0.9854,0.9172,1.0,1
RD-SELA-TWG-06,78.0,23.736255527078253,3210.3125410684183,28.07,130.67,18.2,0.486,1.72,9,0.221,0.9169,0.509,0.9113,1
RD-SHL-SIL-08,215.0,23.39369458343137,1364.6897180802303,180.39,755.57,9.9,1.0,0.33,7,1.0,1.0,0.9879,1.0,1
RD-GHY-GTK-12,540.0,22.713268097072778,1737.912944379224,49.26,213.44,17.7,1.0,0.33,8,0.472,0.9282,0.9439,0.9938,1
RD-GHY-ITA-09,320.0,7.608587117188799,301.85642220753516,56.98,272.66,25.5,0.959,1.17,2,0.386,0.7624,0.7975,0.797,1
RD-TEZ-ITA-11,155.0,8.176559436522108,409.49822902519685,32.69,153.43,30.7,0.561,1.58,1,0.249,0.6502,0.657,0.6445,0
RD-GHY-SHL-07,98.0,17.631147664180475,1500.4580194188488,161.01,422.08,17.0,1.0,3.17,4,0.806,0.9362,0.9122,0.9418,1
RD-GHY-NAG-10,345.0,16.11266844144789,1523.721105031421,19.17,56.65,6.9,0.239,1.12,9,0.213,0.8307,0.6635,0.8408,1
RD-TEZ-ITA-11,155.0,4.111132679852723,365.1484550826178,38.82,162.06,27.6,0.59,1.56,6,0.278,0.694,0.6995,0.6894,1
RD-SELA-TWG-06,78.0,22.38497634293626,3242.584417115251,78.77,217.83,5.1,0.776,1.66,7,0.46,0.9587,0.6501,0.9704,1
RD-GHY-GTK-12,540.0,19.22653768661081,1643.07171972345,2.87,11.39,27.4,0.338,0.16,8,0.316,0.8932,0.9154,0.9607,1
RD-SELA-TWG-06,78.0,23.406524723186177,3223.3085510043443,31.47,132.11,16.8,0.49,2.06,8,0.225,0.9278,0.4758,0.9169,1
RD-SELA-TWG-06,78.0,25.808756526068724,3213.7340351974126,2.86,9.35,30.2,0.081,1.7,6,0.104,0.7838,0.413,0.7768,1
RD-SHL-SIL-08,215.0,23.643029019590507,1442.3571847757303,124.61,363.9,5.9,1.0,0.67,7,0.753,0.9632,0.9338,1.0,1
RD-GHY-NAG-10,345.0,21.094928456492983,1470.5207192547427,22.04,78.79,22.0,0.313,0.86,9,0.25,0.8712,0.6052,0.8716,1
RD-GHY-NAG-10,345.0,20.77364601489938,1535.2855548747546,33.05,133.77,30.8,0.496,0.68,6,0.324,0.8416,0.7545,0.8626,1
RD-GHY-SHL-07,98.0,17.510792813842457,1489.8530152770538,14.65,41.81,29.4,0.189,2.91,2,0.127,0.6063,0.328,0.5632,0
RD-GHY-TEZ-01,178.0,1.0,10.0,18.35,67.79,28.1,0.276,0.71,1,0.251,0.294,0.8651,0.7855,1
RD-DRG-SELA-05,62.0,31.98923863399573,4108.242606736014,36.93,137.29,26.0,0.508,2.48,10,0.239,0.9421,0.4918,0.9423,1
RD-SHL-SIL-08,215.0,21.282831257968592,1365.9908345824174,15.24,66.82,17.6,0.273,0.62,7,0.249,0.8631,0.7344,0.8937,1
RD-GHY-SHL-07,98.0,12.434080872988257,1617.694922065797,124.32,363.3,21.9,1.0,3.3,4,0.633,0.885,0.8683,0.8855,1
RD-BHK-BMD-03,96.0,29.7712902873711,2439.805545841537,2.76,8.08,12.6,0.327,0.05,6,0.377,0.9247,0.9534,1.0,1
RD-TEZ-BHK-02,54.0,15.773290586005064,282.930178424806,135.53,475.33,6.2,1.0,0.5,3,0.833,0.9283,0.9822,1.0,1
RD-BMD-DRG-04,42.0,20.135895688881362,2032.0529328004639,68.47,214.9,28.1,0.766,1.11,5,0.444,0.8986,0.7624,0.9046,1
RD-TEZ-BHK-02,54.0,8.997815402251698,219.7187408054413,8.98,27.27,20.2,0.391,0.14,4,0.352,0.62,0.9853,0.9641,1
RD-BHK-BMD-03,96.0,19.754568841966258,2447.12459907351,0.46,1.41,32.7,0.305,0.24,6,0.271,0.7344,0.8134,0.839,1
RD-GHY-GTK-12,540.0,26.003140042269617,1650.682520190957,48.72,152.79,4.0,0.809,0.41,7,0.448,0.9384,0.8698,0.98,1
RD-GHY-ITA-09,320.0,7.536099387419107,343.9564396811356,41.59,145.22,28.6,0.534,1.06,5,0.322,0.7036,0.7717,0.7654,1
RD-BMD-DRG-04,42.0,19.242517270681518,2078.960327007182,11.14,41.51,29.7,0.188,0.9,6,0.194,0.7374,0.5546,0.7261,1
RD-GHY-NAG-10,345.0,22.69165947568779,1541.6986577807675,31.44,88.99,29.0,0.347,0.76,7,0.306,0.898,0.6663,0.905,1
RD-SELA-TWG-06,78.0,21.76972985052536,3146.0925952781868,52.49,230.15,29.0,0.817,2.03,7,0.324,0.9135,0.6175,0.9231,1
RD-TEZ-ITA-11,155.0,8.403028730258194,376.60005648002254,50.83,165.91,14.2,0.603,1.61,3,0.332,0.6734,0.7829,0.7666,1
RD-TEZ-ITA-11,155.0,4.680845257771434,316.6316498631219,31.05,149.91,11.6,0.55,1.55,2,0.242,0.5001,0.689,0.6593,1
RD-SELA-TWG-06,78.0,24.155169903662394,3118.2900355769034,6.07,26.01,30.9,0.137,1.43,9,0.132,0.8615,0.4051,0.8466,1
RD-GHY-ITA-09,320.0,6.263682663301965,305.40485063520816,60.67,210.6,9.6,0.752,1.29,3,0.395,0.7918,0.8355,0.8374,1
RD-GHY-SHL-07,98.0,10.896045009154975,1587.6549559669563,8.01,36.47,12.0,0.172,3.07,3,0.093,0.4725,0.3351,0.4434,0
RD-SHL-SIL-08,215.0,20.361641391118763,1400.9243444806293,5.63,19.15,21.6,0.114,0.64,6,0.201,0.7358,0.7363,0.7721,1
RD-SHL-SIL-08,215.0,19.67636718671843,1326.012737065283,149.33,533.4,27.1,1.0,0.12,7,1.0,0.9365,1.0,1.0,1
RD-BHK-BMD-03,96.0,27.92729441956814,2397.1810391530244,58.16,236.52,33.1,1.0,0.13,7,0.587,1.0,0.9867,1.0,1
RD-GHY-TEZ-01,178.0,4.6625402913093,191.63420031173357,65.34,263.94,15.4,1.0,0.39,0,0.53,0.7029,0.9193,0.8903,1
RD-SELA-TWG-06,78.0,21.204550378278615,3207.427802613351,3.7,11.09,33.4,0.087,1.44,8,0.12,0.8013,0.4151,0.793,1
RD-TEZ-ITA-11,155.0,6.84133926960847,301.8091419108786,214.49,833.17,28.1,1.0,1.31,2,1.0,0.9275,0.9473,0.959,1
RD-TEZ-BHK-02,54.0,18.938966813382038,202.52412567280044,2.85,13.89,10.4,0.346,0.05,4,0.377,0.691,1.0,0.9886,1
RD-TEZ-ITA-11,155.0,6.5388805428435655,328.60937831677404,12.63,53.46,19.4,0.228,1.51,1,0.159,0.352,0.5791,0.5449,0
RD-GHY-SHL-07,98.0,13.62109940595092,1620.1184389383816,40.11,170.99,30.2,0.62,2.91,4,0.246,0.6983,0.4929,0.6632,1
RD-TEZ-ITA-11,155.0,7.031099086868627,319.4544874842639,133.0,335.19,31.9,1.0,1.95,2,0.702,0.8548,0.954,0.9552,1
RD-BMD-DRG-04,42.0,13.418423822767057,2122.098128821586,184.23,481.34,20.3,1.0,0.96,5,0.996,0.8947,0.9541,0.9771,1
RD-GHY-NAG-10,345.0,22.28142543485669,1520.2439586275357,49.21,196.82,7.6,0.706,0.83,6,0.38,0.9214,0.7471,0.9384,1
RD-TEZ-BHK-02,54.0,13.092911479669539,190.55053893362944,7.08,19.11,20.0,0.364,0.31,4,0.28,0.6251,0.8733,0.8592,1
RD-GHY-GTK-12,540.0,21.257858046595153,1659.3804511851226,6.35,19.45,28.2,0.365,0.34,8,0.268,0.8289,0.8058,0.8648,1
RD-GHY-TEZ-01,178.0,1.0,178.4287336809311,13.02,49.44,7.9,0.215,0.72,1,0.225,0.3195,0.8488,0.7742,1
RD-BMD-DRG-04,42.0,17.721364664476553,2066.732403829724,122.29,394.3,22.1,1.0,1.41,6,0.676,0.9541,0.831,0.9679,1
RD-TEZ-ITA-11,155.0,6.121257627104174,436.910780123442,19.46,67.02,17.5,0.273,1.49,1,0.191,0.436,0.5897,0.5619,0
RD-TEZ-BHK-02,54.0,15.608699418503784,235.86871462576286,43.38,198.71,25.8,0.962,0.4,5,0.424,0.8443,0.8822,0.8966,1
RD-GHY-TEZ-01,178.0,3.3299017847245036,163.80963913679193,6.09,28.32,16.2,0.144,0.93,3,0.168,0.3557,0.7709,0.7084,1
RD-TEZ-ITA-11,155.0,2.1334627472995695,328.58797358820436,91.95,259.1,5.0,0.914,1.45,3,0.532,0.8299,0.8578,0.8579,1
RD-GHY-ITA-09,320.0,12.254982472403285,395.95091351301215,104.05,364.29,15.9,1.0,1.38,4,0.592,0.8949,0.8391,0.9013,1
RD-BHK-BMD-03,96.0,29.879121638347065,2337.2103201533637,35.48,164.78,33.7,0.599,0.64,6,0.341,0.9817,0.7614,1.0,1
RD-GHY-GTK-12,540.0,24.494664642634483,1688.2968728361043,59.02,159.96,16.5,0.833,0.06,7,0.633,0.9206,1.0,1.0,1
RD-BHK-BMD-03,96.0,28.464207028929966,2427.251040049944,20.26,92.07,14.4,0.607,0.23,7,0.369,0.9559,0.8431,0.9914,1
RD-GHY-GTK-12,540.0,21.472521603791396,1590.7013349722315,76.76,298.23,15.6,1.0,0.35,7,0.593,0.9369,0.9516,1.0,1
RD-SELA-TWG-06,78.0,20.53544419637641,3210.7204501763563,193.88,963.75,27.1,1.0,1.96,6,0.986,0.9608,0.9484,1.0,1
RD-TEZ-BHK-02,54.0,9.405250480123318,262.93718757681336,3.04,8.72,8.4,0.329,0.13,3,0.331,0.5575,0.944,0.9164,1
RD-BMD-DRG-04,42.0,17.161794961131697,2123.8526210732703,0.57,1.65,25.7,0.055,1.41,5,0.107,0.596,0.3371,0.5748,0
RD-SHL-SIL-08,215.0,23.853708013883974,1406.8514240693282,145.38,366.28,13.3,1.0,0.4,8,0.901,0.9862,1.0,1.0,1
RD-GHY-NAG-10,345.0,18.440749259680256,1531.5671473343882,28.41,109.67,19.7,0.416,1.22,6,0.249,0.838,0.5966,0.8393,1
RD-BMD-DRG-04,42.0,11.984108856991408,2163.062270699808,0.55,1.79,16.6,0.056,1.66,5,0.095,0.5556,0.3328,0.538,0
RD-SHL-SIL-08,215.0,21.112911239415475,1445.1118166862616,0.72,3.5,18.8,0.062,0.69,8,0.172,0.833,0.6852,0.8587,1
RD-TEZ-BHK-02,54.0,14.196399558399229,261.05472875644614,69.75,177.34,6.5,0.891,0.05,3,0.689,0.8707,0.9993,1.0,1
RD-SELA-TWG-06,78.0,24.648719744376137,3194.9124289872734,57.69,228.41,22.9,0.811,1.6,8,0.364,0.9967,0.6345,1.0,1
RD-BHK-BMD-03,96.0,28.426331663997992,2456.555601096394,89.43,419.79,20.2,1.0,0.44,9,0.631,0.9807,0.9043,1.0,1
RD-GHY-GTK-12,540.0,20.031646602547653,1626.8614394786405,5.9,27.47,32.4,0.142,0.58,8,0.212,0.8328,0.7384,0.8602,1
RD-GHY-TEZ-01,178.0,1.0,10.0,47.77,153.91,13.8,0.813,0.44,3,0.435,0.6511,0.9761,0.9371,1
RD-TEZ-ITA-11,155.0,10.933906724575536,374.05814518646275,34.84,119.06,11.7,0.447,1.34,3,0.271,0.5936,0.7209,0.6989,1
RD-GHY-ITA-09,320.0,10.330550004906028,402.8825097952126,24.03,72.15,25.9,0.291,1.11,3,0.236,0.5796,0.712,0.6951,1
RD-GHY-SHL-07,98.0,11.631470905284,1561.3251917631255,181.34,700.49,7.3,1.0,3.15,4,0.901,0.8968,0.9343,0.9379,1
RD-GHY-SHL-07,98.0,15.795451238097892,1592.4673064060846,16.96,69.82,16.3,0.283,3.26,3,0.132,0.5958,0.3493,0.5557,0
RD-GHY-GTK-12,540.0,21.19193784157446,1671.2913578502007,12.58,40.77,10.8,0.436,0.17,8,0.356,0.8672,0.9233,0.9649,1
RD-GHY-GTK-12,540.0,17.713159898504742,1568.956938026478,14.95,40.97,8.4,0.437,0.46,8,0.277,0.8474,0.7826,0.8798,1
RD-TEZ-ITA-11,155.0,1.7613894595757165,365.8730833865071,29.34,142.2,17.6,0.524,1.58,2,0.233,0.5641,0.6435,0.6234,0
RD-GHY-GTK-12,540.0,23.04340833959461,1641.8460539553246,104.68,512.98,5.3,1.0,0.2,8,0.774,0.968,0.9933,1.0,1
RD-SHL-SIL-08,215.0,22.586536450359656,1395.4136124584522,15.87,59.05,10.1,0.247,0.72,6,0.238,0.8319,0.7734,0.8686,1
RD-GHY-TEZ-01,178.0,5.95931262968586,76.07059432404516,19.16,77.83,29.9,0.309,0.61,1,0.269,0.3583,0.9269,0.8496,1
RD-GHY-SHL-07,98.0,14.38026437308324,1613.1918783498481,38.27,159.57,21.4,0.582,2.75,2,0.24,0.7235,0.4703,0.684,1
RD-GHY-GTK-12,540.0,23.427117669911873,1681.453919680731,17.32,45.35,23.5,0.451,0.36,9,0.314,0.8488,0.7991,0.8832,1
RD-SELA-TWG-06,78.0,21.334745848381722,3137.7462521318967,4.86,23.66,28.5,0.129,1.49,7,0.123,0.7713,0.4122,0.7653,1
RD-GHY-ITA-09,320.0,8.504648440019904,263.5484136569586,60.21,267.35,22.2,0.941,0.69,2,0.449,0.7781,0.8933,0.8916,1
RD-SHL-SIL-08,215.0,26.612115785818165,1306.5311966723418,38.07,160.23,10.8,0.584,0.56,7,0.367,0.9956,0.8463,1.0,1
RD-TEZ-BHK-02,54.0,11.574517847837482,154.77174692476598,180.56,740.47,21.6,1.0,0.05,3,1.0,0.9689,0.9831,1.0,1
RD-DRG-SELA-05,62.0,31.68838758922828,4194.059218462222,52.87,245.54,25.7,0.868,2.43,9,0.315,0.9576,0.6065,0.973,1
RD-GHY-NAG-10,345.0,16.11173481797676,1501.0355666867301,77.51,286.32,12.8,1.0,1.21,6,0.479,0.9505,0.8297,0.9782,1
RD-TEZ-BHK-02,54.0,12.569708048897725,306.10895162395,1.31,3.31,6.6,0.311,0.05,4,0.37,0.591,0.9383,0.9157,1
RD-SELA-TWG-06,78.0,28.59546331389157,3195.0788663303138,68.43,300.12,4.6,1.0,1.55,9,0.417,0.9674,0.6856,0.9838,1
RD-SELA-TWG-06,78.0,21.948884057297125,3159.3405014543646,199.44,576.24,33.1,1.0,1.62,6,1.0,0.9866,0.9421,1.0,1
RD-BMD-DRG-04,42.0,9.191659692995735,2215.1985539826233,70.9,318.5,24.7,1.0,1.36,5,0.439,0.9159,0.7369,0.9178,1
RD-BMD-DRG-04,42.0,21.169933274044205,2134.95396095512,8.64,26.91,10.3,0.14,1.35,5,0.148,0.666,0.451,0.6492,0
RD-SELA-TWG-06,78.0,23.30482144180949,3170.8742842571974,29.51,125.71,31.8,0.469,1.57,7,0.234,0.8564,0.4867,0.8525,1
RD-TEZ-BHK-02,54.0,12.511222706949608,233.84079542758224,107.31,436.58,25.5,1.0,0.26,3,0.765,0.9566,0.9571,0.9859,1
RD-GHY-GTK-12,540.0,28.874123544513637,1672.6508099928044,5.84,23.26,9.2,0.128,0.54,9,0.22,0.8723,0.7717,0.9024,1
RD-BMD-DRG-04,42.0,15.796883763687381,2169.978493910515,29.7,115.34,18.7,0.434,1.33,6,0.248,0.7899,0.5541,0.775,1
RD-SELA-TWG-06,78.0,22.725153892101762,3201.007445391185,12.56,51.34,6.3,0.221,1.92,6,0.141,0.8481,0.3904,0.8326,1
RD-SHL-SIL-08,215.0,25.809894127452218,1522.8636653101746,70.14,256.25,7.8,1.0,0.16,6,0.631,0.9835,0.9485,1.0,1
RD-SHL-SIL-08,215.0,22.780014154799243,1489.1632086588363,14.61,57.8,10.3,0.243,0.57,6,0.255,0.834,0.8428,0.8868,1
RD-GHY-NAG-10,345.0,16.26735708819529,1457.8273460696926,3.59,15.31,13.3,0.101,1.35,6,0.125,0.7608,0.4579,0.7509,1
RD-GHY-TEZ-01,178.0,5.614599560226502,72.06061192917345,10.93,32.44,7.6,0.158,1.07,2,0.179,0.3407,0.7634,0.6999,1
RD-BHK-BMD-03,96.0,29.290428892318765,2431.2687233575234,11.63,48.35,13.3,0.211,0.66,7,0.226,0.8753,0.6218,0.8837,1
RD-GHY-TEZ-01,178.0,5.628047282727061,137.6571151391794,102.82,284.36,29.9,0.998,1.11,3,0.604,0.8401,0.9266,0.9163,1
RD-SELA-TWG-06,78.0,22.762083595751175,3166.47460477385,9.92,44.19,14.2,0.197,1.65,6,0.139,0.7525,0.3837,0.7449,1
RD-GHY-GTK-12,540.0,16.945958336231257,1701.768286646427,70.9,189.74,12.9,0.932,0.33,7,0.571,0.9794,0.9289,1.0,1
RD-GHY-GTK-12,540.0,17.979056414691094,1658.051875759933,178.5,649.41,21.1,1.0,0.05,9,1.0,0.9673,0.9998,1.0,1
RD-TEZ-ITA-11,155.0,3.3076906162253095,288.19988884059353,17.35,44.92,31.6,0.2,1.43,2,0.185,0.4409,0.6292,0.5985,0
RD-GHY-GTK-12,540.0,28.540381777568985,1665.777135007368,48.57,185.46,13.6,0.918,0.28,8,0.482,0.9373,0.8724,0.9794,1
RD-DRG-SELA-05,62.0,29.380850343956517,4201.24166161329,189.57,675.94,11.3,1.0,2.46,9,0.952,0.994,0.941,1.0,1
RD-GHY-GTK-12,540.0,20.868849435217548,1625.4162630181745,169.77,772.5,25.4,1.0,0.08,8,1.0,0.9983,1.0,1.0,1
RD-GHY-NAG-10,345.0,21.201152571744654,1394.7201447198156,13.91,34.79,18.2,0.166,0.93,7,0.204,0.7995,0.5903,0.8024,1
RD-GHY-SHL-07,98.0,17.954996306938092,1562.9080283555827,103.81,387.46,29.7,1.0,2.73,5,0.546,0.8903,0.7748,0.8782,1
RD-BMD-DRG-04,42.0,19.38991115722153,2114.7715540794047,73.43,304.09,33.2,1.0,1.12,7,0.466,0.954,0.7938,0.9625,1
RD-BMD-DRG-04,42.0,17.744315344659896,2023.2978412459227,50.45,136.57,28.3,0.505,1.23,5,0.351,0.8024,0.6533,0.7987,1
RD-BHK-BMD-03,96.0,29.871089634856563,2474.260531619607,13.62,35.99,19.9,0.42,0.11,7,0.393,0.8768,0.9561,0.9964,1
RD-DRG-SELA-05,62.0,31.88046721396731,4195.887175781665,59.45,179.46,5.2,0.648,2.22,7,0.351,0.9764,0.61,0.9912,1
RD-GHY-ITA-09,320.0,14.112749975059609,333.7743790823461,13.39,44.08,30.7,0.197,1.21,3,0.179,0.5724,0.6581,0.6439,0
RD-GHY-ITA-09,320.0,4.8624000761695,372.8151400224799,49.68,193.22,7.5,0.694,1.05,6,0.361,0.7172,0.827,0.8199,1
RD-GHY-NAG-10,345.0,17.14026230009087,1409.0617399772598,2.95,14.73,20.6,0.099,0.97,6,0.15,0.6942,0.5612,0.7005,1
RD-SELA-TWG-06,78.0,20.139162961155776,3304.973541540948,12.61,36.63,20.1,0.172,1.8,6,0.146,0.7702,0.409,0.7639,1
RD-GHY-NAG-10,345.0,14.775028193313155,1452.187655450992,38.93,147.83,22.4,0.543,0.95,6,0.319,0.8731,0.6777,0.8829,1
RD-SELA-TWG-06,78.0,20.391289873313674,3216.972551147008,53.19,226.73,17.5,0.806,1.74,10,0.337,0.9145,0.6381,0.9269,1
RD-GHY-SHL-07,98.0,13.399210659365556,1596.0093889363882,9.13,23.39,5.5,0.128,3.04,3,0.099,0.5668,0.3661,0.5309,0
RD-SHL-SIL-08,215.0,22.066957762708654,1396.4471814253923,49.73,167.51,15.6,0.608,0.51,7,0.43,0.9648,0.8447,1.0,1
RD-GHY-ITA-09,320.0,12.009274136444203,337.34424329198094,31.99,154.11,13.9,0.564,1.34,3,0.258,0.7007,0.6916,0.6963,1
RD-SHL-SIL-08,215.0,20.233548790055902,1419.94820861675,19.35,95.29,21.9,0.618,0.47,8,0.296,0.889,0.813,0.929,1
RD-GHY-TEZ-01,178.0,1.0,138.92849780371694,64.39,275.96,22.2,0.97,0.9,0,0.443,0.6633,0.9273,0.8925,1
RD-TEZ-BHK-02,54.0,11.961366807178639,244.2293139721911,22.72,79.68,32.0,0.566,0.27,4,0.367,0.7134,0.9138,0.9095,1
RD-DRG-SELA-05,62.0,29.568930720818717,4148.172167782606,180.44,836.84,6.1,1.0,2.37,11,0.912,0.9821,0.9324,1.0,1
RD-BHK-BMD-03,96.0,32.436549422953256,2440.7352799837836,2.15,8.71,10.3,0.329,0.08,7,0.355,0.8937,0.9444,0.9874,1
RD-GHY-GTK-12,540.0,24.332997465799377,1586.7696240207447,2.23,9.02,9.9,0.33,0.06,7,0.366,0.8447,0.9932,1.0,1
RD-TEZ-ITA-11,155.0,12.12070932728193,303.44384287330973,132.64,481.33,14.3,1.0,1.54,2,0.717,0.865,0.966,0.9684,1
RD-SHL-SIL-08,215.0,22.053074264303717,1416.0540878659463,56.42,224.69,26.5,0.799,0.5,6,0.463,0.9438,0.8812,0.992,1
RD-TEZ-ITA-11,155.0,1.0,233.38964082537785,49.85,129.55,14.0,0.482,1.61,3,0.327,0.6183,0.8148,0.7902,1
RD-GHY-GTK-12,540.0,27.264756890903534,1565.13102240682,31.71,128.83,5.8,0.729,0.18,9,0.444,0.9065,0.9594,1.0,1
RD-GHY-ITA-09,320.0,13.105163110748155,363.26783819609136,21.76,104.23,32.0,0.397,1.1,3,0.226,0.6397,0.6969,0.6873,1
RD-GHY-GTK-12,540.0,21.734255760754984,1749.7643613848297,113.94,337.23,25.4,1.0,0.61,7,0.711,1.0,0.9445,1.0,1
RD-TEZ-ITA-11,155.0,5.556793918441033,378.7117326598795,166.82,707.56,29.5,1.0,1.3,2,0.89,0.8777,0.939,0.9437,1
RD-TEZ-ITA-11,155.0,12.722815113360232,285.4452766413198,142.67,380.32,30.8,1.0,1.5,1,0.766,0.9029,0.9613,0.9693,1
RD-SELA-TWG-06,78.0,23.76649941518075,3212.8184137662683,86.33,387.69,19.1,1.0,1.87,7,0.487,0.9738,0.7629,1.0,1
RD-DRG-SELA-05,62.0,31.616603115789268,4123.751083687478,3.09,9.29,23.3,0.081,2.6,9,0.079,0.8621,0.3123,0.8452,1
RD-GHY-ITA-09,320.0,3.610724667435999,377.7692624296455,24.08,117.67,8.8,0.442,1.3,3,0.224,0.6006,0.657,0.6457,0
RD-GHY-ITA-09,320.0,4.697509104728473,391.0172658916925,188.87,789.76,17.3,1.0,1.09,2,1.0,0.9152,0.9404,0.9565,1
RD-GHY-TEZ-01,178.0,1.166300264097372,63.543423048414766,79.77,354.34,21.7,1.0,0.91,2,0.515,0.7258,0.9391,0.9125,1
RD-GHY-ITA-09,320.0,11.487391845791084,274.74677547833653,102.87,413.36,32.3,1.0,1.01,3,0.612,0.881,0.9113,0.923,1
RD-DRG-SELA-05,62.0,31.222372705701915,4198.913491330714,23.63,105.89,15.6,0.403,2.48,10,0.177,0.9503,0.3734,0.933,1
RD-BHK-BMD-03,96.0,27.985967229811603,2367.8063520601513,12.97,59.6,24.5,0.499,0.44,6,0.273,0.8836,0.7047,0.9024,1
RD-TEZ-ITA-11,155.0,5.595298098977363,384.8528272850755,18.72,59.09,30.4,0.247,1.51,2,0.187,0.4086,0.6683,0.631,0
RD-BMD-DRG-04,42.0,18.438511680987563,2120.0549302056284,59.4,180.67,10.1,0.652,1.09,8,0.403,0.9063,0.76,0.9117,1
RD-SHL-SIL-08,215.0,16.22360846912074,1401.0319575626147,174.65,555.87,6.2,1.0,0.38,7,1.0,0.9634,0.9876,1.0,1
RD-GHY-NAG-10,345.0,18.612103537297973,1564.8728963560234,33.5,114.6,27.9,0.432,0.99,11,0.291,0.8923,0.6344,0.8954,1
RD-DRG-SELA-05,62.0,31.728223690144706,4096.193479949921,131.19,435.29,25.0,1.0,2.67,8,0.675,0.9894,0.8427,1.0,1
RD-BMD-DRG-04,42.0,13.42482313056929,2152.0550383746104,11.45,50.08,21.8,0.217,1.49,7,0.154,0.6411,0.4195,0.6233,0
RD-TEZ-BHK-02,54.0,10.254218188620952,213.14987581083938,47.92,161.07,23.2,0.837,0.31,4,0.469,0.8008,0.9813,0.987,1
RD-BHK-BMD-03,96.0,25.615558972529083,2393.1039524415887,40.97,140.31,32.5,0.768,0.28,6,0.449,0.91,0.9175,0.9631,1
RD-GHY-TEZ-01,178.0,9.896975134023986,123.51760713170287,172.38,781.82,16.0,1.0,0.87,3,0.95,0.9872,0.9715,0.995,1
RD-BMD-DRG-04,42.0,14.74261954607206,2135.805427327588,61.28,162.51,8.1,0.592,1.13,5,0.409,0.8235,0.7409,0.8295,1
RD-GHY-NAG-10,345.0,19.935502819864848,1477.3893411266627,45.54,125.66,19.7,0.469,1.07,7,0.34,0.888,0.7343,0.9046,1
RD-TEZ-BHK-02,54.0,14.870293145368016,213.2865449285469,0.54,2.05,27.3,0.307,0.18,3,0.297,0.5968,0.9538,0.9311,1
RD-GHY-TEZ-01,178.0,6.3322419467220925,10.0,6.73,21.7,7.1,0.122,0.86,3,0.179,0.3788,0.8477,0.7807,1
RD-TEZ-ITA-11,155.0,3.420302159169925,350.3884143953616,75.3,340.17,8.9,1.0,1.45,1,0.454,0.754,0.8775,0.8671,1
RD-SHL-SIL-08,215.0,20.759150423401785,1512.5606806495252,252.81,894.49,31.7,1.0,0.35,7,1.0,0.9966,1.0,1.0,1
RD-TEZ-BHK-02,54.0,9.824120444218766,163.36409331236712,16.22,61.38,16.6,0.505,0.21,5,0.359,0.6954,0.9213,0.9142,1
RD-TEZ-BHK-02,54.0,13.71928125766446,261.9393385102651,22.1,106.75,10.9,0.656,0.41,5,0.322,0.7648,0.8787,0.8827,1
RD-BMD-DRG-04,42.0,12.567058174704131,2176.6032205107467,9.86,38.22,20.8,0.177,1.58,5,0.142,0.6101,0.5263,0.6048,0
RD-DRG-SELA-05,62.0,36.377484163465525,4288.271514759089,11.26,29.6,10.2,0.149,2.56,8,0.118,0.8672,0.3429,0.8537,1
RD-GHY-NAG-10,345.0,20.046311797946935,1435.8321695037291,14.93,62.6,32.5,0.259,0.89,8,0.214,0.7757,0.6043,0.7816,1
RD-TEZ-BHK-02,54.0,14.300402414333643,177.84516841774746,53.75,220.51,32.6,1.0,0.39,3,0.475,0.8597,0.959,0.9739,1
RD-SHL-SIL-08,215.0,26.02547893178368,1445.1688225368898,32.74,153.48,21.7,0.562,0.77,6,0.311,0.8946,0.7602,0.9274,1
RD-BMD-DRG-04,42.0,16.83470384799029,2030.5834229956063,39.41,101.14,27.2,0.387,1.1,6,0.309,0.7853,0.6881,0.7865,1
RD-TEZ-ITA-11,155.0,2.91286112861016,418.2426177912464,75.94,333.29,27.9,1.0,1.46,4,0.457,0.7677,0.8239,0.8172,1
RD-SHL-SIL-08,215.0,20.616698068538582,1378.2001066934602,6.38,28.64,7.8,0.145,0.79,9,0.185,0.7907,0.708,0.8211,1
RD-DRG-SELA-05,62.0,34.82043398872443,4167.704128828714,2.24,8.01,6.4,0.077,2.22,7,0.084,0.8286,0.337,0.8182,1
RD-GHY-NAG-10,345.0,14.23986599356612,1484.0194418831545,69.47,327.35,24.7,1.0,0.77,8,0.482,0.9751,0.8061,0.9987,1
RD-TEZ-ITA-11,155.0,8.287657670516879,292.1514039525588,112.41,524.23,17.5,1.0,1.46,5,0.626,0.9434,0.895,0.9506,1
RD-GHY-ITA-09,320.0,8.429659924225293,276.69285905953245,38.53,139.21,31.6,0.514,1.01,4,0.312,0.7191,0.7682,0.7639,1
RD-DRG-SELA-05,62.0,34.06615236429322,4088.6726176275733,80.82,227.23,21.7,0.807,2.54,7,0.443,0.9809,0.6849,1.0,1
RD-DRG-SELA-05,62.0,34.905478963971156,4123.362398849647,19.4,59.94,31.8,0.25,2.89,7,0.149,0.9158,0.4,0.9053,1
RD-GHY-ITA-09,320.0,9.33777466094165,347.96035285733774,102.91,507.48,10.8,1.0,0.74,2,0.641,0.9034,0.9273,0.9418,1
RD-DRG-SELA-05,62.0,27.010515990833028,4218.8882325311115,50.98,167.05,14.3,0.607,2.68,9,0.301,0.9639,0.5389,0.9692,1
RD-GHY-ITA-09,320.0,5.036553531914529,332.5689247143393,25.5,119.7,16.0,0.449,1.25,3,0.234,0.5329,0.7097,0.688,1
RD-SHL-SIL-08,215.0,22.206807075224464,1407.2863317297756,81.73,343.54,15.8,1.0,0.91,6,0.523,0.9311,0.9457,1.0,1
RD-BHK-BMD-03,96.0,29.30119333233834,2539.1129057679645,3.93,16.52,18.2,0.355,0.37,7,0.249,0.8948,0.7009,0.9127,1
RD-SELA-TWG-06,78.0,21.573392349555235,3263.5654551190123,2.58,11.86,21.5,0.09,1.93,6,0.094,0.7345,0.3309,0.7228,1
RD-GHY-ITA-09,320.0,6.08192892118838,408.27156569380935,15.14,45.57,31.4,0.202,1.04,3,0.201,0.4767,0.6999,0.6729,1
RD-BHK-BMD-03,96.0,29.67889958540523,2563.4778520441137,222.34,660.92,18.4,1.0,0.23,7,1.0,0.9669,0.9721,1.0,1
RD-GHY-SHL-07,98.0,12.307161117776701,1635.6227939148976,16.21,68.32,20.0,0.278,3.06,3,0.132,0.5516,0.3549,0.5162,0
RD-TEZ-BHK-02,54.0,8.767964850387099,203.46946499811781,61.52,237.11,8.3,1.0,0.36,5,0.52,0.875,0.9726,0.9894,1
RD-SHL-SIL-08,215.0,27.269157462302445,1444.8113940096243,78.7,260.7,27.1,0.919,0.6,7,0.55,0.9613,0.9477,1.0,1
RD-TEZ-ITA-11,155.0,8.9581909245275,348.2310297415073,8.8,36.23,7.7,0.171,1.66,1,0.134,0.4294,0.5089,0.4873,0
RD-BHK-BMD-03,96.0,22.29716360553466,2402.4681967250644,190.26,879.68,27.8,1.0,0.15,6,1.0,0.9746,1.0,1.0,1
RD-TEZ-BHK-02,54.0,16.03611874450308,252.5249401058107,134.7,459.42,9.1,1.0,0.15,5,0.938,0.9681,1.0,1.0,1
RD-BMD-DRG-04,42.0,16.645083353739253,2033.1800047301647,12.25,47.15,20.9,0.207,0.91,7,0.199,0.7246,0.508,0.7092,1
RD-DRG-SELA-05,62.0,28.083268886895613,4117.235924694759,28.43,114.43,4.7,0.431,2.68,7,0.196,0.9419,0.4182,0.9317,1
RD-GHY-ITA-09,320.0,5.904167524460751,236.18456536776483,42.62,205.57,13.5,0.735,1.19,4,0.317,0.756,0.7947,0.7936,1
RD-TEZ-ITA-11,155.0,6.321399952699114,303.67716667666457,56.67,283.11,16.4,0.994,1.03,1,0.395,0.7449,0.8268,0.8172,1
RD-GHY-NAG-10,345.0,21.38698536502751,1548.6509434039576,153.87,485.91,27.6,1.0,0.76,7,0.876,0.992,0.9724,1.0,1
RD-TEZ-ITA-11,155.0,5.99039743242289,335.5953718775356,134.69,360.9,28.9,1.0,1.67,2,0.721,0.8736,0.964,0.9677,1
RD-BHK-BMD-03,96.0,22.502122626304477,2396.7857875259087,124.17,376.04,17.2,1.0,0.37,6,0.809,1.0,0.9782,1.0,1
RD-GHY-SHL-07,98.0,14.322370310636023,1519.842853974859,89.85,306.71,25.1,1.0,2.97,2,0.477,0.8677,0.7225,0.8496,1
RD-BHK-BMD-03,96.0,23.45697146309751,2477.2462446139307,98.19,371.32,17.4,1.0,0.14,8,0.768,0.9784,0.9948,1.0,1
RD-BHK-BMD-03,96.0,24.932059261401886,2442.3142795117205,5.49,15.58,4.7,0.352,0.09,7,0.367,0.8351,0.9663,1.0,1
RD-GHY-ITA-09,320.0,8.65914777658142,336.68235237007866,35.49,138.8,27.6,0.513,0.97,4,0.301,0.6863,0.749,0.7417,1
RD-TEZ-ITA-11,155.0,11.98258154773385,295.7355539487569,11.96,40.02,7.4,0.183,1.66,3,0.148,0.5374,0.6083,0.5881,0
RD-GHY-SHL-07,98.0,13.763726740765811,1491.7117021485492,85.26,251.64,6.8,0.889,2.93,2,0.456,0.866,0.7039,0.8455,1
RD-DRG-SELA-05,62.0,28.68701690658503,4163.365134900932,86.01,392.24,11.4,1.0,2.63,7,0.465,0.9976,0.7139,1.0,1
RD-DRG-SELA-05,62.0,33.1627231551186,4128.418018404588,56.01,246.97,19.6,0.873,2.66,7,0.325,0.9343,0.5581,0.9444,1
RD-DRG-SELA-05,62.0,31.785712377739827,4062.3535911194194,138.87,667.81,8.3,1.0,2.82,8,0.708,0.964,0.846,1.0,1
RD-DRG-SELA-05,62.0,33.805831009847395,4190.955758597447,88.48,238.56,21.4,0.845,2.23,8,0.486,1.0,0.7771,1.0,1
RD-SELA-TWG-06,78.0,26.701613582196934,3149.05649195736,15.16,62.7,20.3,0.259,1.39,10,0.177,0.804,0.4296,0.7972,1
RD-SELA-TWG-06,78.0,27.25608255522472,3197.956026151186,7.03,29.79,31.8,0.149,1.71,7,0.123,0.7932,0.364,0.7795,1
RD-GHY-SHL-07,98.0,19.36755331593723,1562.4349577626408,133.38,523.63,7.8,1.0,3.32,3,0.675,0.9695,0.8447,0.9649,1
RD-GHY-SHL-07,98.0,16.038112764218596,1571.8034223389307,191.66,753.11,19.0,1.0,3.12,3,0.95,0.9972,0.9475,1.0,1
RD-GHY-SHL-07,98.0,14.027544248808214,1544.9929672567143,145.07,588.61,13.2,1.0,2.55,2,0.743,0.956,0.9259,0.9634,1
RD-GHY-SHL-07,98.0,17.38091691770956,1567.409138857169,9.39,45.92,27.3,0.203,3.0,3,0.101,0.5778,0.3833,0.5423,0
RD-BHK-BMD-03,96.0,28.687519950013957,2468.5433177461737,14.66,45.32,19.6,0.451,0.1,8,0.403,0.9461,0.9604,1.0,1
RD-DRG-SELA-05,62.0,31.580194414935377,4162.752055954803,177.0,837.37,31.4,1.0,2.27,9,0.898,0.9417,0.9294,1.0,1
RD-GHY-GTK-12,540.0,22.19044873004743,1685.0346858899081,217.01,797.09,24.3,1.0,0.4,7,1.0,0.9694,0.9571,1.0,1
RD-TEZ-ITA-11,155.0,9.621509999867275,318.132787113302,2.03,6.24,18.1,0.071,1.53,3,0.108,0.4265,0.6077,0.5774,0
RD-DRG-SELA-05,62.0,29.491721227848167,4218.217207318588,40.56,180.12,7.7,0.65,2.6,11,0.254,1.0,0.453,0.9899,1
RD-GHY-TEZ-01,178.0,2.434121614281678,171.72085079832203,58.84,289.35,9.9,1.0,0.75,2,0.434,0.6371,0.901,0.8639,1
RD-GHY-SHL-07,98.0,14.786548269815505,1599.581063117441,92.18,293.86,15.2,1.0,3.06,2,0.486,0.896,0.6978,0.8734,1
RD-GHY-ITA-09,320.0,7.736290601741461,352.5519101031452,2.36,8.1,31.3,0.077,1.25,5,0.125,0.5092,0.6267,0.6085,0
RD-BMD-DRG-04,42.0,13.48988502825342,2072.2892316297266,40.81,159.23,14.7,0.581,1.4,7,0.296,0.7676,0.6292,0.763,1
RD-SHL-SIL-08,215.0,22.668667284243206,1407.839365766029,9.34,39.94,26.0,0.183,0.77,9,0.201,0.8154,0.6994,0.8436,1
RD-TEZ-BHK-02,54.0,15.087692686114487,291.80860731709333,264.2,990.47,32.8,1.0,0.05,4,1.0,1.0,0.9844,1.0,1
RD-BHK-BMD-03,96.0,30.038681528885785,2454.142814086351,48.98,142.49,15.2,0.525,0.53,8,0.423,1.0,0.8008,1.0,1
RD-SHL-SIL-08,215.0,22.047394630998305,1475.2903149940687,161.14,727.27,5.2,1.0,0.61,6,0.932,0.9718,0.9707,1.0,1
RD-GHY-NAG-10,345.0,17.45724451888789,1394.5152120245111,132.96,596.79,8.4,1.0,0.87,6,0.766,0.9506,0.9532,0.9981,1
RD-GHY-TEZ-01,178.0,1.0,54.981976999701345,19.76,91.23,4.2,0.354,0.59,0,0.276,0.3897,0.9217,0.8494,1
RD-GHY-SHL-07,98.0,18.61598782681815,1537.1778475827723,48.77,152.03,4.5,0.557,3.07,3,0.284,0.7673,0.495,0.7272,1
RD-GHY-GTK-12,540.0,20.021531477048388,1638.336884345836,85.99,273.3,19.6,1.0,0.23,9,0.676,0.9378,0.9682,1.0,1
RD-DRG-SELA-05,62.0,33.62125576110711,4174.8387252416705,43.61,138.26,24.5,0.511,2.51,10,0.27,0.8874,0.5032,0.8933,1
RD-GHY-NAG-10,345.0,17.814745568605915,1473.9689576342726,0.96,3.51,8.5,0.062,0.97,7,0.14,0.752,0.5362,0.7517,1
RD-TEZ-BHK-02,54.0,9.768892802893474,266.34461341889886,116.99,322.89,6.1,1.0,0.11,4,0.875,0.8882,0.9913,1.0,1
RD-SELA-TWG-06,78.0,24.48705637527448,3288.6838865176683,50.33,225.06,8.1,0.8,2.15,6,0.31,0.9701,0.5743,0.9701,1
RD-SELA-TWG-06,78.0,27.03305998206424,3215.9917176197296,29.87,117.66,12.3,0.442,1.86,6,0.224,0.844,0.4773,0.8398,1
RD-DRG-SELA-05,62.0,33.20089849949476,4175.908769595387,109.86,522.36,22.8,1.0,2.43,8,0.581,0.9684,0.7876,1.0,1
RD-BHK-BMD-03,96.0,27.7334747545971,2466.8970112177553,26.72,74.09,9.2,0.547,0.36,8,0.358,0.9345,0.8334,0.9691,1
RD-TEZ-BHK-02,54.0,14.376040441110197,231.65808615304277,3.53,16.02,11.6,0.353,0.44,5,0.229,0.6258,0.8376,0.8256,1
RD-GHY-GTK-12,540.0,14.534756075063855,1705.7979982115594,57.17,267.11,19.3,1.0,0.35,8,0.503,0.9885,0.9416,1.0,1
RD-BHK-BMD-03,96.0,21.96066463841187,2412.132031699475,9.97,41.3,17.8,0.438,0.05,7,0.41,0.9366,0.9958,1.0,1
RD-GHY-NAG-10,345.0,15.281993540350044,1443.9737337064587,130.84,636.65,27.8,1.0,1.11,8,0.735,0.9923,0.8698,1.0,1
RD-BMD-DRG-04,42.0,18.721059463845894,2152.482197158779,15.42,75.46,19.1,0.302,1.23,6,0.188,0.7492,0.46,0.7266,1
RD-SHL-SIL-08,215.0,23.584833475596586,1320.650001102251,152.36,482.08,18.7,1.0,0.49,8,0.913,0.9402,0.9446,1.0,1
RD-GHY-NAG-10,345.0,16.79047318032564,1462.5912754498752,28.9,126.39,4.5,0.471,0.88,7,0.28,0.8914,0.6739,0.8998,1
RD-TEZ-ITA-11,155.0,5.8170351226003625,418.1349208113632,80.12,345.68,13.7,1.0,1.53,2,0.472,0.8139,0.8227,0.8218,1
RD-GHY-ITA-09,320.0,9.649110365676266,330.5111612178447,7.37,35.48,15.1,0.168,0.65,3,0.208,0.4861,0.7518,0.7219,1
RD-GHY-GTK-12,540.0,27.07383705212612,1672.6658973344663,135.71,387.45,28.8,1.0,0.29,10,0.886,0.9515,1.0,1.0,1
RD-TEZ-BHK-02,54.0,11.387257942345586,202.0328216371344,12.21,57.58,9.4,0.492,0.36,5,0.29,0.6308,0.88,0.8662,1
RD-GHY-GTK-12,540.0,16.59773572426695,1647.3612494246674,10.11,47.34,23.2,0.458,0.3,9,0.297,0.8635,0.8607,0.9055,1
RD-SELA-TWG-06,78.0,22.43335697989608,3219.1191564124706,6.03,16.14,7.7,0.104,2.18,7,0.103,0.7821,0.3569,0.7687,1
RD-SELA-TWG-06,78.0,24.509768984290865,3166.233861679006,0.99,4.15,19.7,0.064,1.6,8,0.1,0.7929,0.3675,0.7797,1
RD-SHL-SIL-08,215.0,19.970016460055565,1376.703839877856,20.46,87.58,10.1,0.342,0.66,7,0.267,0.8408,0.7858,0.8788,1
RD-BMD-DRG-04,42.0,17.192439242534622,2062.482489909642,166.75,543.94,11.4,1.0,1.19,7,0.896,0.9908,0.9283,1.0,1
RD-SHL-SIL-08,215.0,28.427006927970222,1320.461175760092,113.14,307.97,16.8,1.0,0.25,6,0.796,0.9706,0.9977,1.0,1
RD-SELA-TWG-06,78.0,22.322354501322014,3245.888704649265,0.56,2.61,29.2,0.059,1.89,7,0.086,0.78,0.3812,0.7696,1
RD-TEZ-ITA-11,155.0,1.0,462.1451608355679,0.98,4.36,30.1,0.065,1.83,1,0.09,0.2914,0.4525,0.4264,0
RD-DRG-SELA-05,62.0,34.326878292661206,4195.105754898704,10.61,47.99,9.2,0.21,2.46,8,0.117,0.9366,0.3469,0.9168,1
RD-GHY-GTK-12,540.0,18.20481278486148,1706.3468870842812,38.45,143.68,11.7,0.529,0.54,8,0.372,0.873,0.803,0.9072,1
RD-BHK-BMD-03,96.0,29.073280727622112,2470.14687703346,167.47,667.77,22.0,1.0,0.21,11,1.0,1.0,1.0,1.0,1
RD-GHY-SHL-07,98.0,9.945183563117379,1567.489278815779,15.56,49.19,33.0,0.214,2.9,2,0.131,0.4944,0.3503,0.4642,0
RD-SHL-SIL-08,215.0,22.030757971270486,1301.9010988806601,77.16,342.46,15.4,1.0,0.82,6,0.511,0.974,0.8753,1.0,1
RD-GHY-ITA-09,320.0,7.120288246413187,413.08536616367525,203.76,994.91,10.2,1.0,1.04,2,1.0,0.953,1.0,1.0,1
RD-GHY-ITA-09,320.0,10.82169285729902,393.47368787513864,18.78,77.04,24.1,0.307,0.92,2,0.228,0.5957,0.6474,0.6362,0
RD-GHY-NAG-10,345.0,19.372094225782007,1515.838679887385,27.15,115.68,21.5,0.436,0.78,8,0.282,0.8829,0.7051,0.8958,1
RD-GHY-TEZ-01,178.0,2.5004619514508426,100.1713430114773,2.7,11.68,25.0,0.089,0.84,0,0.162,0.2145,0.7573,0.68,1
RD-SELA-TWG-06,78.0,20.37921657575416,3254.29986481882,29.6,105.69,12.4,0.402,1.71,9,0.229,0.9006,0.5232,0.8982,1
RD-SHL-SIL-08,215.0,15.787221233980688,1482.3224641848556,66.33,202.09,7.7,0.724,0.86,6,0.456,0.8937,0.8612,0.9401,1
RD-SELA-TWG-06,78.0,22.23395558684229,3148.0889319760213,4.9,22.42,17.9,0.125,2.18,8,0.098,0.7505,0.3051,0.7343,1
RD-GHY-GTK-12,540.0,20.097351330042613,1601.0647669572809,105.64,298.61,10.9,1.0,0.66,9,0.666,0.9867,0.9176,1.0,1
RD-TEZ-BHK-02,54.0,12.577911449144347,341.7843214260736,35.17,150.17,14.2,0.801,0.3,6,0.413,0.7873,0.8792,0.8862,1
RD-TEZ-BHK-02,54.0,15.0346942123664,193.9924668695046,29.62,128.7,25.6,0.729,0.05,5,0.502,0.7763,0.9982,0.9997,1
RD-GHY-ITA-09,320.0,12.728270128861219,330.4891398156635,37.13,150.51,11.9,0.552,1.27,3,0.286,0.6929,0.7897,0.7813,1
RD-TEZ-BHK-02,54.0,6.061842313522543,257.8031029986032,9.7,27.37,21.9,0.391,0.16,4,0.346,0.567,0.9293,0.9039,1
RD-SHL-SIL-08,215.0,21.008481689009628,1467.079838281127,15.93,74.82,5.4,0.299,0.55,6,0.264,0.8489,0.7981,0.8882,1
RD-BMD-DRG-04,42.0,12.30869671051775,2147.6864552361276,132.81,560.78,23.9,1.0,1.62,7,0.714,0.9854,0.8988,1.0,1
RD-TEZ-ITA-11,155.0,4.487488771258879,349.2833147946853,0.81,2.82,22.5,0.059,1.75,2,0.093,0.318,0.5523,0.5178,0
RD-DRG-SELA-05,62.0,29.699089927194972,4144.195990267851,21.87,79.45,9.1,0.315,2.5,9,0.169,0.9068,0.4218,0.9002,1
RD-GHY-GTK-12,540.0,18.977711798386625,1693.1204680882056,189.46,725.08,12.4,1.0,0.57,9,1.0,0.9826,0.9959,1.0,1
RD-SELA-TWG-06,78.0,22.126355252605258,3189.4028784352586,135.58,591.33,23.2,1.0,1.63,6,0.726,0.9634,0.8795,1.0,1
RD-TEZ-ITA-11,155.0,5.721113912890561,320.060176107441,88.7,379.75,31.2,1.0,1.37,1,0.521,0.8215,0.8788,0.8773,1
RD-SHL-SIL-08,215.0,23.528946372688466,1379.5420449946046,24.43,81.81,30.9,0.323,0.86,10,0.261,0.8994,0.6918,0.9228,1
RD-GHY-GTK-12,540.0,23.83447453935457,1523.130207562037,26.62,124.39,8.7,0.715,0.15,7,0.432,0.911,0.965,1.0,1
RD-GHY-SHL-07,98.0,11.179026923680643,1520.9956804618157,19.6,57.74,26.1,0.242,3.12,3,0.147,0.565,0.3735,0.5299,0
RD-GHY-SHL-07,98.0,19.221096895036126,1560.5185825556246,3.58,17.57,17.6,0.109,2.88,2,0.076,0.4847,0.3581,0.456,0
RD-GHY-TEZ-01,178.0,5.630725112657208,117.77964813005994,66.83,256.69,27.0,0.906,0.67,0,0.483,0.6995,0.9038,0.875,1
RD-GHY-SHL-07,98.0,12.106662483318502,1432.2854366149172,122.8,560.6,21.1,1.0,2.99,3,0.63,0.9443,0.7726,0.9301,1
RD-BMD-DRG-04,42.0,17.712376964003848,1972.2726833954046,31.32,123.35,21.1,0.461,1.51,5,0.246,0.7463,0.5263,0.7312,1
RD-BHK-BMD-03,96.0,23.409587438808245,2497.896147264737,14.13,44.13,24.1,0.447,0.29,7,0.318,0.8878,0.8255,0.9225,1
RD-BMD-DRG-04,42.0,24.755782181301583,2145.4728203174527,55.33,236.23,31.4,0.837,1.55,4,0.356,0.8925,0.6098,0.8782,1
RD-SELA-TWG-06,78.0,26.38497988467324,3196.6395840920186,0.48,1.19,22.5,0.054,1.63,7,0.096,0.7625,0.3876,0.7544,1
RD-TEZ-ITA-11,155.0,7.261011328755069,325.91767499919985,7.57,31.4,30.6,0.155,1.68,1,0.127,0.4403,0.6053,0.5764,0
RD-GHY-NAG-10,345.0,18.738511572627367,1336.4892103831403,49.13,237.58,22.5,0.842,0.82,7,0.381,0.9146,0.7544,0.9329,1
RD-GHY-GTK-12,540.0,19.52053093740237,1658.229517133685,93.61,347.09,10.5,1.0,0.48,8,0.64,1.0,0.9335,1.0,1
RD-BHK-BMD-03,96.0,30.433018041734663,2473.867653025966,86.65,316.46,13.6,1.0,0.45,7,0.616,0.983,0.9453,1.0,1
RD-BHK-BMD-03,96.0,26.699567504738635,2396.523237161993,120.98,326.07,20.3,1.0,0.31,7,0.811,0.9727,0.9612,1.0,1
RD-BHK-BMD-03,96.0,28.045678141207773,2439.6307501750603,177.29,559.57,14.2,1.0,0.29,9,1.0,1.0,1.0,1.0,1
RD-GHY-ITA-09,320.0,9.42894149454982,337.74338174029293,8.71,28.44,25.4,0.145,1.0,6,0.174,0.572,0.7013,0.6843,1
RD-GHY-TEZ-01,178.0,9.197699214783876,141.64574691592813,21.47,65.66,32.5,0.269,0.76,3,0.259,0.4501,0.8327,0.7761,1
RD-GHY-ITA-09,320.0,6.824165208140934,337.9081272125543,16.51,53.69,19.8,0.229,1.18,4,0.196,0.54,0.6777,0.6589,1
RD-TEZ-BHK-02,54.0,16.119650973799203,260.01730115506507,34.29,114.49,28.8,0.682,0.33,4,0.402,0.7835,0.8697,0.8765,1
RD-SELA-TWG-06,78.0,23.049653001570697,3111.2652738993015,57.6,190.31,22.1,0.684,1.72,6,0.359,0.8762,0.6316,0.8898,1
RD-TEZ-ITA-11,155.0,7.220622832000311,369.1326745613948,79.57,356.13,5.3,1.0,1.27,1,0.485,0.7948,0.8704,0.8656,1
RD-DRG-SELA-05,62.0,37.28154798786036,4144.302717622869,101.27,373.45,21.7,1.0,2.69,9,0.535,0.9438,0.7593,0.9818,1
RD-DRG-SELA-05,62.0,32.920660761629144,4123.957852392378,187.45,726.99,6.0,1.0,2.57,9,0.94,1.0,0.9604,1.0,1
RD-BMD-DRG-04,42.0,15.655049380968716,2084.0675324305716,18.97,55.59,24.4,0.235,1.19,8,0.207,0.7346,0.508,0.7184,1
RD-GHY-TEZ-01,178.0,6.700356048083174,58.24444336743244,110.99,543.9,30.7,1.0,0.75,2,0.678,0.8224,0.9851,0.9709,1
RD-SHL-SIL-08,215.0,20.080846206936084,1390.9472676610783,105.84,481.47,14.1,1.0,0.67,8,0.665,0.9896,0.9927,1.0,1
RD-GHY-SHL-07,98.0,11.332187668622849,1552.6482766315362,127.96,344.66,25.3,1.0,3.14,3,0.652,0.9293,0.8678,0.9289,1
RD-GHY-GTK-12,540.0,25.905401204760643,1628.263265284818,27.47,113.25,22.9,0.427,0.64,8,0.304,0.8888,0.7553,0.9162,1
